{
"type": "FeatureCollection",
"name": "SoilGroups",
"crs": { "type": "name", "properties": { "name": "urn:ogc:def:crs:OGC:1.3:CRS84" } },
"features": [
{ "type": "Feature", "properties": { "AREA": 10977929899.299999, "PERIMETER": 430598.22874699999, "SOILGR_T83": 2, "SOILGR_T_1": 4059, "SOIL_CODE": "OCGL", "name": "Organic Cryosols, Gray Luvisols (2)", "Shape_Leng": 430598.22875499999, "Shape_Area": 10977929899.299999 }, "geometry": { "type": "MultiPolygon", "coordinates": [ [ [ [ -117.432704287609909, 59.957923428476356 ], [ -117.45916187788616, 59.933563780726409 ], [ -117.488538719849942, 59.888679582022021 ], [ -117.505557836127409, 59.842625868176562 ], [ -117.524020817336606, 59.78542850756282 ], [ -117.576842162774724, 59.720722734614462 ], [ -117.613422290704364, 59.660254463973899 ], [ -117.650295273251103, 59.611160176481157 ], [ -117.684075955871776, 59.578026000525433 ], [ -117.731576408813112, 59.553400079444629 ], [ -117.949169182676016, 59.467136192533836 ], [ -118.072147968454246, 59.420948284241653 ], [ -118.127173549750196, 59.396073687711734 ], [ -118.292650241171955, 59.337252074561867 ], [ -118.349545755384938, 59.319087182168985 ], [ -118.492459105984409, 59.2817613590408 ], [ -118.546259784098396, 59.25991629383099 ], [ -118.639313447238763, 59.227799894977828 ], [ -118.682282399282215, 59.219300394589318 ], [ -118.801276741903465, 59.206193604802998 ], [ -118.915411292281675, 59.188516830173505 ], [ -119.03802326388454, 59.178767603580951 ], [ -119.098613497404287, 59.182065820021698 ], [ -119.166082242628761, 59.182451967538597 ], [ -119.225916552496258, 59.187073514253392 ], [ -119.268590427725044, 59.187951874190347 ], [ -119.330979818885467, 59.180620882003289 ], [ -119.387963807325988, 59.162448435536028 ], [ -119.425741194662749, 59.158375105355454 ], [ -119.510320004906205, 59.152256069835531 ], [ -119.599966618873182, 59.153243321555649 ], [ -119.645770117011182, 59.159387915069487 ], [ -119.73821778909209, 59.198041386856673 ], [ -119.788410970902305, 59.211769998917219 ], [ -119.82825902424571, 59.219377107021288 ], [ -119.876433205506444, 59.221278122721202 ], [ -119.967017888944582, 59.22928422189343 ], [ -120.001484992875334, 59.244753902620317 ], [ -120.001484799281613, 59.250050372091955 ], [ -120.001485666484967, 59.262232475231201 ], [ -120.001487514694091, 59.293770025411284 ], [ -120.00148800069671, 59.299660805835899 ], [ -120.001491042149354, 59.328228116784452 ], [ -120.00149201898428, 59.333389833765622 ], [ -120.001390660131577, 59.339374409464348 ], [ -120.001496239649512, 59.386644184868466 ], [ -120.001496635692092, 59.389483747216516 ], [ -120.00149767920739, 59.397457923154661 ], [ -120.001498917990247, 59.407272637904093 ], [ -120.00150020135122, 59.416722837654298 ], [ -120.001499621112828, 59.440208921930861 ], [ -120.00149892334116, 59.473851716345429 ], [ -120.00149941080285, 59.47788378584513 ], [ -120.001499610141138, 59.495407157828289 ], [ -120.001499532317894, 59.500055759286788 ], [ -120.001385946910787, 59.503579229927624 ], [ -120.001500410561491, 59.522844452073315 ], [ -120.001500623609715, 59.532717753056502 ], [ -120.001500946356629, 59.541655016735064 ], [ -120.001501940486122, 59.561059566724438 ], [ -120.001504055330088, 59.582133608112066 ], [ -120.001503843196758, 59.583393652629951 ], [ -120.00150521177855, 59.594738419849413 ], [ -120.001510758207345, 59.644514049822654 ], [ -120.001511239271736, 59.648420132971388 ], [ -120.001514040983935, 59.666726492336949 ], [ -120.001508468956459, 59.694648348843032 ], [ -120.00150655199765, 59.709358457648428 ], [ -120.001412784906364, 59.722717609569187 ], [ -120.001502535597425, 59.735493766662316 ], [ -120.001501516153212, 59.740317646899435 ], [ -120.001500340224965, 59.750059867743424 ], [ -120.001500020147787, 59.753353889104268 ], [ -120.001500783818742, 59.774215905505137 ], [ -120.001502184134836, 59.810553390867149 ], [ -120.001502817471021, 59.822865367647729 ], [ -120.001504112026268, 59.830920315615657 ], [ -120.00150401300624, 59.833395318648613 ], [ -120.001502841495665, 59.849613261069393 ], [ -120.001501156715264, 59.866299208713649 ], [ -120.00149911697028, 59.904256482154274 ], [ -120.001499561112553, 59.909858915656613 ], [ -120.001498790610796, 59.916725882485842 ], [ -120.001496394458911, 59.94435580976635 ], [ -120.001494188252011, 59.977142660212102 ], [ -120.001493842746115, 59.986066102627952 ], [ -120.001493098729924, 60.00006101312308 ], [ -119.951266099928048, 60.000068408174066 ], [ -119.94533858023442, 60.000070564231144 ], [ -119.917812664480138, 60.000066022412263 ], [ -119.852358601324156, 60.000067752051841 ], [ -119.839477095700957, 60.000064602630708 ], [ -119.834820999046343, 60.000064568554677 ], [ -119.82680801283351, 60.00006593682523 ], [ -119.743525080232672, 60.000071902569914 ], [ -119.590493921299654, 60.000071989038311 ], [ -119.584812422638961, 60.000071890055374 ], [ -119.57981333107891, 59.999962331617567 ], [ -119.569239480790614, 60.000077511730176 ], [ -119.560228298104164, 60.000079286854856 ], [ -119.515409478849406, 60.000075288029947 ], [ -119.500526800021873, 60.000076116496103 ], [ -119.405485152198921, 60.000080343651497 ], [ -119.39495427463072, 60.00008111486494 ], [ -119.380782183526136, 60.000085185205265 ], [ -119.308542348571592, 60.000082753038406 ], [ -119.295681208363916, 60.000084262324258 ], [ -119.293052236248712, 60.000084463092549 ], [ -119.289877117614481, 60.000084397388115 ], [ -119.281374165970249, 60.00008651521761 ], [ -119.271236644299677, 60.000082594017861 ], [ -119.261920846594109, 60.000082809000894 ], [ -119.220677382565455, 60.000087508153058 ], [ -119.176325050749682, 60.0000833202932 ], [ -119.135039898025255, 60.000089262579998 ], [ -119.123617623878545, 60.000087169989115 ], [ -119.084793780144508, 60.00008127613274 ], [ -119.046406925968867, 60.000090915530016 ], [ -119.015534999427913, 60.000085628928737 ], [ -118.981888857606819, 60.000089496877415 ], [ -118.972651837875887, 60.00008926746554 ], [ -118.955500952573658, 60.000092156266824 ], [ -118.933291188422587, 60.000086400542436 ], [ -118.91964480281149, 60.000083481789567 ], [ -118.891139662770229, 60.000091264821073 ], [ -118.872141293947678, 60.000092882108191 ], [ -118.866612613007007, 60.00009322070175 ], [ -118.831863207673422, 60.000086763599491 ], [ -118.785861100431603, 60.000093444201042 ], [ -118.76730490096584, 60.000089763639757 ], [ -118.729658645537256, 60.000094142401714 ], [ -118.697873614652778, 60.000094406799569 ], [ -118.667852306994106, 60.000087427074867 ], [ -118.523600522479938, 60.000093770253038 ], [ -118.484611809925298, 60.000094997201813 ], [ -118.421792137073211, 60.000088819338579 ], [ -118.390426535084529, 60.000093795321575 ], [ -118.383707607004354, 60.000095443728526 ], [ -118.360041234687273, 60.000093350039258 ], [ -118.349316620985448, 60.000091796610477 ], [ -118.337732475535546, 60.000088638515663 ], [ -118.324666204177376, 60.000094941792049 ], [ -118.21062451048266, 60.000097159326998 ], [ -118.196498162240516, 60.000098630852015 ], [ -118.189136385629013, 60.000097028895858 ], [ -118.175028432414763, 60.000095756329046 ], [ -118.14905774799233, 60.000097969215275 ], [ -118.059658451957546, 60.000102489996181 ], [ -118.000743974100487, 60.000098115548674 ], [ -117.94424478267301, 60.000103466730991 ], [ -117.916162413736714, 60.000097866953084 ], [ -117.869106234842519, 60.000104702000399 ], [ -117.836399056233716, 60.000097207779262 ], [ -117.808001416417113, 60.000106776434812 ], [ -117.789940898411402, 60.000107820608157 ], [ -117.713165782642648, 60.000108639279091 ], [ -117.706610027735437, 60.000108429780148 ], [ -117.662124549821968, 60.000100982053063 ], [ -117.624912876322327, 60.000109387706594 ], [ -117.61110207675344, 60.000109241222063 ], [ -117.570562627546565, 60.000105187434521 ], [ -117.487850944196197, 60.000108348309482 ], [ -117.402858788576523, 60.000109843647465 ], [ -117.374273801825723, 60.000114649470781 ], [ -117.432704287609909, 59.957923428476356 ] ] ] ] } },
{ "type": "Feature", "properties": { "AREA": 12431571942.200001, "PERIMETER": 542076.75374099996, "SOILGR_T83": 3, "SOILGR_T_1": 4076, "SOIL_CODE": "B", "name": "Brunisols (3)", "Shape_Leng": 542076.75395599997, "Shape_Area": 12431571939.4 }, "geometry": { "type": "MultiPolygon", "coordinates": [ [ [ [ -111.465851489633565, 59.968818775299816 ], [ -111.473080631755892, 60.000180398470448 ], [ -111.417738198740565, 60.000176275012429 ], [ -111.400535633469147, 60.000184783478552 ], [ -111.334399583623622, 60.000180720220257 ], [ -111.311405021022011, 60.000190681810707 ], [ -111.251098515829085, 60.000194734432263 ], [ -111.233385455640686, 60.000211977130469 ], [ -111.226355041803174, 60.000218831652496 ], [ -111.219589657356337, 60.000228206820616 ], [ -111.172344644741528, 60.000260223126588 ], [ -111.167949568581065, 60.000266413114488 ], [ -111.158274011336388, 60.000275956835289 ], [ -111.154024979426111, 60.000281423550419 ], [ -111.130676531413542, 60.000305130761554 ], [ -111.123807729112229, 60.000311265970915 ], [ -111.109553108085692, 60.000321107811089 ], [ -111.097989736440255, 60.000330463885291 ], [ -111.084810020346879, 60.000337082679756 ], [ -111.052418406678669, 60.000346037169493 ], [ -111.001497653958054, 60.000345984941184 ], [ -110.987808083976688, 60.000353389898706 ], [ -110.974787136011301, 60.0003527749952 ], [ -110.91816354775456, 60.000350056900103 ], [ -110.878112472721739, 60.000330027786305 ], [ -110.834717917272698, 60.000298179848386 ], [ -110.751064173884174, 60.00019512682514 ], [ -110.743458721257781, 60.000195554059168 ], [ -110.731525554669389, 60.000198508734812 ], [ -110.703430662586115, 60.000192961513513 ], [ -110.680508947075793, 60.000185705164569 ], [ -110.667664736865717, 60.000175313519399 ], [ -110.599883513929541, 60.000178070007721 ], [ -110.594598895024802, 60.0001768950236 ], [ -110.584192366981739, 60.000174869841388 ], [ -110.581409040936123, 60.000176074345639 ], [ -110.549423061810728, 60.000184207207461 ], [ -110.544430600278261, 60.000182005193189 ], [ -110.534606647467115, 60.000182485029072 ], [ -110.529070262098813, 60.000183766805293 ], [ -110.521443813668583, 60.000181302530699 ], [ -110.500978848473068, 60.000177208278416 ], [ -110.489914245447622, 60.000176982950123 ], [ -110.482614975022926, 60.000178959464925 ], [ -110.417640116403646, 60.000176532595781 ], [ -110.400743616883119, 60.000181956543663 ], [ -110.394562584806366, 60.000182103734801 ], [ -110.36836737283501, 60.000182100177376 ], [ -110.361973983743596, 60.000182253799807 ], [ -110.354794723862938, 60.000181399879985 ], [ -110.338919247215102, 60.000178875303739 ], [ -110.333428647288613, 60.000178067828749 ], [ -110.31185722098688, 60.000181925890907 ], [ -110.305314214154976, 60.00018299418047 ], [ -110.293674189629257, 60.00018630312384 ], [ -110.262673242450134, 60.000182504397436 ], [ -110.258037981606634, 60.000182290846638 ], [ -110.250965248539842, 60.000179595781418 ], [ -110.241017522110496, 60.000180421041279 ], [ -110.232869312718421, 60.000182659742322 ], [ -110.208442225122781, 60.000182489136897 ], [ -110.197554623264949, 60.000181823041572 ], [ -110.194184673619077, 60.000184862016724 ], [ -110.189829554870244, 60.000183329398261 ], [ -110.180537548781103, 60.000181038270611 ], [ -110.167640462710409, 60.000176328882993 ], [ -110.110416077877758, 60.000181602924584 ], [ -110.084323117199034, 60.000172309088114 ], [ -110.022880773001802, 60.000178738394887 ], [ -110.006565740351661, 60.000177947395038 ], [ -110.006434007775113, 59.932155182923161 ], [ -110.006420227936985, 59.924685607637429 ], [ -110.006394346992806, 59.910065189375473 ], [ -110.006389364595918, 59.907234529366256 ], [ -110.006371902316289, 59.895619485338877 ], [ -110.006343763567813, 59.877281092602828 ], [ -110.00633640785459, 59.872195859662739 ], [ -110.006326775640531, 59.866552544304234 ], [ -110.006304758232815, 59.851926831443038 ], [ -110.006283344399137, 59.837481132047259 ], [ -110.006280075996287, 59.836036518703821 ], [ -110.006273673759068, 59.832022298390413 ], [ -110.006269540583219, 59.828543652119997 ], [ -110.006260718394202, 59.822855332223945 ], [ -110.006259149495804, 59.814341294233351 ], [ -110.006258260063589, 59.811681766561271 ], [ -110.006257577284998, 59.808410248229144 ], [ -110.006258049154994, 59.80632227071731 ], [ -110.006256394934042, 59.801858216357921 ], [ -110.006255424531332, 59.79378519362848 ], [ -110.006253504710415, 59.783759134160832 ], [ -110.006252762805929, 59.779340110103867 ], [ -110.006250704490483, 59.767712041353299 ], [ -110.006248862163233, 59.764714971890321 ], [ -110.006248931353909, 59.758918976438146 ], [ -110.006247787081222, 59.750269932810639 ], [ -110.006244370608115, 59.735644739240882 ], [ -110.006244515293602, 59.730204219161749 ], [ -110.006242678662659, 59.721199604009044 ], [ -110.006242762401158, 59.718292591751784 ], [ -110.006242222802143, 59.712244537976083 ], [ -110.006241912717115, 59.710435515885415 ], [ -110.00624194348697, 59.706574494656685 ], [ -110.006241533967867, 59.704616967814033 ], [ -110.006239618936831, 59.69212931845987 ], [ -110.006235344279546, 59.655696729344399 ], [ -110.006233918589047, 59.648523510345804 ], [ -110.006231581481956, 59.638245181976316 ], [ -110.006230492966083, 59.634888061574451 ], [ -110.006223056677072, 59.601951477905921 ], [ -110.006217771393452, 59.573335168921957 ], [ -110.006216308902054, 59.569807062910975 ], [ -110.006214329502612, 59.561310866223444 ], [ -110.006210249755568, 59.534013300174408 ], [ -110.0062090952039, 59.532744236069327 ], [ -110.006206952684067, 59.517151405631161 ], [ -110.006206611175088, 59.515234361627869 ], [ -110.006205317680696, 59.509865724208311 ], [ -110.006202514903578, 59.496095310054343 ], [ -110.006201922572529, 59.492819170222042 ], [ -110.006201745679206, 59.49075808943843 ], [ -110.006201199233985, 59.488953504391674 ], [ -110.006198798688544, 59.477536499782836 ], [ -110.006197760911377, 59.474098334839397 ], [ -110.006195768707826, 59.466533482030627 ], [ -110.006187847463195, 59.427669718589677 ], [ -110.006183115663362, 59.40283336175488 ], [ -110.006181356547089, 59.395921164358661 ], [ -110.006180101539428, 59.392258046508161 ], [ -110.006179330213214, 59.386893913813203 ], [ -110.006178199853892, 59.376453666496239 ], [ -110.006173754337411, 59.355996084416724 ], [ -110.006155893264577, 59.308995836124438 ], [ -110.006151934250738, 59.299665050156378 ], [ -110.006145754141514, 59.291729494786786 ], [ -110.006091408235307, 59.212440661587536 ], [ -110.006082473325677, 59.197991594751741 ], [ -110.006048898253937, 59.125220923185402 ], [ -110.006036213084627, 59.038019781960713 ], [ -110.006045512717307, 59.000152105940444 ], [ -110.006048402077994, 58.969781894400327 ], [ -110.006048451467549, 58.966694911941516 ], [ -110.006050312960824, 58.954680042173344 ], [ -110.006050748350319, 58.950711076496738 ], [ -110.006052156005211, 58.925857728735444 ], [ -110.006052415626712, 58.892763592724464 ], [ -110.0060513758079, 58.860933460533225 ], [ -110.006050363270305, 58.826142087916971 ], [ -110.006050810033329, 58.816934565067399 ], [ -110.006049523534742, 58.79107147933528 ], [ -110.006045831117021, 58.744876073594668 ], [ -110.006045891751711, 58.739588298078793 ], [ -110.006046003149308, 58.735866605223855 ], [ -110.006045572004339, 58.73269842045913 ], [ -110.005989670790356, 58.718254978704081 ], [ -110.006044266553033, 58.70291127241164 ], [ -110.006043037526865, 58.695233806973505 ], [ -110.006042482076552, 58.683956167647565 ], [ -110.006041849873625, 58.677448784645726 ], [ -110.006039600045298, 58.650046501690731 ], [ -110.006039032260858, 58.647863834593274 ], [ -110.00598042997278, 58.616584459117263 ], [ -110.006034734113754, 58.610781178754401 ], [ -110.005979277179534, 58.605851185792162 ], [ -110.005979103095143, 58.601967414433012 ], [ -110.005973847115257, 58.569938530790779 ], [ -110.005973093885828, 58.558926255710702 ], [ -110.005965776150617, 58.514750930028363 ], [ -110.005964952832045, 58.509796051837753 ], [ -110.005963679254648, 58.496884617697773 ], [ -110.005954994416356, 58.444865400287924 ], [ -110.00595377032441, 58.437876390154265 ], [ -110.005951623065698, 58.427530118234827 ], [ -110.005951632946875, 58.422035251739693 ], [ -110.005951011719276, 58.41892551896845 ], [ -110.005949043645487, 58.405807055576595 ], [ -110.005947142529465, 58.39837247530324 ], [ -110.005941918840676, 58.36704561485486 ], [ -110.005940852201817, 58.361546190400233 ], [ -110.0059399171965, 58.359359002088603 ], [ -110.005939341169949, 58.351865955641564 ], [ -110.005936648066339, 58.340309036966246 ], [ -110.005934678418114, 58.325088820173008 ], [ -110.005934508449997, 58.322145581311219 ], [ -110.005932729739044, 58.307199831003985 ], [ -110.070335692580485, 58.32794702770493 ], [ -110.096632449604584, 58.34101943966332 ], [ -110.178826341085809, 58.389109449202799 ], [ -110.199830476822711, 58.409329767784513 ], [ -110.245811941114496, 58.466536308308783 ], [ -110.34025849670725, 58.538987407131316 ], [ -110.383257035971099, 58.574790923514357 ], [ -110.459677855225252, 58.618175239562142 ], [ -110.458199392236622, 58.626423474088085 ], [ -110.463680770638319, 58.635358611874075 ], [ -110.478629515481387, 58.640164158667673 ], [ -110.50077038476033, 58.643919822444069 ], [ -110.517290564875154, 58.644677297271357 ], [ -110.531535488044398, 58.64852510968435 ], [ -110.5551058326743, 58.664678624174648 ], [ -110.585296504249868, 58.662390286741548 ], [ -110.602283555834305, 58.649904384244728 ], [ -110.612074061081827, 58.638461990752667 ], [ -110.630895564931478, 58.630623837951148 ], [ -110.713508618720027, 58.628818417520506 ], [ -110.734301504083575, 58.630189609309461 ], [ -110.745234449223176, 58.632954057886479 ], [ -110.765575414835055, 58.642527555973651 ], [ -110.777678591237574, 58.643515007529118 ], [ -110.801750687690316, 58.640907684754225 ], [ -110.832990679139456, 58.642720512011913 ], [ -110.840168288352345, 58.641657678908011 ], [ -110.844591317259699, 58.635908681030287 ], [ -110.84422867049787, 58.627211728113956 ], [ -110.847418190131748, 58.61821584996877 ], [ -110.85487906924692, 58.615335376400004 ], [ -110.89124550772496, 58.617812593970363 ], [ -110.929270510800336, 58.615321659969212 ], [ -110.934214768166711, 58.622840739228451 ], [ -110.936508997085753, 58.641668089870514 ], [ -110.952328373316064, 58.646907656071981 ], [ -110.974668519870065, 58.649678059220278 ], [ -110.998259944676676, 58.65569460763988 ], [ -111.015528788034814, 58.657328310777885 ], [ -111.02632700442922, 58.655494787186413 ], [ -111.047504211140961, 58.643132481314801 ], [ -111.062854997455005, 58.640113738608207 ], [ -111.083952097411157, 58.651034249221325 ], [ -111.096346025808018, 58.650174502841118 ], [ -111.113562621127926, 58.634893413012378 ], [ -111.130186131383752, 58.629180154229921 ], [ -111.150838780920267, 58.637332920572916 ], [ -111.165116048259122, 58.652986382949614 ], [ -111.157757512096893, 58.69014123998052 ], [ -111.170999564455556, 58.701180398264867 ], [ -111.197481591365715, 58.705905134485953 ], [ -111.222673919150765, 58.725187640853129 ], [ -111.232045167992894, 58.744744602522758 ], [ -111.230749848050323, 58.759308077020727 ], [ -111.236237992008284, 58.775513554932225 ], [ -111.279926959923216, 58.795066425216348 ], [ -111.286051580431717, 58.807181988591253 ], [ -111.264894081787446, 58.872565543408577 ], [ -111.230561365693305, 58.889923589851307 ], [ -111.212742606803346, 58.896974909304816 ], [ -111.198275465927949, 58.911011865320013 ], [ -111.223201179278561, 58.933017744974691 ], [ -111.29295340732213, 58.950856893086588 ], [ -111.347773824777292, 58.968528506533197 ], [ -111.424512402291953, 59.024463222624611 ], [ -111.408984927420349, 59.076384719857415 ], [ -111.411053787438547, 59.086509382906748 ], [ -111.433514514556265, 59.121157362325221 ], [ -111.426453341925026, 59.139154792796447 ], [ -111.410019782445687, 59.160445073670601 ], [ -111.383169128706214, 59.185899902638084 ], [ -111.384598686689699, 59.212441294479191 ], [ -111.409821234981692, 59.222538194041142 ], [ -111.449071609552178, 59.228144652588966 ], [ -111.483937711591068, 59.239505826627138 ], [ -111.505830972228793, 59.254483486157916 ], [ -111.493089948735957, 59.277946685623213 ], [ -111.447854128473168, 59.281314172152875 ], [ -111.419070856958911, 59.298905244186066 ], [ -111.397762843218359, 59.3304829071391 ], [ -111.403818981212666, 59.358216144849322 ], [ -111.426031865570835, 59.404628812030012 ], [ -111.412850924178827, 59.435757271141355 ], [ -111.398990778938924, 59.486706898862302 ], [ -111.395208192963381, 59.52422979133987 ], [ -111.375882088163635, 59.588712608442975 ], [ -111.378545651253617, 59.608964522365902 ], [ -111.397097696599928, 59.639545433532057 ], [ -111.450123299481319, 59.698358751763358 ], [ -111.484126359939296, 59.80008662986689 ], [ -111.515373658047451, 59.841891867403227 ], [ -111.515940626013091, 59.856945353074302 ], [ -111.486240458243145, 59.881841645794701 ], [ -111.480511820057288, 59.891606674796712 ], [ -111.49803551475523, 59.90833050514717 ], [ -111.470204320115386, 59.925145433176432 ], [ -111.459768957523849, 59.942392549386938 ], [ -111.465851489633565, 59.968818775299816 ] ] ] ] } },
{ "type": "Feature", "properties": { "AREA": 201749703078.0, "PERIMETER": 3763798.8124000002, "SOILGR_T83": 4, "SOILGR_T_1": 4072, "SOIL_CODE": "GLO", "name": "Gray Luvisols, Organics (4)", "Shape_Leng": 3763798.8124299999, "Shape_Area": 201749703074.00003 }, "geometry": { "type": "MultiPolygon", "coordinates": [ [ [ [ -111.47312873894117, 60.000181682727806 ], [ -111.473080631755892, 60.000180398470448 ], [ -111.465851489633565, 59.968818775299816 ], [ -111.459768957523849, 59.942392549386938 ], [ -111.470204320115386, 59.925145433176432 ], [ -111.49803551475523, 59.90833050514717 ], [ -111.480511820057288, 59.891606674796712 ], [ -111.486240458243145, 59.881841645794701 ], [ -111.515940626013091, 59.856945353074302 ], [ -111.515373658047451, 59.841891867403227 ], [ -111.484126359939296, 59.80008662986689 ], [ -111.450123299481319, 59.698358751763358 ], [ -111.397097696599928, 59.639545433532057 ], [ -111.378545651253617, 59.608964522365902 ], [ -111.375882088163635, 59.588712608442975 ], [ -111.395208192963381, 59.52422979133987 ], [ -111.398990778938924, 59.486706898862302 ], [ -111.412850924178827, 59.435757271141355 ], [ -111.426031865570835, 59.404628812030012 ], [ -111.403818981212666, 59.358216144849322 ], [ -111.397762843218359, 59.3304829071391 ], [ -111.419070856958911, 59.298905244186066 ], [ -111.447854128473168, 59.281314172152875 ], [ -111.493089948735957, 59.277946685623213 ], [ -111.505830972228793, 59.254483486157916 ], [ -111.483937711591068, 59.239505826627138 ], [ -111.449071609552178, 59.228144652588966 ], [ -111.409821234981692, 59.222538194041142 ], [ -111.384598686689699, 59.212441294479191 ], [ -111.383169128706214, 59.185899902638084 ], [ -111.410019782445687, 59.160445073670601 ], [ -111.426453341925026, 59.139154792796447 ], [ -111.433514514556265, 59.121157362325221 ], [ -111.411053787438547, 59.086509382906748 ], [ -111.408984927420349, 59.076384719857415 ], [ -111.424512402291953, 59.024463222624611 ], [ -111.347773824777292, 58.968528506533197 ], [ -111.29295340732213, 58.950856893086588 ], [ -111.223201179278561, 58.933017744974691 ], [ -111.198275465927949, 58.911011865320013 ], [ -111.212742606803346, 58.896974909304816 ], [ -111.230561365693305, 58.889923589851307 ], [ -111.264894081787446, 58.872565543408577 ], [ -111.286051580431717, 58.807181988591253 ], [ -111.279926959923216, 58.795066425216348 ], [ -111.236237992008284, 58.775513554932225 ], [ -111.230749848050323, 58.759308077020727 ], [ -111.232045167992894, 58.744744602522758 ], [ -111.222673919150765, 58.725187640853129 ], [ -111.197481591365715, 58.705905134485953 ], [ -111.170999564455556, 58.701180398264867 ], [ -111.157757512096893, 58.69014123998052 ], [ -111.165116048259122, 58.652986382949614 ], [ -111.150838780920267, 58.637332920572916 ], [ -111.130186131383752, 58.629180154229921 ], [ -111.113562621127926, 58.634893413012378 ], [ -111.096346025808018, 58.650174502841118 ], [ -111.083952097411157, 58.651034249221325 ], [ -111.062854997455005, 58.640113738608207 ], [ -111.047504211140961, 58.643132481314801 ], [ -111.02632700442922, 58.655494787186413 ], [ -111.015528788034814, 58.657328310777885 ], [ -110.998259944676676, 58.65569460763988 ], [ -110.974668519870065, 58.649678059220278 ], [ -110.952328373316064, 58.646907656071981 ], [ -110.936508997085753, 58.641668089870514 ], [ -110.934214768166711, 58.622840739228451 ], [ -110.929270510800336, 58.615321659969212 ], [ -110.89124550772496, 58.617812593970363 ], [ -110.85487906924692, 58.615335376400004 ], [ -110.847418190131748, 58.61821584996877 ], [ -110.84422867049787, 58.627211728113956 ], [ -110.844591317259699, 58.635908681030287 ], [ -110.840168288352345, 58.641657678908011 ], [ -110.832990679139456, 58.642720512011913 ], [ -110.801750687690316, 58.640907684754225 ], [ -110.777678591237574, 58.643515007529118 ], [ -110.765575414835055, 58.642527555973651 ], [ -110.745234449223176, 58.632954057886479 ], [ -110.734301504083575, 58.630189609309461 ], [ -110.713508618720027, 58.628818417520506 ], [ -110.630895564931478, 58.630623837951148 ], [ -110.612074061081827, 58.638461990752667 ], [ -110.602283555834305, 58.649904384244728 ], [ -110.585296504249868, 58.662390286741548 ], [ -110.5551058326743, 58.664678624174648 ], [ -110.531535488044398, 58.64852510968435 ], [ -110.517290564875154, 58.644677297271357 ], [ -110.50077038476033, 58.643919822444069 ], [ -110.478629515481387, 58.640164158667673 ], [ -110.463680770638319, 58.635358611874075 ], [ -110.458199392236622, 58.626423474088085 ], [ -110.459677855225252, 58.618175239562142 ], [ -110.383257035971099, 58.574790923514357 ], [ -110.34025849670725, 58.538987407131316 ], [ -110.245811941114496, 58.466536308308783 ], [ -110.199830476822711, 58.409329767784513 ], [ -110.178826341085809, 58.389109449202799 ], [ -110.096632449604584, 58.34101943966332 ], [ -110.070335692580485, 58.32794702770493 ], [ -110.005932729739044, 58.307199831003985 ], [ -110.005932177629518, 58.304675109017865 ], [ -110.005983298152671, 58.296877989368241 ], [ -110.005929940878772, 58.287776174334191 ], [ -110.005925472560747, 58.253082696757907 ], [ -110.005918201505338, 58.223447324785454 ], [ -110.005915608863532, 58.21612957514683 ], [ -110.005912800823168, 58.206273587804496 ], [ -110.005910792438598, 58.199617414515949 ], [ -110.005901343225673, 58.165855000273254 ], [ -110.005899015950149, 58.150963026776985 ], [ -110.005938650989506, 58.145136538549124 ], [ -110.005937206417499, 58.141900679817461 ], [ -110.005892729123744, 58.117997187503349 ], [ -110.005892577050659, 58.11551744775052 ], [ -110.005921709407204, 58.095581698006214 ], [ -110.005886664462878, 58.086808983389631 ], [ -110.005886480476576, 58.084252732031182 ], [ -110.005885120913064, 58.078631638306149 ], [ -110.005887997039054, 58.055432009993687 ], [ -110.005887532627327, 58.053636317509181 ], [ -110.00590561828173, 58.044541643274364 ], [ -110.005888502283952, 58.038901919147705 ], [ -110.005889216832131, 58.033726440932362 ], [ -110.005889396380397, 58.030733654416977 ], [ -110.005889702774482, 58.021422251555059 ], [ -110.005888835809245, 58.019446522881829 ], [ -110.005889281589717, 58.014082011502957 ], [ -110.005890508757403, 58.000121676259305 ], [ -110.005890534623916, 57.990049671001273 ], [ -110.005891232107928, 57.988533046272359 ], [ -110.005891680655438, 57.972538454873913 ], [ -110.005891167852141, 57.970369216105652 ], [ -110.005892033368255, 57.966039812256611 ], [ -110.005892584982291, 57.961552879582115 ], [ -110.005892504407583, 57.956849899143982 ], [ -110.005891939889537, 57.955144203662819 ], [ -110.005892996248136, 57.947164933432298 ], [ -110.00589261180032, 57.942007392209547 ], [ -110.005893506164568, 57.904176585129349 ], [ -110.005893338712539, 57.902740935812623 ], [ -110.00589398039898, 57.897376424919742 ], [ -110.005896797832889, 57.841845425128852 ], [ -110.005897561663218, 57.810090322107932 ], [ -110.005897722828777, 57.805873416064152 ], [ -110.005897604605124, 57.803096638947274 ], [ -110.00589763084065, 57.800189355450705 ], [ -110.005898568497187, 57.788515242772426 ], [ -110.005897737743595, 57.786557516977389 ], [ -110.005897965109995, 57.774041786426103 ], [ -110.00589895090495, 57.772786201360475 ], [ -110.005898097656456, 57.768803271611084 ], [ -110.005899231873371, 57.757291168888152 ], [ -110.005898529213809, 57.754532364942968 ], [ -110.005898953213972, 57.741166065349624 ], [ -110.005898999154269, 57.728524326088127 ], [ -110.005899792351258, 57.715365058961289 ], [ -110.005899917975313, 57.714244453258964 ], [ -110.005900039453365, 57.708614400733175 ], [ -110.005900318529299, 57.703470400065932 ], [ -110.005899960258631, 57.701355176262844 ], [ -110.005899768915754, 57.692435279198975 ], [ -110.005900064952996, 57.689865534205083 ], [ -110.005899972322624, 57.688182362195818 ], [ -110.005899678486045, 57.684001432048134 ], [ -110.005899652530715, 57.667732294834586 ], [ -110.005898915817525, 57.587943777315807 ], [ -110.005899778504443, 57.586602675009274 ], [ -110.005898848614819, 57.57795293057309 ], [ -110.005899455374802, 57.568178266113399 ], [ -110.00589888749974, 57.565230534819165 ], [ -110.005898929667978, 57.559501630643432 ], [ -110.005899022466792, 57.555244330727923 ], [ -110.005900784272171, 57.5279094389576 ], [ -110.005903254455191, 57.481722577485812 ], [ -110.005903358892624, 57.468842568978651 ], [ -110.005902874903541, 57.467280927165362 ], [ -110.005904207965614, 57.453748408591139 ], [ -110.00590441554121, 57.440962897454597 ], [ -110.005905282319432, 57.431287156463306 ], [ -110.005905897884531, 57.396247442143164 ], [ -110.005906607351505, 57.3698079262074 ], [ -110.005907073141046, 57.368543346743991 ], [ -110.005906979105433, 57.359700152666576 ], [ -110.005906992240497, 57.349196328037849 ], [ -110.00590764228599, 57.332149005500092 ], [ -110.005907775187083, 57.324363382410532 ], [ -110.00590764698417, 57.316280722453065 ], [ -110.005907329132469, 57.313828010887704 ], [ -110.005906947096364, 57.305853345871775 ], [ -110.005907474858759, 57.304426750858752 ], [ -110.005906890684159, 57.301118957546208 ], [ -110.005907111858505, 57.299350321137872 ], [ -110.00590641637595, 57.293166786286854 ], [ -110.005907060860395, 57.287883377505473 ], [ -110.005907608319731, 57.284260600754962 ], [ -110.005907102125022, 57.272267089097717 ], [ -110.005906584095726, 57.266241067540193 ], [ -110.005905280864852, 57.214500289163517 ], [ -110.005905590653697, 57.209896424902325 ], [ -110.005905916850082, 57.206264640769973 ], [ -110.00590576904743, 57.200859691869326 ], [ -110.005905815434687, 57.19780394253403 ], [ -110.005905987920997, 57.176787211196192 ], [ -110.005905296650127, 57.166742346905373 ], [ -110.005905292454926, 57.163425582962162 ], [ -110.005905301143585, 57.148938926148993 ], [ -110.005906109769228, 57.139240679153879 ], [ -110.005906204430346, 57.129416388839225 ], [ -110.005905943818604, 57.127418216765818 ], [ -110.00590534899645, 57.121077178836963 ], [ -110.005905690807509, 57.119434558495499 ], [ -110.005905815261656, 57.116383314664922 ], [ -110.005905232858879, 57.114218614849094 ], [ -110.005905940427425, 57.108503176755796 ], [ -110.005904989904181, 57.101266544962449 ], [ -110.005905781995125, 57.09853935254705 ], [ -110.005905587412229, 57.096455672979332 ], [ -110.005904811611842, 57.075798887012255 ], [ -110.005904625430645, 57.073607183918213 ], [ -110.005904437802755, 57.068539723165728 ], [ -110.005905002520038, 57.06612752920271 ], [ -110.005904517987076, 57.064052823788209 ], [ -110.005903570202648, 57.024440199208655 ], [ -110.005902990874546, 57.013963216951012 ], [ -110.005901627376289, 57.008463656771255 ], [ -110.005902049577912, 57.000110903295059 ], [ -110.005902112471247, 56.991528582863197 ], [ -110.005902135937546, 56.989440382871955 ], [ -110.005900939151189, 56.969449403400077 ], [ -110.005899515044746, 56.957104645190846 ], [ -110.005896481606044, 56.928117178003141 ], [ -110.005894038144575, 56.888166560959405 ], [ -110.005892987854182, 56.886906390193289 ], [ -110.00589355709586, 56.884642682464339 ], [ -110.005892258568394, 56.873215962661554 ], [ -110.005890874341674, 56.857252766466381 ], [ -110.005889288122518, 56.834921388989834 ], [ -110.005888496666856, 56.807950157618542 ], [ -110.005883276085044, 56.705465360064942 ], [ -110.005882624961359, 56.703822658477065 ], [ -110.005882527415324, 56.700420292158107 ], [ -110.005882530817175, 56.696239345983379 ], [ -110.005879981486459, 56.644217744154965 ], [ -110.005877302663507, 56.616084573898846 ], [ -110.005874680937438, 56.576114765160888 ], [ -110.005867386190786, 56.508208829274409 ], [ -110.005864110574208, 56.430320354745348 ], [ -110.005863827123136, 56.426413767403631 ], [ -110.005861195673248, 56.362419617433822 ], [ -110.005855703179506, 56.283645014551169 ], [ -110.005852455393992, 56.252576941939886 ], [ -110.005852708712425, 56.24875141608824 ], [ -110.005851782095135, 56.237634891063649 ], [ -110.005848701795742, 56.210118060237455 ], [ -110.005842475885686, 56.162109698175094 ], [ -110.005842438175932, 56.159134745830293 ], [ -110.005840193464834, 56.135555562205283 ], [ -110.005837974181134, 56.092663877934442 ], [ -110.00583165974453, 56.013572797347237 ], [ -110.005829665357751, 56.000106592619055 ], [ -110.005829645781105, 55.997653700687252 ], [ -110.005831019253819, 55.988629812569407 ], [ -110.005837949651607, 55.899083653523434 ], [ -110.005841356810762, 55.81807979022404 ], [ -110.00584330784271, 55.7705163453086 ], [ -110.005844572058521, 55.726427415795186 ], [ -110.005844273640534, 55.699801188497489 ], [ -110.005844423812931, 55.667661567760291 ], [ -110.005844533097843, 55.626295126065386 ], [ -110.005844389359069, 55.617797683524529 ], [ -110.00584245623196, 55.564683799683074 ], [ -110.005834253203545, 55.465710211494184 ], [ -110.005832782672869, 55.447382821407693 ], [ -110.005832275101596, 55.430599238465987 ], [ -110.005795864710009, 55.373640276233935 ], [ -110.005790711104112, 55.330090451661832 ], [ -110.005816898630044, 55.301115243783826 ], [ -110.005816065531633, 55.297167986983517 ], [ -110.005809420803573, 55.250840690147079 ], [ -110.005809001997903, 55.247356977613308 ], [ -110.005804642780944, 55.227233192559432 ], [ -110.005804577540133, 55.224780188182052 ], [ -110.005802203594939, 55.215791750234388 ], [ -110.005796836216135, 55.191198476071904 ], [ -110.005793758924298, 55.174211844082841 ], [ -110.00577701550273, 55.096101816494745 ], [ -110.00577584954307, 55.093230162984064 ], [ -110.005774050826844, 55.085393933812824 ], [ -110.005769844328725, 55.066719300153217 ], [ -110.005768997616244, 55.059274682473784 ], [ -110.005764257047076, 55.036616654607606 ], [ -110.005763504775331, 55.03518531786321 ], [ -110.005755759861714, 55.00009096857373 ], [ -110.005756393241384, 54.998034043072415 ], [ -110.005751304316973, 54.950498841439057 ], [ -110.005739238117954, 54.872511016017448 ], [ -110.005738990960552, 54.869535640063731 ], [ -110.005736758867016, 54.857233466746521 ], [ -110.005732621542663, 54.83663978587208 ], [ -110.005723079732007, 54.773581703926254 ], [ -110.005722508904768, 54.768675710479698 ], [ -110.005721576986801, 54.763283605288414 ], [ -110.005721499786631, 54.747827683965639 ], [ -110.005726207664523, 54.704896636201312 ], [ -110.005727718292547, 54.695967494913212 ], [ -110.005730148586323, 54.66526440574151 ], [ -110.005730373993799, 54.663518149720133 ], [ -110.005726224036096, 54.631261551141023 ], [ -110.005725979793823, 54.62918672226894 ], [ -110.005725195021967, 54.624186421494692 ], [ -110.005712221408544, 54.498562591136256 ], [ -110.00571111400491, 54.486590183089241 ], [ -110.005706942792585, 54.449759206201492 ], [ -110.005704885913175, 54.433173312092606 ], [ -110.005703673201765, 54.425292185923936 ], [ -110.012547755334353, 54.421106278426755 ], [ -110.02282734515353, 54.41481604672763 ], [ -110.03252694056637, 54.408514617119231 ], [ -110.046207269036302, 54.398001481736436 ], [ -110.056593312289962, 54.388967568462078 ], [ -110.073197882286593, 54.383828513085007 ], [ -110.090081631068912, 54.383275862525124 ], [ -110.104131325937956, 54.387209864783522 ], [ -110.109596172357541, 54.398174859405913 ], [ -110.108620651612085, 54.414418445787 ], [ -110.115025636826829, 54.434814301954752 ], [ -110.131039093035156, 54.446146884863595 ], [ -110.159582594794088, 54.454020443417406 ], [ -110.203320609639277, 54.462861476028266 ], [ -110.22171224277038, 54.474266788279621 ], [ -110.258331040876669, 54.495221221074083 ], [ -110.291731597455509, 54.505975459939314 ], [ -110.338516903225369, 54.508908240033108 ], [ -110.374324770533434, 54.504130365879419 ], [ -110.404072221691422, 54.500978699147183 ], [ -110.433609054625947, 54.499877321171333 ], [ -110.451692224318478, 54.503440423307474 ], [ -110.468794114466704, 54.516827718183187 ], [ -110.47322094442174, 54.527510151907684 ], [ -110.475552838415041, 54.535607420065247 ], [ -110.486079858783299, 54.54029902107024 ], [ -110.495753224118914, 54.541753910832114 ], [ -110.526966956183543, 54.535867984252164 ], [ -110.561703417280967, 54.525959461017905 ], [ -110.581494690632695, 54.524282830428085 ], [ -110.600908052520367, 54.526490352985448 ], [ -110.621993771186027, 54.531725115215188 ], [ -110.644782291414629, 54.535636172974627 ], [ -110.661858041002318, 54.533632289641027 ], [ -110.710098060304588, 54.534177528844708 ], [ -110.73539645634537, 54.536540782986123 ], [ -110.767514747273395, 54.541621688926107 ], [ -110.783878311283416, 54.543017709962619 ], [ -110.832650928947956, 54.542155720322462 ], [ -110.905060176354638, 54.535985927885982 ], [ -110.976559244600793, 54.535474151111416 ], [ -111.021078713265084, 54.551831565094666 ], [ -111.039758707763696, 54.572051447487773 ], [ -111.064595414026385, 54.580290681967462 ], [ -111.086315309636575, 54.574459628356543 ], [ -111.109275918700916, 54.56316274319353 ], [ -111.126134574338224, 54.5542168621418 ], [ -111.156935339383494, 54.538074509129274 ], [ -111.175051178899125, 54.537403540659277 ], [ -111.181326964161897, 54.546963726567739 ], [ -111.16788388897389, 54.567006655968079 ], [ -111.158386831084144, 54.586692420271753 ], [ -111.162842388264053, 54.603996333288727 ], [ -111.180854610029215, 54.60492671992904 ], [ -111.205693584695297, 54.594575040765704 ], [ -111.221126178319537, 54.578931324360624 ], [ -111.230331592867202, 54.56725285131207 ], [ -111.237291706688836, 54.558954174776346 ], [ -111.256637646888876, 54.547989674076767 ], [ -111.284400385583439, 54.544573502032883 ], [ -111.300565641851861, 54.538794510521846 ], [ -111.320995586991998, 54.523723856478973 ], [ -111.343125256377533, 54.50181453477407 ], [ -111.358701351768957, 54.478143395387249 ], [ -111.370367492970331, 54.459179495304255 ], [ -111.376924239518004, 54.445364618723872 ], [ -111.387422200998671, 54.436224248775076 ], [ -111.402607932095734, 54.432242941952026 ], [ -111.417448116485971, 54.437871086688666 ], [ -111.428268789079326, 54.450049012718381 ], [ -111.444673105265494, 54.450672865929818 ], [ -111.452006139286837, 54.446952828813167 ], [ -111.464235045823358, 54.440600584774693 ], [ -111.482098435113073, 54.442629545724053 ], [ -111.52443850053244, 54.479138910471704 ], [ -111.559422357149955, 54.509967142129 ], [ -111.624846169070295, 54.549492472957397 ], [ -111.675872306600596, 54.583165839816779 ], [ -111.701290782807817, 54.596749034058512 ], [ -111.712999500440958, 54.603000806008524 ], [ -111.754689696208089, 54.625667488967736 ], [ -111.812746594783931, 54.65141354276863 ], [ -111.84793197797228, 54.672763541714112 ], [ -111.857996483520068, 54.678534836738535 ], [ -111.869272610165297, 54.686310995864666 ], [ -111.881669065064784, 54.697753340863855 ], [ -111.890825471701419, 54.710527780145071 ], [ -111.890067434340367, 54.720420608057154 ], [ -111.885764319175976, 54.726376987609157 ], [ -111.875378536919186, 54.729545385632825 ], [ -111.85250754818604, 54.728305243882247 ], [ -111.812447143953946, 54.725871837476056 ], [ -111.785789024904446, 54.740895004994982 ], [ -111.77961903656157, 54.761842701260598 ], [ -111.787042177353186, 54.786056875447613 ], [ -111.784731379318501, 54.802506120561823 ], [ -111.760506232906636, 54.821465864036206 ], [ -111.739179756452302, 54.838196168006924 ], [ -111.738448823159814, 54.865675139357386 ], [ -111.75902028057989, 54.894300942681198 ], [ -111.786357267149157, 54.911376819302603 ], [ -111.836991765022219, 54.930071852152324 ], [ -111.865713922480808, 54.939141627877795 ], [ -111.879174568651393, 54.951329965363065 ], [ -112.098866995917888, 55.062303606013025 ], [ -112.203301953320903, 55.118054355354261 ], [ -112.2251440889913, 55.142161996672677 ], [ -112.234480505008918, 55.161939543460733 ], [ -112.230674199024961, 55.189233352683942 ], [ -112.222054006121056, 55.216898511021171 ], [ -112.217338679026142, 55.246001291012583 ], [ -112.223452104338648, 55.266631874221957 ], [ -112.236786116908206, 55.286935647764302 ], [ -112.259678149280759, 55.308320580463779 ], [ -112.325566246907925, 55.350960786185354 ], [ -112.364556919995366, 55.372595161438014 ], [ -112.434365916046531, 55.40475023052845 ], [ -112.497837348233418, 55.419896250203628 ], [ -112.517634441317981, 55.407890704857508 ], [ -112.535095204122328, 55.394023025864819 ], [ -112.553607927101027, 55.374239190742465 ], [ -112.589389307814315, 55.325075654721978 ], [ -112.619680887384888, 55.309106314694013 ], [ -112.652080768087117, 55.299541192794663 ], [ -112.774404569122126, 55.280265463141447 ], [ -112.808428683840546, 55.26840040296527 ], [ -112.912081190458224, 55.206785794801704 ], [ -112.938152088978413, 55.192955071375948 ], [ -112.976027413451931, 55.177364289212179 ], [ -113.028851092673122, 55.146413143930872 ], [ -113.084647131388934, 55.097862621240203 ], [ -113.146544495824728, 55.054846940093412 ], [ -113.201977630396755, 55.035217891431522 ], [ -113.215901047263131, 55.031875567215494 ], [ -113.263625196994141, 55.020391072231632 ], [ -113.327860098385216, 55.001886666353094 ], [ -113.401562443626318, 54.985257747505443 ], [ -113.497025489529747, 54.960304038900723 ], [ -113.559147515181408, 54.941660993835804 ], [ -113.611852441585086, 54.91008982907271 ], [ -113.649851628784276, 54.878037058270806 ], [ -113.657442795954381, 54.834428501856145 ], [ -113.65215544549001, 54.803211018957761 ], [ -113.639210365281059, 54.775616409223232 ], [ -113.617431008006548, 54.746499227662049 ], [ -113.601529699908568, 54.707510410974749 ], [ -113.612858193314267, 54.669063011323523 ], [ -113.640393528975721, 54.629853397090095 ], [ -113.662431217694589, 54.605763439142024 ], [ -113.700883248032568, 54.597060203614816 ], [ -113.846888414627884, 54.579557680847948 ], [ -113.907968060234978, 54.583967014991117 ], [ -113.97810120286448, 54.608270334354408 ], [ -114.020483679707937, 54.631776888064607 ], [ -114.053103943660986, 54.66622892880406 ], [ -114.078637818742109, 54.699219920811352 ], [ -114.106190424054219, 54.751123305979299 ], [ -114.152775864045168, 54.813340387704514 ], [ -114.179651891447548, 54.867522180595991 ], [ -114.188335865972419, 54.913234018037727 ], [ -114.177693548462457, 54.963373895815565 ], [ -114.137196631286244, 55.018303294979944 ], [ -114.074670002304742, 55.081752270240742 ], [ -114.055108332540399, 55.126261634008003 ], [ -114.053862134486067, 55.178791087150884 ], [ -114.06333584978259, 55.221756864613397 ], [ -114.083837239440811, 55.243165134754882 ], [ -114.122869755527176, 55.268439295675627 ], [ -114.17645156967842, 55.296599829491072 ], [ -114.386073170014427, 55.372486883922882 ], [ -114.370201094368582, 55.384991972786239 ], [ -114.370129763233081, 55.401411378513295 ], [ -114.376201508472434, 55.43799937950569 ], [ -114.374674277090676, 55.45165609427211 ], [ -114.35543945712682, 55.466380601894606 ], [ -114.322077506591825, 55.474929678734853 ], [ -114.293039421220399, 55.477619887711036 ], [ -114.212660771167847, 55.465699499608327 ], [ -114.167081269931998, 55.463038520837252 ], [ -114.146965013790677, 55.464032869803134 ], [ -114.132214658465941, 55.469228843819764 ], [ -114.104404729390765, 55.464601231124526 ], [ -114.089727311155087, 55.455197501102333 ], [ -114.07884067593416, 55.436286667198495 ], [ -114.059487128628291, 55.424964970407977 ], [ -114.035945417703132, 55.416753746748618 ], [ -114.005700191770686, 55.413419267206194 ], [ -113.999869610135292, 55.41695424997269 ], [ -113.92080663988078, 55.412615230403809 ], [ -113.887636015137488, 55.417407557187182 ], [ -113.877702602428869, 55.422216805411779 ], [ -113.875921787212476, 55.424915536786152 ], [ -113.877816113547809, 55.432709311603624 ], [ -113.895697097631697, 55.453611521726124 ], [ -113.883371133382198, 55.482546969432143 ], [ -113.878109900288578, 55.489282013232526 ], [ -113.854403654784235, 55.495625944248033 ], [ -113.829047393330015, 55.490527675180196 ], [ -113.77743255178693, 55.470264041323283 ], [ -113.744781883004805, 55.454952203098628 ], [ -113.702708416066002, 55.448544205756974 ], [ -113.673779838233926, 55.449263639726198 ], [ -113.640239652027788, 55.447138121741041 ], [ -113.612069265183735, 55.437364225788023 ], [ -113.58761254599284, 55.420829983831574 ], [ -113.562773747029667, 55.409756970600021 ], [ -113.525307319636823, 55.407050279998373 ], [ -113.46527190037699, 55.395568544858328 ], [ -113.420699121688102, 55.391742316734501 ], [ -113.397355572315874, 55.403481488554206 ], [ -113.384076633931969, 55.419575075804545 ], [ -113.377635555849395, 55.440401808329888 ], [ -113.379181521653507, 55.451390710358041 ], [ -113.396784034303067, 55.462321198073312 ], [ -113.425930104936654, 55.469428771157432 ], [ -113.451533488583863, 55.481006743392498 ], [ -113.467322747198821, 55.49507750527853 ], [ -113.466735725978523, 55.513311546094307 ], [ -113.455366036230302, 55.525355089837838 ], [ -113.433036632020858, 55.533477481259382 ], [ -113.392911852005554, 55.532485721354739 ], [ -113.360672319431998, 55.533510536439756 ], [ -113.356677376063601, 55.535174194689539 ], [ -113.33488882062737, 55.544266074308091 ], [ -113.313943860663642, 55.564720788034187 ], [ -113.301668876072611, 55.587220825878674 ], [ -113.295921320519327, 55.608520489690761 ], [ -113.257076745534064, 55.630334030064986 ], [ -113.226096796820201, 55.634547007124951 ], [ -113.143933196390236, 55.633740232666753 ], [ -113.147254780652972, 55.651623429701736 ], [ -113.15154365102164, 55.658125428939208 ], [ -113.160855642847082, 55.662481985615976 ], [ -113.18612027602542, 55.669084065095994 ], [ -113.266660427291995, 55.680766958163964 ], [ -113.320552589353667, 55.683058034183411 ], [ -113.39815173835602, 55.68109696050832 ], [ -113.458725215602769, 55.681004935831631 ], [ -113.5108460586017, 55.685451111064971 ], [ -113.554015132023835, 55.691033060936128 ], [ -113.679215588404531, 55.689796276110634 ], [ -113.694334853824884, 55.69287069661646 ], [ -113.738227327001439, 55.711628318796315 ], [ -113.804318141185519, 55.701654516040207 ], [ -113.824133929554279, 55.707095801410929 ], [ -113.845384617490524, 55.715298192741081 ], [ -113.881224479366836, 55.722888885533557 ], [ -113.899060431475007, 55.721890301667628 ], [ -113.915639247529356, 55.715389864203843 ], [ -113.916891807218349, 55.70857326775058 ], [ -113.893573086784613, 55.682551595252846 ], [ -113.894647962762662, 55.678466455491197 ], [ -113.903929743813123, 55.672270307088823 ], [ -113.91944425729767, 55.669396213341187 ], [ -113.934808013172017, 55.668797769461293 ], [ -114.004002212115992, 55.671553899513434 ], [ -114.166562324520768, 55.650483419734528 ], [ -114.263661115316921, 55.644029074947099 ], [ -114.308826631435466, 55.643446519744565 ], [ -114.3704628955972, 55.636289581550379 ], [ -114.429399988898638, 55.618567166494174 ], [ -114.502668937186385, 55.586905988290269 ], [ -114.547183420472393, 55.565251684203318 ], [ -114.58802327791048, 55.552189496947534 ], [ -114.639211623109134, 55.540636667342575 ], [ -114.697371961017069, 55.534177064676591 ], [ -114.755215566813547, 55.534526134279929 ], [ -114.846903713566093, 55.532553012894134 ], [ -114.869540093742799, 55.529194463366508 ], [ -114.88432445734334, 55.521172524227545 ], [ -114.892244159971952, 55.503946641124209 ], [ -114.949482523762683, 55.518789020473328 ], [ -115.023062066754179, 55.549293432298519 ], [ -115.048608276720131, 55.55414445248659 ], [ -115.103127261406442, 55.558393575561901 ], [ -115.148137012498097, 55.558872944279294 ], [ -115.19588259957834, 55.549330643168872 ], [ -115.238942216809676, 55.534713412861016 ], [ -115.270393383531768, 55.530912770609291 ], [ -115.303365077797636, 55.529851136323437 ], [ -115.347813471388989, 55.520680396072109 ], [ -115.391648952828561, 55.503732891294099 ], [ -115.460389602929638, 55.484237883796268 ], [ -115.518197092050912, 55.482860513945027 ], [ -115.621460934816469, 55.494071032921859 ], [ -115.672745095000408, 55.498047722379845 ], [ -115.705411952840649, 55.51055734151403 ], [ -115.738969519782302, 55.519412042757338 ], [ -115.769419473470009, 55.523224801803558 ], [ -115.80957338122947, 55.523437642006222 ], [ -115.853850587295327, 55.516816791483535 ], [ -115.882048400643967, 55.510562019877405 ], [ -115.910141772125698, 55.511142741692346 ], [ -115.942175720387681, 55.517197376250181 ], [ -115.977540469610886, 55.514600232493486 ], [ -116.036390189799221, 55.493375578929978 ], [ -116.057274283917721, 55.491619043272784 ], [ -116.075697713565503, 55.494865602932791 ], [ -116.13482187874996, 55.525563496091841 ], [ -116.148283974840581, 55.548843873148435 ], [ -116.146477004450986, 55.572999240944263 ], [ -116.15363039069031, 55.58350447927905 ], [ -116.176122807514218, 55.58719690883806 ], [ -116.155059307681341, 55.605840115969642 ], [ -116.153371119800937, 55.615412328568055 ], [ -116.156541080748724, 55.621801299077873 ], [ -116.16697580976232, 55.625923243654668 ], [ -116.184665020966818, 55.62915186031676 ], [ -116.235447292780677, 55.62058227942633 ], [ -116.277335115257827, 55.615626426725022 ], [ -116.330473860511518, 55.612489811215731 ], [ -116.371522265516504, 55.612972163959135 ], [ -116.437513532423068, 55.623925622300057 ], [ -116.47132826584965, 55.627111531597343 ], [ -116.517213141413819, 55.618878870173766 ], [ -116.575129655199817, 55.602873511891083 ], [ -116.623394745624495, 55.599159890140996 ], [ -116.651584631662004, 55.605490187601653 ], [ -116.658864223898718, 55.613227187980009 ], [ -116.65574617904899, 55.634657965244749 ], [ -116.647759509914152, 55.649258338501113 ], [ -116.630096736746225, 55.664328738858124 ], [ -116.60757889177043, 55.677581281524922 ], [ -116.515721224196412, 55.71824993172973 ], [ -116.492327145002832, 55.733303127537305 ], [ -116.468106780586467, 55.768868178722826 ], [ -116.4648728991246, 55.778440851752364 ], [ -116.47471781213271, 55.788090871093431 ], [ -116.483470366116507, 55.793019993590747 ], [ -116.498835314424269, 55.794833841055656 ], [ -116.521472844729288, 55.792083327032593 ], [ -116.536486328404763, 55.787333959610784 ], [ -116.569127790168054, 55.77289652916209 ], [ -116.590120515705564, 55.766944616300329 ], [ -116.627283929648698, 55.765522577421834 ], [ -116.657233423821197, 55.776409472034764 ], [ -116.658978020058456, 55.785740518232906 ], [ -116.659023723341789, 55.811502088843085 ], [ -116.654268810253967, 55.83201943579575 ], [ -116.657660037831917, 55.8634625041623 ], [ -116.668257436476168, 55.876206842268061 ], [ -116.707280812200409, 55.897086327353051 ], [ -116.734928688526338, 55.90887247371478 ], [ -116.758613760902037, 55.931142587830649 ], [ -116.77691198233326, 55.98669655626383 ], [ -116.791009761444116, 56.020381498415091 ], [ -116.803675397373027, 56.073212702136622 ], [ -116.79826534426239, 56.106501778129292 ], [ -116.789509037106569, 56.131140942569438 ], [ -116.712603608470857, 56.219764403161655 ], [ -116.702928654178621, 56.241209136950296 ], [ -116.7029719184942, 56.248045436881632 ], [ -116.713674347674569, 56.258046972244586 ], [ -116.728432213033813, 56.262111478058628 ], [ -116.749708834207411, 56.261600541353516 ], [ -116.790592690948543, 56.2573829947208 ], [ -116.819270547841995, 56.261396313067429 ], [ -116.824320096619743, 56.275962267801795 ], [ -116.813853847584085, 56.295139259129385 ], [ -116.780440162230548, 56.315295023660724 ], [ -116.761777534631051, 56.339048465158527 ], [ -116.754676640208388, 56.375072692992873 ], [ -116.740226244797469, 56.418863715227936 ], [ -116.714214221151025, 56.448861946676104 ], [ -116.670490391502355, 56.473467491341182 ], [ -116.654256904249849, 56.486787884108374 ], [ -116.623355524874881, 56.503867720808778 ], [ -116.618391159935712, 56.528325309332438 ], [ -116.623248296909253, 56.548213691368048 ], [ -116.62979350873043, 56.558281336159865 ], [ -116.663560595050157, 56.587997020766068 ], [ -116.729306361387572, 56.605907362840107 ], [ -116.801478660417573, 56.615384663674291 ], [ -116.848908885462237, 56.63563335070927 ], [ -116.848399249931845, 56.676552471165316 ], [ -116.809276648989567, 56.711138970597311 ], [ -116.770012679905477, 56.732226270357884 ], [ -116.722717554515356, 56.768212326897832 ], [ -116.701093243414832, 56.799907420551676 ], [ -116.699524689491241, 56.812467984183428 ], [ -116.703626504518439, 56.833840696378523 ], [ -116.730323710928545, 56.856528076921919 ], [ -116.786846997477483, 56.86699772077089 ], [ -116.893261819207808, 56.856744962243106 ], [ -116.942493436317392, 56.859745630297255 ], [ -116.98696579174819, 56.869261387524858 ], [ -117.019442445570064, 56.886273282156772 ], [ -117.024569999671101, 56.909953479881445 ], [ -117.003799130912867, 56.930074256879223 ], [ -116.960377265932422, 56.951244854687801 ], [ -116.908943849786837, 56.986855032773775 ], [ -116.883962092433464, 56.999997891596998 ], [ -116.820967562175653, 57.02400920553476 ], [ -116.758663546906732, 57.040540698165366 ], [ -116.693907358195361, 57.068210757052654 ], [ -116.641235787814182, 57.098604685883416 ], [ -116.601479027704229, 57.12986663672681 ], [ -116.567350499990326, 57.16296375961646 ], [ -116.535611155420014, 57.187213755180586 ], [ -116.495695880548652, 57.207288403267199 ], [ -116.439447484062157, 57.225044716534569 ], [ -116.396326901012358, 57.212082124134405 ], [ -116.356577295423421, 57.184684220687515 ], [ -116.319286368735163, 57.163318927626406 ], [ -116.276328656622894, 57.144269666341764 ], [ -116.242214262322889, 57.141012739830245 ], [ -116.213743402235963, 57.143327425514656 ], [ -116.171157073159776, 57.172594681381646 ], [ -116.143148474114028, 57.202794600173512 ], [ -116.12399078803881, 57.238579153713722 ], [ -116.101798972463584, 57.318057141792217 ], [ -116.10938614226211, 57.365027498731045 ], [ -116.130249420499979, 57.398992063589212 ], [ -116.15855585374905, 57.430166760400979 ], [ -116.190274886578791, 57.452972462123867 ], [ -116.256452931945375, 57.479493851244882 ], [ -116.309556194304832, 57.511101117642255 ], [ -116.368405645465785, 57.561277428472351 ], [ -116.403605397913637, 57.596575281673637 ], [ -116.442964169746432, 57.641158575273934 ], [ -116.473338158460038, 57.688535746546364 ], [ -116.469119507095158, 57.725271002357353 ], [ -116.44919826850176, 57.757845547645957 ], [ -116.43421313047989, 57.78855428437916 ], [ -116.430824705855429, 57.810876030463668 ], [ -116.435744101879123, 57.824813310885212 ], [ -116.443178248241921, 57.830849172522527 ], [ -116.467177640779468, 57.839641955780316 ], [ -116.486228398269191, 57.842399546249197 ], [ -116.50114241930396, 57.842835177437415 ], [ -116.52931853366448, 57.838131028065739 ], [ -116.555000860264855, 57.831563797051224 ], [ -116.577367836190092, 57.834761329260687 ], [ -116.593118160497525, 57.846809848164632 ], [ -116.600597548499195, 57.864456794132735 ], [ -116.600612617796642, 57.876544573897775 ], [ -116.574083644364535, 57.900323868156498 ], [ -116.529576309229256, 57.915435425675284 ], [ -116.530978094772081, 57.921718553668853 ], [ -116.509884685670798, 57.934453898742795 ], [ -116.481896714118847, 57.945001407580833 ], [ -116.455612550826402, 57.949304147946073 ], [ -116.407283672433891, 57.954498761586741 ], [ -116.365442884090399, 57.957241977440447 ], [ -116.343621516697553, 57.955892677243256 ], [ -116.331162426202397, 57.951719004822557 ], [ -116.295310559380866, 57.925335579749763 ], [ -116.264771690938872, 57.909323246940524 ], [ -116.249403104628342, 57.909255068892577 ], [ -116.234109683553072, 57.915083987896985 ], [ -116.223526709004489, 57.922447524911163 ], [ -116.202452429813064, 57.946022930392296 ], [ -116.187549895601762, 57.95070573657982 ], [ -116.171762557845497, 57.953125816927113 ], [ -116.154217536174272, 57.951026350686647 ], [ -116.135762923594697, 57.943257655120973 ], [ -116.106639920316795, 57.936042590459934 ], [ -116.036988908997216, 57.933710226242518 ], [ -116.015162147145702, 57.927542324851252 ], [ -116.00402198658125, 57.9217403979778 ], [ -115.986924324766449, 57.918931473576151 ], [ -115.960885315085619, 57.920277053493038 ], [ -115.935713566933927, 57.925236891774077 ], [ -115.912222908423203, 57.924963266951423 ], [ -115.869074441802042, 57.919615108631021 ], [ -115.834467242058665, 57.908975431949784 ], [ -115.81653038079925, 57.90093316613607 ], [ -115.784092292549047, 57.892534284351292 ], [ -115.75720952113231, 57.893160874064343 ], [ -115.675719016371005, 57.891158740069109 ], [ -115.654839880866916, 57.883108868216418 ], [ -115.648898900646884, 57.874521799077357 ], [ -115.641725114121442, 57.854375672378623 ], [ -115.635459919779763, 57.821747370025683 ], [ -115.63080972710884, 57.813606709147322 ], [ -115.614214485452976, 57.811428137483169 ], [ -115.579658656080127, 57.824759853903529 ], [ -115.558362116613154, 57.825089244815132 ], [ -115.546181437667173, 57.822671245624079 ], [ -115.539508833149199, 57.833447155324649 ], [ -115.51065453059546, 57.849126353492643 ], [ -115.477922524469165, 57.859179616206823 ], [ -115.433329192113447, 57.864777145570031 ], [ -115.407512439315013, 57.870959908963016 ], [ -115.383303551763191, 57.880340192551962 ], [ -115.348394979679554, 57.903754512267916 ], [ -115.339371109788914, 57.919176095880644 ], [ -115.3620295604142, 57.963112285841817 ], [ -115.372387361306153, 57.989630627538901 ], [ -115.372302184589643, 58.021529673244437 ], [ -115.368272882023604, 58.041547606687956 ], [ -115.347500255348066, 58.075103744575728 ], [ -115.306574818860767, 58.091625185039355 ], [ -115.213303245941347, 58.094340114727608 ], [ -115.173898860561408, 58.097715510324299 ], [ -115.140110713847633, 58.104226608116207 ], [ -115.087111157216825, 58.117823794802057 ], [ -115.044943163904463, 58.139720529205825 ], [ -115.019791977819253, 58.165883282580424 ], [ -115.013734773659266, 58.188149923025684 ], [ -115.01065020989823, 58.265599452123205 ], [ -114.994269000849727, 58.285928982224704 ], [ -114.977322935842381, 58.298506453475099 ], [ -114.952879113677128, 58.303702206310348 ], [ -114.911187544184187, 58.307332466828413 ], [ -114.858943844914293, 58.31446448791371 ], [ -114.814980647333797, 58.329427039276666 ], [ -114.76719450392649, 58.351164818717557 ], [ -114.733719143912396, 58.36258695233375 ], [ -114.694555754239033, 58.365725011148101 ], [ -114.658761974460134, 58.370715579587277 ], [ -114.614034117427579, 58.380588889897503 ], [ -114.578793734354633, 58.39103525682043 ], [ -114.503114880289488, 58.436075772612064 ], [ -114.485543284278762, 58.443800914284225 ], [ -114.465921936816244, 58.458011350938001 ], [ -114.442171916410558, 58.486496148030824 ], [ -114.429166200717418, 58.518946869420489 ], [ -114.428076239082927, 58.528574004372651 ], [ -114.394520715919271, 58.581315057914281 ], [ -114.352326312444191, 58.612354852228293 ], [ -114.330000282749083, 58.628750472513062 ], [ -114.22077073373768, 58.686843071102267 ], [ -114.125811774598219, 58.727473976497443 ], [ -114.048548886932807, 58.76267829953305 ], [ -114.005258825312026, 58.784773790976217 ], [ -113.98423854030392, 58.810051147431814 ], [ -113.953565382653991, 58.840705649940908 ], [ -113.902322593866046, 58.891778184433313 ], [ -113.88094934003864, 58.937939744999341 ], [ -113.830015144754199, 58.991991879080679 ], [ -113.824258642230134, 58.998090045797213 ], [ -113.807114377589812, 59.016698862064757 ], [ -113.786784142071255, 59.039885113228316 ], [ -113.765086051267616, 59.07102961679437 ], [ -113.752280711157027, 59.093414992272884 ], [ -113.754651860459191, 59.121727626584089 ], [ -113.760080594226167, 59.143249594233282 ], [ -113.788104784933793, 59.174000490289437 ], [ -113.820216475470517, 59.18815989204618 ], [ -113.848935655701979, 59.199752063914232 ], [ -113.858524949314429, 59.219733722391489 ], [ -113.855196061545854, 59.239978758749658 ], [ -113.856871113774147, 59.258246153053449 ], [ -113.86426547687374, 59.277965100029576 ], [ -113.884389809312609, 59.301741963541183 ], [ -113.918903912608556, 59.324117212818351 ], [ -113.963027947647788, 59.342965931712165 ], [ -114.003984165932252, 59.354686528117149 ], [ -114.037852261279468, 59.365618716960583 ], [ -114.078652256934518, 59.38164927231238 ], [ -114.121908295027993, 59.403392914997639 ], [ -114.170244982086459, 59.422903696183035 ], [ -114.214251222182028, 59.440295033497804 ], [ -114.259148928359053, 59.458821768719382 ], [ -114.287024203056305, 59.478054081757818 ], [ -114.312832516263256, 59.504555283905518 ], [ -114.342132072688571, 59.523567381711608 ], [ -114.378589079066657, 59.544237496486872 ], [ -114.411095519644093, 59.551866692355688 ], [ -114.441536127675022, 59.555130881159812 ], [ -114.458697084934343, 59.565102931028044 ], [ -114.482411267645546, 59.580605708068958 ], [ -114.54086833499251, 59.607136355990839 ], [ -114.580901381047596, 59.621630461305081 ], [ -114.636853861650323, 59.632366318339734 ], [ -114.685475292791565, 59.633444191279331 ], [ -114.724464907329875, 59.640359231799231 ], [ -114.741836402220628, 59.64732968615624 ], [ -114.784056484360562, 59.652656659694152 ], [ -114.830050951407671, 59.65206396364907 ], [ -114.850574631007476, 59.660411883844198 ], [ -114.857007729568224, 59.673449244125564 ], [ -114.877032344083958, 59.684518856713069 ], [ -114.917436331157532, 59.693439236355488 ], [ -114.962311151240542, 59.704877425879133 ], [ -115.009085421276367, 59.713349178417602 ], [ -115.063525756362253, 59.723435796051895 ], [ -115.107633653643774, 59.732313971494854 ], [ -115.164491320589661, 59.736899581067874 ], [ -115.221479922239155, 59.734165995076069 ], [ -115.258592028841363, 59.729974975716324 ], [ -115.298014609441637, 59.720306346007852 ], [ -115.349194513529099, 59.706557163279307 ], [ -115.403956154217553, 59.691205043378829 ], [ -115.448256133651356, 59.681045232779987 ], [ -115.521396985160337, 59.670467613228851 ], [ -115.610709582445708, 59.662600499624041 ], [ -115.672949343449304, 59.635517548074127 ], [ -115.686921961488665, 59.618884417376158 ], [ -115.72607448869077, 59.594045413020083 ], [ -115.797986963623188, 59.568494249877375 ], [ -115.861286819926917, 59.548840080633504 ], [ -115.941148261606799, 59.531638164147282 ], [ -116.011442363001763, 59.508024671639625 ], [ -116.066850475438727, 59.485101234273557 ], [ -116.125299171998662, 59.460088114954097 ], [ -116.19106668169006, 59.42020673524528 ], [ -116.247964287612405, 59.394693426983693 ], [ -116.305416004641302, 59.354557545773666 ], [ -116.333785415046222, 59.317499556664707 ], [ -116.352336177832711, 59.283219114643408 ], [ -116.366031048918174, 59.253061424886617 ], [ -116.389125951139192, 59.226962126696165 ], [ -116.417142857996822, 59.204021561761365 ], [ -116.45530972499175, 59.179420437078484 ], [ -116.483802855882615, 59.141646925139902 ], [ -116.515814651196578, 59.105209366396579 ], [ -116.533287047142252, 59.075010265993711 ], [ -116.540507884046193, 59.043277171230251 ], [ -116.531350961842122, 59.011647979292334 ], [ -116.518036107038157, 58.990530785126857 ], [ -116.505667672606322, 58.971454559755713 ], [ -116.466809411265316, 58.951849055394909 ], [ -116.447639290208215, 58.946206255143828 ], [ -116.466719476532575, 58.893272153653882 ], [ -116.484168298546422, 58.836421775653584 ], [ -116.532174828642653, 58.799809317003088 ], [ -116.610253955457608, 58.773108817940305 ], [ -116.662132631920116, 58.766128918016157 ], [ -116.7154548548354, 58.748689125384402 ], [ -116.756524850272498, 58.737644404337601 ], [ -116.859640268143778, 58.719532528683779 ], [ -116.927859781039132, 58.715618726088131 ], [ -116.985606265600055, 58.714449980446588 ], [ -117.010003071740556, 58.707955988176259 ], [ -117.129578652227593, 58.649912042536315 ], [ -117.17309559958197, 58.642362985769104 ], [ -117.22544030068147, 58.639756683217733 ], [ -117.336003390200901, 58.626229996213901 ], [ -117.408651929426199, 58.601978871995748 ], [ -117.485999790090418, 58.563526955474728 ], [ -117.543684228329042, 58.541606455712355 ], [ -117.592990652304678, 58.531581900371087 ], [ -117.674379663287397, 58.518945730670225 ], [ -117.725777044400743, 58.520242370154975 ], [ -117.779997912230826, 58.526954516145622 ], [ -117.821219059552462, 58.534698932573399 ], [ -117.92929170620674, 58.537088268142298 ], [ -117.962975260453305, 58.530759220207528 ], [ -117.982483748495994, 58.519127796974331 ], [ -118.006602667814136, 58.494223073900272 ], [ -118.019456679924119, 58.47081976356867 ], [ -118.023391286358148, 58.404254426710885 ], [ -118.015184295555827, 58.376109131883929 ], [ -117.991690808061136, 58.315352890996941 ], [ -117.986165033811545, 58.288082890551237 ], [ -117.985390511269102, 58.25073549386331 ], [ -117.992760016345983, 58.221936368829994 ], [ -118.004367701314962, 58.191719685047381 ], [ -118.017304268717112, 58.172416653557484 ], [ -118.04320143033452, 58.154318381439126 ], [ -118.094642152183908, 58.149083822981559 ], [ -118.117688664964447, 58.126448449450514 ], [ -118.185439218604927, 58.086324245933483 ], [ -118.262527726353383, 58.063798655237576 ], [ -118.337970743074237, 58.044442090209763 ], [ -118.432978588377836, 58.023361730216003 ], [ -118.521766144230867, 58.000487980714659 ], [ -118.58218071363963, 57.978047294183774 ], [ -118.678231786522034, 57.914727849558723 ], [ -118.686692879608344, 57.915017376565729 ], [ -118.732180391892385, 57.925586651092082 ], [ -118.776395472202609, 57.930924823294248 ], [ -118.810460757426483, 57.942876174977918 ], [ -118.817324368606606, 57.962786503210857 ], [ -118.78029768117463, 57.981924415757398 ], [ -118.744191012156747, 57.986893380695228 ], [ -118.703537033803102, 57.988989081012406 ], [ -118.665824727117794, 58.000808138888765 ], [ -118.638382495185184, 58.022880358682826 ], [ -118.642535812197181, 58.036926550993236 ], [ -118.67369175983616, 58.049440159247155 ], [ -118.71882674823091, 58.048618521513141 ], [ -118.777729316839114, 58.04266372623718 ], [ -118.826343555937271, 58.037386792491304 ], [ -118.867930417795776, 58.040476734899286 ], [ -118.892694359036582, 58.057656560914069 ], [ -118.888071496389486, 58.083321237445496 ], [ -118.871112414116467, 58.09628241551804 ], [ -118.848745059190492, 58.111657877284827 ], [ -118.849646697991901, 58.126921027239881 ], [ -118.860599009673223, 58.133721867723459 ], [ -118.905878975768829, 58.147887720403624 ], [ -118.945717363860126, 58.173122260524856 ], [ -118.942495141801132, 58.190082689203948 ], [ -118.927519836534572, 58.20141060205686 ], [ -118.906097214656796, 58.21813775117716 ], [ -118.896356601911961, 58.235030766469613 ], [ -118.90748652389037, 58.253003060365181 ], [ -118.9312057821096, 58.266328508590121 ], [ -118.96130389702158, 58.278116521474018 ], [ -118.999154661697673, 58.284456076890685 ], [ -119.063059544242435, 58.281893829134532 ], [ -119.170993258590087, 58.255308994476117 ], [ -119.226088176261186, 58.243090548586316 ], [ -119.274853826851157, 58.228514650205213 ], [ -119.354044498384951, 58.211462560486439 ], [ -119.421634512626966, 58.195842228356675 ], [ -119.487198051911548, 58.173849229596975 ], [ -119.548698767699278, 58.159020394542743 ], [ -119.590772080273879, 58.156610118807968 ], [ -119.62602116658482, 58.170829196804711 ], [ -119.663017249059479, 58.188857738939262 ], [ -119.70035407268405, 58.201851009796435 ], [ -119.762625875061332, 58.217009307515973 ], [ -119.817636154872474, 58.221401885551543 ], [ -119.87776846966409, 58.213963182194426 ], [ -119.922971659799742, 58.204719563402172 ], [ -119.963535493186498, 58.196541504260438 ], [ -120.001409848447054, 58.19017758424981 ], [ -120.001452129653842, 58.190171427876592 ], [ -120.001372947213227, 58.249944714754896 ], [ -120.001372734240434, 58.252752790525079 ], [ -120.001370159799123, 58.333277733282991 ], [ -120.001372718972931, 58.339810297579092 ], [ -120.001392934168507, 58.391003745029771 ], [ -120.001404428676025, 58.416647647054404 ], [ -120.001410310888403, 58.427066781966943 ], [ -120.001457146997936, 58.500022889894275 ], [ -120.001454880188504, 58.514328013452513 ], [ -120.001445493587468, 58.583351516906397 ], [ -120.001451189017743, 58.601828522721867 ], [ -120.00147279138983, 58.666702669803506 ], [ -120.001473565054866, 58.688763632336794 ], [ -120.001478138828389, 58.750040887529636 ], [ -120.001477822202901, 58.775985065557016 ], [ -120.001479721814633, 58.833377079318772 ], [ -120.001478684030118, 58.863205201863337 ], [ -120.001479495138312, 58.916713816142703 ], [ -120.00147885453795, 58.950721788270336 ], [ -120.001480426152469, 59.000048244385255 ], [ -120.00146275066345, 59.037736049091045 ], [ -120.001477733354875, 59.083378433453305 ], [ -120.001477917114656, 59.09422933331323 ], [ -120.001477912274311, 59.100066588965049 ], [ -120.001479155121615, 59.124950243510483 ], [ -120.001482872845898, 59.166719920270594 ], [ -120.001482895204802, 59.213150689751608 ], [ -120.001483262643134, 59.222384619190215 ], [ -120.001484992875334, 59.244753902620317 ], [ -119.967017888944582, 59.22928422189343 ], [ -119.876433205506444, 59.221278122721202 ], [ -119.82825902424571, 59.219377107021288 ], [ -119.788410970902305, 59.211769998917219 ], [ -119.73821778909209, 59.198041386856673 ], [ -119.645770117011182, 59.159387915069487 ], [ -119.599966618873182, 59.153243321555649 ], [ -119.510320004906205, 59.152256069835531 ], [ -119.425741194662749, 59.158375105355454 ], [ -119.387963807325988, 59.162448435536028 ], [ -119.330979818885467, 59.180620882003289 ], [ -119.268590427725044, 59.187951874190347 ], [ -119.225916552496258, 59.187073514253392 ], [ -119.166082242628761, 59.182451967538597 ], [ -119.098613497404287, 59.182065820021698 ], [ -119.03802326388454, 59.178767603580951 ], [ -118.915411292281675, 59.188516830173505 ], [ -118.801276741903465, 59.206193604802998 ], [ -118.682282399282215, 59.219300394589318 ], [ -118.639313447238763, 59.227799894977828 ], [ -118.546259784098396, 59.25991629383099 ], [ -118.492459105984409, 59.2817613590408 ], [ -118.349545755384938, 59.319087182168985 ], [ -118.292650241171955, 59.337252074561867 ], [ -118.127173549750196, 59.396073687711734 ], [ -118.072147968454246, 59.420948284241653 ], [ -117.949169182676016, 59.467136192533836 ], [ -117.731576408813112, 59.553400079444629 ], [ -117.684075955871776, 59.578026000525433 ], [ -117.650295273251103, 59.611160176481157 ], [ -117.613422290704364, 59.660254463973899 ], [ -117.576842162774724, 59.720722734614462 ], [ -117.524020817336606, 59.78542850756282 ], [ -117.505557836127409, 59.842625868176562 ], [ -117.488538719849942, 59.888679582022021 ], [ -117.45916187788616, 59.933563780726409 ], [ -117.432704287609909, 59.957923428476356 ], [ -117.374273801825723, 60.000114649470781 ], [ -117.31355042155387, 60.000109560902175 ], [ -117.2717514467098, 60.000111782525074 ], [ -117.265071640072946, 60.000109694460257 ], [ -117.239362274581012, 60.000107810618822 ], [ -117.228209751217776, 60.000112234689865 ], [ -117.172994253850263, 60.000106725993433 ], [ -117.139251729228192, 60.00011414202698 ], [ -117.034215090947527, 60.000111723546638 ], [ -116.986210433554263, 60.000109997073885 ], [ -116.981678974488133, 60.000110658718064 ], [ -116.964959787388466, 60.000113299542484 ], [ -116.946321650751855, 60.00011515194678 ], [ -116.79067915540007, 60.000115397570355 ], [ -116.782342489091135, 60.000115864884421 ], [ -116.77617786756602, 60.000113565736285 ], [ -116.773538720593649, 60.000113094981522 ], [ -116.758011590067426, 60.000109563001494 ], [ -116.616399387061151, 60.000116577676813 ], [ -116.545302075418277, 60.000113612579412 ], [ -116.534637972233654, 60.000116607578192 ], [ -116.503625956185758, 60.000109273235452 ], [ -116.477177771590448, 60.000115624043673 ], [ -116.442125039854304, 60.000116541773622 ], [ -116.432996965297633, 60.000112537102666 ], [ -116.375619561880626, 60.000115960793451 ], [ -116.368891446241804, 60.00011845959844 ], [ -116.332850094354583, 60.000109625313428 ], [ -116.313369734150896, 60.000116041809939 ], [ -116.267845939152679, 60.000116011473096 ], [ -116.093568175097332, 60.00011468244444 ], [ -116.077419572874561, 60.000112585763254 ], [ -116.001461085812579, 60.000112617268023 ], [ -115.969614515167407, 60.000116435226701 ], [ -115.919289042793025, 60.000112078551425 ], [ -115.855965625962014, 60.000119586394355 ], [ -115.751475971162662, 60.000113513771268 ], [ -115.745014572835515, 60.000119003991287 ], [ -115.741654855383715, 60.000120115971953 ], [ -115.668096381867485, 60.000121166688281 ], [ -115.591538249617344, 60.000124648021199 ], [ -115.584732713316967, 60.000123710738364 ], [ -115.570670829856724, 60.00012614981695 ], [ -115.50537221441644, 60.00011949166268 ], [ -115.501441955497825, 60.000120805779623 ], [ -115.445299581828138, 60.000122546856971 ], [ -115.418118298353036, 60.00011617340909 ], [ -115.396430672867183, 60.000124725187639 ], [ -115.334772934245947, 60.000120423798833 ], [ -115.251426237036299, 60.000122388731 ], [ -115.222133941407719, 60.000130346774704 ], [ -115.168074342150419, 60.00012553732023 ], [ -115.08472102638342, 60.000125556452552 ], [ -115.047829446351116, 60.000130719778838 ], [ -115.001376825293377, 60.000126061723776 ], [ -114.995550392460459, 60.00013050335177 ], [ -114.918029253439343, 60.000127848669187 ], [ -114.896031379951822, 60.000134979110584 ], [ -114.87353236053707, 60.000133481391416 ], [ -114.834678297342606, 60.000131273780156 ], [ -114.828201481009785, 60.000132052169945 ], [ -114.810168524909344, 60.00013448595665 ], [ -114.751328915052582, 60.000131702947016 ], [ -114.738281715924472, 60.000133537519545 ], [ -114.721388028740847, 60.000139527835017 ], [ -114.699233708870381, 60.000136014603207 ], [ -114.667984534938881, 60.000133253702735 ], [ -114.638755616372521, 60.000137631602222 ], [ -114.594645127484327, 60.000135750539641 ], [ -114.584635539517222, 60.00013168489486 ], [ -114.578815918226496, 60.000135748753635 ], [ -114.54821441006662, 60.000142611686769 ], [ -114.524934940261048, 60.000141929212631 ], [ -114.50835022367491, 60.000135242858782 ], [ -114.501735096126566, 60.00013744620987 ], [ -114.496599036117189, 60.000135946044814 ], [ -114.451182568779217, 60.000143745293755 ], [ -114.431277322659994, 60.000140411600967 ], [ -114.417933178727637, 60.000136197308343 ], [ -114.350638278722258, 60.000141609847077 ], [ -114.334587042828872, 60.000138130806413 ], [ -114.331316609443746, 60.000139607743094 ], [ -114.29498659972721, 60.000144126184018 ], [ -114.251239083024956, 60.000137302823042 ], [ -114.240064992673055, 60.000140969028259 ], [ -114.229936964897988, 60.000145290998489 ], [ -114.176340569040875, 60.000141378266122 ], [ -114.167887758540758, 60.000137888573512 ], [ -114.161362331548347, 60.000141577975349 ], [ -114.08453906066859, 60.000139537336267 ], [ -114.032799837139336, 60.000148259602717 ], [ -114.015749009448712, 60.000143629155282 ], [ -114.011084029767474, 60.000144732204063 ], [ -114.001198127480009, 60.00014224298117 ], [ -113.984377071195496, 60.000144257259727 ], [ -113.917858445389541, 60.000141661276508 ], [ -113.840368435526614, 60.000144316722213 ], [ -113.834519642020553, 60.000142243735901 ], [ -113.751181493193954, 60.000144130247214 ], [ -113.666093048950046, 60.000147564741177 ], [ -113.607657806142214, 60.000150663416754 ], [ -113.584503463264539, 60.00014702059444 ], [ -113.576151839766823, 60.000147059101735 ], [ -113.559240907493006, 60.000152271230156 ], [ -113.501164977424111, 60.000143634814314 ], [ -113.491816446288624, 60.000149424391118 ], [ -113.417828021234584, 60.00014558348596 ], [ -113.334489817604094, 60.000141786112948 ], [ -113.317543176651924, 60.000146911180508 ], [ -113.30806531977619, 60.000147013356361 ], [ -113.278505911067114, 60.000146521653335 ], [ -113.251150900713341, 60.000141694521766 ], [ -113.208239653235864, 60.000150448013613 ], [ -113.167812376555005, 60.000143806006577 ], [ -113.143267277865178, 60.000151229518337 ], [ -113.084475336203738, 60.000142237200642 ], [ -113.001133908923208, 60.000144168961491 ], [ -112.968990256138468, 60.000151464722101 ], [ -112.963079722233033, 60.000150110289105 ], [ -112.960814541766965, 60.000151027116821 ], [ -112.917795319101373, 60.000143385233144 ], [ -112.871158014642774, 60.000152078483687 ], [ -112.834453383665988, 60.00014988603747 ], [ -112.794718222041425, 60.000156339370896 ], [ -112.751114599031325, 60.000147823266992 ], [ -112.667775133832095, 60.000147087434293 ], [ -112.649584820614251, 60.000152232734379 ], [ -112.645513983526669, 60.000151528296513 ], [ -112.62043253073233, 60.000150794872134 ], [ -112.589211080781411, 60.000145559312102 ], [ -112.584437872903521, 60.000148105161458 ], [ -112.501099840540945, 60.000147374505545 ], [ -112.488886227248642, 60.000149241095869 ], [ -112.446154139049753, 60.000151667235038 ], [ -112.417761095250896, 60.000147458346675 ], [ -112.371061105193959, 60.000154299268104 ], [ -112.334421183201059, 60.000146262990867 ], [ -112.271875314765808, 60.000147799690886 ], [ -112.251083981040381, 60.000142918633244 ], [ -112.188146028785596, 60.000147330254478 ], [ -112.167745645675069, 60.000142569925664 ], [ -112.097598328176076, 60.000146441986949 ], [ -112.084408435200345, 60.000143316106069 ], [ -112.001070390179748, 60.000145033877367 ], [ -111.923115007810978, 60.000147011167684 ], [ -111.917731852571123, 60.000142651488112 ], [ -111.898007682929077, 60.000148037239988 ], [ -111.891773588153129, 60.000149707631053 ], [ -111.833009982551175, 60.000146225293982 ], [ -111.809854493866837, 60.00015109587676 ], [ -111.807436883358776, 60.000151139875385 ], [ -111.797488017642337, 60.000153119310916 ], [ -111.749055936469887, 60.000148132362469 ], [ -111.67571536129644, 60.00015455661336 ], [ -111.667718292142837, 60.000155580421925 ], [ -111.584387870315055, 60.000164373926509 ], [ -111.574788297054525, 60.000168094567393 ], [ -111.501062974089379, 60.000172979676641 ], [ -111.488858881965655, 60.000177690636605 ], [ -111.47329702028722, 60.000181675695941 ], [ -111.47312873894117, 60.000181682727806 ] ], [ [ -113.532835969738514, 57.468373443501768 ], [ -113.451915674315345, 57.484536344268079 ], [ -113.412538547654975, 57.503976987843842 ], [ -113.399254601674713, 57.523208856911694 ], [ -113.391072911181809, 57.541030571687095 ], [ -113.371201266374555, 57.554158262241415 ], [ -113.31515818714756, 57.561165677038758 ], [ -113.263933752040941, 57.574717462882347 ], [ -113.227732816640085, 57.590433343115684 ], [ -113.185256719005309, 57.618470493773565 ], [ -113.161073912662758, 57.638191125426168 ], [ -113.135047673119644, 57.651314377792808 ], [ -113.099009942601981, 57.657204212670145 ], [ -113.066772001353527, 57.658504037718913 ], [ -112.993727647724398, 57.664538350782429 ], [ -112.866100347274781, 57.680058671760754 ], [ -112.766350637001622, 57.698113819160554 ], [ -112.692771012454173, 57.713537416613889 ], [ -112.503193228945051, 57.744285428054781 ], [ -112.385442418506599, 57.757717823493763 ], [ -112.362473934638516, 57.775234707437804 ], [ -112.35020325873063, 57.802770590012912 ], [ -112.32841975493983, 57.828927605106479 ], [ -112.313475119995275, 57.86055288831345 ], [ -112.319006365923983, 57.871938704157827 ], [ -112.331469623676014, 57.882422867248053 ], [ -112.385405465893172, 57.906356733863383 ], [ -112.405237596993672, 57.92116032557297 ], [ -112.40818090260791, 57.937325081687831 ], [ -112.381631921960022, 57.955977792024669 ], [ -112.33293744032882, 57.974153555653885 ], [ -112.245817006098505, 58.010691352566283 ], [ -112.226025355719443, 58.034331891273879 ], [ -112.2367059652873, 58.051649816635667 ], [ -112.257929937896989, 58.059422189515978 ], [ -112.303519914756833, 58.06676538391816 ], [ -112.36960147449652, 58.070008790164813 ], [ -112.505318310494999, 58.064331105606271 ], [ -112.575752367389185, 58.081125778461683 ], [ -112.61316994245739, 58.084497783350997 ], [ -112.642758710209776, 58.083997209314276 ], [ -112.667554955706422, 58.080543709769017 ], [ -112.683641238302272, 58.075053182733321 ], [ -112.731847162308171, 58.051279133760701 ], [ -112.766577422213501, 58.040042039034084 ], [ -112.794321817820546, 58.026086082740285 ], [ -112.808104384342585, 58.004648901654534 ], [ -112.810121124006287, 57.977098387186139 ], [ -112.820836190746618, 57.955211561324866 ], [ -112.863028124131105, 57.912734746521394 ], [ -112.899688606713838, 57.894399025060892 ], [ -112.934651307725119, 57.883337371584318 ], [ -112.976176149594195, 57.881804217262655 ], [ -113.001303201308772, 57.88465614537828 ], [ -113.014379085131281, 57.892793327863231 ], [ -113.0439463691377, 57.903813229069641 ], [ -113.063027351301969, 57.90622691618357 ], [ -113.088577786488429, 57.906326547342722 ], [ -113.11745946407062, 57.897069375982859 ], [ -113.148761499707732, 57.877096361959097 ], [ -113.186038238774017, 57.827474889417843 ], [ -113.209918012777663, 57.808666202101115 ], [ -113.279187799828222, 57.771567987276505 ], [ -113.327372318632342, 57.743233312748551 ], [ -113.430381767459252, 57.666644466085707 ], [ -113.467259545561433, 57.643581414201336 ], [ -113.509473721638642, 57.629567209966105 ], [ -113.563469910257496, 57.623631788167224 ], [ -113.65102748698564, 57.620089623345422 ], [ -113.688070092922175, 57.608796400500943 ], [ -113.709610779095314, 57.596737418438472 ], [ -113.71985782827602, 57.580921119555306 ], [ -113.726005793431113, 57.557630387734974 ], [ -113.721429645234707, 57.534446827143491 ], [ -113.710541671227517, 57.514744072204572 ], [ -113.687732346264866, 57.49698385517884 ], [ -113.673816790022016, 57.489832768562152 ], [ -113.595920924239081, 57.475090742797086 ], [ -113.560690751331464, 57.469948204718307 ], [ -113.532835969738514, 57.468373443501768 ] ] ] ] } },
{ "type": "Feature", "properties": { "AREA": 13076152847.900002, "PERIMETER": 435420.64227000001, "SOILGR_T83": 5, "SOILGR_T_1": 4064, "SOIL_CODE": "OCGL", "name": "Organic Cryosols, Gray Luvisols (5)", "Shape_Leng": 435420.642292, "Shape_Area": 13076152847.799997 }, "geometry": { "type": "MultiPolygon", "coordinates": [ [ [ [ -114.636853861650323, 59.632366318339734 ], [ -114.580901381047596, 59.621630461305081 ], [ -114.54086833499251, 59.607136355990839 ], [ -114.482411267645546, 59.580605708068958 ], [ -114.458697084934343, 59.565102931028044 ], [ -114.441536127675022, 59.555130881159812 ], [ -114.411095519644093, 59.551866692355688 ], [ -114.378589079066657, 59.544237496486872 ], [ -114.342132072688571, 59.523567381711608 ], [ -114.312832516263256, 59.504555283905518 ], [ -114.287024203056305, 59.478054081757818 ], [ -114.259148928359053, 59.458821768719382 ], [ -114.214251222182028, 59.440295033497804 ], [ -114.170244982086459, 59.422903696183035 ], [ -114.121908295027993, 59.403392914997639 ], [ -114.078652256934518, 59.38164927231238 ], [ -114.037852261279468, 59.365618716960583 ], [ -114.003984165932252, 59.354686528117149 ], [ -113.963027947647788, 59.342965931712165 ], [ -113.918903912608556, 59.324117212818351 ], [ -113.884389809312609, 59.301741963541183 ], [ -113.86426547687374, 59.277965100029576 ], [ -113.856871113774147, 59.258246153053449 ], [ -113.855196061545854, 59.239978758749658 ], [ -113.858524949314429, 59.219733722391489 ], [ -113.848935655701979, 59.199752063914232 ], [ -113.820216475470517, 59.18815989204618 ], [ -113.788104784933793, 59.174000490289437 ], [ -113.760080594226167, 59.143249594233282 ], [ -113.754651860459191, 59.121727626584089 ], [ -113.752280711157027, 59.093414992272884 ], [ -113.765086051267616, 59.07102961679437 ], [ -113.786784142071255, 59.039885113228316 ], [ -113.807114377589812, 59.016698862064757 ], [ -113.824258642230134, 58.998090045797213 ], [ -113.830015144754199, 58.991991879080679 ], [ -113.877645584401805, 58.963909374226091 ], [ -113.92513523294447, 58.951357172549777 ], [ -113.963128014072552, 58.942529976023174 ], [ -113.994661496599292, 58.938852843938122 ], [ -114.032189876415984, 58.929776957893409 ], [ -114.09863324334917, 58.915351485254007 ], [ -114.184177119995255, 58.896566965743453 ], [ -114.27445614539954, 58.878233812438225 ], [ -114.335241201044909, 58.857015926940747 ], [ -114.411238441036815, 58.838889816410052 ], [ -114.462728780095517, 58.82709288387899 ], [ -114.528176923961254, 58.804918586833061 ], [ -114.600499199942988, 58.771371709977153 ], [ -114.655045110062218, 58.740375046715009 ], [ -114.687035954813155, 58.712595404986473 ], [ -114.743914170308031, 58.686140019939856 ], [ -114.808389933388, 58.667236362756078 ], [ -114.872133172098046, 58.657648597633823 ], [ -114.959172791573678, 58.642014754956485 ], [ -115.064305350223407, 58.63690678162169 ], [ -115.096314385162898, 58.633194198039909 ], [ -115.182600311932759, 58.627436078506562 ], [ -115.29895058721489, 58.628337059286586 ], [ -115.37669907120852, 58.640204028888618 ], [ -115.455757423931999, 58.659324038363302 ], [ -115.523538683388665, 58.673585579909741 ], [ -115.587500703784798, 58.670712718861736 ], [ -115.651881656028706, 58.671224797653807 ], [ -115.72677599024621, 58.684242650087761 ], [ -115.789036135964849, 58.707030154446144 ], [ -115.837321443537121, 58.724551353223411 ], [ -115.868519483275776, 58.737291949281122 ], [ -115.915520079626361, 58.745668050561065 ], [ -115.960828959826912, 58.760410823680424 ], [ -116.001889601454494, 58.788828305391633 ], [ -116.00904306225101, 58.803633970327866 ], [ -116.023338120658792, 58.83004551367452 ], [ -116.032267607278328, 58.844615660283793 ], [ -116.04908711109951, 58.854606369907501 ], [ -116.068477350439665, 58.856383774264309 ], [ -116.116026669448274, 58.856022305869416 ], [ -116.181836139836605, 58.871309694026813 ], [ -116.234884068026517, 58.883883099195238 ], [ -116.294333722713603, 58.908029546667152 ], [ -116.362631989368538, 58.929144808811493 ], [ -116.403747495187346, 58.933269860882525 ], [ -116.447639290208215, 58.946206255143828 ], [ -116.466809411265316, 58.951849055394909 ], [ -116.505667672606322, 58.971454559755713 ], [ -116.518036107038157, 58.990530785126857 ], [ -116.531350961842122, 59.011647979292334 ], [ -116.540507884046193, 59.043277171230251 ], [ -116.533287047142252, 59.075010265993711 ], [ -116.515814651196578, 59.105209366396579 ], [ -116.483802855882615, 59.141646925139902 ], [ -116.45530972499175, 59.179420437078484 ], [ -116.417142857996822, 59.204021561761365 ], [ -116.389125951139192, 59.226962126696165 ], [ -116.366031048918174, 59.253061424886617 ], [ -116.352336177832711, 59.283219114643408 ], [ -116.333785415046222, 59.317499556664707 ], [ -116.305416004641302, 59.354557545773666 ], [ -116.247964287612405, 59.394693426983693 ], [ -116.19106668169006, 59.42020673524528 ], [ -116.125299171998662, 59.460088114954097 ], [ -116.066850475438727, 59.485101234273557 ], [ -116.011442363001763, 59.508024671639625 ], [ -115.941148261606799, 59.531638164147282 ], [ -115.861286819926917, 59.548840080633504 ], [ -115.797986963623188, 59.568494249877375 ], [ -115.72607448869077, 59.594045413020083 ], [ -115.686921961488665, 59.618884417376158 ], [ -115.672949343449304, 59.635517548074127 ], [ -115.610709582445708, 59.662600499624041 ], [ -115.521396985160337, 59.670467613228851 ], [ -115.448256133651356, 59.681045232779987 ], [ -115.403956154217553, 59.691205043378829 ], [ -115.349194513529099, 59.706557163279307 ], [ -115.298014609441637, 59.720306346007852 ], [ -115.258592028841363, 59.729974975716324 ], [ -115.221479922239155, 59.734165995076069 ], [ -115.164491320589661, 59.736899581067874 ], [ -115.107633653643774, 59.732313971494854 ], [ -115.063525756362253, 59.723435796051895 ], [ -115.009085421276367, 59.713349178417602 ], [ -114.962311151240542, 59.704877425879133 ], [ -114.917436331157532, 59.693439236355488 ], [ -114.877032344083958, 59.684518856713069 ], [ -114.857007729568224, 59.673449244125564 ], [ -114.850574631007476, 59.660411883844198 ], [ -114.830050951407671, 59.65206396364907 ], [ -114.784056484360562, 59.652656659694152 ], [ -114.741836402220628, 59.64732968615624 ], [ -114.724464907329875, 59.640359231799231 ], [ -114.685475292791565, 59.633444191279331 ], [ -114.636853861650323, 59.632366318339734 ] ] ] ] } },
{ "type": "Feature", "properties": { "AREA": 60760900526.400002, "PERIMETER": 2781629.3703899998, "SOILGR_T83": 6, "SOILGR_T_1": 4078, "SOIL_CODE": "DGCDGGL", "name": "Dark Gray Chernozemics, Dark Gray - Gray Luvisols (6)", "Shape_Leng": 2781629.3705099998, "Shape_Area": 60760900521.099998 }, "geometry": { "type": "MultiPolygon", "coordinates": [ [ [ [ -113.830015144754199, 58.991991879080679 ], [ -113.88094934003864, 58.937939744999341 ], [ -113.902322593866046, 58.891778184433313 ], [ -113.953565382653991, 58.840705649940908 ], [ -113.98423854030392, 58.810051147431814 ], [ -114.005258825312026, 58.784773790976217 ], [ -114.048548886932807, 58.76267829953305 ], [ -114.125811774598219, 58.727473976497443 ], [ -114.22077073373768, 58.686843071102267 ], [ -114.330000282749083, 58.628750472513062 ], [ -114.352326312444191, 58.612354852228293 ], [ -114.394520715919271, 58.581315057914281 ], [ -114.428076239082927, 58.528574004372651 ], [ -114.429166200717418, 58.518946869420489 ], [ -114.442171916410558, 58.486496148030824 ], [ -114.465921936816244, 58.458011350938001 ], [ -114.485543284278762, 58.443800914284225 ], [ -114.503114880289488, 58.436075772612064 ], [ -114.578793734354633, 58.39103525682043 ], [ -114.614034117427579, 58.380588889897503 ], [ -114.658761974460134, 58.370715579587277 ], [ -114.694555754239033, 58.365725011148101 ], [ -114.733719143912396, 58.36258695233375 ], [ -114.76719450392649, 58.351164818717557 ], [ -114.814980647333797, 58.329427039276666 ], [ -114.858943844914293, 58.31446448791371 ], [ -114.911187544184187, 58.307332466828413 ], [ -114.952879113677128, 58.303702206310348 ], [ -114.977322935842381, 58.298506453475099 ], [ -114.994269000849727, 58.285928982224704 ], [ -115.01065020989823, 58.265599452123205 ], [ -115.013734773659266, 58.188149923025684 ], [ -115.019791977819253, 58.165883282580424 ], [ -115.044943163904463, 58.139720529205825 ], [ -115.087111157216825, 58.117823794802057 ], [ -115.140110713847633, 58.104226608116207 ], [ -115.173898860561408, 58.097715510324299 ], [ -115.213303245941347, 58.094340114727608 ], [ -115.306574818860767, 58.091625185039355 ], [ -115.347500255348066, 58.075103744575728 ], [ -115.368272882023604, 58.041547606687956 ], [ -115.372302184589643, 58.021529673244437 ], [ -115.372387361306153, 57.989630627538901 ], [ -115.3620295604142, 57.963112285841817 ], [ -115.339371109788914, 57.919176095880644 ], [ -115.348394979679554, 57.903754512267916 ], [ -115.383303551763191, 57.880340192551962 ], [ -115.407512439315013, 57.870959908963016 ], [ -115.433329192113447, 57.864777145570031 ], [ -115.477922524469165, 57.859179616206823 ], [ -115.51065453059546, 57.849126353492643 ], [ -115.539508833149199, 57.833447155324649 ], [ -115.546181437667173, 57.822671245624079 ], [ -115.558362116613154, 57.825089244815132 ], [ -115.579658656080127, 57.824759853903529 ], [ -115.614214485452976, 57.811428137483169 ], [ -115.63080972710884, 57.813606709147322 ], [ -115.635459919779763, 57.821747370025683 ], [ -115.641725114121442, 57.854375672378623 ], [ -115.648898900646884, 57.874521799077357 ], [ -115.654839880866916, 57.883108868216418 ], [ -115.675719016371005, 57.891158740069109 ], [ -115.75720952113231, 57.893160874064343 ], [ -115.784092292549047, 57.892534284351292 ], [ -115.81653038079925, 57.90093316613607 ], [ -115.834467242058665, 57.908975431949784 ], [ -115.869074441802042, 57.919615108631021 ], [ -115.912222908423203, 57.924963266951423 ], [ -115.935713566933927, 57.925236891774077 ], [ -115.960885315085619, 57.920277053493038 ], [ -115.986924324766449, 57.918931473576151 ], [ -116.00402198658125, 57.9217403979778 ], [ -116.015162147145702, 57.927542324851252 ], [ -116.036988908997216, 57.933710226242518 ], [ -116.106639920316795, 57.936042590459934 ], [ -116.135762923594697, 57.943257655120973 ], [ -116.154217536174272, 57.951026350686647 ], [ -116.171762557845497, 57.953125816927113 ], [ -116.187549895601762, 57.95070573657982 ], [ -116.202452429813064, 57.946022930392296 ], [ -116.223526709004489, 57.922447524911163 ], [ -116.234109683553072, 57.915083987896985 ], [ -116.249403104628342, 57.909255068892577 ], [ -116.264771690938872, 57.909323246940524 ], [ -116.295310559380866, 57.925335579749763 ], [ -116.331162426202397, 57.951719004822557 ], [ -116.343621516697553, 57.955892677243256 ], [ -116.365442884090399, 57.957241977440447 ], [ -116.407283672433891, 57.954498761586741 ], [ -116.455612550826402, 57.949304147946073 ], [ -116.481896714118847, 57.945001407580833 ], [ -116.509884685670798, 57.934453898742795 ], [ -116.530978094772081, 57.921718553668853 ], [ -116.529576309229256, 57.915435425675284 ], [ -116.574083644364535, 57.900323868156498 ], [ -116.600612617796642, 57.876544573897775 ], [ -116.600597548499195, 57.864456794132735 ], [ -116.593118160497525, 57.846809848164632 ], [ -116.577367836190092, 57.834761329260687 ], [ -116.555000860264855, 57.831563797051224 ], [ -116.52931853366448, 57.838131028065739 ], [ -116.50114241930396, 57.842835177437415 ], [ -116.486228398269191, 57.842399546249197 ], [ -116.467177640779468, 57.839641955780316 ], [ -116.443178248241921, 57.830849172522527 ], [ -116.435744101879123, 57.824813310885212 ], [ -116.430824705855429, 57.810876030463668 ], [ -116.43421313047989, 57.78855428437916 ], [ -116.44919826850176, 57.757845547645957 ], [ -116.469119507095158, 57.725271002357353 ], [ -116.473338158460038, 57.688535746546364 ], [ -116.442964169746432, 57.641158575273934 ], [ -116.403605397913637, 57.596575281673637 ], [ -116.368405645465785, 57.561277428472351 ], [ -116.309556194304832, 57.511101117642255 ], [ -116.256452931945375, 57.479493851244882 ], [ -116.190274886578791, 57.452972462123867 ], [ -116.15855585374905, 57.430166760400979 ], [ -116.130249420499979, 57.398992063589212 ], [ -116.10938614226211, 57.365027498731045 ], [ -116.101798972463584, 57.318057141792217 ], [ -116.12399078803881, 57.238579153713722 ], [ -116.143148474114028, 57.202794600173512 ], [ -116.171157073159776, 57.172594681381646 ], [ -116.213743402235963, 57.143327425514656 ], [ -116.242214262322889, 57.141012739830245 ], [ -116.276328656622894, 57.144269666341764 ], [ -116.319286368735163, 57.163318927626406 ], [ -116.356577295423421, 57.184684220687515 ], [ -116.396326901012358, 57.212082124134405 ], [ -116.439447484062157, 57.225044716534569 ], [ -116.495695880548652, 57.207288403267199 ], [ -116.535611155420014, 57.187213755180586 ], [ -116.567350499990326, 57.16296375961646 ], [ -116.601479027704229, 57.12986663672681 ], [ -116.641235787814182, 57.098604685883416 ], [ -116.693907358195361, 57.068210757052654 ], [ -116.758663546906732, 57.040540698165366 ], [ -116.820967562175653, 57.02400920553476 ], [ -116.883962092433464, 56.999997891596998 ], [ -116.908943849786837, 56.986855032773775 ], [ -116.960377265932422, 56.951244854687801 ], [ -117.003799130912867, 56.930074256879223 ], [ -117.024569999671101, 56.909953479881445 ], [ -117.019442445570064, 56.886273282156772 ], [ -116.98696579174819, 56.869261387524858 ], [ -116.942493436317392, 56.859745630297255 ], [ -116.893261819207808, 56.856744962243106 ], [ -116.786846997477483, 56.86699772077089 ], [ -116.730323710928545, 56.856528076921919 ], [ -116.703626504518439, 56.833840696378523 ], [ -116.699524689491241, 56.812467984183428 ], [ -116.701093243414832, 56.799907420551676 ], [ -116.722717554515356, 56.768212326897832 ], [ -116.770012679905477, 56.732226270357884 ], [ -116.809276648989567, 56.711138970597311 ], [ -116.848399249931845, 56.676552471165316 ], [ -116.848908885462237, 56.63563335070927 ], [ -116.801478660417573, 56.615384663674291 ], [ -116.729306361387572, 56.605907362840107 ], [ -116.663560595050157, 56.587997020766068 ], [ -116.62979350873043, 56.558281336159865 ], [ -116.623248296909253, 56.548213691368048 ], [ -116.618391159935712, 56.528325309332438 ], [ -116.623355524874881, 56.503867720808778 ], [ -116.654256904249849, 56.486787884108374 ], [ -116.670490391502355, 56.473467491341182 ], [ -116.714214221151025, 56.448861946676104 ], [ -116.740226244797469, 56.418863715227936 ], [ -116.754676640208388, 56.375072692992873 ], [ -116.761777534631051, 56.339048465158527 ], [ -116.780440162230548, 56.315295023660724 ], [ -116.813853847584085, 56.295139259129385 ], [ -116.824320096619743, 56.275962267801795 ], [ -116.819270547841995, 56.261396313067429 ], [ -116.790592690948543, 56.2573829947208 ], [ -116.749708834207411, 56.261600541353516 ], [ -116.728432213033813, 56.262111478058628 ], [ -116.713674347674569, 56.258046972244586 ], [ -116.7029719184942, 56.248045436881632 ], [ -116.702928654178621, 56.241209136950296 ], [ -116.712603608470857, 56.219764403161655 ], [ -116.789509037106569, 56.131140942569438 ], [ -116.79826534426239, 56.106501778129292 ], [ -116.803675397373027, 56.073212702136622 ], [ -116.791009761444116, 56.020381498415091 ], [ -116.77691198233326, 55.98669655626383 ], [ -116.758613760902037, 55.931142587830649 ], [ -116.734928688526338, 55.90887247371478 ], [ -116.707280812200409, 55.897086327353051 ], [ -116.668257436476168, 55.876206842268061 ], [ -116.657660037831917, 55.8634625041623 ], [ -116.654268810253967, 55.83201943579575 ], [ -116.659023723341789, 55.811502088843085 ], [ -116.658978020058456, 55.785740518232906 ], [ -116.657233423821197, 55.776409472034764 ], [ -116.627283929648698, 55.765522577421834 ], [ -116.590120515705564, 55.766944616300329 ], [ -116.569127790168054, 55.77289652916209 ], [ -116.536486328404763, 55.787333959610784 ], [ -116.521472844729288, 55.792083327032593 ], [ -116.498835314424269, 55.794833841055656 ], [ -116.483470366116507, 55.793019993590747 ], [ -116.47471781213271, 55.788090871093431 ], [ -116.4648728991246, 55.778440851752364 ], [ -116.468106780586467, 55.768868178722826 ], [ -116.492327145002832, 55.733303127537305 ], [ -116.515721224196412, 55.71824993172973 ], [ -116.60757889177043, 55.677581281524922 ], [ -116.630096736746225, 55.664328738858124 ], [ -116.647759509914152, 55.649258338501113 ], [ -116.65574617904899, 55.634657965244749 ], [ -116.658864223898718, 55.613227187980009 ], [ -116.651584631662004, 55.605490187601653 ], [ -116.623394745624495, 55.599159890140996 ], [ -116.575129655199817, 55.602873511891083 ], [ -116.517213141413819, 55.618878870173766 ], [ -116.47132826584965, 55.627111531597343 ], [ -116.437513532423068, 55.623925622300057 ], [ -116.371522265516504, 55.612972163959135 ], [ -116.330473860511518, 55.612489811215731 ], [ -116.277335115257827, 55.615626426725022 ], [ -116.235447292780677, 55.62058227942633 ], [ -116.184665020966818, 55.62915186031676 ], [ -116.16697580976232, 55.625923243654668 ], [ -116.156541080748724, 55.621801299077873 ], [ -116.153371119800937, 55.615412328568055 ], [ -116.155059307681341, 55.605840115969642 ], [ -116.176122807514218, 55.58719690883806 ], [ -116.193020448198254, 55.586318892450244 ], [ -116.211574595288027, 55.578149171595406 ], [ -116.214929724844211, 55.557186860201028 ], [ -116.227966626644374, 55.528490527177901 ], [ -116.217605473958216, 55.516164952700976 ], [ -116.156727753266011, 55.497808141450655 ], [ -116.136803444223858, 55.481354108028739 ], [ -116.105096862603077, 55.44024499606104 ], [ -116.090795795072736, 55.427441003006876 ], [ -116.066873964461891, 55.416432250898112 ], [ -116.043538970551779, 55.426387866960276 ], [ -116.020270238981283, 55.429501467047757 ], [ -115.992360926729702, 55.418466453803156 ], [ -115.969365547987252, 55.400144921107263 ], [ -115.943050172653173, 55.392291237262832 ], [ -115.905508779577048, 55.386664244569559 ], [ -115.879851298221539, 55.389742037520655 ], [ -115.824288037295361, 55.409992922676743 ], [ -115.794519052405491, 55.418047327614062 ], [ -115.771349635231005, 55.414734563473729 ], [ -115.735573226012889, 55.400400447978669 ], [ -115.694932782724138, 55.390587714500391 ], [ -115.668779812057963, 55.377661923363114 ], [ -115.67478522262752, 55.357638886653547 ], [ -115.683754278519132, 55.349034770450359 ], [ -115.680828827635494, 55.335336307508427 ], [ -115.6617024580775, 55.332483499543407 ], [ -115.628886822130212, 55.334549495419282 ], [ -115.587991894074747, 55.340201607375874 ], [ -115.554006639796711, 55.357743830707946 ], [ -115.531169440272492, 55.376270782814068 ], [ -115.512679915473498, 55.37977963986404 ], [ -115.485934639349679, 55.393252631001367 ], [ -115.454154711624568, 55.414887902273286 ], [ -115.426683745687086, 55.423783632696455 ], [ -115.392841696957419, 55.430796730087366 ], [ -115.37941145135072, 55.423840751925631 ], [ -115.370637547699701, 55.42239787940489 ], [ -115.346114100652542, 55.439509572905521 ], [ -115.332425855619334, 55.441664619061527 ], [ -115.323193622251949, 55.42835788066202 ], [ -115.331758398401931, 55.409285838489858 ], [ -115.328031497381502, 55.399681393577481 ], [ -115.310726953528174, 55.389033490568444 ], [ -115.291614399295895, 55.385664717051405 ], [ -115.253847883615194, 55.390325172152423 ], [ -115.21435616599409, 55.398599475033826 ], [ -115.183879586060712, 55.400114507870711 ], [ -115.158384676553553, 55.39620388750744 ], [ -115.137126052014381, 55.385496190456095 ], [ -115.133311013754039, 55.37998087244722 ], [ -115.148755690423485, 55.372852299599067 ], [ -115.187581247654109, 55.335406507524041 ], [ -115.232965402634278, 55.315802365503906 ], [ -115.27961482284357, 55.305765725887781 ], [ -115.312920147296296, 55.286923105880554 ], [ -115.330815723947424, 55.220064795283605 ], [ -115.350663404523658, 55.194711664171962 ], [ -115.381165656142883, 55.186312338062343 ], [ -115.419942651094885, 55.195762197266887 ], [ -115.452220896931223, 55.21061420434134 ], [ -115.490139558643364, 55.224135868123952 ], [ -115.544058329564223, 55.236393386490903 ], [ -115.580743294262888, 55.236201338481614 ], [ -115.614985911988356, 55.238262947927353 ], [ -115.66720099443971, 55.258660740692378 ], [ -115.728351491190338, 55.273622070436446 ], [ -115.757870268043504, 55.274242846136033 ], [ -115.786726097970345, 55.26710627059154 ], [ -115.832699424807132, 55.236796231864105 ], [ -115.875183843587124, 55.221957215227611 ], [ -115.921490978818639, 55.21623549671714 ], [ -115.963351640941241, 55.245579815978992 ], [ -115.968032362862218, 55.253804784930317 ], [ -115.990925322940527, 55.273489460740336 ], [ -116.013090991636503, 55.289071903145278 ], [ -116.031401790548472, 55.29369248351545 ], [ -116.072866441514918, 55.299291444622234 ], [ -116.090452215862854, 55.297517475708112 ], [ -116.11769027225202, 55.287566119036647 ], [ -116.141769357363032, 55.272127078070461 ], [ -116.161079931030329, 55.252112018692436 ], [ -116.155996545356629, 55.190103257665122 ], [ -116.101476445980438, 55.144374072021925 ], [ -116.099353064802827, 55.116562826028641 ], [ -116.112891611066772, 55.11386403900665 ], [ -116.141509609384116, 55.113482267495066 ], [ -116.176419799948263, 55.121767610397015 ], [ -116.204980252581379, 55.130483539150958 ], [ -116.33290261513514, 55.158469341273921 ], [ -116.37985740834219, 55.155312077360811 ], [ -116.419657725251298, 55.142559473226875 ], [ -116.468970301396055, 55.144834035574043 ], [ -116.503971088307594, 55.148466509203793 ], [ -116.537388961473567, 55.154370253655919 ], [ -116.561282979924727, 55.166200190965064 ], [ -116.582915855782147, 55.22087930338666 ], [ -116.591953071048792, 55.232949044215651 ], [ -116.640052025693336, 55.265785464133849 ], [ -116.668745798141771, 55.284025791963153 ], [ -116.687266008450393, 55.294506402718447 ], [ -116.690590260766442, 55.296460905597584 ], [ -116.708096377543441, 55.302079323445412 ], [ -116.727242310680097, 55.301023137535822 ], [ -116.735770116036164, 55.296042424977593 ], [ -116.765197361412262, 55.278500980790412 ], [ -116.777608299019519, 55.271608783931683 ], [ -116.826118923787334, 55.252985856385102 ], [ -116.857893175234395, 55.242709717194209 ], [ -116.885380317349473, 55.227699012304619 ], [ -116.910319886572509, 55.210446974031555 ], [ -116.923350393082046, 55.19458751721357 ], [ -116.933557500601111, 55.171676882652754 ], [ -116.945467750758851, 55.157441926995858 ], [ -116.962188396258313, 55.143789107760377 ], [ -116.980826547275129, 55.122531387272375 ], [ -116.98168103412921, 55.110364719854623 ], [ -116.977140348780125, 55.081353742959585 ], [ -116.970664314984688, 55.059720722739577 ], [ -116.980040417239394, 55.03063656993541 ], [ -117.009744301856912, 55.016004544381829 ], [ -117.049582935228358, 55.005038984429568 ], [ -117.086452844006658, 54.991377496538959 ], [ -117.112540625594789, 54.970842357636961 ], [ -117.13145941197125, 54.950238462711035 ], [ -117.144174321608745, 54.944443834972034 ], [ -117.161771794659415, 54.940597842030769 ], [ -117.179632889186635, 54.940872052599964 ], [ -117.204994844174308, 54.952653107176225 ], [ -117.213323441918661, 54.958648091592451 ], [ -117.259226539483265, 54.986435951411025 ], [ -117.282827299160346, 55.000770085789469 ], [ -117.311523360141791, 55.013824763568834 ], [ -117.362681816498636, 55.012567019318141 ], [ -117.406303810103623, 55.011473118696216 ], [ -117.451755180466904, 55.013762002670738 ], [ -117.477025853006694, 55.01723369537342 ], [ -117.476946214509695, 55.032370783111105 ], [ -117.472754544511233, 55.045774903368354 ], [ -117.480480865669364, 55.05359896429939 ], [ -117.493584915129361, 55.058762882653348 ], [ -117.497667900484799, 55.071035696079804 ], [ -117.478997720614402, 55.087793998076776 ], [ -117.461800308199884, 55.097635344714654 ], [ -117.432005112762255, 55.11513229924536 ], [ -117.397109525689245, 55.134120537251846 ], [ -117.344989207773438, 55.158112013748386 ], [ -117.324608602389119, 55.168929723422217 ], [ -117.289929710993917, 55.204157975963433 ], [ -117.272804374672731, 55.228177992697198 ], [ -117.274396471947739, 55.239833875292433 ], [ -117.292701427724325, 55.25039425530273 ], [ -117.307743609467011, 55.259885181424657 ], [ -117.312246472920123, 55.284533404125462 ], [ -117.307459934138336, 55.302069157158449 ], [ -117.314259966822576, 55.319327059565609 ], [ -117.328276847579488, 55.328493496817572 ], [ -117.370908538065862, 55.344264037774884 ], [ -117.390826760667352, 55.365169860505418 ], [ -117.391468703785435, 55.375804370351752 ], [ -117.381763055340556, 55.389275771967689 ], [ -117.381309021047571, 55.426517589315822 ], [ -117.401747702446002, 55.444134080038232 ], [ -117.433392562208027, 55.460288366323702 ], [ -117.554867700847922, 55.475643075019377 ], [ -117.627562150485062, 55.493185540084234 ], [ -117.656492836685274, 55.494718908472706 ], [ -117.674885394265004, 55.492712830299631 ], [ -117.715805122607264, 55.492746568331413 ], [ -117.761049701779541, 55.502291816539945 ], [ -117.78743180960258, 55.499265279547075 ], [ -117.807239509383649, 55.491752496221622 ], [ -117.832369190032821, 55.475969692897081 ], [ -117.867208780863024, 55.463259102360517 ], [ -117.938177807745504, 55.452831936916603 ], [ -117.948336825849012, 55.445873458620788 ], [ -117.948627635681447, 55.432195816841094 ], [ -117.934578661748048, 55.420518235815379 ], [ -117.934974109817745, 55.409572148206806 ], [ -117.945241868665079, 55.405799420890588 ], [ -117.963561824815585, 55.403292270009054 ], [ -117.984764172603406, 55.392540818187122 ], [ -117.99867217650305, 55.379603889630353 ], [ -118.00267880611878, 55.359039211880855 ], [ -117.996816278761358, 55.33131030750166 ], [ -117.986486441343544, 55.311844047199628 ], [ -117.974949581155343, 55.302416798674749 ], [ -117.916823187205637, 55.284906063156718 ], [ -117.872891920330318, 55.26127002730707 ], [ -117.847923418508046, 55.254269658029727 ], [ -117.836456290640868, 55.252045764831983 ], [ -117.83389123392314, 55.251008196149876 ], [ -117.8289069269604, 55.239000528730095 ], [ -117.820477841482173, 55.204390485269982 ], [ -117.803993699923865, 55.193164852018462 ], [ -117.771973657340567, 55.182152450344077 ], [ -117.757507915376664, 55.175906735815907 ], [ -117.755875405339353, 55.155546218656191 ], [ -117.782387218958817, 55.133249912283745 ], [ -117.79969440540728, 55.120607750181136 ], [ -117.794837655464633, 55.095064439815054 ], [ -117.78779009296251, 55.081739905264627 ], [ -117.798838632887851, 55.055975168615987 ], [ -117.82931135331846, 55.044328811740485 ], [ -117.859954043256678, 55.034964376529864 ], [ -117.908658620460599, 55.03262646305096 ], [ -117.936266521038604, 55.020580882140059 ], [ -117.961214031888403, 54.991405643926377 ], [ -117.966290764847244, 54.97635138617742 ], [ -117.963879502140799, 54.952575367433546 ], [ -117.953647196158386, 54.934768524627721 ], [ -117.960950012347936, 54.932027364451926 ], [ -117.967543112971185, 54.916238814266578 ], [ -117.966769251510613, 54.907092382117909 ], [ -118.001181333237398, 54.883126211997734 ], [ -118.016948471438184, 54.873021300200648 ], [ -118.050573912766083, 54.854340004208176 ], [ -118.058367264259047, 54.848369232937451 ], [ -118.071289245607176, 54.84224125715982 ], [ -118.081309677872227, 54.839180850385496 ], [ -118.106819367279357, 54.836785878145484 ], [ -118.114100169903708, 54.847568727780811 ], [ -118.112122551143131, 54.85657386152743 ], [ -118.106243780077378, 54.87074289366273 ], [ -118.107096913279406, 54.88493299502538 ], [ -118.112544041651191, 54.892790014830645 ], [ -118.165680635653487, 54.902139099507359 ], [ -118.192597860042639, 54.897386974732044 ], [ -118.220609762038521, 54.891682301242625 ], [ -118.252276447561641, 54.891355813247309 ], [ -118.272534630520042, 54.896204160707327 ], [ -118.284145959282696, 54.901791561870674 ], [ -118.320251089554333, 54.910704663667389 ], [ -118.355644075724754, 54.907703416241176 ], [ -118.388770085285543, 54.905915445931292 ], [ -118.403626865118909, 54.912071199842657 ], [ -118.407662771194651, 54.921110978856674 ], [ -118.429580355942264, 54.938719097683354 ], [ -118.446851233730186, 54.945017536251981 ], [ -118.466557111592664, 54.943660843674621 ], [ -118.510776302540137, 54.929311584963763 ], [ -118.534235600166042, 54.921853274338368 ], [ -118.549093080873007, 54.91170480138674 ], [ -118.554132288645192, 54.894559898614986 ], [ -118.554657000063358, 54.879863344329657 ], [ -118.556197605816919, 54.867421958130741 ], [ -118.56020860261971, 54.859945792593628 ], [ -118.56799529615823, 54.85463001849827 ], [ -118.581666586579857, 54.852774590861493 ], [ -118.594708041908532, 54.852546298090012 ], [ -118.616530286398103, 54.864851923959606 ], [ -118.648744481095122, 54.877934714865553 ], [ -118.709744450725054, 54.916351805159564 ], [ -118.736598748805605, 54.934420271183932 ], [ -118.76422336290895, 54.95199614015123 ], [ -118.796102004842993, 54.968263674998326 ], [ -118.822279052941624, 54.979228252253336 ], [ -118.856680750231746, 54.992634560868474 ], [ -118.89214282109819, 55.000945539883809 ], [ -118.924328218712418, 55.004552335926491 ], [ -118.968261414758501, 55.002886195685839 ], [ -119.01150069137428, 55.002149085579404 ], [ -119.044679464769345, 55.003850698774798 ], [ -119.074626691433139, 55.001539878711277 ], [ -119.090403846279742, 55.000464975119392 ], [ -119.129866967522602, 54.998000467293572 ], [ -119.177922017441063, 54.994260595566601 ], [ -119.241287293237747, 54.992411254476039 ], [ -119.301096710972558, 54.994109208525671 ], [ -119.344242754578005, 54.996010232921272 ], [ -119.368410371089951, 54.99868330324756 ], [ -119.405971877673892, 55.000334919464784 ], [ -119.420889910445695, 54.998793286692631 ], [ -119.446628449045818, 54.99472985640476 ], [ -119.514152854084202, 55.000816434536432 ], [ -119.535594785506476, 55.007013811237314 ], [ -119.599006953072987, 55.018054928525288 ], [ -119.647060319330862, 55.014357814941981 ], [ -119.702850029509491, 55.005940935639579 ], [ -119.731957653762947, 55.003504710300405 ], [ -119.752932517697502, 55.006163856997006 ], [ -119.760694069307291, 55.010008710856937 ], [ -119.761170422124081, 55.014139255314191 ], [ -119.756099825161201, 55.019238939008709 ], [ -119.749987571010735, 55.019914895617063 ], [ -119.733647289734691, 55.028905395256061 ], [ -119.727938941305482, 55.033812450680685 ], [ -119.728070433794542, 55.03810049089801 ], [ -119.74225087499056, 55.046192529814249 ], [ -119.775690935594881, 55.049291717045392 ], [ -119.810783872982924, 55.049782207659135 ], [ -119.844748179816094, 55.053754331155965 ], [ -119.847114365806831, 55.058920633202703 ], [ -119.846621569119165, 55.064912337470709 ], [ -119.828823125200813, 55.074902412801748 ], [ -119.797660181991688, 55.089386894840615 ], [ -119.757905228467806, 55.105396501226608 ], [ -119.726484121066662, 55.118268325693521 ], [ -119.691752974825931, 55.130359131742409 ], [ -119.660646781684306, 55.139753849884052 ], [ -119.625122904662376, 55.145892966689161 ], [ -119.592877258841312, 55.152793220897948 ], [ -119.55866762127043, 55.163214223348461 ], [ -119.535195702993548, 55.179822159353492 ], [ -119.52163974703231, 55.199216025494955 ], [ -119.520024695641524, 55.211906426819937 ], [ -119.528576368826364, 55.222788157192703 ], [ -119.545883562035073, 55.233293278213964 ], [ -119.568227708564478, 55.242432794477232 ], [ -119.584405483917692, 55.247017459293851 ], [ -119.616335604982055, 55.252750059658332 ], [ -119.692086911969596, 55.235221381673725 ], [ -119.70592957655029, 55.230938689765892 ], [ -119.728687778566822, 55.221443927130707 ], [ -119.765790566286057, 55.214745248958138 ], [ -119.79080349016823, 55.222578707948614 ], [ -119.802532426052025, 55.241791049271782 ], [ -119.794688451280493, 55.261194582608255 ], [ -119.76791015789766, 55.282816441650404 ], [ -119.740257760881505, 55.301027655868047 ], [ -119.72070946035393, 55.317037258348407 ], [ -119.712617601043434, 55.331854025610596 ], [ -119.7221304444857, 55.337169403026763 ], [ -119.742769858754556, 55.335571681514892 ], [ -119.766786261129923, 55.332209201683852 ], [ -119.806103731532019, 55.323338478979771 ], [ -119.86040308629785, 55.31368642764108 ], [ -119.883996727237289, 55.31760743192617 ], [ -119.89924615404, 55.32766124997606 ], [ -119.896869131547476, 55.346420001051996 ], [ -119.883684967369589, 55.360472617094459 ], [ -119.881862681648244, 55.37647672149329 ], [ -119.894846451351114, 55.397080376913287 ], [ -119.937246488535024, 55.424133001793315 ], [ -119.984219939163793, 55.447854681216356 ], [ -119.991060122096485, 55.455829544947065 ], [ -119.993318564118127, 55.463469515373134 ], [ -119.987071266310195, 55.475327892514322 ], [ -119.954967103753418, 55.488818387726717 ], [ -119.871487183182296, 55.507155888027469 ], [ -119.836970718584965, 55.50720993783878 ], [ -119.792459498752123, 55.502974658273168 ], [ -119.738430492850853, 55.490312884430068 ], [ -119.705678422555607, 55.492109551547266 ], [ -119.667611468614837, 55.497677873760821 ], [ -119.616644088714168, 55.502664378575801 ], [ -119.572932129286556, 55.518382549846386 ], [ -119.544346165419, 55.532790020239638 ], [ -119.523712399584227, 55.536047997117301 ], [ -119.482124760966911, 55.538457688511464 ], [ -119.387694244255471, 55.532576373307677 ], [ -119.342096478931794, 55.524099681105412 ], [ -119.307408353000639, 55.510785879943214 ], [ -119.278830899213133, 55.492767747855346 ], [ -119.256718861247833, 55.48644033719836 ], [ -119.179316160769446, 55.480915271145101 ], [ -119.136987040037624, 55.471830043418372 ], [ -119.084014586101489, 55.447014253295585 ], [ -119.055437196279996, 55.438969122667466 ], [ -119.015933730876171, 55.435253768974434 ], [ -118.883376118053164, 55.442538600966117 ], [ -118.804188765331105, 55.445012770599043 ], [ -118.585304665035594, 55.428102705802743 ], [ -118.541001182392137, 55.423405245932493 ], [ -118.480982154830727, 55.424425866188479 ], [ -118.437873060200033, 55.428409403050864 ], [ -118.411712322760366, 55.432862787008887 ], [ -118.390541441268169, 55.442321136325397 ], [ -118.376028942275852, 55.45713724107857 ], [ -118.380390890160498, 55.497632870521308 ], [ -118.390627797827463, 55.52664074379534 ], [ -118.412331791211088, 55.543842157469548 ], [ -118.441440046318547, 55.563187994711193 ], [ -118.474492958914681, 55.580868067806108 ], [ -118.499729522878127, 55.586827271459633 ], [ -118.53695595349221, 55.591202986840877 ], [ -118.57297282629564, 55.58784421971211 ], [ -118.608512845189679, 55.575822069904966 ], [ -118.639061500166122, 55.561145119896572 ], [ -118.672899417854467, 55.548223538504601 ], [ -118.695971191074463, 55.544150359324419 ], [ -118.726442050260133, 55.543126382520917 ], [ -118.765493370772475, 55.551501376676875 ], [ -118.792626231850008, 55.561921145684707 ], [ -118.803199013522459, 55.563994664060047 ], [ -118.836864282654957, 55.562425521722339 ], [ -118.88636082984118, 55.556882230902126 ], [ -118.935209966758677, 55.554070190797546 ], [ -118.994628621059547, 55.553296341197715 ], [ -119.024648421258135, 55.557678903051588 ], [ -119.095900347034714, 55.577567357790933 ], [ -119.106146467168827, 55.586459216903442 ], [ -119.101499810020883, 55.601150413126177 ], [ -119.070826513624226, 55.611842468911398 ], [ -118.987909571109583, 55.624086529838493 ], [ -118.940556760325052, 55.639195885105586 ], [ -118.910954466157648, 55.655299838737321 ], [ -118.889264853886573, 55.669409056678205 ], [ -118.883002221405661, 55.685486940436057 ], [ -118.887337615636596, 55.690414611571796 ], [ -118.918862738929732, 55.691601086796197 ], [ -118.962928959380235, 55.687052933143889 ], [ -118.994277497380324, 55.685490678452126 ], [ -119.014763463754193, 55.690529775170219 ], [ -119.019887912296099, 55.707285665630813 ], [ -119.015641326539622, 55.728797984642185 ], [ -119.018402366393559, 55.731150243414845 ], [ -119.025043782529167, 55.736803037631745 ], [ -119.080388443557666, 55.767525776366547 ], [ -119.11368101452355, 55.781843408999343 ], [ -119.160673636129516, 55.806786617198092 ], [ -119.20441203613386, 55.807625974096901 ], [ -119.239041069023926, 55.805471795977041 ], [ -119.274486922846179, 55.814684804560599 ], [ -119.30549835676986, 55.829456106943319 ], [ -119.305443171766882, 55.85088283165895 ], [ -119.289391323336275, 55.864023922116473 ], [ -119.258896125620737, 55.879315488431303 ], [ -119.221902045104059, 55.894751172119072 ], [ -119.186114512841584, 55.904677160695762 ], [ -119.168158054389764, 55.914650071050431 ], [ -119.161926038720864, 55.941683663551302 ], [ -119.177979802924582, 55.96229247294977 ], [ -119.215892535362855, 55.970098936988641 ], [ -119.290718961534751, 55.982504324518558 ], [ -119.350069246241091, 55.982928778975399 ], [ -119.453216337786913, 55.992739471659881 ], [ -119.512436006606677, 55.991269549669724 ], [ -119.56225479349672, 55.984081981017496 ], [ -119.594695528323726, 55.973222577800229 ], [ -119.629391408173433, 55.950439475931006 ], [ -119.640174373971064, 55.903662208489763 ], [ -119.612986505287637, 55.888414705796258 ], [ -119.547579829023874, 55.881431082934746 ], [ -119.51461790872402, 55.874516281453595 ], [ -119.495271455979335, 55.865430600589434 ], [ -119.4809891454411, 55.837979716667803 ], [ -119.491135034464961, 55.822683727351624 ], [ -119.517181287678724, 55.814280828906718 ], [ -119.537405268822482, 55.814223237105011 ], [ -119.548853704261973, 55.815756761109313 ], [ -119.62575558177538, 55.83611492516166 ], [ -119.657857799783798, 55.842569077348635 ], [ -119.695717048790414, 55.840200090530409 ], [ -119.735612355396796, 55.833204780943397 ], [ -119.780795517164876, 55.821948969496646 ], [ -119.855048245406721, 55.810325039111319 ], [ -119.883304547184977, 55.800413726497268 ], [ -119.943274929721312, 55.765431276660728 ], [ -119.966079361996464, 55.758393330362367 ], [ -120.001373986518274, 55.754717079720557 ], [ -120.001420553131624, 55.754710679212664 ], [ -120.001421540788371, 55.769986015781846 ], [ -120.001421434250304, 55.776169980649712 ], [ -120.001422191646114, 55.798763441842922 ], [ -120.001424842827035, 55.844215756740553 ], [ -120.00142630990176, 55.880126507561648 ], [ -120.001383166357812, 55.885164505010145 ], [ -120.001430963545118, 55.96941939070603 ], [ -120.001433728639128, 55.999956195971649 ], [ -120.001435366088629, 56.051520042882288 ], [ -120.001435879225127, 56.063919287480104 ], [ -120.001437607654566, 56.083289963726855 ], [ -120.001441388445784, 56.144529388608291 ], [ -120.001441365444677, 56.148003842936149 ], [ -120.001442814530222, 56.159358763769333 ], [ -120.00144308149342, 56.166618195248688 ], [ -120.001446185580875, 56.203252573704759 ], [ -120.001447187925095, 56.213437275033208 ], [ -120.001450657224012, 56.249950052855255 ], [ -120.001456695246574, 56.333287052590833 ], [ -120.001456875866722, 56.3461632822724 ], [ -120.001462897233864, 56.416619923711501 ], [ -120.00146367243903, 56.426498731910272 ], [ -120.0014643896439, 56.438906880362325 ], [ -120.001466458012587, 56.459722095333696 ], [ -119.957133945624847, 56.463693530134549 ], [ -119.905280643016596, 56.467286583982634 ], [ -119.860460948782276, 56.47210508612833 ], [ -119.829235154885282, 56.475611135656983 ], [ -119.788034664872882, 56.480906930126942 ], [ -119.753925265402941, 56.489183523736777 ], [ -119.72931108562733, 56.497955439689854 ], [ -119.681157719703023, 56.525468302542137 ], [ -119.646427044715423, 56.545813046897706 ], [ -119.621280934658216, 56.557052450569479 ], [ -119.554672937871658, 56.585773407478278 ], [ -119.532836704539264, 56.593378079612705 ], [ -119.503241929125608, 56.595029116659212 ], [ -119.471633938154895, 56.59217076722198 ], [ -119.44131680090274, 56.584709564100876 ], [ -119.408968006132554, 56.582765986968653 ], [ -119.359891596771661, 56.585891420708201 ], [ -119.314518276098923, 56.589111042513409 ], [ -119.282198656916066, 56.598522054521695 ], [ -119.198717305375169, 56.603656310583986 ], [ -119.126494755326831, 56.602468210447867 ], [ -119.03429941064735, 56.598276862629966 ], [ -118.939363228427425, 56.596405469300265 ], [ -118.867865186556898, 56.599419649195454 ], [ -118.813427669442675, 56.597871451722916 ], [ -118.769991782571395, 56.594729199274163 ], [ -118.751788567019361, 56.580488324145449 ], [ -118.734453266166724, 56.553012641523004 ], [ -118.712744663121995, 56.53472895026556 ], [ -118.641873711969893, 56.514886685409465 ], [ -118.598976574979559, 56.50533579377359 ], [ -118.587462707597155, 56.490953553412666 ], [ -118.599467249697724, 56.470236261263821 ], [ -118.616930403018003, 56.45898762005681 ], [ -118.659273592924549, 56.437261911850619 ], [ -118.673341475043472, 56.42470151469837 ], [ -118.685599246623312, 56.409435922190298 ], [ -118.68945651327779, 56.391131912257116 ], [ -118.666291781827042, 56.364888182407093 ], [ -118.605473046275023, 56.314256204663067 ], [ -118.558842297230242, 56.285901480788425 ], [ -118.492251957388902, 56.265616523279128 ], [ -118.460360188652473, 56.266150274282111 ], [ -118.413225528908654, 56.288796954182502 ], [ -118.369900405896914, 56.339620425347249 ], [ -118.349138574492386, 56.356895638886272 ], [ -118.32379801162088, 56.369509629118951 ], [ -118.290634001848602, 56.379587484215854 ], [ -118.213943360168557, 56.372064203686328 ], [ -118.157073039320309, 56.34826490606369 ], [ -118.108334163939588, 56.340280569090943 ], [ -117.938827726708567, 56.343746282134454 ], [ -117.89870763226935, 56.348437178973825 ], [ -117.848207141612548, 56.358142393447984 ], [ -117.789615642555532, 56.374694966838639 ], [ -117.749122626329608, 56.38795961697835 ], [ -117.724283218624663, 56.406451701367885 ], [ -117.717649602811804, 56.416587376329048 ], [ -117.712939986351685, 56.436194218492872 ], [ -117.720836351680063, 56.451150313648711 ], [ -117.732545980295157, 56.456949061787135 ], [ -117.760682001178637, 56.462548680440982 ], [ -117.802847191121344, 56.459404692316099 ], [ -117.819877717948231, 56.456820146330827 ], [ -117.879714413399952, 56.442249337369169 ], [ -117.919034886722855, 56.436932976207856 ], [ -117.990115669496035, 56.431575271841147 ], [ -118.062109839816259, 56.430685599819405 ], [ -118.091273125789129, 56.439867617766375 ], [ -118.11654088481896, 56.453650882062497 ], [ -118.127892908213056, 56.464826890085916 ], [ -118.141737753489735, 56.50406552279177 ], [ -118.156837737312713, 56.563834169740289 ], [ -118.142770681309742, 56.581350163745469 ], [ -118.076642052873027, 56.617340553235401 ], [ -118.035183214815248, 56.633386353967033 ], [ -117.960009915663221, 56.654851205999179 ], [ -117.880314753999158, 56.664594565369377 ], [ -117.828115526167892, 56.665989792594559 ], [ -117.790857696681712, 56.664938084030723 ], [ -117.773435845460838, 56.660292105152863 ], [ -117.760500502250594, 56.642303800474835 ], [ -117.740700137698113, 56.625027739843802 ], [ -117.728766996486115, 56.614216770197174 ], [ -117.700258142232556, 56.601297660806857 ], [ -117.657249052629851, 56.599000787107613 ], [ -117.622807943549191, 56.606632671110731 ], [ -117.600779384177414, 56.615502052913861 ], [ -117.590318940056747, 56.624716069937207 ], [ -117.583552344815899, 56.647110139742949 ], [ -117.586606283242233, 56.666220565965475 ], [ -117.597617947774665, 56.674775736025339 ], [ -117.6185766654296, 56.683687680159196 ], [ -117.640271431506122, 56.689402174460824 ], [ -117.657892684883592, 56.69697124281457 ], [ -117.669743286192329, 56.705057312219573 ], [ -117.672492346673295, 56.713229966281808 ], [ -117.671042730080742, 56.719626937346206 ], [ -117.659191331872933, 56.737516881587538 ], [ -117.625624200699392, 56.75060938430321 ], [ -117.612617051710245, 56.758938739150103 ], [ -117.603959003714834, 56.774058633722134 ], [ -117.618202347771771, 56.805364294390536 ], [ -117.668025710836147, 56.83130495840264 ], [ -117.71576230592332, 56.842660898578757 ], [ -117.815958418386415, 56.855699199700375 ], [ -117.900837641072442, 56.857905073721852 ], [ -117.933478737604432, 56.863432047832774 ], [ -117.968937735514217, 56.876666238103297 ], [ -117.976220878187149, 56.892071607478229 ], [ -117.972580559898162, 56.904873097139948 ], [ -117.957691937479581, 56.927845959494533 ], [ -117.888413509764092, 56.988834784138923 ], [ -117.858680306272319, 57.018803592153539 ], [ -117.818875505882033, 57.116777853580388 ], [ -117.803677769726463, 57.136085939957873 ], [ -117.788887502743023, 57.143995491934689 ], [ -117.753923129507726, 57.150297973696176 ], [ -117.729837294601211, 57.156480007761083 ], [ -117.720827187911738, 57.162497497978229 ], [ -117.71383166438379, 57.178522639615835 ], [ -117.711738238121697, 57.19084506121969 ], [ -117.712582062790162, 57.215444015971741 ], [ -117.708777027509285, 57.226877205039663 ], [ -117.646668798539949, 57.253479132573588 ], [ -117.60414506709283, 57.263915845763648 ], [ -117.562270302163057, 57.268867413438862 ], [ -117.523013257233359, 57.277424858082753 ], [ -117.485624141543326, 57.293246273672104 ], [ -117.467148781921168, 57.294311343618183 ], [ -117.44867566721706, 57.32636208685021 ], [ -117.409482266529295, 57.372706222893989 ], [ -117.397567927158562, 57.390791858100464 ], [ -117.368771871171433, 57.427920161803847 ], [ -117.360497828137056, 57.458788446293518 ], [ -117.369847042814825, 57.48942498532378 ], [ -117.367988289460996, 57.511052852634229 ], [ -117.349623875998745, 57.544980871055174 ], [ -117.324599228640054, 57.565809582197751 ], [ -117.272871970950632, 57.601251764055441 ], [ -117.255879327725623, 57.620500870569479 ], [ -117.249139677091705, 57.641089137517724 ], [ -117.257346577727546, 57.660395351116698 ], [ -117.298929871110744, 57.696129230890179 ], [ -117.338994359242292, 57.708434278384345 ], [ -117.418903850789462, 57.709207068496063 ], [ -117.4814572911623, 57.703213731697019 ], [ -117.600790217226034, 57.671087568618368 ], [ -117.633021915080292, 57.660347281734616 ], [ -117.660414084538573, 57.662853218469948 ], [ -117.713488252196868, 57.679292842659208 ], [ -117.761171670933024, 57.704760637802508 ], [ -117.804204684592648, 57.717961070052837 ], [ -117.899066638498155, 57.736498116818645 ], [ -117.927740653122598, 57.742041963519064 ], [ -117.997035206161925, 57.749384584664703 ], [ -118.045700313904675, 57.751950126627563 ], [ -118.082949297555047, 57.765583596478344 ], [ -118.106396926962304, 57.793519002719862 ], [ -118.117837876435885, 57.801110288880878 ], [ -118.136935910665542, 57.808142635030116 ], [ -118.160962118622749, 57.810998522388076 ], [ -118.24467761689526, 57.812992116975501 ], [ -118.276822747365699, 57.807506886189429 ], [ -118.312863386154106, 57.795122155362733 ], [ -118.363482432712416, 57.78477745020416 ], [ -118.42629567521999, 57.77968080567846 ], [ -118.480421998591424, 57.771967975544563 ], [ -118.513133994558331, 57.762768136076204 ], [ -118.539391350760539, 57.76004914568513 ], [ -118.561206744011216, 57.76879065008869 ], [ -118.606959186103325, 57.77848116586194 ], [ -118.634645813782029, 57.771159623198876 ], [ -118.730270930687979, 57.706544537169357 ], [ -118.747709552985128, 57.699840363577628 ], [ -118.774488472185837, 57.692958067599015 ], [ -118.802489846477613, 57.691969556771234 ], [ -118.820718052203972, 57.697549302514375 ], [ -118.829843931628687, 57.706942358539877 ], [ -118.837698041741419, 57.72274187572004 ], [ -118.83595626552092, 57.747836516372026 ], [ -118.825640464665426, 57.772187935834161 ], [ -118.815851347992577, 57.804734604157453 ], [ -118.79965645392511, 57.831018862131316 ], [ -118.769109861213522, 57.860305429667733 ], [ -118.690827849547361, 57.906406708482486 ], [ -118.678231786522034, 57.914727849558723 ], [ -118.58218071363963, 57.978047294183774 ], [ -118.521766144230867, 58.000487980714659 ], [ -118.432978588377836, 58.023361730216003 ], [ -118.337970743074237, 58.044442090209763 ], [ -118.262527726353383, 58.063798655237576 ], [ -118.185439218604927, 58.086324245933483 ], [ -118.117688664964447, 58.126448449450514 ], [ -118.094642152183908, 58.149083822981559 ], [ -118.04320143033452, 58.154318381439126 ], [ -118.017304268717112, 58.172416653557484 ], [ -118.004367701314962, 58.191719685047381 ], [ -117.992760016345983, 58.221936368829994 ], [ -117.985390511269102, 58.25073549386331 ], [ -117.986165033811545, 58.288082890551237 ], [ -117.991690808061136, 58.315352890996941 ], [ -118.015184295555827, 58.376109131883929 ], [ -118.023391286358148, 58.404254426710885 ], [ -118.019456679924119, 58.47081976356867 ], [ -118.006602667814136, 58.494223073900272 ], [ -117.982483748495994, 58.519127796974331 ], [ -117.962975260453305, 58.530759220207528 ], [ -117.92929170620674, 58.537088268142298 ], [ -117.821219059552462, 58.534698932573399 ], [ -117.779997912230826, 58.526954516145622 ], [ -117.725777044400743, 58.520242370154975 ], [ -117.674379663287397, 58.518945730670225 ], [ -117.592990652304678, 58.531581900371087 ], [ -117.543684228329042, 58.541606455712355 ], [ -117.485999790090418, 58.563526955474728 ], [ -117.408651929426199, 58.601978871995748 ], [ -117.336003390200901, 58.626229996213901 ], [ -117.22544030068147, 58.639756683217733 ], [ -117.17309559958197, 58.642362985769104 ], [ -117.129578652227593, 58.649912042536315 ], [ -117.010003071740556, 58.707955988176259 ], [ -116.985606265600055, 58.714449980446588 ], [ -116.927859781039132, 58.715618726088131 ], [ -116.859640268143778, 58.719532528683779 ], [ -116.756524850272498, 58.737644404337601 ], [ -116.7154548548354, 58.748689125384402 ], [ -116.662132631920116, 58.766128918016157 ], [ -116.610253955457608, 58.773108817940305 ], [ -116.532174828642653, 58.799809317003088 ], [ -116.484168298546422, 58.836421775653584 ], [ -116.466719476532575, 58.893272153653882 ], [ -116.447639290208215, 58.946206255143828 ], [ -116.403747495187346, 58.933269860882525 ], [ -116.362631989368538, 58.929144808811493 ], [ -116.294333722713603, 58.908029546667152 ], [ -116.234884068026517, 58.883883099195238 ], [ -116.181836139836605, 58.871309694026813 ], [ -116.116026669448274, 58.856022305869416 ], [ -116.068477350439665, 58.856383774264309 ], [ -116.04908711109951, 58.854606369907501 ], [ -116.032267607278328, 58.844615660283793 ], [ -116.023338120658792, 58.83004551367452 ], [ -116.00904306225101, 58.803633970327866 ], [ -116.001889601454494, 58.788828305391633 ], [ -115.960828959826912, 58.760410823680424 ], [ -115.915520079626361, 58.745668050561065 ], [ -115.868519483275776, 58.737291949281122 ], [ -115.837321443537121, 58.724551353223411 ], [ -115.789036135964849, 58.707030154446144 ], [ -115.72677599024621, 58.684242650087761 ], [ -115.651881656028706, 58.671224797653807 ], [ -115.587500703784798, 58.670712718861736 ], [ -115.523538683388665, 58.673585579909741 ], [ -115.455757423931999, 58.659324038363302 ], [ -115.37669907120852, 58.640204028888618 ], [ -115.29895058721489, 58.628337059286586 ], [ -115.182600311932759, 58.627436078506562 ], [ -115.096314385162898, 58.633194198039909 ], [ -115.064305350223407, 58.63690678162169 ], [ -114.959172791573678, 58.642014754956485 ], [ -114.872133172098046, 58.657648597633823 ], [ -114.808389933388, 58.667236362756078 ], [ -114.743914170308031, 58.686140019939856 ], [ -114.687035954813155, 58.712595404986473 ], [ -114.655045110062218, 58.740375046715009 ], [ -114.600499199942988, 58.771371709977153 ], [ -114.528176923961254, 58.804918586833061 ], [ -114.462728780095517, 58.82709288387899 ], [ -114.411238441036815, 58.838889816410052 ], [ -114.335241201044909, 58.857015926940747 ], [ -114.27445614539954, 58.878233812438225 ], [ -114.184177119995255, 58.896566965743453 ], [ -114.09863324334917, 58.915351485254007 ], [ -114.032189876415984, 58.929776957893409 ], [ -113.994661496599292, 58.938852843938122 ], [ -113.963128014072552, 58.942529976023174 ], [ -113.92513523294447, 58.951357172549777 ], [ -113.877645584401805, 58.963909374226091 ], [ -113.830015144754199, 58.991991879080679 ] ] ] ] } },
{ "type": "Feature", "properties": { "AREA": 23715413112.5, "PERIMETER": 895964.96801800001, "SOILGR_T83": 7, "SOILGR_T_1": 4077, "SOIL_CODE": "GL", "name": "Gray Luvisols (7)", "Shape_Leng": 895964.968139, "Shape_Area": 23715413112.099998 }, "geometry": { "type": "MultiPolygon", "coordinates": [ [ [ [ -118.999154661697673, 58.284456076890685 ], [ -118.96130389702158, 58.278116521474018 ], [ -118.9312057821096, 58.266328508590121 ], [ -118.90748652389037, 58.253003060365181 ], [ -118.896356601911961, 58.235030766469613 ], [ -118.906097214656796, 58.21813775117716 ], [ -118.927519836534572, 58.20141060205686 ], [ -118.942495141801132, 58.190082689203948 ], [ -118.945717363860126, 58.173122260524856 ], [ -118.905878975768829, 58.147887720403624 ], [ -118.860599009673223, 58.133721867723459 ], [ -118.849646697991901, 58.126921027239881 ], [ -118.848745059190492, 58.111657877284827 ], [ -118.871112414116467, 58.09628241551804 ], [ -118.888071496389486, 58.083321237445496 ], [ -118.892694359036582, 58.057656560914069 ], [ -118.867930417795776, 58.040476734899286 ], [ -118.826343555937271, 58.037386792491304 ], [ -118.777729316839114, 58.04266372623718 ], [ -118.71882674823091, 58.048618521513141 ], [ -118.67369175983616, 58.049440159247155 ], [ -118.642535812197181, 58.036926550993236 ], [ -118.638382495185184, 58.022880358682826 ], [ -118.665824727117794, 58.000808138888765 ], [ -118.703537033803102, 57.988989081012406 ], [ -118.744191012156747, 57.986893380695228 ], [ -118.78029768117463, 57.981924415757398 ], [ -118.817324368606606, 57.962786503210857 ], [ -118.810460757426483, 57.942876174977918 ], [ -118.776395472202609, 57.930924823294248 ], [ -118.732180391892385, 57.925586651092082 ], [ -118.686692879608344, 57.915017376565729 ], [ -118.678231786522034, 57.914727849558723 ], [ -118.690827849547361, 57.906406708482486 ], [ -118.769109861213522, 57.860305429667733 ], [ -118.79965645392511, 57.831018862131316 ], [ -118.815851347992577, 57.804734604157453 ], [ -118.825640464665426, 57.772187935834161 ], [ -118.83595626552092, 57.747836516372026 ], [ -118.837698041741419, 57.72274187572004 ], [ -118.829843931628687, 57.706942358539877 ], [ -118.820718052203972, 57.697549302514375 ], [ -118.802489846477613, 57.691969556771234 ], [ -118.774488472185837, 57.692958067599015 ], [ -118.747709552985128, 57.699840363577628 ], [ -118.730270930687979, 57.706544537169357 ], [ -118.634645813782029, 57.771159623198876 ], [ -118.606959186103325, 57.77848116586194 ], [ -118.561206744011216, 57.76879065008869 ], [ -118.539391350760539, 57.76004914568513 ], [ -118.513133994558331, 57.762768136076204 ], [ -118.480421998591424, 57.771967975544563 ], [ -118.42629567521999, 57.77968080567846 ], [ -118.363482432712416, 57.78477745020416 ], [ -118.312863386154106, 57.795122155362733 ], [ -118.276822747365699, 57.807506886189429 ], [ -118.24467761689526, 57.812992116975501 ], [ -118.160962118622749, 57.810998522388076 ], [ -118.136935910665542, 57.808142635030116 ], [ -118.117837876435885, 57.801110288880878 ], [ -118.106396926962304, 57.793519002719862 ], [ -118.082949297555047, 57.765583596478344 ], [ -118.045700313904675, 57.751950126627563 ], [ -117.997035206161925, 57.749384584664703 ], [ -117.927740653122598, 57.742041963519064 ], [ -117.899066638498155, 57.736498116818645 ], [ -117.804204684592648, 57.717961070052837 ], [ -117.761171670933024, 57.704760637802508 ], [ -117.713488252196868, 57.679292842659208 ], [ -117.660414084538573, 57.662853218469948 ], [ -117.633021915080292, 57.660347281734616 ], [ -117.600790217226034, 57.671087568618368 ], [ -117.4814572911623, 57.703213731697019 ], [ -117.418903850789462, 57.709207068496063 ], [ -117.338994359242292, 57.708434278384345 ], [ -117.298929871110744, 57.696129230890179 ], [ -117.257346577727546, 57.660395351116698 ], [ -117.249139677091705, 57.641089137517724 ], [ -117.255879327725623, 57.620500870569479 ], [ -117.272871970950632, 57.601251764055441 ], [ -117.324599228640054, 57.565809582197751 ], [ -117.349623875998745, 57.544980871055174 ], [ -117.367988289460996, 57.511052852634229 ], [ -117.369847042814825, 57.48942498532378 ], [ -117.360497828137056, 57.458788446293518 ], [ -117.368771871171433, 57.427920161803847 ], [ -117.397567927158562, 57.390791858100464 ], [ -117.409482266529295, 57.372706222893989 ], [ -117.44867566721706, 57.32636208685021 ], [ -117.467148781921168, 57.294311343618183 ], [ -117.485624141543326, 57.293246273672104 ], [ -117.523013257233359, 57.277424858082753 ], [ -117.562270302163057, 57.268867413438862 ], [ -117.60414506709283, 57.263915845763648 ], [ -117.646668798539949, 57.253479132573588 ], [ -117.708777027509285, 57.226877205039663 ], [ -117.712582062790162, 57.215444015971741 ], [ -117.711738238121697, 57.19084506121969 ], [ -117.71383166438379, 57.178522639615835 ], [ -117.720827187911738, 57.162497497978229 ], [ -117.729837294601211, 57.156480007761083 ], [ -117.753923129507726, 57.150297973696176 ], [ -117.788887502743023, 57.143995491934689 ], [ -117.803677769726463, 57.136085939957873 ], [ -117.818875505882033, 57.116777853580388 ], [ -117.858680306272319, 57.018803592153539 ], [ -117.888413509764092, 56.988834784138923 ], [ -117.957691937479581, 56.927845959494533 ], [ -117.972580559898162, 56.904873097139948 ], [ -117.976220878187149, 56.892071607478229 ], [ -117.968937735514217, 56.876666238103297 ], [ -117.933478737604432, 56.863432047832774 ], [ -117.900837641072442, 56.857905073721852 ], [ -117.815958418386415, 56.855699199700375 ], [ -117.71576230592332, 56.842660898578757 ], [ -117.668025710836147, 56.83130495840264 ], [ -117.618202347771771, 56.805364294390536 ], [ -117.603959003714834, 56.774058633722134 ], [ -117.612617051710245, 56.758938739150103 ], [ -117.625624200699392, 56.75060938430321 ], [ -117.659191331872933, 56.737516881587538 ], [ -117.671042730080742, 56.719626937346206 ], [ -117.672492346673295, 56.713229966281808 ], [ -117.669743286192329, 56.705057312219573 ], [ -117.657892684883592, 56.69697124281457 ], [ -117.640271431506122, 56.689402174460824 ], [ -117.6185766654296, 56.683687680159196 ], [ -117.597617947774665, 56.674775736025339 ], [ -117.586606283242233, 56.666220565965475 ], [ -117.583552344815899, 56.647110139742949 ], [ -117.590318940056747, 56.624716069937207 ], [ -117.600779384177414, 56.615502052913861 ], [ -117.622807943549191, 56.606632671110731 ], [ -117.657249052629851, 56.599000787107613 ], [ -117.700258142232556, 56.601297660806857 ], [ -117.728766996486115, 56.614216770197174 ], [ -117.740700137698113, 56.625027739843802 ], [ -117.760500502250594, 56.642303800474835 ], [ -117.773435845460838, 56.660292105152863 ], [ -117.790857696681712, 56.664938084030723 ], [ -117.828115526167892, 56.665989792594559 ], [ -117.880314753999158, 56.664594565369377 ], [ -117.960009915663221, 56.654851205999179 ], [ -118.035183214815248, 56.633386353967033 ], [ -118.076642052873027, 56.617340553235401 ], [ -118.142770681309742, 56.581350163745469 ], [ -118.156837737312713, 56.563834169740289 ], [ -118.141737753489735, 56.50406552279177 ], [ -118.127892908213056, 56.464826890085916 ], [ -118.11654088481896, 56.453650882062497 ], [ -118.091273125789129, 56.439867617766375 ], [ -118.062109839816259, 56.430685599819405 ], [ -117.990115669496035, 56.431575271841147 ], [ -117.919034886722855, 56.436932976207856 ], [ -117.879714413399952, 56.442249337369169 ], [ -117.819877717948231, 56.456820146330827 ], [ -117.802847191121344, 56.459404692316099 ], [ -117.760682001178637, 56.462548680440982 ], [ -117.732545980295157, 56.456949061787135 ], [ -117.720836351680063, 56.451150313648711 ], [ -117.712939986351685, 56.436194218492872 ], [ -117.717649602811804, 56.416587376329048 ], [ -117.724283218624663, 56.406451701367885 ], [ -117.749122626329608, 56.38795961697835 ], [ -117.789615642555532, 56.374694966838639 ], [ -117.848207141612548, 56.358142393447984 ], [ -117.89870763226935, 56.348437178973825 ], [ -117.938827726708567, 56.343746282134454 ], [ -118.108334163939588, 56.340280569090943 ], [ -118.157073039320309, 56.34826490606369 ], [ -118.213943360168557, 56.372064203686328 ], [ -118.290634001848602, 56.379587484215854 ], [ -118.32379801162088, 56.369509629118951 ], [ -118.349138574492386, 56.356895638886272 ], [ -118.369900405896914, 56.339620425347249 ], [ -118.413225528908654, 56.288796954182502 ], [ -118.460360188652473, 56.266150274282111 ], [ -118.492251957388902, 56.265616523279128 ], [ -118.558842297230242, 56.285901480788425 ], [ -118.605473046275023, 56.314256204663067 ], [ -118.666291781827042, 56.364888182407093 ], [ -118.68945651327779, 56.391131912257116 ], [ -118.685599246623312, 56.409435922190298 ], [ -118.673341475043472, 56.42470151469837 ], [ -118.659273592924549, 56.437261911850619 ], [ -118.616930403018003, 56.45898762005681 ], [ -118.599467249697724, 56.470236261263821 ], [ -118.587462707597155, 56.490953553412666 ], [ -118.598976574979559, 56.50533579377359 ], [ -118.641873711969893, 56.514886685409465 ], [ -118.712744663121995, 56.53472895026556 ], [ -118.734453266166724, 56.553012641523004 ], [ -118.751788567019361, 56.580488324145449 ], [ -118.769991782571395, 56.594729199274163 ], [ -118.813427669442675, 56.597871451722916 ], [ -118.867865186556898, 56.599419649195454 ], [ -118.939363228427425, 56.596405469300265 ], [ -119.03429941064735, 56.598276862629966 ], [ -119.126494755326831, 56.602468210447867 ], [ -119.198717305375169, 56.603656310583986 ], [ -119.282198656916066, 56.598522054521695 ], [ -119.314518276098923, 56.589111042513409 ], [ -119.359891596771661, 56.585891420708201 ], [ -119.408968006132554, 56.582765986968653 ], [ -119.44131680090274, 56.584709564100876 ], [ -119.471633938154895, 56.59217076722198 ], [ -119.503241929125608, 56.595029116659212 ], [ -119.532836704539264, 56.593378079612705 ], [ -119.554672937871658, 56.585773407478278 ], [ -119.621280934658216, 56.557052450569479 ], [ -119.646427044715423, 56.545813046897706 ], [ -119.681157719703023, 56.525468302542137 ], [ -119.72931108562733, 56.497955439689854 ], [ -119.753925265402941, 56.489183523736777 ], [ -119.788034664872882, 56.480906930126942 ], [ -119.829235154885282, 56.475611135656983 ], [ -119.860460948782276, 56.47210508612833 ], [ -119.905280643016596, 56.467286583982634 ], [ -119.957133945624847, 56.463693530134549 ], [ -120.001466458012587, 56.459722095333696 ], [ -120.001468985790709, 56.478651523554603 ], [ -120.001471890571452, 56.499952735330702 ], [ -120.001486887198055, 56.583282765455024 ], [ -120.001496397128562, 56.656028981306342 ], [ -120.00149817510291, 56.666614142750845 ], [ -120.00149834833617, 56.669877150775626 ], [ -120.001497636010996, 56.677168329077894 ], [ -120.001497267742693, 56.738278892213629 ], [ -120.001497085227498, 56.747010251005534 ], [ -120.001497346507961, 56.749953694883068 ], [ -120.001498157307452, 56.760830665712284 ], [ -120.001498298315767, 56.765609879223831 ], [ -120.001498657104463, 56.772036157778984 ], [ -120.001499248196453, 56.781207550139506 ], [ -120.00150475806619, 56.833279123340645 ], [ -120.001511691059733, 56.916609639548639 ], [ -120.001511818628728, 56.946416607174712 ], [ -120.001514850978012, 56.99994113076562 ], [ -120.001501880804767, 57.031819879221089 ], [ -120.00148742041938, 57.065462903643031 ], [ -120.00147103818864, 57.119060791560941 ], [ -120.001461931944618, 57.143453942191016 ], [ -120.001449187417975, 57.184772980774675 ], [ -120.001445181116409, 57.199570277036344 ], [ -120.001444624745091, 57.206352317589356 ], [ -120.001422361192681, 57.29355456961077 ], [ -120.001415709159772, 57.315349095142032 ], [ -120.001415181380764, 57.320623297780251 ], [ -120.001403312744159, 57.372654071496584 ], [ -120.001403431186517, 57.380781238768577 ], [ -120.001396861911729, 57.404330482908719 ], [ -120.001387397856078, 57.43513793498861 ], [ -120.001375722026893, 57.463519615652814 ], [ -120.001376008041618, 57.468006056003581 ], [ -120.00137181339764, 57.473694161704287 ], [ -120.001369168784947, 57.515619519974017 ], [ -120.001383010799927, 57.549381770259409 ], [ -120.001387798903053, 57.554905905685274 ], [ -120.001341506274997, 57.642424217774341 ], [ -120.001332538584535, 57.679672841109813 ], [ -120.001343900078254, 57.689167864999895 ], [ -120.001379430560419, 57.717833036865422 ], [ -120.001395682205739, 57.729697212195674 ], [ -120.001401043299168, 57.735408688413322 ], [ -120.001419872333386, 57.751798313592353 ], [ -120.001421108924418, 57.762469830108678 ], [ -120.001426175748549, 57.79660870617483 ], [ -120.0014314377229, 57.816952394930176 ], [ -120.001448544008937, 57.916211178594239 ], [ -120.001448416066111, 57.937807659232924 ], [ -120.001449025042106, 57.969540774299837 ], [ -120.001451645395036, 57.991334964270571 ], [ -120.001452221922364, 57.999986964461748 ], [ -120.001465669924343, 58.078572634049863 ], [ -120.00146618596473, 58.083344408777982 ], [ -120.001466806083172, 58.086486339952138 ], [ -120.001474620198763, 58.124720624472459 ], [ -120.001483399036132, 58.162027533020449 ], [ -120.001484648359792, 58.166699888225693 ], [ -120.001452129653842, 58.190171427876592 ], [ -120.001409848447054, 58.19017758424981 ], [ -119.963535493186498, 58.196541504260438 ], [ -119.922971659799742, 58.204719563402172 ], [ -119.87776846966409, 58.213963182194426 ], [ -119.817636154872474, 58.221401885551543 ], [ -119.762625875061332, 58.217009307515973 ], [ -119.70035407268405, 58.201851009796435 ], [ -119.663017249059479, 58.188857738939262 ], [ -119.62602116658482, 58.170829196804711 ], [ -119.590772080273879, 58.156610118807968 ], [ -119.548698767699278, 58.159020394542743 ], [ -119.487198051911548, 58.173849229596975 ], [ -119.421634512626966, 58.195842228356675 ], [ -119.354044498384951, 58.211462560486439 ], [ -119.274853826851157, 58.228514650205213 ], [ -119.226088176261186, 58.243090548586316 ], [ -119.170993258590087, 58.255308994476117 ], [ -119.063059544242435, 58.281893829134532 ], [ -118.999154661697673, 58.284456076890685 ] ] ] ] } },
{ "type": "Feature", "properties": { "AREA": 2222709635.6100001, "PERIMETER": 259802.912358, "SOILGR_T83": 8, "SOILGR_T_1": 4065, "SOIL_CODE": "OCGL", "name": "Organic Cryosols, Gray Luvisols (8)", "Shape_Leng": 259802.91241399999, "Shape_Area": 2222709636.4200001 }, "geometry": { "type": "MultiPolygon", "coordinates": [ [ [ [ -113.532835969738514, 57.468373443501768 ], [ -113.560690751331464, 57.469948204718307 ], [ -113.595920924239081, 57.475090742797086 ], [ -113.673816790022016, 57.489832768562152 ], [ -113.687732346264866, 57.49698385517884 ], [ -113.710541671227517, 57.514744072204572 ], [ -113.721429645234707, 57.534446827143491 ], [ -113.726005793431113, 57.557630387734974 ], [ -113.71985782827602, 57.580921119555306 ], [ -113.709610779095314, 57.596737418438472 ], [ -113.688070092922175, 57.608796400500943 ], [ -113.65102748698564, 57.620089623345422 ], [ -113.563469910257496, 57.623631788167224 ], [ -113.509473721638642, 57.629567209966105 ], [ -113.467259545561433, 57.643581414201336 ], [ -113.430381767459252, 57.666644466085707 ], [ -113.327372318632342, 57.743233312748551 ], [ -113.279187799828222, 57.771567987276505 ], [ -113.209918012777663, 57.808666202101115 ], [ -113.186038238774017, 57.827474889417843 ], [ -113.148761499707732, 57.877096361959097 ], [ -113.11745946407062, 57.897069375982859 ], [ -113.088577786488429, 57.906326547342722 ], [ -113.063027351301969, 57.90622691618357 ], [ -113.0439463691377, 57.903813229069641 ], [ -113.014379085131281, 57.892793327863231 ], [ -113.001303201308772, 57.88465614537828 ], [ -112.976176149594195, 57.881804217262655 ], [ -112.934651307725119, 57.883337371584318 ], [ -112.899688606713838, 57.894399025060892 ], [ -112.863028124131105, 57.912734746521394 ], [ -112.820836190746618, 57.955211561324866 ], [ -112.810121124006287, 57.977098387186139 ], [ -112.808104384342585, 58.004648901654534 ], [ -112.794321817820546, 58.026086082740285 ], [ -112.766577422213501, 58.040042039034084 ], [ -112.731847162308171, 58.051279133760701 ], [ -112.683641238302272, 58.075053182733321 ], [ -112.667554955706422, 58.080543709769017 ], [ -112.642758710209776, 58.083997209314276 ], [ -112.61316994245739, 58.084497783350997 ], [ -112.575752367389185, 58.081125778461683 ], [ -112.505318310494999, 58.064331105606271 ], [ -112.36960147449652, 58.070008790164813 ], [ -112.303519914756833, 58.06676538391816 ], [ -112.257929937896989, 58.059422189515978 ], [ -112.2367059652873, 58.051649816635667 ], [ -112.226025355719443, 58.034331891273879 ], [ -112.245817006098505, 58.010691352566283 ], [ -112.33293744032882, 57.974153555653885 ], [ -112.381631921960022, 57.955977792024669 ], [ -112.40818090260791, 57.937325081687831 ], [ -112.405237596993672, 57.92116032557297 ], [ -112.385405465893172, 57.906356733863383 ], [ -112.331469623676014, 57.882422867248053 ], [ -112.319006365923983, 57.871938704157827 ], [ -112.313475119995275, 57.86055288831345 ], [ -112.32841975493983, 57.828927605106479 ], [ -112.35020325873063, 57.802770590012912 ], [ -112.362473934638516, 57.775234707437804 ], [ -112.385442418506599, 57.757717823493763 ], [ -112.503193228945051, 57.744285428054781 ], [ -112.692771012454173, 57.713537416613889 ], [ -112.766350637001622, 57.698113819160554 ], [ -112.866100347274781, 57.680058671760754 ], [ -112.993727647724398, 57.664538350782429 ], [ -113.066772001353527, 57.658504037718913 ], [ -113.099009942601981, 57.657204212670145 ], [ -113.135047673119644, 57.651314377792808 ], [ -113.161073912662758, 57.638191125426168 ], [ -113.185256719005309, 57.618470493773565 ], [ -113.227732816640085, 57.590433343115684 ], [ -113.263933752040941, 57.574717462882347 ], [ -113.31515818714756, 57.561165677038758 ], [ -113.371201266374555, 57.554158262241415 ], [ -113.391072911181809, 57.541030571687095 ], [ -113.399254601674713, 57.523208856911694 ], [ -113.412538547654975, 57.503976987843842 ], [ -113.451915674315345, 57.484536344268079 ], [ -113.532835969738514, 57.468373443501768 ] ] ] ] } },
{ "type": "Feature", "properties": { "AREA": 85273916878.100006, "PERIMETER": 3069176.3916000002, "SOILGR_T83": 9, "SOILGR_T_1": 4063, "SOIL_CODE": "GL", "name": "Gray Luvisols (9)", "Shape_Leng": 3069176.3916000002, "Shape_Area": 85273916880.399994 }, "geometry": { "type": "MultiPolygon", "coordinates": [ [ [ [ -113.881224479366836, 55.722888885533557 ], [ -113.845384617490524, 55.715298192741081 ], [ -113.824133929554279, 55.707095801410929 ], [ -113.804318141185519, 55.701654516040207 ], [ -113.738227327001439, 55.711628318796315 ], [ -113.694334853824884, 55.69287069661646 ], [ -113.679215588404531, 55.689796276110634 ], [ -113.554015132023835, 55.691033060936128 ], [ -113.5108460586017, 55.685451111064971 ], [ -113.458725215602769, 55.681004935831631 ], [ -113.39815173835602, 55.68109696050832 ], [ -113.320552589353667, 55.683058034183411 ], [ -113.266660427291995, 55.680766958163964 ], [ -113.18612027602542, 55.669084065095994 ], [ -113.160855642847082, 55.662481985615976 ], [ -113.15154365102164, 55.658125428939208 ], [ -113.147254780652972, 55.651623429701736 ], [ -113.143933196390236, 55.633740232666753 ], [ -113.226096796820201, 55.634547007124951 ], [ -113.257076745534064, 55.630334030064986 ], [ -113.295921320519327, 55.608520489690761 ], [ -113.301668876072611, 55.587220825878674 ], [ -113.313943860663642, 55.564720788034187 ], [ -113.33488882062737, 55.544266074308091 ], [ -113.356677376063601, 55.535174194689539 ], [ -113.360672319431998, 55.533510536439756 ], [ -113.392911852005554, 55.532485721354739 ], [ -113.433036632020858, 55.533477481259382 ], [ -113.455366036230302, 55.525355089837838 ], [ -113.466735725978523, 55.513311546094307 ], [ -113.467322747198821, 55.49507750527853 ], [ -113.451533488583863, 55.481006743392498 ], [ -113.425930104936654, 55.469428771157432 ], [ -113.396784034303067, 55.462321198073312 ], [ -113.379181521653507, 55.451390710358041 ], [ -113.377635555849395, 55.440401808329888 ], [ -113.384076633931969, 55.419575075804545 ], [ -113.397355572315874, 55.403481488554206 ], [ -113.420699121688102, 55.391742316734501 ], [ -113.46527190037699, 55.395568544858328 ], [ -113.525307319636823, 55.407050279998373 ], [ -113.562773747029667, 55.409756970600021 ], [ -113.58761254599284, 55.420829983831574 ], [ -113.612069265183735, 55.437364225788023 ], [ -113.640239652027788, 55.447138121741041 ], [ -113.673779838233926, 55.449263639726198 ], [ -113.702708416066002, 55.448544205756974 ], [ -113.744781883004805, 55.454952203098628 ], [ -113.77743255178693, 55.470264041323283 ], [ -113.829047393330015, 55.490527675180196 ], [ -113.854403654784235, 55.495625944248033 ], [ -113.878109900288578, 55.489282013232526 ], [ -113.883371133382198, 55.482546969432143 ], [ -113.895697097631697, 55.453611521726124 ], [ -113.877816113547809, 55.432709311603624 ], [ -113.875921787212476, 55.424915536786152 ], [ -113.877702602428869, 55.422216805411779 ], [ -113.887636015137488, 55.417407557187182 ], [ -113.92080663988078, 55.412615230403809 ], [ -113.999869610135292, 55.41695424997269 ], [ -114.005700191770686, 55.413419267206194 ], [ -114.035945417703132, 55.416753746748618 ], [ -114.059487128628291, 55.424964970407977 ], [ -114.07884067593416, 55.436286667198495 ], [ -114.089727311155087, 55.455197501102333 ], [ -114.104404729390765, 55.464601231124526 ], [ -114.132214658465941, 55.469228843819764 ], [ -114.146965013790677, 55.464032869803134 ], [ -114.167081269931998, 55.463038520837252 ], [ -114.212660771167847, 55.465699499608327 ], [ -114.293039421220399, 55.477619887711036 ], [ -114.322077506591825, 55.474929678734853 ], [ -114.35543945712682, 55.466380601894606 ], [ -114.374674277090676, 55.45165609427211 ], [ -114.376201508472434, 55.43799937950569 ], [ -114.370129763233081, 55.401411378513295 ], [ -114.370201094368582, 55.384991972786239 ], [ -114.386073170014427, 55.372486883922882 ], [ -114.463125342422984, 55.368282024624783 ], [ -114.500850533679937, 55.38211031374928 ], [ -114.518562496286691, 55.380109057110779 ], [ -114.57140176261187, 55.380013047814614 ], [ -114.625520868444951, 55.38675279875234 ], [ -114.687887110103361, 55.38857245387689 ], [ -114.764484405132549, 55.394658247607651 ], [ -114.778733019776652, 55.379802446420257 ], [ -114.757804755413019, 55.364013162796759 ], [ -114.760270168925942, 55.343980070542955 ], [ -114.790598309303576, 55.326608844841999 ], [ -114.822097601174917, 55.318819264484667 ], [ -114.85954738734624, 55.321586996894872 ], [ -114.875561165971376, 55.320880537317606 ], [ -114.879830543722605, 55.314097581110907 ], [ -114.873066272157175, 55.303523441055354 ], [ -114.855183161187398, 55.291435025074627 ], [ -114.80288589222576, 55.281626607391438 ], [ -114.782350158040558, 55.276337559799494 ], [ -114.766764917632102, 55.267458620607584 ], [ -114.737607024365914, 55.258850589903936 ], [ -114.714923414314768, 55.248497767905064 ], [ -114.666815280394431, 55.218625403930808 ], [ -114.622984005012285, 55.201107468446246 ], [ -114.589602508322812, 55.199237841976959 ], [ -114.562024165372918, 55.209309545528058 ], [ -114.53507488226316, 55.222573338470653 ], [ -114.504572896892896, 55.226651725019025 ], [ -114.476023904909866, 55.223462758196973 ], [ -114.440003250866667, 55.210564489676692 ], [ -114.434328195734665, 55.181285069100873 ], [ -114.425293655265008, 55.171102222008983 ], [ -114.404984134324067, 55.163466963764193 ], [ -114.376562077008188, 55.158884266165479 ], [ -114.337294496612941, 55.163689538534527 ], [ -114.325385875932227, 55.163026479320663 ], [ -114.312233537260894, 55.155954353440151 ], [ -114.311163374416211, 55.14636047039351 ], [ -114.339683762795914, 55.11903110307945 ], [ -114.343091015179695, 55.099936625816866 ], [ -114.341412760799329, 55.086680695688344 ], [ -114.350897058316434, 55.072702603920845 ], [ -114.364848488446839, 55.064276014267534 ], [ -114.37076277445577, 55.057537204254089 ], [ -114.367635207068346, 55.041518783050662 ], [ -114.376450769637529, 55.024793284917791 ], [ -114.376974999319586, 55.014767557586559 ], [ -114.400975359750575, 54.995563802604032 ], [ -114.422925962853384, 54.984980569441788 ], [ -114.434825388542649, 54.969218257292006 ], [ -114.442659362502212, 54.939699251122882 ], [ -114.452543002464807, 54.932106934078085 ], [ -114.463267396213823, 54.907656407407117 ], [ -114.46756816330597, 54.88492105395688 ], [ -114.460565956018769, 54.851055357999094 ], [ -114.459202808876242, 54.830964958789117 ], [ -114.440028904020551, 54.757219791813782 ], [ -114.430920997762584, 54.734719241617015 ], [ -114.428094660876141, 54.712782617117554 ], [ -114.4117726948962, 54.662334870688952 ], [ -114.425521858358039, 54.639303911671249 ], [ -114.447499803000539, 54.624162517359963 ], [ -114.47385554922333, 54.615473564157718 ], [ -114.488425349193378, 54.6076781725384 ], [ -114.506113665501076, 54.598208049193296 ], [ -114.522403742028644, 54.5697325245863 ], [ -114.541864902716526, 54.507097436259834 ], [ -114.56825217699334, 54.495654944299822 ], [ -114.578278009081572, 54.499003448138957 ], [ -114.593741961392126, 54.520220631876086 ], [ -114.608556078133574, 54.521815897230638 ], [ -114.648366850909227, 54.507822783574426 ], [ -114.655698709646742, 54.501545879755085 ], [ -114.657508186434455, 54.496098145257179 ], [ -114.678182798728471, 54.471318019170326 ], [ -114.706630189787845, 54.447106294021651 ], [ -114.757679447505993, 54.423658972515689 ], [ -114.787784125749724, 54.414041442893996 ], [ -114.799499521468263, 54.408801825480168 ], [ -114.828487448728225, 54.39743710616623 ], [ -114.84586188917352, 54.393536056591017 ], [ -114.880580998793846, 54.392002041310953 ], [ -114.931197557715194, 54.397539431147941 ], [ -114.963018362420186, 54.403051287349129 ], [ -115.007871956304754, 54.416403467937776 ], [ -115.036821908077542, 54.421108712319231 ], [ -115.051297168253896, 54.421889844837366 ], [ -115.062875957059674, 54.420310762569912 ], [ -115.076794250629064, 54.418135666990125 ], [ -115.132250116308001, 54.395492769970559 ], [ -115.152111235225874, 54.337339521633631 ], [ -115.165086848058777, 54.321974897397432 ], [ -115.199595926628589, 54.315494043468448 ], [ -115.233174756594053, 54.313559039452166 ], [ -115.264278899157361, 54.316151417143772 ], [ -115.307312309989896, 54.310636096009659 ], [ -115.334777011505324, 54.304052999396177 ], [ -115.367045001734382, 54.292494586809781 ], [ -115.401365584056094, 54.290972645647486 ], [ -115.404529481354885, 54.289177273931074 ], [ -115.446051398503755, 54.279953589600701 ], [ -115.483151212017205, 54.259737591441755 ], [ -115.495990523911061, 54.243878995302509 ], [ -115.538856386258814, 54.207275939076844 ], [ -115.547752407965248, 54.19229687767649 ], [ -115.538114665669198, 54.172159785380295 ], [ -115.520454812742898, 54.163363617818277 ], [ -115.487266721259004, 54.154894238130716 ], [ -115.39293219170186, 54.139960405119687 ], [ -115.377285051207892, 54.134935532615984 ], [ -115.377178330844359, 54.091914441920814 ], [ -115.384540203604033, 54.073113165649005 ], [ -115.379393466186485, 54.048884850563034 ], [ -115.36730718691409, 54.025603785659577 ], [ -115.346025732728023, 54.006025725508294 ], [ -115.323306013954664, 53.991028553787707 ], [ -115.290562230438852, 53.976528087695137 ], [ -115.243263135610746, 53.968023828848523 ], [ -115.202098081738285, 53.955359193678866 ], [ -115.191967110188742, 53.949900024565842 ], [ -115.189417207445004, 53.935266065884591 ], [ -115.192409621981028, 53.929304502379253 ], [ -115.202305729648899, 53.920575563959282 ], [ -115.284400195246107, 53.892796107946609 ], [ -115.322665430337324, 53.876608770161674 ], [ -115.354116012938277, 53.868225327306156 ], [ -115.372554692851068, 53.864932568981992 ], [ -115.423824023944789, 53.882975130250244 ], [ -115.441490822718748, 53.879674663136903 ], [ -115.449740695965858, 53.869106043025319 ], [ -115.429923928911222, 53.844037927636705 ], [ -115.418181316862075, 53.83540678174554 ], [ -115.392457460442458, 53.820895668283057 ], [ -115.369968426655376, 53.81322520411014 ], [ -115.349099964072735, 53.809209893995096 ], [ -115.309033196205917, 53.807561797504071 ], [ -115.282676353709107, 53.797605576055993 ], [ -115.282469743389612, 53.786164164065546 ], [ -115.287656518172355, 53.775159523504207 ], [ -115.296776422382351, 53.769166865997292 ], [ -115.314164277037634, 53.753072506317451 ], [ -115.328588484144944, 53.743394767870328 ], [ -115.336725733727576, 53.726881232011905 ], [ -115.333265366928771, 53.706758100894518 ], [ -115.315257097708582, 53.688535190673591 ], [ -115.29421244707342, 53.671234192227487 ], [ -115.251558442306745, 53.645321527676387 ], [ -115.246760641922108, 53.633893507784428 ], [ -115.252532409595588, 53.612817421498285 ], [ -115.272276958084333, 53.602667089160057 ], [ -115.289132078610336, 53.602596212276175 ], [ -115.342276142255159, 53.617005778173777 ], [ -115.366826517977245, 53.618264082166029 ], [ -115.3974165254795, 53.614902505599467 ], [ -115.40475525092765, 53.599303543725249 ], [ -115.398976733697594, 53.579193908945456 ], [ -115.373987432979604, 53.555062941477104 ], [ -115.349728974664899, 53.527718689782077 ], [ -115.324085955978987, 53.506325925308182 ], [ -115.293876891717119, 53.484484519085647 ], [ -115.266157924116314, 53.472242714595907 ], [ -115.126018099460651, 53.392630489650557 ], [ -115.112105876339925, 53.378935175291694 ], [ -115.111782731569363, 53.355595492295421 ], [ -115.129796485648384, 53.33677408648964 ], [ -115.181655983844081, 53.293128366789198 ], [ -115.205628662991941, 53.270157858521458 ], [ -115.224264081639589, 53.247660063143087 ], [ -115.233003006892261, 53.224738397972857 ], [ -115.234149434855695, 53.202303351461332 ], [ -115.22466863203671, 53.179452635165553 ], [ -115.208386717325453, 53.157539564462269 ], [ -115.186867843323625, 53.13884762010683 ], [ -115.152636378667637, 53.130263261795072 ], [ -115.123130618084517, 53.133557344235726 ], [ -115.101298601640011, 53.144149096126718 ], [ -115.07949032345077, 53.157479616427601 ], [ -115.052342471402667, 53.169446022398148 ], [ -115.032696299363977, 53.175442107002702 ], [ -114.981823512423247, 53.170503312602392 ], [ -114.96279700745788, 53.164127390253419 ], [ -114.946742628772341, 53.150874724094081 ], [ -114.929102678930732, 53.129385941044831 ], [ -114.899151220706685, 53.083644117472176 ], [ -114.867126712153024, 53.054376194133326 ], [ -114.855656449501112, 53.03836413020732 ], [ -114.849483468204085, 53.021890120083164 ], [ -114.847752303825814, 52.993051466920818 ], [ -114.796835663079079, 52.944092183064996 ], [ -114.774884110861521, 52.931731622282719 ], [ -114.717882912430028, 52.91651816994586 ], [ -114.700371828571747, 52.920706094339394 ], [ -114.623580910909595, 52.926736093299695 ], [ -114.585607505996094, 52.928133353498865 ], [ -114.537105316105951, 52.926631942989623 ], [ -114.504592002948243, 52.923474359176552 ], [ -114.46625766009825, 52.913343840436688 ], [ -114.440354712934763, 52.895098759919662 ], [ -114.430736691934243, 52.866957915836004 ], [ -114.438391028034943, 52.843175556011303 ], [ -114.45168943855559, 52.830948443957787 ], [ -114.478733980419648, 52.814760951262791 ], [ -114.486936126722668, 52.796036307705286 ], [ -114.476933076058103, 52.778918310460881 ], [ -114.455574902867554, 52.762566221765731 ], [ -114.442055014222177, 52.738508380586936 ], [ -114.438969911930783, 52.718721225596838 ], [ -114.450283629047888, 52.697283738646249 ], [ -114.465023707224802, 52.685528848501356 ], [ -114.493094385285218, 52.680835924527265 ], [ -114.544009478277943, 52.692491748801125 ], [ -114.600082219798679, 52.733120871005355 ], [ -114.619414556603274, 52.742987630188985 ], [ -114.644976329461315, 52.746956732849128 ], [ -114.670639686920751, 52.747705427669764 ], [ -114.686755211028824, 52.739156007152907 ], [ -114.688587441678877, 52.728152710361265 ], [ -114.682858782105228, 52.717529456318999 ], [ -114.665842387185506, 52.70585813665145 ], [ -114.649463991972041, 52.698323523017457 ], [ -114.638429234913218, 52.68901332727031 ], [ -114.633386628796302, 52.681150799780106 ], [ -114.634574896760924, 52.666926411768436 ], [ -114.650721394003625, 52.656547154776646 ], [ -114.682470437343767, 52.653687020162856 ], [ -114.714639493167681, 52.662304477002159 ], [ -114.770419030852693, 52.690446437206717 ], [ -114.792243254380452, 52.692510632211324 ], [ -114.818071500571563, 52.685880269772944 ], [ -114.822263056654791, 52.669846564429761 ], [ -114.819464056466117, 52.661554624902365 ], [ -114.798849446151124, 52.642976129438871 ], [ -114.771499100859387, 52.623409862967044 ], [ -114.768601432908525, 52.591692349506808 ], [ -114.78035015832981, 52.574820041887648 ], [ -114.807844846480364, 52.559484168579047 ], [ -114.826491708164525, 52.536704739687892 ], [ -114.832501004448758, 52.50782962302327 ], [ -114.824945042980858, 52.480661733620963 ], [ -114.799745824652405, 52.439991955578236 ], [ -114.774341585248933, 52.408503572764076 ], [ -114.716102190447259, 52.321087317105473 ], [ -114.676244805495728, 52.251299180805361 ], [ -114.672897396877289, 52.212683557666701 ], [ -114.692890413805429, 52.166517010724895 ], [ -114.685872235556459, 52.125560338345785 ], [ -114.664473768371323, 52.093170672990901 ], [ -114.577103987495477, 52.030601392704575 ], [ -114.553923001980905, 52.011487480593708 ], [ -114.532573176306528, 51.982284344378769 ], [ -114.52317919733953, 51.9513903504157 ], [ -114.547893808337832, 51.920923679111951 ], [ -114.54938176739725, 51.874093579589079 ], [ -114.533622127013999, 51.857360372526927 ], [ -114.49457483062757, 51.851352729867578 ], [ -114.459359884413757, 51.86375752309381 ], [ -114.410738625544539, 51.898941317690117 ], [ -114.379086256166261, 51.913665060427753 ], [ -114.359802144010118, 51.91385862958397 ], [ -114.348969875823727, 51.905897286397767 ], [ -114.355657602988558, 51.88486365351914 ], [ -114.334297589045406, 51.872489263874549 ], [ -114.363824814849607, 51.850619591254627 ], [ -114.439731049543113, 51.788594457786154 ], [ -114.464755104392268, 51.755240741436523 ], [ -114.479468619103116, 51.721400605874166 ], [ -114.494166321734696, 51.669240449493145 ], [ -114.500042543603641, 51.623930416914192 ], [ -114.514686445145898, 51.590539043269459 ], [ -114.526389005489705, 51.573626587055124 ], [ -114.546129524703332, 51.561759310278418 ], [ -114.577540336830936, 51.537549898594868 ], [ -114.604477020149162, 51.486313561198202 ], [ -114.602958855960452, 51.457010359078936 ], [ -114.60216292294534, 51.424498075231654 ], [ -114.609368153430992, 51.384218343945605 ], [ -114.627509138711588, 51.355851788358919 ], [ -114.639956878020612, 51.342617768847383 ], [ -114.720940765799057, 51.364316550983908 ], [ -114.732405611435084, 51.367383939106659 ], [ -114.766618050435554, 51.364641943991742 ], [ -114.83641356175859, 51.349060423074093 ], [ -114.877154924609997, 51.3458245381252 ], [ -114.939805427946368, 51.350786028260984 ], [ -114.974729816433822, 51.348894761132058 ], [ -115.000120254111238, 51.340606967648952 ], [ -115.029741602832729, 51.321312328013036 ], [ -115.06593774745896, 51.306576833381527 ], [ -115.090018236683761, 51.31292429713875 ], [ -115.114318365303745, 51.331359153936816 ], [ -115.149828300213741, 51.344985887288935 ], [ -115.169227242501165, 51.347787574459275 ], [ -115.182995107641716, 51.360904971502634 ], [ -115.183896888310727, 51.37521641107508 ], [ -115.177525228649671, 51.405737078106583 ], [ -115.200610455732345, 51.441371248639967 ], [ -115.255416396401813, 51.464371939893887 ], [ -115.27462914701718, 51.478481312552681 ], [ -115.285120699850012, 51.494463035393196 ], [ -115.307337366346246, 51.553882608940569 ], [ -115.327318760578009, 51.567068421360041 ], [ -115.370726409636788, 51.580133524169042 ], [ -115.388532495098858, 51.592861912923347 ], [ -115.396128245935756, 51.607012725068252 ], [ -115.397099932869537, 51.61936891851105 ], [ -115.393373042728669, 51.653730064227801 ], [ -115.403762141005203, 51.697631839226453 ], [ -115.427423858250606, 51.743288819403674 ], [ -115.431717469787301, 51.773942093089076 ], [ -115.440138067692544, 51.790376145344311 ], [ -115.461896214580861, 51.811313368448111 ], [ -115.49106066150668, 51.833573575773428 ], [ -115.560489674898321, 51.876161988163723 ], [ -115.58531731048113, 51.897967292116505 ], [ -115.609945397971629, 51.910613194312248 ], [ -115.684701765914284, 51.922413251470189 ], [ -115.727762895604926, 51.933519949396889 ], [ -115.765264272192738, 51.956102298750807 ], [ -115.796991390880635, 51.981931792806442 ], [ -115.842114808940678, 52.009916138243852 ], [ -115.891700586069788, 52.061200797064934 ], [ -115.9393041148046, 52.116138421227284 ], [ -115.968165966833368, 52.138282439805273 ], [ -116.008710645752387, 52.154348541084183 ], [ -116.100199202050788, 52.184492731810209 ], [ -116.143271105453692, 52.206436623417879 ], [ -116.167246175097219, 52.232715182321463 ], [ -116.176127606097239, 52.251839945459047 ], [ -116.166683819299323, 52.277592040884535 ], [ -116.161457581928005, 52.282815945044064 ], [ -116.154020629391567, 52.298306154790723 ], [ -116.141941701061569, 52.309501485218597 ], [ -116.162154588514028, 52.333056474477949 ], [ -116.196464501355123, 52.336561042714671 ], [ -116.206760686562589, 52.338969786070152 ], [ -116.213581345749887, 52.34400453759239 ], [ -116.214734856702421, 52.356101140791857 ], [ -116.209164023976143, 52.365370561065212 ], [ -116.193519334932503, 52.377364899623387 ], [ -116.175656356791336, 52.380212559486345 ], [ -116.156154366513817, 52.386751834979428 ], [ -116.140925355496066, 52.395058154406975 ], [ -116.127731555079293, 52.408842958688226 ], [ -116.129447546765547, 52.420565823704173 ], [ -116.139808592871887, 52.424084316727601 ], [ -116.156738538943443, 52.426765190722307 ], [ -116.178937113364299, 52.426424359410277 ], [ -116.210331472824421, 52.417120802577045 ], [ -116.239815269016248, 52.41498267790012 ], [ -116.280316436393932, 52.440454127318127 ], [ -116.331131159071376, 52.455606902661451 ], [ -116.37329368381188, 52.47820595669203 ], [ -116.402237497398986, 52.484619397924952 ], [ -116.420096516004747, 52.496780839888501 ], [ -116.434791338070596, 52.517016472533747 ], [ -116.462360151628189, 52.542817035954634 ], [ -116.471333690942842, 52.555514217533322 ], [ -116.493792430531187, 52.579360814049622 ], [ -116.531163354605511, 52.602521112978998 ], [ -116.600325258614092, 52.637102430188961 ], [ -116.636117434662097, 52.65207597532968 ], [ -116.681228579845595, 52.667875084001864 ], [ -116.708809803014375, 52.666673158584942 ], [ -116.722287940282243, 52.662930453589567 ], [ -116.738189151367976, 52.649003819237322 ], [ -116.740086768607981, 52.642467809509334 ], [ -116.752128492504525, 52.630245760946046 ], [ -116.765343270720564, 52.623941638783698 ], [ -116.785706555309488, 52.627999528221657 ], [ -116.792613439273779, 52.632253666613977 ], [ -116.799579069197549, 52.640900862343734 ], [ -116.804515001796275, 52.66716489463272 ], [ -116.836830366408336, 52.695025359409641 ], [ -116.850307899037091, 52.696335947871852 ], [ -116.855114380584254, 52.703668237015329 ], [ -116.850810026218383, 52.70861530356413 ], [ -116.833951799341236, 52.733770905111079 ], [ -116.829633718125137, 52.746713900047006 ], [ -116.834817712030727, 52.771635152802233 ], [ -116.833268207053123, 52.797627313947885 ], [ -116.800873725864236, 52.813190183017277 ], [ -116.777920538071058, 52.822149203334391 ], [ -116.758592742719429, 52.836730396609958 ], [ -116.75072082457568, 52.858214645107111 ], [ -116.733313708826927, 52.868872649240274 ], [ -116.731808503788955, 52.889290375002076 ], [ -116.756554919536725, 52.907537905485484 ], [ -116.795857816231972, 52.930168562346758 ], [ -116.836159555872086, 52.940025892346235 ], [ -116.939456327199551, 52.949551147311794 ], [ -116.96598096494867, 52.956163371909213 ], [ -116.951060361161311, 52.97803314706028 ], [ -116.972629666367467, 52.992011646029475 ], [ -117.006584638223202, 53.007068684128697 ], [ -117.082565467884052, 53.026572189025302 ], [ -117.120789533053753, 53.034215222461995 ], [ -117.147075500034163, 53.034277702615938 ], [ -117.162160326616842, 53.027019234024472 ], [ -117.184711159929776, 53.024483471573163 ], [ -117.252952928434397, 53.037514800420347 ], [ -117.270920183380099, 53.046986822505716 ], [ -117.268593018164594, 53.058572041270658 ], [ -117.26966416764725, 53.067636724107622 ], [ -117.278245511514328, 53.077709206792555 ], [ -117.294761553025509, 53.082055831363405 ], [ -117.326739124407567, 53.077494907203231 ], [ -117.358282805102633, 53.08523047037032 ], [ -117.38907169993108, 53.096197553729468 ], [ -117.465021395236178, 53.101515310638291 ], [ -117.49660106300685, 53.110832324807618 ], [ -117.533460834522572, 53.130634769538446 ], [ -117.575256939516706, 53.159050374937287 ], [ -117.591105016528104, 53.184703875621331 ], [ -117.576796266425205, 53.194810509023661 ], [ -117.55569039071986, 53.196506690011866 ], [ -117.544006971782508, 53.202450939367978 ], [ -117.539861258714382, 53.213095520610182 ], [ -117.556459061890251, 53.227618852824413 ], [ -117.592296356966941, 53.231836909660977 ], [ -117.621336236560907, 53.229029148326092 ], [ -117.658277141611563, 53.22093758692877 ], [ -117.702230580143578, 53.228539113681862 ], [ -117.707048688530278, 53.246830949183426 ], [ -117.695288137821805, 53.27276231791982 ], [ -117.651635511447481, 53.299927857378016 ], [ -117.619971792761575, 53.322586392678311 ], [ -117.595472298920328, 53.341118171209715 ], [ -117.580017388503151, 53.3568359457337 ], [ -117.56713510058357, 53.363473713138767 ], [ -117.588368313623675, 53.387662257533364 ], [ -117.607779381157272, 53.399473278766791 ], [ -117.654306548374109, 53.40974560990616 ], [ -117.687030661307489, 53.408000346432388 ], [ -117.706747353096119, 53.401846189862667 ], [ -117.734640237720896, 53.390045597763759 ], [ -117.772400315851442, 53.377433974477782 ], [ -117.809353637147652, 53.365301475857301 ], [ -117.842266142543679, 53.356734891282336 ], [ -117.881576165772813, 53.356901506444849 ], [ -117.913772982169434, 53.359455940639172 ], [ -117.950565772361742, 53.372086141694481 ], [ -118.049785880312072, 53.43593448564318 ], [ -118.086520197505237, 53.469329552139357 ], [ -118.090695912669361, 53.483381826042766 ], [ -118.074279620366539, 53.506862997278276 ], [ -118.056856323959565, 53.511282078845518 ], [ -118.013435496718458, 53.511081444835384 ], [ -117.998998196601022, 53.512933919445182 ], [ -117.991641742048841, 53.529658234965069 ], [ -118.005298421720298, 53.54459506484249 ], [ -118.03670839968791, 53.563964589660195 ], [ -118.089578526929785, 53.58287491532338 ], [ -118.118762271143581, 53.59764878004502 ], [ -118.154816078376186, 53.619153591621533 ], [ -118.184756927522272, 53.633035885378774 ], [ -118.285069067030406, 53.655531514638334 ], [ -118.319731400215559, 53.665487041057148 ], [ -118.394915422568587, 53.696434179872284 ], [ -118.422415965860793, 53.714183149279584 ], [ -118.428932023782721, 53.732570884327863 ], [ -118.420017360517079, 53.749929377020656 ], [ -118.394731364737183, 53.759928917511466 ], [ -118.346856480026744, 53.772096430201564 ], [ -118.297917520614646, 53.781096376537732 ], [ -118.253901142666635, 53.796975483117421 ], [ -118.218338463062238, 53.825017022346408 ], [ -118.193441002427477, 53.855117529236118 ], [ -118.155685413027328, 53.910098123211185 ], [ -118.150160879974578, 53.931985754699369 ], [ -118.179054249730825, 53.949268101740245 ], [ -118.206203103018808, 53.959438309710571 ], [ -118.24501713063718, 53.958704214984664 ], [ -118.280050410126861, 53.954414698239745 ], [ -118.309478377742735, 53.942866511407509 ], [ -118.390147250756371, 53.898436878109791 ], [ -118.425015361864808, 53.882304986123408 ], [ -118.461986264192618, 53.867639236044148 ], [ -118.517918804248694, 53.856361148909592 ], [ -118.559088957974893, 53.855474071889518 ], [ -118.655191124034445, 53.869526790375254 ], [ -118.747747343071481, 53.876323259068485 ], [ -118.767840567033048, 53.880146504206358 ], [ -118.936235597884462, 53.909034444466606 ], [ -118.976450845483043, 53.922496951268784 ], [ -119.010182923741027, 53.938824596569212 ], [ -119.041103852508513, 53.960606754392785 ], [ -119.064718352005471, 53.98326407846735 ], [ -119.072417409173667, 54.009651447616527 ], [ -119.074112263716145, 54.036386283287406 ], [ -119.062846148125942, 54.059671418899377 ], [ -119.032578985027854, 54.077189546608679 ], [ -118.980199267964181, 54.088629490545145 ], [ -118.941360900463209, 54.088386194508843 ], [ -118.895486218231028, 54.09086698944823 ], [ -118.852725378181304, 54.100389106731278 ], [ -118.828163628363413, 54.109092129426017 ], [ -118.816665237722631, 54.124155332288673 ], [ -118.831176415285029, 54.144950433200052 ], [ -118.863417587621711, 54.164086989855335 ], [ -118.918027198188014, 54.185628456380073 ], [ -118.992806456413348, 54.223330257809494 ], [ -119.044389144937114, 54.24574374643511 ], [ -119.074579928025969, 54.256589033448613 ], [ -119.11053309773088, 54.263266155572211 ], [ -119.14796416692873, 54.266948342842561 ], [ -119.191380355777412, 54.268827004196794 ], [ -119.219424334287979, 54.282780412605568 ], [ -119.237435488024289, 54.30136041964812 ], [ -119.246150495738888, 54.327069576924146 ], [ -119.249265505221274, 54.347220961455434 ], [ -119.24804490944237, 54.372443091339044 ], [ -119.263378198448663, 54.413179960795247 ], [ -119.320662566989682, 54.451753694815181 ], [ -119.354023205154306, 54.461878823157349 ], [ -119.413711011580673, 54.49141716421066 ], [ -119.457320358249987, 54.525943241834661 ], [ -119.481720702616002, 54.538996317424491 ], [ -119.514342119317433, 54.545136077767737 ], [ -119.53906362482401, 54.541611150444375 ], [ -119.555822216414569, 54.536204325691784 ], [ -119.575614110863839, 54.52308386854552 ], [ -119.587100119644788, 54.502333749605057 ], [ -119.585247460629475, 54.479206752671573 ], [ -119.578063832545979, 54.447795496316139 ], [ -119.580265847652072, 54.43225876364469 ], [ -119.591675925881603, 54.412734970629934 ], [ -119.607922534037996, 54.405966867828667 ], [ -119.628926961590295, 54.402019675740789 ], [ -119.658419426789422, 54.39884750676125 ], [ -119.679768542935989, 54.398694397169336 ], [ -119.71805437345057, 54.401313392670566 ], [ -119.755229817873911, 54.411943529258956 ], [ -119.799679889196256, 54.429190218560869 ], [ -119.835343039142643, 54.446458871410506 ], [ -119.864929336546595, 54.469222138106446 ], [ -119.882848526546255, 54.48633660452689 ], [ -119.944537582672709, 54.511597300873007 ], [ -119.989255150891211, 54.552793847023807 ], [ -120.000499009393451, 54.563134010223671 ], [ -120.001393797397881, 54.563956515896223 ], [ -120.001393540467205, 54.578520948307613 ], [ -120.001393462797324, 54.598288615914569 ], [ -120.001395118170919, 54.666359469919513 ], [ -120.001394414629559, 54.673957023554046 ], [ -120.001392485495202, 54.714991813778759 ], [ -120.001392063520029, 54.72231928954897 ], [ -120.001391445357669, 54.73642061565274 ], [ -120.001391561455222, 54.740264372980768 ], [ -120.001391153301583, 54.754991353922208 ], [ -120.001389867519933, 54.791246403232137 ], [ -120.001389267665928, 54.80511828147602 ], [ -120.001389480529227, 54.821024534760973 ], [ -120.001389414159988, 54.840207864285823 ], [ -120.00138838922787, 54.937557088954989 ], [ -120.001388532441609, 54.999963591040142 ], [ -120.001396154844912, 55.073760213893621 ], [ -120.001400269031322, 55.111317330718791 ], [ -120.001400690450694, 55.112487481295538 ], [ -120.001402461042488, 55.126934475126944 ], [ -120.001405327840786, 55.146998213179607 ], [ -120.001408764991012, 55.170473387536234 ], [ -120.001408980586845, 55.171774060758594 ], [ -120.001412063741682, 55.199560801735785 ], [ -120.001414617439252, 55.216694566411185 ], [ -120.001418535526639, 55.243257053958523 ], [ -120.001418294597983, 55.257705096391618 ], [ -120.001413361516427, 55.286778715317276 ], [ -120.001407572490464, 55.352165427331776 ], [ -120.001411144184459, 55.446849765995985 ], [ -120.001315316643257, 55.490344981163418 ], [ -120.001412447559417, 55.50497762787051 ], [ -120.001412886537096, 55.512484975152432 ], [ -120.001412859176241, 55.519434238164258 ], [ -120.001413319643135, 55.537081912926766 ], [ -120.001413089740453, 55.548518485510833 ], [ -120.001415214291214, 55.583039592133744 ], [ -120.00141814658123, 55.663368758522239 ], [ -120.001418462895614, 55.676906927563394 ], [ -120.001419576627924, 55.726122218372282 ], [ -120.001420553131624, 55.754710679212664 ], [ -120.001373986518274, 55.754717079720557 ], [ -119.966079361996464, 55.758393330362367 ], [ -119.943274929721312, 55.765431276660728 ], [ -119.883304547184977, 55.800413726497268 ], [ -119.855048245406721, 55.810325039111319 ], [ -119.780795517164876, 55.821948969496646 ], [ -119.735612355396796, 55.833204780943397 ], [ -119.695717048790414, 55.840200090530409 ], [ -119.657857799783798, 55.842569077348635 ], [ -119.62575558177538, 55.83611492516166 ], [ -119.548853704261973, 55.815756761109313 ], [ -119.537405268822482, 55.814223237105011 ], [ -119.517181287678724, 55.814280828906718 ], [ -119.491135034464961, 55.822683727351624 ], [ -119.4809891454411, 55.837979716667803 ], [ -119.495271455979335, 55.865430600589434 ], [ -119.51461790872402, 55.874516281453595 ], [ -119.547579829023874, 55.881431082934746 ], [ -119.612986505287637, 55.888414705796258 ], [ -119.640174373971064, 55.903662208489763 ], [ -119.629391408173433, 55.950439475931006 ], [ -119.594695528323726, 55.973222577800229 ], [ -119.56225479349672, 55.984081981017496 ], [ -119.512436006606677, 55.991269549669724 ], [ -119.453216337786913, 55.992739471659881 ], [ -119.350069246241091, 55.982928778975399 ], [ -119.290718961534751, 55.982504324518558 ], [ -119.215892535362855, 55.970098936988641 ], [ -119.177979802924582, 55.96229247294977 ], [ -119.161926038720864, 55.941683663551302 ], [ -119.168158054389764, 55.914650071050431 ], [ -119.186114512841584, 55.904677160695762 ], [ -119.221902045104059, 55.894751172119072 ], [ -119.258896125620737, 55.879315488431303 ], [ -119.289391323336275, 55.864023922116473 ], [ -119.305443171766882, 55.85088283165895 ], [ -119.30549835676986, 55.829456106943319 ], [ -119.274486922846179, 55.814684804560599 ], [ -119.239041069023926, 55.805471795977041 ], [ -119.20441203613386, 55.807625974096901 ], [ -119.160673636129516, 55.806786617198092 ], [ -119.11368101452355, 55.781843408999343 ], [ -119.080388443557666, 55.767525776366547 ], [ -119.025043782529167, 55.736803037631745 ], [ -119.018402366393559, 55.731150243414845 ], [ -119.015641326539622, 55.728797984642185 ], [ -119.019887912296099, 55.707285665630813 ], [ -119.014763463754193, 55.690529775170219 ], [ -118.994277497380324, 55.685490678452126 ], [ -118.962928959380235, 55.687052933143889 ], [ -118.918862738929732, 55.691601086796197 ], [ -118.887337615636596, 55.690414611571796 ], [ -118.883002221405661, 55.685486940436057 ], [ -118.889264853886573, 55.669409056678205 ], [ -118.910954466157648, 55.655299838737321 ], [ -118.940556760325052, 55.639195885105586 ], [ -118.987909571109583, 55.624086529838493 ], [ -119.070826513624226, 55.611842468911398 ], [ -119.101499810020883, 55.601150413126177 ], [ -119.106146467168827, 55.586459216903442 ], [ -119.095900347034714, 55.577567357790933 ], [ -119.024648421258135, 55.557678903051588 ], [ -118.994628621059547, 55.553296341197715 ], [ -118.935209966758677, 55.554070190797546 ], [ -118.88636082984118, 55.556882230902126 ], [ -118.836864282654957, 55.562425521722339 ], [ -118.803199013522459, 55.563994664060047 ], [ -118.792626231850008, 55.561921145684707 ], [ -118.765493370772475, 55.551501376676875 ], [ -118.726442050260133, 55.543126382520917 ], [ -118.695971191074463, 55.544150359324419 ], [ -118.672899417854467, 55.548223538504601 ], [ -118.639061500166122, 55.561145119896572 ], [ -118.608512845189679, 55.575822069904966 ], [ -118.57297282629564, 55.58784421971211 ], [ -118.53695595349221, 55.591202986840877 ], [ -118.499729522878127, 55.586827271459633 ], [ -118.474492958914681, 55.580868067806108 ], [ -118.441440046318547, 55.563187994711193 ], [ -118.412331791211088, 55.543842157469548 ], [ -118.390627797827463, 55.52664074379534 ], [ -118.380390890160498, 55.497632870521308 ], [ -118.376028942275852, 55.45713724107857 ], [ -118.390541441268169, 55.442321136325397 ], [ -118.411712322760366, 55.432862787008887 ], [ -118.437873060200033, 55.428409403050864 ], [ -118.480982154830727, 55.424425866188479 ], [ -118.541001182392137, 55.423405245932493 ], [ -118.585304665035594, 55.428102705802743 ], [ -118.804188765331105, 55.445012770599043 ], [ -118.883376118053164, 55.442538600966117 ], [ -119.015933730876171, 55.435253768974434 ], [ -119.055437196279996, 55.438969122667466 ], [ -119.084014586101489, 55.447014253295585 ], [ -119.136987040037624, 55.471830043418372 ], [ -119.179316160769446, 55.480915271145101 ], [ -119.256718861247833, 55.48644033719836 ], [ -119.278830899213133, 55.492767747855346 ], [ -119.307408353000639, 55.510785879943214 ], [ -119.342096478931794, 55.524099681105412 ], [ -119.387694244255471, 55.532576373307677 ], [ -119.482124760966911, 55.538457688511464 ], [ -119.523712399584227, 55.536047997117301 ], [ -119.544346165419, 55.532790020239638 ], [ -119.572932129286556, 55.518382549846386 ], [ -119.616644088714168, 55.502664378575801 ], [ -119.667611468614837, 55.497677873760821 ], [ -119.705678422555607, 55.492109551547266 ], [ -119.738430492850853, 55.490312884430068 ], [ -119.792459498752123, 55.502974658273168 ], [ -119.836970718584965, 55.50720993783878 ], [ -119.871487183182296, 55.507155888027469 ], [ -119.954967103753418, 55.488818387726717 ], [ -119.987071266310195, 55.475327892514322 ], [ -119.993318564118127, 55.463469515373134 ], [ -119.991060122096485, 55.455829544947065 ], [ -119.984219939163793, 55.447854681216356 ], [ -119.937246488535024, 55.424133001793315 ], [ -119.894846451351114, 55.397080376913287 ], [ -119.881862681648244, 55.37647672149329 ], [ -119.883684967369589, 55.360472617094459 ], [ -119.896869131547476, 55.346420001051996 ], [ -119.89924615404, 55.32766124997606 ], [ -119.883996727237289, 55.31760743192617 ], [ -119.86040308629785, 55.31368642764108 ], [ -119.806103731532019, 55.323338478979771 ], [ -119.766786261129923, 55.332209201683852 ], [ -119.742769858754556, 55.335571681514892 ], [ -119.7221304444857, 55.337169403026763 ], [ -119.712617601043434, 55.331854025610596 ], [ -119.72070946035393, 55.317037258348407 ], [ -119.740257760881505, 55.301027655868047 ], [ -119.76791015789766, 55.282816441650404 ], [ -119.794688451280493, 55.261194582608255 ], [ -119.802532426052025, 55.241791049271782 ], [ -119.79080349016823, 55.222578707948614 ], [ -119.765790566286057, 55.214745248958138 ], [ -119.728687778566822, 55.221443927130707 ], [ -119.70592957655029, 55.230938689765892 ], [ -119.692086911969596, 55.235221381673725 ], [ -119.616335604982055, 55.252750059658332 ], [ -119.584405483917692, 55.247017459293851 ], [ -119.568227708564478, 55.242432794477232 ], [ -119.545883562035073, 55.233293278213964 ], [ -119.528576368826364, 55.222788157192703 ], [ -119.520024695641524, 55.211906426819937 ], [ -119.52163974703231, 55.199216025494955 ], [ -119.535195702993548, 55.179822159353492 ], [ -119.55866762127043, 55.163214223348461 ], [ -119.592877258841312, 55.152793220897948 ], [ -119.625122904662376, 55.145892966689161 ], [ -119.660646781684306, 55.139753849884052 ], [ -119.691752974825931, 55.130359131742409 ], [ -119.726484121066662, 55.118268325693521 ], [ -119.757905228467806, 55.105396501226608 ], [ -119.797660181991688, 55.089386894840615 ], [ -119.828823125200813, 55.074902412801748 ], [ -119.846621569119165, 55.064912337470709 ], [ -119.847114365806831, 55.058920633202703 ], [ -119.844748179816094, 55.053754331155965 ], [ -119.810783872982924, 55.049782207659135 ], [ -119.775690935594881, 55.049291717045392 ], [ -119.74225087499056, 55.046192529814249 ], [ -119.728070433794542, 55.03810049089801 ], [ -119.727938941305482, 55.033812450680685 ], [ -119.733647289734691, 55.028905395256061 ], [ -119.749987571010735, 55.019914895617063 ], [ -119.756099825161201, 55.019238939008709 ], [ -119.761170422124081, 55.014139255314191 ], [ -119.760694069307291, 55.010008710856937 ], [ -119.752932517697502, 55.006163856997006 ], [ -119.731957653762947, 55.003504710300405 ], [ -119.702850029509491, 55.005940935639579 ], [ -119.647060319330862, 55.014357814941981 ], [ -119.599006953072987, 55.018054928525288 ], [ -119.535594785506476, 55.007013811237314 ], [ -119.514152854084202, 55.000816434536432 ], [ -119.446628449045818, 54.99472985640476 ], [ -119.420889910445695, 54.998793286692631 ], [ -119.405971877673892, 55.000334919464784 ], [ -119.368410371089951, 54.99868330324756 ], [ -119.344242754578005, 54.996010232921272 ], [ -119.301096710972558, 54.994109208525671 ], [ -119.241287293237747, 54.992411254476039 ], [ -119.177922017441063, 54.994260595566601 ], [ -119.129866967522602, 54.998000467293572 ], [ -119.090403846279742, 55.000464975119392 ], [ -119.074626691433139, 55.001539878711277 ], [ -119.044679464769345, 55.003850698774798 ], [ -119.01150069137428, 55.002149085579404 ], [ -118.968261414758501, 55.002886195685839 ], [ -118.924328218712418, 55.004552335926491 ], [ -118.89214282109819, 55.000945539883809 ], [ -118.856680750231746, 54.992634560868474 ], [ -118.822279052941624, 54.979228252253336 ], [ -118.796102004842993, 54.968263674998326 ], [ -118.76422336290895, 54.95199614015123 ], [ -118.736598748805605, 54.934420271183932 ], [ -118.709744450725054, 54.916351805159564 ], [ -118.648744481095122, 54.877934714865553 ], [ -118.616530286398103, 54.864851923959606 ], [ -118.594708041908532, 54.852546298090012 ], [ -118.581666586579857, 54.852774590861493 ], [ -118.56799529615823, 54.85463001849827 ], [ -118.56020860261971, 54.859945792593628 ], [ -118.556197605816919, 54.867421958130741 ], [ -118.554657000063358, 54.879863344329657 ], [ -118.554132288645192, 54.894559898614986 ], [ -118.549093080873007, 54.91170480138674 ], [ -118.534235600166042, 54.921853274338368 ], [ -118.510776302540137, 54.929311584963763 ], [ -118.466557111592664, 54.943660843674621 ], [ -118.446851233730186, 54.945017536251981 ], [ -118.429580355942264, 54.938719097683354 ], [ -118.407662771194651, 54.921110978856674 ], [ -118.403626865118909, 54.912071199842657 ], [ -118.388770085285543, 54.905915445931292 ], [ -118.355644075724754, 54.907703416241176 ], [ -118.320251089554333, 54.910704663667389 ], [ -118.284145959282696, 54.901791561870674 ], [ -118.272534630520042, 54.896204160707327 ], [ -118.252276447561641, 54.891355813247309 ], [ -118.220609762038521, 54.891682301242625 ], [ -118.192597860042639, 54.897386974732044 ], [ -118.165680635653487, 54.902139099507359 ], [ -118.112544041651191, 54.892790014830645 ], [ -118.107096913279406, 54.88493299502538 ], [ -118.106243780077378, 54.87074289366273 ], [ -118.112122551143131, 54.85657386152743 ], [ -118.114100169903708, 54.847568727780811 ], [ -118.106819367279357, 54.836785878145484 ], [ -118.081309677872227, 54.839180850385496 ], [ -118.071289245607176, 54.84224125715982 ], [ -118.058367264259047, 54.848369232937451 ], [ -118.050573912766083, 54.854340004208176 ], [ -118.016948471438184, 54.873021300200648 ], [ -118.001181333237398, 54.883126211997734 ], [ -117.966769251510613, 54.907092382117909 ], [ -117.967543112971185, 54.916238814266578 ], [ -117.960950012347936, 54.932027364451926 ], [ -117.953647196158386, 54.934768524627721 ], [ -117.963879502140799, 54.952575367433546 ], [ -117.966290764847244, 54.97635138617742 ], [ -117.961214031888403, 54.991405643926377 ], [ -117.936266521038604, 55.020580882140059 ], [ -117.908658620460599, 55.03262646305096 ], [ -117.859954043256678, 55.034964376529864 ], [ -117.82931135331846, 55.044328811740485 ], [ -117.798838632887851, 55.055975168615987 ], [ -117.78779009296251, 55.081739905264627 ], [ -117.794837655464633, 55.095064439815054 ], [ -117.79969440540728, 55.120607750181136 ], [ -117.782387218958817, 55.133249912283745 ], [ -117.755875405339353, 55.155546218656191 ], [ -117.757507915376664, 55.175906735815907 ], [ -117.771973657340567, 55.182152450344077 ], [ -117.803993699923865, 55.193164852018462 ], [ -117.820477841482173, 55.204390485269982 ], [ -117.8289069269604, 55.239000528730095 ], [ -117.83389123392314, 55.251008196149876 ], [ -117.836456290640868, 55.252045764831983 ], [ -117.847923418508046, 55.254269658029727 ], [ -117.872891920330318, 55.26127002730707 ], [ -117.916823187205637, 55.284906063156718 ], [ -117.974949581155343, 55.302416798674749 ], [ -117.986486441343544, 55.311844047199628 ], [ -117.996816278761358, 55.33131030750166 ], [ -118.00267880611878, 55.359039211880855 ], [ -117.99867217650305, 55.379603889630353 ], [ -117.984764172603406, 55.392540818187122 ], [ -117.963561824815585, 55.403292270009054 ], [ -117.945241868665079, 55.405799420890588 ], [ -117.934974109817745, 55.409572148206806 ], [ -117.934578661748048, 55.420518235815379 ], [ -117.948627635681447, 55.432195816841094 ], [ -117.948336825849012, 55.445873458620788 ], [ -117.938177807745504, 55.452831936916603 ], [ -117.867208780863024, 55.463259102360517 ], [ -117.832369190032821, 55.475969692897081 ], [ -117.807239509383649, 55.491752496221622 ], [ -117.78743180960258, 55.499265279547075 ], [ -117.761049701779541, 55.502291816539945 ], [ -117.715805122607264, 55.492746568331413 ], [ -117.674885394265004, 55.492712830299631 ], [ -117.656492836685274, 55.494718908472706 ], [ -117.627562150485062, 55.493185540084234 ], [ -117.554867700847922, 55.475643075019377 ], [ -117.433392562208027, 55.460288366323702 ], [ -117.401747702446002, 55.444134080038232 ], [ -117.381309021047571, 55.426517589315822 ], [ -117.381763055340556, 55.389275771967689 ], [ -117.391468703785435, 55.375804370351752 ], [ -117.390826760667352, 55.365169860505418 ], [ -117.370908538065862, 55.344264037774884 ], [ -117.328276847579488, 55.328493496817572 ], [ -117.314259966822576, 55.319327059565609 ], [ -117.307459934138336, 55.302069157158449 ], [ -117.312246472920123, 55.284533404125462 ], [ -117.307743609467011, 55.259885181424657 ], [ -117.292701427724325, 55.25039425530273 ], [ -117.274396471947739, 55.239833875292433 ], [ -117.272804374672731, 55.228177992697198 ], [ -117.289929710993917, 55.204157975963433 ], [ -117.324608602389119, 55.168929723422217 ], [ -117.344989207773438, 55.158112013748386 ], [ -117.397109525689245, 55.134120537251846 ], [ -117.432005112762255, 55.11513229924536 ], [ -117.461800308199884, 55.097635344714654 ], [ -117.478997720614402, 55.087793998076776 ], [ -117.497667900484799, 55.071035696079804 ], [ -117.493584915129361, 55.058762882653348 ], [ -117.480480865669364, 55.05359896429939 ], [ -117.472754544511233, 55.045774903368354 ], [ -117.476946214509695, 55.032370783111105 ], [ -117.477025853006694, 55.01723369537342 ], [ -117.451755180466904, 55.013762002670738 ], [ -117.406303810103623, 55.011473118696216 ], [ -117.362681816498636, 55.012567019318141 ], [ -117.311523360141791, 55.013824763568834 ], [ -117.282827299160346, 55.000770085789469 ], [ -117.259226539483265, 54.986435951411025 ], [ -117.213323441918661, 54.958648091592451 ], [ -117.204994844174308, 54.952653107176225 ], [ -117.179632889186635, 54.940872052599964 ], [ -117.161771794659415, 54.940597842030769 ], [ -117.144174321608745, 54.944443834972034 ], [ -117.13145941197125, 54.950238462711035 ], [ -117.112540625594789, 54.970842357636961 ], [ -117.086452844006658, 54.991377496538959 ], [ -117.049582935228358, 55.005038984429568 ], [ -117.009744301856912, 55.016004544381829 ], [ -116.980040417239394, 55.03063656993541 ], [ -116.970664314984688, 55.059720722739577 ], [ -116.977140348780125, 55.081353742959585 ], [ -116.98168103412921, 55.110364719854623 ], [ -116.980826547275129, 55.122531387272375 ], [ -116.962188396258313, 55.143789107760377 ], [ -116.945467750758851, 55.157441926995858 ], [ -116.933557500601111, 55.171676882652754 ], [ -116.923350393082046, 55.19458751721357 ], [ -116.910319886572509, 55.210446974031555 ], [ -116.885380317349473, 55.227699012304619 ], [ -116.857893175234395, 55.242709717194209 ], [ -116.826118923787334, 55.252985856385102 ], [ -116.777608299019519, 55.271608783931683 ], [ -116.765197361412262, 55.278500980790412 ], [ -116.735770116036164, 55.296042424977593 ], [ -116.727242310680097, 55.301023137535822 ], [ -116.708096377543441, 55.302079323445412 ], [ -116.690590260766442, 55.296460905597584 ], [ -116.687266008450393, 55.294506402718447 ], [ -116.668745798141771, 55.284025791963153 ], [ -116.640052025693336, 55.265785464133849 ], [ -116.591953071048792, 55.232949044215651 ], [ -116.582915855782147, 55.22087930338666 ], [ -116.561282979924727, 55.166200190965064 ], [ -116.537388961473567, 55.154370253655919 ], [ -116.503971088307594, 55.148466509203793 ], [ -116.468970301396055, 55.144834035574043 ], [ -116.419657725251298, 55.142559473226875 ], [ -116.37985740834219, 55.155312077360811 ], [ -116.33290261513514, 55.158469341273921 ], [ -116.204980252581379, 55.130483539150958 ], [ -116.176419799948263, 55.121767610397015 ], [ -116.141509609384116, 55.113482267495066 ], [ -116.112891611066772, 55.11386403900665 ], [ -116.099353064802827, 55.116562826028641 ], [ -116.101476445980438, 55.144374072021925 ], [ -116.155996545356629, 55.190103257665122 ], [ -116.161079931030329, 55.252112018692436 ], [ -116.141769357363032, 55.272127078070461 ], [ -116.11769027225202, 55.287566119036647 ], [ -116.090452215862854, 55.297517475708112 ], [ -116.072866441514918, 55.299291444622234 ], [ -116.031401790548472, 55.29369248351545 ], [ -116.013090991636503, 55.289071903145278 ], [ -115.990925322940527, 55.273489460740336 ], [ -115.968032362862218, 55.253804784930317 ], [ -115.963351640941241, 55.245579815978992 ], [ -115.921490978818639, 55.21623549671714 ], [ -115.875183843587124, 55.221957215227611 ], [ -115.832699424807132, 55.236796231864105 ], [ -115.786726097970345, 55.26710627059154 ], [ -115.757870268043504, 55.274242846136033 ], [ -115.728351491190338, 55.273622070436446 ], [ -115.66720099443971, 55.258660740692378 ], [ -115.614985911988356, 55.238262947927353 ], [ -115.580743294262888, 55.236201338481614 ], [ -115.544058329564223, 55.236393386490903 ], [ -115.490139558643364, 55.224135868123952 ], [ -115.452220896931223, 55.21061420434134 ], [ -115.419942651094885, 55.195762197266887 ], [ -115.381165656142883, 55.186312338062343 ], [ -115.350663404523658, 55.194711664171962 ], [ -115.330815723947424, 55.220064795283605 ], [ -115.312920147296296, 55.286923105880554 ], [ -115.27961482284357, 55.305765725887781 ], [ -115.232965402634278, 55.315802365503906 ], [ -115.187581247654109, 55.335406507524041 ], [ -115.148755690423485, 55.372852299599067 ], [ -115.133311013754039, 55.37998087244722 ], [ -115.137126052014381, 55.385496190456095 ], [ -115.158384676553553, 55.39620388750744 ], [ -115.183879586060712, 55.400114507870711 ], [ -115.21435616599409, 55.398599475033826 ], [ -115.253847883615194, 55.390325172152423 ], [ -115.291614399295895, 55.385664717051405 ], [ -115.310726953528174, 55.389033490568444 ], [ -115.328031497381502, 55.399681393577481 ], [ -115.331758398401931, 55.409285838489858 ], [ -115.323193622251949, 55.42835788066202 ], [ -115.332425855619334, 55.441664619061527 ], [ -115.346114100652542, 55.439509572905521 ], [ -115.370637547699701, 55.42239787940489 ], [ -115.37941145135072, 55.423840751925631 ], [ -115.392841696957419, 55.430796730087366 ], [ -115.426683745687086, 55.423783632696455 ], [ -115.454154711624568, 55.414887902273286 ], [ -115.485934639349679, 55.393252631001367 ], [ -115.512679915473498, 55.37977963986404 ], [ -115.531169440272492, 55.376270782814068 ], [ -115.554006639796711, 55.357743830707946 ], [ -115.587991894074747, 55.340201607375874 ], [ -115.628886822130212, 55.334549495419282 ], [ -115.6617024580775, 55.332483499543407 ], [ -115.680828827635494, 55.335336307508427 ], [ -115.683754278519132, 55.349034770450359 ], [ -115.67478522262752, 55.357638886653547 ], [ -115.668779812057963, 55.377661923363114 ], [ -115.694932782724138, 55.390587714500391 ], [ -115.735573226012889, 55.400400447978669 ], [ -115.771349635231005, 55.414734563473729 ], [ -115.794519052405491, 55.418047327614062 ], [ -115.824288037295361, 55.409992922676743 ], [ -115.879851298221539, 55.389742037520655 ], [ -115.905508779577048, 55.386664244569559 ], [ -115.943050172653173, 55.392291237262832 ], [ -115.969365547987252, 55.400144921107263 ], [ -115.992360926729702, 55.418466453803156 ], [ -116.020270238981283, 55.429501467047757 ], [ -116.043538970551779, 55.426387866960276 ], [ -116.066873964461891, 55.416432250898112 ], [ -116.090795795072736, 55.427441003006876 ], [ -116.105096862603077, 55.44024499606104 ], [ -116.136803444223858, 55.481354108028739 ], [ -116.156727753266011, 55.497808141450655 ], [ -116.217605473958216, 55.516164952700976 ], [ -116.227966626644374, 55.528490527177901 ], [ -116.214929724844211, 55.557186860201028 ], [ -116.211574595288027, 55.578149171595406 ], [ -116.193020448198254, 55.586318892450244 ], [ -116.176122807514218, 55.58719690883806 ], [ -116.15363039069031, 55.58350447927905 ], [ -116.146477004450986, 55.572999240944263 ], [ -116.148283974840581, 55.548843873148435 ], [ -116.13482187874996, 55.525563496091841 ], [ -116.075697713565503, 55.494865602932791 ], [ -116.057274283917721, 55.491619043272784 ], [ -116.036390189799221, 55.493375578929978 ], [ -115.977540469610886, 55.514600232493486 ], [ -115.942175720387681, 55.517197376250181 ], [ -115.910141772125698, 55.511142741692346 ], [ -115.882048400643967, 55.510562019877405 ], [ -115.853850587295327, 55.516816791483535 ], [ -115.80957338122947, 55.523437642006222 ], [ -115.769419473470009, 55.523224801803558 ], [ -115.738969519782302, 55.519412042757338 ], [ -115.705411952840649, 55.51055734151403 ], [ -115.672745095000408, 55.498047722379845 ], [ -115.621460934816469, 55.494071032921859 ], [ -115.518197092050912, 55.482860513945027 ], [ -115.460389602929638, 55.484237883796268 ], [ -115.391648952828561, 55.503732891294099 ], [ -115.347813471388989, 55.520680396072109 ], [ -115.303365077797636, 55.529851136323437 ], [ -115.270393383531768, 55.530912770609291 ], [ -115.238942216809676, 55.534713412861016 ], [ -115.19588259957834, 55.549330643168872 ], [ -115.148137012498097, 55.558872944279294 ], [ -115.103127261406442, 55.558393575561901 ], [ -115.048608276720131, 55.55414445248659 ], [ -115.023062066754179, 55.549293432298519 ], [ -114.949482523762683, 55.518789020473328 ], [ -114.892244159971952, 55.503946641124209 ], [ -114.88432445734334, 55.521172524227545 ], [ -114.869540093742799, 55.529194463366508 ], [ -114.846903713566093, 55.532553012894134 ], [ -114.755215566813547, 55.534526134279929 ], [ -114.697371961017069, 55.534177064676591 ], [ -114.639211623109134, 55.540636667342575 ], [ -114.58802327791048, 55.552189496947534 ], [ -114.547183420472393, 55.565251684203318 ], [ -114.502668937186385, 55.586905988290269 ], [ -114.429399988898638, 55.618567166494174 ], [ -114.3704628955972, 55.636289581550379 ], [ -114.308826631435466, 55.643446519744565 ], [ -114.263661115316921, 55.644029074947099 ], [ -114.166562324520768, 55.650483419734528 ], [ -114.004002212115992, 55.671553899513434 ], [ -113.934808013172017, 55.668797769461293 ], [ -113.91944425729767, 55.669396213341187 ], [ -113.903929743813123, 55.672270307088823 ], [ -113.894647962762662, 55.678466455491197 ], [ -113.893573086784613, 55.682551595252846 ], [ -113.916891807218349, 55.70857326775058 ], [ -113.915639247529356, 55.715389864203843 ], [ -113.899060431475007, 55.721890301667628 ], [ -113.881224479366836, 55.722888885533557 ] ] ] ] } },
{ "type": "Feature", "properties": { "AREA": 41605072810.699997, "PERIMETER": 2550997.8671200001, "SOILGR_T83": 10, "SOILGR_T_1": 4066, "SOIL_CODE": "DGCDGGL", "name": "Dark Gray Chernozemics, Dark Gray - Gray Luvisols (10)", "Shape_Leng": 2550997.8664299999, "Shape_Area": 41605072814.900002 }, "geometry": { "type": "MultiPolygon", "coordinates": [ [ [ [ -112.497837348233418, 55.419896250203628 ], [ -112.434365916046531, 55.40475023052845 ], [ -112.364556919995366, 55.372595161438014 ], [ -112.325566246907925, 55.350960786185354 ], [ -112.259678149280759, 55.308320580463779 ], [ -112.236786116908206, 55.286935647764302 ], [ -112.223452104338648, 55.266631874221957 ], [ -112.217338679026142, 55.246001291012583 ], [ -112.222054006121056, 55.216898511021171 ], [ -112.230674199024961, 55.189233352683942 ], [ -112.234480505008918, 55.161939543460733 ], [ -112.2251440889913, 55.142161996672677 ], [ -112.203301953320903, 55.118054355354261 ], [ -112.098866995917888, 55.062303606013025 ], [ -111.879174568651393, 54.951329965363065 ], [ -111.865713922480808, 54.939141627877795 ], [ -111.836991765022219, 54.930071852152324 ], [ -111.786357267149157, 54.911376819302603 ], [ -111.75902028057989, 54.894300942681198 ], [ -111.738448823159814, 54.865675139357386 ], [ -111.739179756452302, 54.838196168006924 ], [ -111.760506232906636, 54.821465864036206 ], [ -111.784731379318501, 54.802506120561823 ], [ -111.787042177353186, 54.786056875447613 ], [ -111.77961903656157, 54.761842701260598 ], [ -111.785789024904446, 54.740895004994982 ], [ -111.812447143953946, 54.725871837476056 ], [ -111.85250754818604, 54.728305243882247 ], [ -111.875378536919186, 54.729545385632825 ], [ -111.885764319175976, 54.726376987609157 ], [ -111.890067434340367, 54.720420608057154 ], [ -111.890825471701419, 54.710527780145071 ], [ -111.881669065064784, 54.697753340863855 ], [ -111.869272610165297, 54.686310995864666 ], [ -111.857996483520068, 54.678534836738535 ], [ -111.84793197797228, 54.672763541714112 ], [ -111.812746594783931, 54.65141354276863 ], [ -111.754689696208089, 54.625667488967736 ], [ -111.712999500440958, 54.603000806008524 ], [ -111.701290782807817, 54.596749034058512 ], [ -111.675872306600596, 54.583165839816779 ], [ -111.624846169070295, 54.549492472957397 ], [ -111.559422357149955, 54.509967142129 ], [ -111.52443850053244, 54.479138910471704 ], [ -111.482098435113073, 54.442629545724053 ], [ -111.464235045823358, 54.440600584774693 ], [ -111.452006139286837, 54.446952828813167 ], [ -111.444673105265494, 54.450672865929818 ], [ -111.428268789079326, 54.450049012718381 ], [ -111.417448116485971, 54.437871086688666 ], [ -111.402607932095734, 54.432242941952026 ], [ -111.387422200998671, 54.436224248775076 ], [ -111.376924239518004, 54.445364618723872 ], [ -111.370367492970331, 54.459179495304255 ], [ -111.358701351768957, 54.478143395387249 ], [ -111.343125256377533, 54.50181453477407 ], [ -111.320995586991998, 54.523723856478973 ], [ -111.300565641851861, 54.538794510521846 ], [ -111.284400385583439, 54.544573502032883 ], [ -111.256637646888876, 54.547989674076767 ], [ -111.237291706688836, 54.558954174776346 ], [ -111.230331592867202, 54.56725285131207 ], [ -111.221126178319537, 54.578931324360624 ], [ -111.205693584695297, 54.594575040765704 ], [ -111.180854610029215, 54.60492671992904 ], [ -111.162842388264053, 54.603996333288727 ], [ -111.158386831084144, 54.586692420271753 ], [ -111.16788388897389, 54.567006655968079 ], [ -111.181326964161897, 54.546963726567739 ], [ -111.175051178899125, 54.537403540659277 ], [ -111.156935339383494, 54.538074509129274 ], [ -111.126134574338224, 54.5542168621418 ], [ -111.109275918700916, 54.56316274319353 ], [ -111.086315309636575, 54.574459628356543 ], [ -111.064595414026385, 54.580290681967462 ], [ -111.039758707763696, 54.572051447487773 ], [ -111.021078713265084, 54.551831565094666 ], [ -110.976559244600793, 54.535474151111416 ], [ -110.905060176354638, 54.535985927885982 ], [ -110.832650928947956, 54.542155720322462 ], [ -110.783878311283416, 54.543017709962619 ], [ -110.767514747273395, 54.541621688926107 ], [ -110.73539645634537, 54.536540782986123 ], [ -110.710098060304588, 54.534177528844708 ], [ -110.661858041002318, 54.533632289641027 ], [ -110.644782291414629, 54.535636172974627 ], [ -110.621993771186027, 54.531725115215188 ], [ -110.600908052520367, 54.526490352985448 ], [ -110.581494690632695, 54.524282830428085 ], [ -110.561703417280967, 54.525959461017905 ], [ -110.526966956183543, 54.535867984252164 ], [ -110.495753224118914, 54.541753910832114 ], [ -110.486079858783299, 54.54029902107024 ], [ -110.475552838415041, 54.535607420065247 ], [ -110.47322094442174, 54.527510151907684 ], [ -110.468794114466704, 54.516827718183187 ], [ -110.451692224318478, 54.503440423307474 ], [ -110.433609054625947, 54.499877321171333 ], [ -110.404072221691422, 54.500978699147183 ], [ -110.374324770533434, 54.504130365879419 ], [ -110.338516903225369, 54.508908240033108 ], [ -110.291731597455509, 54.505975459939314 ], [ -110.258331040876669, 54.495221221074083 ], [ -110.22171224277038, 54.474266788279621 ], [ -110.203320609639277, 54.462861476028266 ], [ -110.159582594794088, 54.454020443417406 ], [ -110.131039093035156, 54.446146884863595 ], [ -110.115025636826829, 54.434814301954752 ], [ -110.108620651612085, 54.414418445787 ], [ -110.109596172357541, 54.398174859405913 ], [ -110.104131325937956, 54.387209864783522 ], [ -110.090081631068912, 54.383275862525124 ], [ -110.073197882286593, 54.383828513085007 ], [ -110.056593312289962, 54.388967568462078 ], [ -110.046207269036302, 54.398001481736436 ], [ -110.03252694056637, 54.408514617119231 ], [ -110.02282734515353, 54.41481604672763 ], [ -110.012547755334353, 54.421106278426755 ], [ -110.005703673201765, 54.425292185923936 ], [ -110.005701883737586, 54.413193693340524 ], [ -110.005697061232709, 54.35344852466482 ], [ -110.00568974262309, 54.29452773762263 ], [ -110.005688961295377, 54.29082804184614 ], [ -110.005687597752711, 54.285926605171511 ], [ -110.005685963009427, 54.271739985883919 ], [ -110.005681545217271, 54.244163238642685 ], [ -110.005680893931597, 54.236529725239599 ], [ -110.023585901669108, 54.241079926493285 ], [ -110.04944934015721, 54.247044526054026 ], [ -110.088281358205904, 54.255761608536943 ], [ -110.122112776698643, 54.256719921733335 ], [ -110.153324408750905, 54.252995038430591 ], [ -110.194699359312722, 54.241589993015019 ], [ -110.237385553247535, 54.22861174094313 ], [ -110.255180748885067, 54.218671591164387 ], [ -110.264023051887975, 54.21232355929866 ], [ -110.28280117653803, 54.204020487375395 ], [ -110.311434767515436, 54.205896656832017 ], [ -110.308908995323023, 54.219110148327033 ], [ -110.312081395127478, 54.237550234215448 ], [ -110.329087328016143, 54.246600450704442 ], [ -110.351495311431933, 54.244822458281632 ], [ -110.395817221678897, 54.249951981365854 ], [ -110.410789311466758, 54.26006879135636 ], [ -110.460744312090313, 54.267647442724957 ], [ -110.483627225385561, 54.257150751898834 ], [ -110.509957517109072, 54.239196196699055 ], [ -110.531001183837702, 54.227258663505779 ], [ -110.566975415585176, 54.221970682060793 ], [ -110.619598605554458, 54.221774796916442 ], [ -110.657478559255992, 54.225002157616032 ], [ -110.692237577365518, 54.228352947660142 ], [ -110.738526899248555, 54.229285634017032 ], [ -110.790450821746902, 54.228307008721011 ], [ -110.849881579677003, 54.226152746296123 ], [ -110.873241807838838, 54.222011828292345 ], [ -110.91583580774217, 54.211772469860776 ], [ -110.962783258157998, 54.195910070897241 ], [ -110.971309603585212, 54.182856324559111 ], [ -110.968135513972541, 54.165581540719501 ], [ -110.966420889232225, 54.144904716382541 ], [ -110.963274716089501, 54.136336298411706 ], [ -110.946983012271687, 54.118002963376696 ], [ -110.93153995774442, 54.107942883701853 ], [ -110.913752278485632, 54.093684140832465 ], [ -110.891948660904063, 54.076558256801434 ], [ -110.887866196056521, 54.056733911499165 ], [ -110.887830794431721, 54.043896095746277 ], [ -110.89157670076888, 54.027732301868646 ], [ -110.885200194377148, 54.007608674353762 ], [ -110.86883112926516, 53.995446691353642 ], [ -110.838623928595837, 53.986551013722142 ], [ -110.823228873860458, 53.985413010429802 ], [ -110.799093130210338, 53.982410404539607 ], [ -110.777237571740045, 53.979933134850441 ], [ -110.764194162931815, 53.974271700836589 ], [ -110.748409221972608, 53.968988590908992 ], [ -110.732961121334128, 53.968525454692163 ], [ -110.717304379833223, 53.970347696050418 ], [ -110.703744903934236, 53.970393688934521 ], [ -110.683314628670743, 53.965191845706784 ], [ -110.665587598066793, 53.955939894281116 ], [ -110.651816443033155, 53.945892766162153 ], [ -110.62433129298384, 53.929458361541656 ], [ -110.598603842741994, 53.915133768636707 ], [ -110.581085182235768, 53.908171174907046 ], [ -110.565051255512842, 53.901935870128696 ], [ -110.540566542216126, 53.903227662679079 ], [ -110.517173122450757, 53.905234810456456 ], [ -110.487888985698618, 53.900171023304701 ], [ -110.474680701607241, 53.892873118580091 ], [ -110.458227444215382, 53.879276406832439 ], [ -110.443584922435505, 53.874904099678915 ], [ -110.417258051347034, 53.879317984922274 ], [ -110.383516086104322, 53.880501920368076 ], [ -110.345891838714806, 53.870315025207795 ], [ -110.337460424279755, 53.858114901008378 ], [ -110.342824703336817, 53.843166199325751 ], [ -110.350242715969628, 53.830803826793016 ], [ -110.349626161539959, 53.817715053879589 ], [ -110.333873524119056, 53.805499689465847 ], [ -110.31009946758553, 53.784988552113461 ], [ -110.277886681658089, 53.768086412533684 ], [ -110.260530724905166, 53.768183130948636 ], [ -110.233980864807904, 53.778969667220217 ], [ -110.219787681532708, 53.789484265700686 ], [ -110.203715135262229, 53.803144575315542 ], [ -110.191688914426976, 53.811209026425111 ], [ -110.156846166307631, 53.815961404134853 ], [ -110.137045782141186, 53.798761720710345 ], [ -110.132170182531951, 53.790110726366152 ], [ -110.124154221184369, 53.774697131951562 ], [ -110.117458648618694, 53.768730317114382 ], [ -110.094826706013237, 53.764032559785264 ], [ -110.075805344077168, 53.772527709091442 ], [ -110.058352880117582, 53.784285051453821 ], [ -110.039603065884776, 53.78292844302878 ], [ -110.005601749804697, 53.770742380915742 ], [ -110.005595782113033, 53.717493051551166 ], [ -110.005595310383811, 53.715125406303301 ], [ -110.005597016323719, 53.701239304236289 ], [ -110.005597095422189, 53.699321800239062 ], [ -110.00560359673652, 53.650763143598319 ], [ -110.005604998855461, 53.636548389081618 ], [ -110.005605731035104, 53.634495868034989 ], [ -110.005609088815945, 53.602726451789295 ], [ -110.005608823698054, 53.59920198877851 ], [ -110.005616719847325, 53.529681390528964 ], [ -110.061263643800999, 53.527933870172212 ], [ -110.083269661349448, 53.529716147798439 ], [ -110.101085577100136, 53.5349996496562 ], [ -110.159544393994324, 53.569341961269593 ], [ -110.181228379437172, 53.589419906585576 ], [ -110.196901941579654, 53.601015515850392 ], [ -110.231863574073728, 53.611512845092435 ], [ -110.256194291753403, 53.621141201999599 ], [ -110.330786891518102, 53.642267335553761 ], [ -110.391600269860206, 53.663751003671379 ], [ -110.416494285417329, 53.676116900709928 ], [ -110.478255293657526, 53.696673241129304 ], [ -110.507549132531892, 53.703682002263776 ], [ -110.595661086878707, 53.706339276797351 ], [ -110.667688935669844, 53.700132766788379 ], [ -110.742090477348953, 53.684347242503826 ], [ -110.785739234997223, 53.677110340483395 ], [ -110.833724309596249, 53.672749176273186 ], [ -110.893085406513038, 53.660957937876844 ], [ -110.9120024198252, 53.655158526742738 ], [ -110.940259515521333, 53.638663558499807 ], [ -110.976608304595459, 53.598610518928453 ], [ -110.989560098275703, 53.581160872444713 ], [ -111.00540599427309, 53.565633655378804 ], [ -111.042328253267158, 53.535655757954629 ], [ -111.056051309317084, 53.526922327063836 ], [ -111.084190071226161, 53.51955647612008 ], [ -111.115876765802966, 53.51549397490512 ], [ -111.178225772278935, 53.520138069913891 ], [ -111.213804789670235, 53.524866284694504 ], [ -111.244672664803332, 53.531280292937453 ], [ -111.319834140868949, 53.538973606167417 ], [ -111.343127163708544, 53.544682690380121 ], [ -111.354650226241517, 53.544099140676302 ], [ -111.367748609077708, 53.553176295672394 ], [ -111.388427212661554, 53.563381047879538 ], [ -111.409484663887284, 53.568554894426526 ], [ -111.429787604033692, 53.56317108894924 ], [ -111.44766566638161, 53.550936847334711 ], [ -111.463858008440582, 53.536648205429742 ], [ -111.482871905964529, 53.527560054592506 ], [ -111.513606049872649, 53.525654186686623 ], [ -111.56733592808051, 53.533981322851552 ], [ -111.634507457235074, 53.536226219276948 ], [ -111.69188255384276, 53.53634931270755 ], [ -111.716754556941211, 53.542024287135405 ], [ -111.736780096367227, 53.55169563290243 ], [ -111.750099694865398, 53.570348756771757 ], [ -111.754841282799617, 53.591529464145303 ], [ -111.756872833832276, 53.619050787913309 ], [ -111.749567375554761, 53.648630643358175 ], [ -111.728605835834131, 53.675565805850503 ], [ -111.696699271587391, 53.704966664236807 ], [ -111.681602156090875, 53.723810418771798 ], [ -111.677236403055531, 53.742928218873672 ], [ -111.685428311153814, 53.758246812418335 ], [ -111.708314552075365, 53.772570645372809 ], [ -111.737846127984412, 53.779734617156713 ], [ -111.776697943830399, 53.785752429283981 ], [ -111.848985138515715, 53.786627897797018 ], [ -111.913309445684916, 53.791847417453788 ], [ -111.942722580425482, 53.801701029107761 ], [ -111.9619871574114, 53.814060982799333 ], [ -111.980984660307485, 53.830989739064051 ], [ -112.012780343105788, 53.853245451559246 ], [ -112.031561622059399, 53.861457122531647 ], [ -112.040123740552474, 53.873102039387192 ], [ -112.036310163312152, 53.885372061849566 ], [ -112.020164591788529, 53.897363157499413 ], [ -112.012241163690902, 53.913663685030784 ], [ -112.02695566268298, 53.938721475897871 ], [ -112.110966289797048, 53.968546389177028 ], [ -112.14973834871671, 53.97993023427648 ], [ -112.181090349760851, 53.986108107030915 ], [ -112.198597554146772, 53.99106487071171 ], [ -112.194773842564345, 54.01799189394297 ], [ -112.185659440868491, 54.04251477867831 ], [ -112.188316503570334, 54.050357612177898 ], [ -112.200699990464884, 54.064354979206264 ], [ -112.215070292550777, 54.070616464648708 ], [ -112.242756061717515, 54.074407490277757 ], [ -112.278483651590776, 54.072865177181775 ], [ -112.316047865064064, 54.065862138068042 ], [ -112.386875352127447, 54.044402459343026 ], [ -112.417460477720354, 54.03677121504596 ], [ -112.447055010184499, 54.033230614158754 ], [ -112.484838440235052, 54.036245010170092 ], [ -112.508371128008534, 54.045846714819803 ], [ -112.535106193912256, 54.069697596365586 ], [ -112.556500529563777, 54.076043579195549 ], [ -112.587361746927513, 54.078901964689656 ], [ -112.621865576020539, 54.079526420171909 ], [ -112.656275236401171, 54.080139122380231 ], [ -112.68975476788998, 54.076604978812782 ], [ -112.711753340739136, 54.069659806426777 ], [ -112.734979625927053, 54.070059197975944 ], [ -112.788829871308437, 54.079200857549559 ], [ -112.814516922397274, 54.076419287643517 ], [ -112.84305985720458, 54.060404559705013 ], [ -112.877751258507018, 54.044937010966713 ], [ -112.909921884143756, 54.033998014617225 ], [ -112.945066425069854, 54.027854369379554 ], [ -112.965241885717617, 54.024321441366489 ], [ -113.018020151562169, 54.020072634696128 ], [ -113.082275720386761, 54.019163549600187 ], [ -113.197282221896486, 54.028056986990087 ], [ -113.322684897888735, 54.053900670207177 ], [ -113.359485138346429, 54.067155347924846 ], [ -113.388773828941169, 54.07253316076654 ], [ -113.428940333728434, 54.077111132080944 ], [ -113.453597833294737, 54.082421431788838 ], [ -113.541310101111733, 54.108987275852279 ], [ -113.558045108142011, 54.122888483032668 ], [ -113.570880650498111, 54.138121352349025 ], [ -113.584595423379625, 54.149240200159085 ], [ -113.595377317237407, 54.153008201721143 ], [ -113.633602181698564, 54.144226445437567 ], [ -113.662710970615166, 54.125274162558654 ], [ -113.680623429581814, 54.121780560573235 ], [ -113.693003763383842, 54.123264422912378 ], [ -113.717652397835835, 54.132179814595112 ], [ -113.745345568272668, 54.14477707760215 ], [ -113.778563795436398, 54.15329663078505 ], [ -113.804944400222254, 54.153970331785963 ], [ -113.827590062126561, 54.145915842502546 ], [ -113.858091230114667, 54.131507047646949 ], [ -113.883169827879243, 54.115219564731419 ], [ -113.912193143646292, 54.093005483698803 ], [ -113.941704506710934, 54.033719907450035 ], [ -113.953826105238704, 53.996275715502385 ], [ -113.985596033859437, 53.931500602174573 ], [ -114.020257302516981, 53.874514012283704 ], [ -114.028185287923947, 53.856257243536625 ], [ -114.029898452415068, 53.84161855535379 ], [ -114.015543825811037, 53.818189518909676 ], [ -113.99645629488198, 53.805249038424833 ], [ -113.982752625473964, 53.79325955378048 ], [ -113.979941098425229, 53.772643535978936 ], [ -113.986292138880756, 53.757127319957675 ], [ -113.988044486579028, 53.740205161882869 ], [ -113.985909386799889, 53.726914448394481 ], [ -113.979888370905215, 53.717264015410628 ], [ -113.95464581900147, 53.709312984602143 ], [ -113.928690251003829, 53.698144337656196 ], [ -113.910423413335693, 53.687031090621502 ], [ -113.902210007933192, 53.671407886173284 ], [ -113.905754624195652, 53.638936896379533 ], [ -113.914366430610869, 53.626641677446756 ], [ -113.963223846115838, 53.583960227637967 ], [ -113.998179649327071, 53.543917436599642 ], [ -114.014421056258655, 53.529372162045036 ], [ -114.073566720094348, 53.505021633535101 ], [ -114.093254119742582, 53.447920870213046 ], [ -114.113336681704467, 53.423319214716436 ], [ -114.111508962604915, 53.383485605960885 ], [ -114.103384876131145, 53.37602823774602 ], [ -114.085470362380363, 53.364291485478702 ], [ -114.05202409687351, 53.356889889829553 ], [ -114.00667011619322, 53.358458607787092 ], [ -113.893287814934794, 53.369860695927741 ], [ -113.865064558057753, 53.381749468216611 ], [ -113.802364065909615, 53.421901934249441 ], [ -113.768337173113238, 53.425872236516675 ], [ -113.737302252187447, 53.431267518300302 ], [ -113.710562154811043, 53.428018416676963 ], [ -113.686372193424759, 53.420231900792636 ], [ -113.66872992806492, 53.405224640059295 ], [ -113.656417134193532, 53.377027687523118 ], [ -113.658221222052603, 53.357806873663158 ], [ -113.674014800064, 53.335185506873884 ], [ -113.698450809382251, 53.322810265973324 ], [ -113.733384314234982, 53.314750873437411 ], [ -113.768625384014697, 53.315394376596089 ], [ -113.850918205264648, 53.326032105500538 ], [ -113.889146563118416, 53.328530520008229 ], [ -113.932874734177375, 53.328359214447914 ], [ -113.971516069257959, 53.322125311652037 ], [ -114.027353356298661, 53.308367391205351 ], [ -114.06473378813557, 53.295208619646701 ], [ -114.100837777026655, 53.275598427416085 ], [ -114.119055003857923, 53.261669341504515 ], [ -114.128942402315388, 53.245316211182093 ], [ -114.130862101971928, 53.236179811145959 ], [ -114.126704205081083, 53.226027726986949 ], [ -114.115843668761855, 53.21165312148554 ], [ -114.103303544226037, 53.200916039714599 ], [ -114.099917042721103, 53.200283460393209 ], [ -114.050272157702949, 53.19362960360538 ], [ -114.001081295390748, 53.182790422933699 ], [ -113.921195602871379, 53.145162321608737 ], [ -113.900963928294871, 53.128996103982637 ], [ -113.881067183231863, 53.096304216379487 ], [ -113.870570431559187, 53.066603179752697 ], [ -113.882253159995201, 53.039054206357882 ], [ -113.889579237048423, 53.026833272810009 ], [ -113.908687913381272, 53.011869707984673 ], [ -113.974135757266339, 52.974792111927172 ], [ -114.030865962896186, 52.96509200032181 ], [ -114.065663109861106, 52.957523721608354 ], [ -114.09148640649795, 52.940739577007996 ], [ -114.112837981792381, 52.91614161764236 ], [ -114.112320584891975, 52.890960362531921 ], [ -114.09597107058309, 52.86752118788543 ], [ -114.056494884447531, 52.826549121123847 ], [ -114.016238713260861, 52.794253923891098 ], [ -113.998481716000711, 52.770334768144103 ], [ -113.986005608211016, 52.745990439002675 ], [ -113.979523366661525, 52.723517698833703 ], [ -113.967035569478639, 52.701914190064322 ], [ -113.893775488928739, 52.630893148995682 ], [ -113.884999628570114, 52.616182041256501 ], [ -113.882283400168092, 52.596931597905311 ], [ -113.887172492750167, 52.569046346749253 ], [ -113.899395519079519, 52.550825930141407 ], [ -113.912964323641035, 52.542685613947761 ], [ -113.929493746757458, 52.536396377824737 ], [ -113.942209486188659, 52.535570788186099 ], [ -113.952660010521925, 52.536558634491094 ], [ -113.983129869102697, 52.550958655945266 ], [ -113.997850164378036, 52.57074090204118 ], [ -114.022004668314779, 52.617590358443984 ], [ -114.045786382503337, 52.634216233628827 ], [ -114.065176243865068, 52.642577757104043 ], [ -114.127012790673859, 52.681385757213867 ], [ -114.159907000168488, 52.693463781238876 ], [ -114.245319152183512, 52.708981308894984 ], [ -114.272330056852411, 52.70910068377124 ], [ -114.297880002951445, 52.701879895140216 ], [ -114.31817841720553, 52.692348120255808 ], [ -114.338481716347417, 52.680065320692016 ], [ -114.341567914256643, 52.658101830376737 ], [ -114.337881125761527, 52.643439491736501 ], [ -114.323779595805163, 52.613172242961937 ], [ -114.307425557711966, 52.588389696267519 ], [ -114.267994542438686, 52.547945185422108 ], [ -114.219642930686021, 52.512019932476356 ], [ -114.198863559540015, 52.49315090341716 ], [ -114.129094263404511, 52.445636529896525 ], [ -114.103180263795352, 52.425349796920848 ], [ -114.084722273215576, 52.406932113262179 ], [ -114.071560878988805, 52.381677226467403 ], [ -114.063596217647017, 52.3591962585555 ], [ -114.062248551446672, 52.345455815366371 ], [ -114.069978416396722, 52.31665902964874 ], [ -114.079015739710414, 52.305266803698004 ], [ -114.092459101449904, 52.298935577003569 ], [ -114.116292872272211, 52.294039189402028 ], [ -114.144552018875601, 52.292358566318079 ], [ -114.185406530590953, 52.295777463879034 ], [ -114.215805598311931, 52.307369832608806 ], [ -114.253553817853202, 52.336382206632322 ], [ -114.294254921759901, 52.380501289038982 ], [ -114.363190882686439, 52.475527834514317 ], [ -114.378064118124243, 52.49297429094463 ], [ -114.395211444567764, 52.502183052220879 ], [ -114.427316553095224, 52.505944954222358 ], [ -114.45869285078372, 52.500539111375851 ], [ -114.478120044661949, 52.48777428763357 ], [ -114.481861187807155, 52.476337057904665 ], [ -114.478906844969998, 52.43925115627497 ], [ -114.430522070009246, 52.393338433107466 ], [ -114.423857842345427, 52.374095019220846 ], [ -114.432095396720371, 52.349855692172412 ], [ -114.447007464720016, 52.332959304887567 ], [ -114.469343732187852, 52.31562228656334 ], [ -114.496127014141749, 52.289135096851084 ], [ -114.517679744697674, 52.258055945610529 ], [ -114.546615869745438, 52.209131139614158 ], [ -114.556984113279043, 52.185804266334571 ], [ -114.55619190997534, 52.132698812372865 ], [ -114.549504184722593, 52.106130491434769 ], [ -114.530990148921248, 52.08595075426107 ], [ -114.493268517790582, 52.056107564914804 ], [ -114.39653654442823, 52.00776404344618 ], [ -114.370713591243941, 51.999439307221515 ], [ -114.341921281590544, 51.997964267787054 ], [ -114.316803562642008, 52.000614080200812 ], [ -114.269488613890218, 52.010494020812125 ], [ -114.239939768629625, 52.011278430441628 ], [ -114.209684470522916, 52.007018141269597 ], [ -114.191274423205499, 51.999602917613068 ], [ -114.178068740501757, 51.988092667585981 ], [ -114.170799146352067, 51.973402749909852 ], [ -114.171630652313652, 51.961049804722187 ], [ -114.218426503621899, 51.913207180617441 ], [ -114.239902342923827, 51.896365500824565 ], [ -114.26573378773459, 51.887781980380097 ], [ -114.295958831239787, 51.88287109056369 ], [ -114.334297589045406, 51.872489263874549 ], [ -114.355657602988558, 51.88486365351914 ], [ -114.348969875823727, 51.905897286397767 ], [ -114.359802144010118, 51.91385862958397 ], [ -114.379086256166261, 51.913665060427753 ], [ -114.410738625544539, 51.898941317690117 ], [ -114.459359884413757, 51.86375752309381 ], [ -114.49457483062757, 51.851352729867578 ], [ -114.533622127013999, 51.857360372526927 ], [ -114.54938176739725, 51.874093579589079 ], [ -114.547893808337832, 51.920923679111951 ], [ -114.52317919733953, 51.9513903504157 ], [ -114.532573176306528, 51.982284344378769 ], [ -114.553923001980905, 52.011487480593708 ], [ -114.577103987495477, 52.030601392704575 ], [ -114.664473768371323, 52.093170672990901 ], [ -114.685872235556459, 52.125560338345785 ], [ -114.692890413805429, 52.166517010724895 ], [ -114.672897396877289, 52.212683557666701 ], [ -114.676244805495728, 52.251299180805361 ], [ -114.716102190447259, 52.321087317105473 ], [ -114.774341585248933, 52.408503572764076 ], [ -114.799745824652405, 52.439991955578236 ], [ -114.824945042980858, 52.480661733620963 ], [ -114.832501004448758, 52.50782962302327 ], [ -114.826491708164525, 52.536704739687892 ], [ -114.807844846480364, 52.559484168579047 ], [ -114.78035015832981, 52.574820041887648 ], [ -114.768601432908525, 52.591692349506808 ], [ -114.771499100859387, 52.623409862967044 ], [ -114.798849446151124, 52.642976129438871 ], [ -114.819464056466117, 52.661554624902365 ], [ -114.822263056654791, 52.669846564429761 ], [ -114.818071500571563, 52.685880269772944 ], [ -114.792243254380452, 52.692510632211324 ], [ -114.770419030852693, 52.690446437206717 ], [ -114.714639493167681, 52.662304477002159 ], [ -114.682470437343767, 52.653687020162856 ], [ -114.650721394003625, 52.656547154776646 ], [ -114.634574896760924, 52.666926411768436 ], [ -114.633386628796302, 52.681150799780106 ], [ -114.638429234913218, 52.68901332727031 ], [ -114.649463991972041, 52.698323523017457 ], [ -114.665842387185506, 52.70585813665145 ], [ -114.682858782105228, 52.717529456318999 ], [ -114.688587441678877, 52.728152710361265 ], [ -114.686755211028824, 52.739156007152907 ], [ -114.670639686920751, 52.747705427669764 ], [ -114.644976329461315, 52.746956732849128 ], [ -114.619414556603274, 52.742987630188985 ], [ -114.600082219798679, 52.733120871005355 ], [ -114.544009478277943, 52.692491748801125 ], [ -114.493094385285218, 52.680835924527265 ], [ -114.465023707224802, 52.685528848501356 ], [ -114.450283629047888, 52.697283738646249 ], [ -114.438969911930783, 52.718721225596838 ], [ -114.442055014222177, 52.738508380586936 ], [ -114.455574902867554, 52.762566221765731 ], [ -114.476933076058103, 52.778918310460881 ], [ -114.486936126722668, 52.796036307705286 ], [ -114.478733980419648, 52.814760951262791 ], [ -114.45168943855559, 52.830948443957787 ], [ -114.438391028034943, 52.843175556011303 ], [ -114.430736691934243, 52.866957915836004 ], [ -114.440354712934763, 52.895098759919662 ], [ -114.46625766009825, 52.913343840436688 ], [ -114.504592002948243, 52.923474359176552 ], [ -114.537105316105951, 52.926631942989623 ], [ -114.585607505996094, 52.928133353498865 ], [ -114.623580910909595, 52.926736093299695 ], [ -114.700371828571747, 52.920706094339394 ], [ -114.717882912430028, 52.91651816994586 ], [ -114.774884110861521, 52.931731622282719 ], [ -114.796835663079079, 52.944092183064996 ], [ -114.847752303825814, 52.993051466920818 ], [ -114.849483468204085, 53.021890120083164 ], [ -114.855656449501112, 53.03836413020732 ], [ -114.867126712153024, 53.054376194133326 ], [ -114.899151220706685, 53.083644117472176 ], [ -114.929102678930732, 53.129385941044831 ], [ -114.946742628772341, 53.150874724094081 ], [ -114.96279700745788, 53.164127390253419 ], [ -114.981823512423247, 53.170503312602392 ], [ -115.032696299363977, 53.175442107002702 ], [ -115.052342471402667, 53.169446022398148 ], [ -115.07949032345077, 53.157479616427601 ], [ -115.101298601640011, 53.144149096126718 ], [ -115.123130618084517, 53.133557344235726 ], [ -115.152636378667637, 53.130263261795072 ], [ -115.186867843323625, 53.13884762010683 ], [ -115.208386717325453, 53.157539564462269 ], [ -115.22466863203671, 53.179452635165553 ], [ -115.234149434855695, 53.202303351461332 ], [ -115.233003006892261, 53.224738397972857 ], [ -115.224264081639589, 53.247660063143087 ], [ -115.205628662991941, 53.270157858521458 ], [ -115.181655983844081, 53.293128366789198 ], [ -115.129796485648384, 53.33677408648964 ], [ -115.111782731569363, 53.355595492295421 ], [ -115.112105876339925, 53.378935175291694 ], [ -115.126018099460651, 53.392630489650557 ], [ -115.266157924116314, 53.472242714595907 ], [ -115.293876891717119, 53.484484519085647 ], [ -115.324085955978987, 53.506325925308182 ], [ -115.349728974664899, 53.527718689782077 ], [ -115.373987432979604, 53.555062941477104 ], [ -115.398976733697594, 53.579193908945456 ], [ -115.40475525092765, 53.599303543725249 ], [ -115.3974165254795, 53.614902505599467 ], [ -115.366826517977245, 53.618264082166029 ], [ -115.342276142255159, 53.617005778173777 ], [ -115.289132078610336, 53.602596212276175 ], [ -115.272276958084333, 53.602667089160057 ], [ -115.252532409595588, 53.612817421498285 ], [ -115.246760641922108, 53.633893507784428 ], [ -115.251558442306745, 53.645321527676387 ], [ -115.29421244707342, 53.671234192227487 ], [ -115.315257097708582, 53.688535190673591 ], [ -115.333265366928771, 53.706758100894518 ], [ -115.336725733727576, 53.726881232011905 ], [ -115.328588484144944, 53.743394767870328 ], [ -115.314164277037634, 53.753072506317451 ], [ -115.296776422382351, 53.769166865997292 ], [ -115.287656518172355, 53.775159523504207 ], [ -115.282469743389612, 53.786164164065546 ], [ -115.282676353709107, 53.797605576055993 ], [ -115.309033196205917, 53.807561797504071 ], [ -115.349099964072735, 53.809209893995096 ], [ -115.369968426655376, 53.81322520411014 ], [ -115.392457460442458, 53.820895668283057 ], [ -115.418181316862075, 53.83540678174554 ], [ -115.429923928911222, 53.844037927636705 ], [ -115.449740695965858, 53.869106043025319 ], [ -115.441490822718748, 53.879674663136903 ], [ -115.423824023944789, 53.882975130250244 ], [ -115.372554692851068, 53.864932568981992 ], [ -115.354116012938277, 53.868225327306156 ], [ -115.322665430337324, 53.876608770161674 ], [ -115.284400195246107, 53.892796107946609 ], [ -115.202305729648899, 53.920575563959282 ], [ -115.192409621981028, 53.929304502379253 ], [ -115.189417207445004, 53.935266065884591 ], [ -115.191967110188742, 53.949900024565842 ], [ -115.202098081738285, 53.955359193678866 ], [ -115.243263135610746, 53.968023828848523 ], [ -115.290562230438852, 53.976528087695137 ], [ -115.323306013954664, 53.991028553787707 ], [ -115.346025732728023, 54.006025725508294 ], [ -115.36730718691409, 54.025603785659577 ], [ -115.379393466186485, 54.048884850563034 ], [ -115.384540203604033, 54.073113165649005 ], [ -115.377178330844359, 54.091914441920814 ], [ -115.377285051207892, 54.134935532615984 ], [ -115.39293219170186, 54.139960405119687 ], [ -115.487266721259004, 54.154894238130716 ], [ -115.520454812742898, 54.163363617818277 ], [ -115.538114665669198, 54.172159785380295 ], [ -115.547752407965248, 54.19229687767649 ], [ -115.538856386258814, 54.207275939076844 ], [ -115.495990523911061, 54.243878995302509 ], [ -115.483151212017205, 54.259737591441755 ], [ -115.446051398503755, 54.279953589600701 ], [ -115.404529481354885, 54.289177273931074 ], [ -115.401365584056094, 54.290972645647486 ], [ -115.367045001734382, 54.292494586809781 ], [ -115.334777011505324, 54.304052999396177 ], [ -115.307312309989896, 54.310636096009659 ], [ -115.264278899157361, 54.316151417143772 ], [ -115.233174756594053, 54.313559039452166 ], [ -115.199595926628589, 54.315494043468448 ], [ -115.165086848058777, 54.321974897397432 ], [ -115.152111235225874, 54.337339521633631 ], [ -115.132250116308001, 54.395492769970559 ], [ -115.076794250629064, 54.418135666990125 ], [ -115.062875957059674, 54.420310762569912 ], [ -115.051297168253896, 54.421889844837366 ], [ -115.036821908077542, 54.421108712319231 ], [ -115.007871956304754, 54.416403467937776 ], [ -114.963018362420186, 54.403051287349129 ], [ -114.931197557715194, 54.397539431147941 ], [ -114.880580998793846, 54.392002041310953 ], [ -114.84586188917352, 54.393536056591017 ], [ -114.828487448728225, 54.39743710616623 ], [ -114.799499521468263, 54.408801825480168 ], [ -114.787784125749724, 54.414041442893996 ], [ -114.757679447505993, 54.423658972515689 ], [ -114.706630189787845, 54.447106294021651 ], [ -114.678182798728471, 54.471318019170326 ], [ -114.657508186434455, 54.496098145257179 ], [ -114.655698709646742, 54.501545879755085 ], [ -114.648366850909227, 54.507822783574426 ], [ -114.608556078133574, 54.521815897230638 ], [ -114.593741961392126, 54.520220631876086 ], [ -114.578278009081572, 54.499003448138957 ], [ -114.56825217699334, 54.495654944299822 ], [ -114.541864902716526, 54.507097436259834 ], [ -114.522403742028644, 54.5697325245863 ], [ -114.506113665501076, 54.598208049193296 ], [ -114.488425349193378, 54.6076781725384 ], [ -114.47385554922333, 54.615473564157718 ], [ -114.447499803000539, 54.624162517359963 ], [ -114.425521858358039, 54.639303911671249 ], [ -114.4117726948962, 54.662334870688952 ], [ -114.428094660876141, 54.712782617117554 ], [ -114.430920997762584, 54.734719241617015 ], [ -114.440028904020551, 54.757219791813782 ], [ -114.459202808876242, 54.830964958789117 ], [ -114.460565956018769, 54.851055357999094 ], [ -114.46756816330597, 54.88492105395688 ], [ -114.463267396213823, 54.907656407407117 ], [ -114.452543002464807, 54.932106934078085 ], [ -114.442659362502212, 54.939699251122882 ], [ -114.434825388542649, 54.969218257292006 ], [ -114.422925962853384, 54.984980569441788 ], [ -114.400975359750575, 54.995563802604032 ], [ -114.376974999319586, 55.014767557586559 ], [ -114.376450769637529, 55.024793284917791 ], [ -114.367635207068346, 55.041518783050662 ], [ -114.37076277445577, 55.057537204254089 ], [ -114.364848488446839, 55.064276014267534 ], [ -114.350897058316434, 55.072702603920845 ], [ -114.341412760799329, 55.086680695688344 ], [ -114.343091015179695, 55.099936625816866 ], [ -114.339683762795914, 55.11903110307945 ], [ -114.311163374416211, 55.14636047039351 ], [ -114.312233537260894, 55.155954353440151 ], [ -114.325385875932227, 55.163026479320663 ], [ -114.337294496612941, 55.163689538534527 ], [ -114.376562077008188, 55.158884266165479 ], [ -114.404984134324067, 55.163466963764193 ], [ -114.425293655265008, 55.171102222008983 ], [ -114.434328195734665, 55.181285069100873 ], [ -114.440003250866667, 55.210564489676692 ], [ -114.476023904909866, 55.223462758196973 ], [ -114.504572896892896, 55.226651725019025 ], [ -114.53507488226316, 55.222573338470653 ], [ -114.562024165372918, 55.209309545528058 ], [ -114.589602508322812, 55.199237841976959 ], [ -114.622984005012285, 55.201107468446246 ], [ -114.666815280394431, 55.218625403930808 ], [ -114.714923414314768, 55.248497767905064 ], [ -114.737607024365914, 55.258850589903936 ], [ -114.766764917632102, 55.267458620607584 ], [ -114.782350158040558, 55.276337559799494 ], [ -114.80288589222576, 55.281626607391438 ], [ -114.855183161187398, 55.291435025074627 ], [ -114.873066272157175, 55.303523441055354 ], [ -114.879830543722605, 55.314097581110907 ], [ -114.875561165971376, 55.320880537317606 ], [ -114.85954738734624, 55.321586996894872 ], [ -114.822097601174917, 55.318819264484667 ], [ -114.790598309303576, 55.326608844841999 ], [ -114.760270168925942, 55.343980070542955 ], [ -114.757804755413019, 55.364013162796759 ], [ -114.778733019776652, 55.379802446420257 ], [ -114.764484405132549, 55.394658247607651 ], [ -114.687887110103361, 55.38857245387689 ], [ -114.625520868444951, 55.38675279875234 ], [ -114.57140176261187, 55.380013047814614 ], [ -114.518562496286691, 55.380109057110779 ], [ -114.500850533679937, 55.38211031374928 ], [ -114.463125342422984, 55.368282024624783 ], [ -114.386073170014427, 55.372486883922882 ], [ -114.17645156967842, 55.296599829491072 ], [ -114.122869755527176, 55.268439295675627 ], [ -114.083837239440811, 55.243165134754882 ], [ -114.06333584978259, 55.221756864613397 ], [ -114.053862134486067, 55.178791087150884 ], [ -114.055108332540399, 55.126261634008003 ], [ -114.074670002304742, 55.081752270240742 ], [ -114.137196631286244, 55.018303294979944 ], [ -114.177693548462457, 54.963373895815565 ], [ -114.188335865972419, 54.913234018037727 ], [ -114.179651891447548, 54.867522180595991 ], [ -114.152775864045168, 54.813340387704514 ], [ -114.106190424054219, 54.751123305979299 ], [ -114.078637818742109, 54.699219920811352 ], [ -114.053103943660986, 54.66622892880406 ], [ -114.020483679707937, 54.631776888064607 ], [ -113.97810120286448, 54.608270334354408 ], [ -113.907968060234978, 54.583967014991117 ], [ -113.846888414627884, 54.579557680847948 ], [ -113.700883248032568, 54.597060203614816 ], [ -113.662431217694589, 54.605763439142024 ], [ -113.640393528975721, 54.629853397090095 ], [ -113.612858193314267, 54.669063011323523 ], [ -113.601529699908568, 54.707510410974749 ], [ -113.617431008006548, 54.746499227662049 ], [ -113.639210365281059, 54.775616409223232 ], [ -113.65215544549001, 54.803211018957761 ], [ -113.657442795954381, 54.834428501856145 ], [ -113.649851628784276, 54.878037058270806 ], [ -113.611852441585086, 54.91008982907271 ], [ -113.559147515181408, 54.941660993835804 ], [ -113.497025489529747, 54.960304038900723 ], [ -113.401562443626318, 54.985257747505443 ], [ -113.327860098385216, 55.001886666353094 ], [ -113.263625196994141, 55.020391072231632 ], [ -113.215901047263131, 55.031875567215494 ], [ -113.201977630396755, 55.035217891431522 ], [ -113.146544495824728, 55.054846940093412 ], [ -113.084647131388934, 55.097862621240203 ], [ -113.028851092673122, 55.146413143930872 ], [ -112.976027413451931, 55.177364289212179 ], [ -112.938152088978413, 55.192955071375948 ], [ -112.912081190458224, 55.206785794801704 ], [ -112.808428683840546, 55.26840040296527 ], [ -112.774404569122126, 55.280265463141447 ], [ -112.652080768087117, 55.299541192794663 ], [ -112.619680887384888, 55.309106314694013 ], [ -112.589389307814315, 55.325075654721978 ], [ -112.553607927101027, 55.374239190742465 ], [ -112.535095204122328, 55.394023025864819 ], [ -112.517634441317981, 55.407890704857508 ], [ -112.497837348233418, 55.419896250203628 ] ], [ [ -111.354331171324446, 54.099431706764818 ], [ -111.344426781155207, 54.127170546241082 ], [ -111.354437046995997, 54.148518754038371 ], [ -111.385592535300262, 54.167718664018174 ], [ -111.394357657555332, 54.175071305352624 ], [ -111.449811598912021, 54.245887372101031 ], [ -111.477501542955082, 54.2582793960689 ], [ -111.505864530349683, 54.275452463987214 ], [ -111.534897541383302, 54.294463966384392 ], [ -111.55154666761068, 54.306992270250419 ], [ -111.575213760335686, 54.325182952594027 ], [ -111.609351033594194, 54.344752170694584 ], [ -111.644105572952512, 54.361571226086156 ], [ -111.675127610516554, 54.376239458185033 ], [ -111.715326614330124, 54.394307112357218 ], [ -111.747242826272981, 54.413784042912454 ], [ -111.773466553934753, 54.431071513042539 ], [ -111.799427907484727, 54.446744900924898 ], [ -111.830342912702193, 54.464805054659315 ], [ -111.846759733625817, 54.477288909773272 ], [ -111.868773546581977, 54.494237964009848 ], [ -111.884865395023496, 54.506024254496992 ], [ -111.900589088722015, 54.517569441822602 ], [ -111.921431911990908, 54.528986681780957 ], [ -111.964676210331234, 54.552527900026526 ], [ -111.992442986005258, 54.566817905006012 ], [ -112.016518519322503, 54.577596631031795 ], [ -112.039343719946658, 54.589715948591767 ], [ -112.05214221659412, 54.598897418066599 ], [ -112.085008512830939, 54.614404776287763 ], [ -112.105415115128409, 54.621658913604428 ], [ -112.163938639252393, 54.643116535723252 ], [ -112.203789552433989, 54.661699746577732 ], [ -112.222942085745544, 54.67784443303286 ], [ -112.266693930443324, 54.691202319393575 ], [ -112.309228246553417, 54.698567470181601 ], [ -112.344434021274807, 54.703279305359409 ], [ -112.38350081370713, 54.702312912597762 ], [ -112.411116472612719, 54.694277019683497 ], [ -112.441630291186371, 54.683305886772814 ], [ -112.466648458430413, 54.67933970535892 ], [ -112.499925932327372, 54.683287090834611 ], [ -112.534452713601439, 54.693887623894852 ], [ -112.558895899830475, 54.701581844794184 ], [ -112.588982565911365, 54.706833903231136 ], [ -112.595262360229853, 54.707381399947053 ], [ -112.644491033919138, 54.708078768758831 ], [ -112.673124041886652, 54.702521353403505 ], [ -112.747085486760824, 54.669841230255251 ], [ -112.766979014464042, 54.647188062422188 ], [ -112.782966251345371, 54.61440620009278 ], [ -112.800693996837325, 54.577058607783854 ], [ -112.815767670025465, 54.536701901585033 ], [ -112.814365948283481, 54.505066351701004 ], [ -112.800689061785789, 54.476485637104801 ], [ -112.786774493295439, 54.453852176340853 ], [ -112.780197240027618, 54.433838648406159 ], [ -112.775949357340153, 54.405373572583656 ], [ -112.762259911325842, 54.369453502031682 ], [ -112.736980821692399, 54.340023559175179 ], [ -112.700026672508429, 54.301952462468833 ], [ -112.6716248343633, 54.283006669321999 ], [ -112.641112552762507, 54.259668731313404 ], [ -112.608502197584841, 54.231941424112449 ], [ -112.589982022125113, 54.219988319629429 ], [ -112.566544478001063, 54.205212243193557 ], [ -112.548060985794891, 54.201041774276547 ], [ -112.532658783094334, 54.19760617251481 ], [ -112.513069902783997, 54.192269860476166 ], [ -112.494652038726798, 54.186950013721727 ], [ -112.47346097628089, 54.182728911530447 ], [ -112.451298979947012, 54.182382395808673 ], [ -112.43983594814631, 54.185866846225601 ], [ -112.435989589916318, 54.200243008224625 ], [ -112.441244397024818, 54.219341617853004 ], [ -112.445237769435508, 54.232692845685904 ], [ -112.44311987661041, 54.243656633342155 ], [ -112.434049789368714, 54.253366046579998 ], [ -112.417243915902318, 54.254243177138648 ], [ -112.401724672958778, 54.252852479471528 ], [ -112.371052903845012, 54.243187926752121 ], [ -112.350176927392297, 54.232764510623589 ], [ -112.329141619155848, 54.218209911421702 ], [ -112.32059445072754, 54.212470454420604 ], [ -112.308010650104464, 54.200622858139241 ], [ -112.262067436429305, 54.195705639490235 ], [ -112.224706182114772, 54.204492306278389 ], [ -112.175196849714794, 54.213958953694977 ], [ -112.082866593555366, 54.223827303600103 ], [ -112.022121962564526, 54.225200218352207 ], [ -111.972685457213203, 54.207114336979878 ], [ -111.953212829890617, 54.19521684532841 ], [ -111.905016848400379, 54.183084406836372 ], [ -111.864588430532365, 54.183485967342797 ], [ -111.821954154707839, 54.181989620074297 ], [ -111.755746425156815, 54.184464290618685 ], [ -111.664885942060224, 54.172529773324726 ], [ -111.641135102266716, 54.167793717867262 ], [ -111.624588843229219, 54.160034597226264 ], [ -111.606726731729054, 54.149033298284401 ], [ -111.590874862309633, 54.142660882810745 ], [ -111.550608200459052, 54.119610556139577 ], [ -111.517676158795112, 54.113681447852265 ], [ -111.400521299617125, 54.104089730960574 ], [ -111.354331171324446, 54.099431706764818 ] ] ] ] } },
{ "type": "Feature", "properties": { "AREA": 3514499036.4400001, "PERIMETER": 276024.61825100001, "SOILGR_T83": 11, "SOILGR_T_1": 4068, "SOIL_CODE": "GLO", "name": "Gray Luvisols, Organics (11)", "Shape_Leng": 276024.61825399997, "Shape_Area": 3514499036.4899998 }, "geometry": { "type": "MultiPolygon", "coordinates": [ [ [ [ -111.354331171324446, 54.099431706764818 ], [ -111.400521299617125, 54.104089730960574 ], [ -111.517676158795112, 54.113681447852265 ], [ -111.550608200459052, 54.119610556139577 ], [ -111.590874862309633, 54.142660882810745 ], [ -111.606726731729054, 54.149033298284401 ], [ -111.624588843229219, 54.160034597226264 ], [ -111.641135102266716, 54.167793717867262 ], [ -111.664885942060224, 54.172529773324726 ], [ -111.755746425156815, 54.184464290618685 ], [ -111.821954154707839, 54.181989620074297 ], [ -111.864588430532365, 54.183485967342797 ], [ -111.905016848400379, 54.183084406836372 ], [ -111.953212829890617, 54.19521684532841 ], [ -111.972685457213203, 54.207114336979878 ], [ -112.022121962564526, 54.225200218352207 ], [ -112.082866593555366, 54.223827303600103 ], [ -112.175196849714794, 54.213958953694977 ], [ -112.224706182114772, 54.204492306278389 ], [ -112.262067436429305, 54.195705639490235 ], [ -112.308010650104464, 54.200622858139241 ], [ -112.32059445072754, 54.212470454420604 ], [ -112.329141619155848, 54.218209911421702 ], [ -112.350176927392297, 54.232764510623589 ], [ -112.371052903845012, 54.243187926752121 ], [ -112.401724672958778, 54.252852479471528 ], [ -112.417243915902318, 54.254243177138648 ], [ -112.434049789368714, 54.253366046579998 ], [ -112.44311987661041, 54.243656633342155 ], [ -112.445237769435508, 54.232692845685904 ], [ -112.441244397024818, 54.219341617853004 ], [ -112.435989589916318, 54.200243008224625 ], [ -112.43983594814631, 54.185866846225601 ], [ -112.451298979947012, 54.182382395808673 ], [ -112.47346097628089, 54.182728911530447 ], [ -112.494652038726798, 54.186950013721727 ], [ -112.513069902783997, 54.192269860476166 ], [ -112.532658783094334, 54.19760617251481 ], [ -112.548060985794891, 54.201041774276547 ], [ -112.566544478001063, 54.205212243193557 ], [ -112.589982022125113, 54.219988319629429 ], [ -112.608502197584841, 54.231941424112449 ], [ -112.641112552762507, 54.259668731313404 ], [ -112.6716248343633, 54.283006669321999 ], [ -112.700026672508429, 54.301952462468833 ], [ -112.736980821692399, 54.340023559175179 ], [ -112.762259911325842, 54.369453502031682 ], [ -112.775949357340153, 54.405373572583656 ], [ -112.780197240027618, 54.433838648406159 ], [ -112.786774493295439, 54.453852176340853 ], [ -112.800689061785789, 54.476485637104801 ], [ -112.814365948283481, 54.505066351701004 ], [ -112.815767670025465, 54.536701901585033 ], [ -112.800693996837325, 54.577058607783854 ], [ -112.782966251345371, 54.61440620009278 ], [ -112.766979014464042, 54.647188062422188 ], [ -112.747085486760824, 54.669841230255251 ], [ -112.673124041886652, 54.702521353403505 ], [ -112.644491033919138, 54.708078768758831 ], [ -112.595262360229853, 54.707381399947053 ], [ -112.588982565911365, 54.706833903231136 ], [ -112.558895899830475, 54.701581844794184 ], [ -112.534452713601439, 54.693887623894852 ], [ -112.499925932327372, 54.683287090834611 ], [ -112.466648458430413, 54.67933970535892 ], [ -112.441630291186371, 54.683305886772814 ], [ -112.411116472612719, 54.694277019683497 ], [ -112.38350081370713, 54.702312912597762 ], [ -112.344434021274807, 54.703279305359409 ], [ -112.309228246553417, 54.698567470181601 ], [ -112.266693930443324, 54.691202319393575 ], [ -112.222942085745544, 54.67784443303286 ], [ -112.203789552433989, 54.661699746577732 ], [ -112.163938639252393, 54.643116535723252 ], [ -112.105415115128409, 54.621658913604428 ], [ -112.085008512830939, 54.614404776287763 ], [ -112.05214221659412, 54.598897418066599 ], [ -112.039343719946658, 54.589715948591767 ], [ -112.016518519322503, 54.577596631031795 ], [ -111.992442986005258, 54.566817905006012 ], [ -111.964676210331234, 54.552527900026526 ], [ -111.921431911990908, 54.528986681780957 ], [ -111.900589088722015, 54.517569441822602 ], [ -111.884865395023496, 54.506024254496992 ], [ -111.868773546581977, 54.494237964009848 ], [ -111.846759733625817, 54.477288909773272 ], [ -111.830342912702193, 54.464805054659315 ], [ -111.799427907484727, 54.446744900924898 ], [ -111.773466553934753, 54.431071513042539 ], [ -111.747242826272981, 54.413784042912454 ], [ -111.715326614330124, 54.394307112357218 ], [ -111.675127610516554, 54.376239458185033 ], [ -111.644105572952512, 54.361571226086156 ], [ -111.609351033594194, 54.344752170694584 ], [ -111.575213760335686, 54.325182952594027 ], [ -111.55154666761068, 54.306992270250419 ], [ -111.534897541383302, 54.294463966384392 ], [ -111.505864530349683, 54.275452463987214 ], [ -111.477501542955082, 54.2582793960689 ], [ -111.449811598912021, 54.245887372101031 ], [ -111.394357657555332, 54.175071305352624 ], [ -111.385592535300262, 54.167718664018174 ], [ -111.354437046995997, 54.148518754038371 ], [ -111.344426781155207, 54.127170546241082 ], [ -111.354331171324446, 54.099431706764818 ] ] ] ] } },
{ "type": "Feature", "properties": { "AREA": 45121525612.099998, "PERIMETER": 2339210.0325099998, "SOILGR_T83": 12, "SOILGR_T_1": 4062, "SOIL_CODE": "BGL", "name": "Brunisols, Gray Luvisols (12)", "Shape_Leng": 2339210.0321, "Shape_Area": 45121525608.800003 }, "geometry": { "type": "MultiPolygon", "coordinates": [ [ [ [ -120.001393797397881, 54.563956515896223 ], [ -120.000499009393451, 54.563134010223671 ], [ -119.989255150891211, 54.552793847023807 ], [ -119.944537582672709, 54.511597300873007 ], [ -119.882848526546255, 54.48633660452689 ], [ -119.864929336546595, 54.469222138106446 ], [ -119.835343039142643, 54.446458871410506 ], [ -119.799679889196256, 54.429190218560869 ], [ -119.755229817873911, 54.411943529258956 ], [ -119.71805437345057, 54.401313392670566 ], [ -119.679768542935989, 54.398694397169336 ], [ -119.658419426789422, 54.39884750676125 ], [ -119.628926961590295, 54.402019675740789 ], [ -119.607922534037996, 54.405966867828667 ], [ -119.591675925881603, 54.412734970629934 ], [ -119.580265847652072, 54.43225876364469 ], [ -119.578063832545979, 54.447795496316139 ], [ -119.585247460629475, 54.479206752671573 ], [ -119.587100119644788, 54.502333749605057 ], [ -119.575614110863839, 54.52308386854552 ], [ -119.555822216414569, 54.536204325691784 ], [ -119.53906362482401, 54.541611150444375 ], [ -119.514342119317433, 54.545136077767737 ], [ -119.481720702616002, 54.538996317424491 ], [ -119.457320358249987, 54.525943241834661 ], [ -119.413711011580673, 54.49141716421066 ], [ -119.354023205154306, 54.461878823157349 ], [ -119.320662566989682, 54.451753694815181 ], [ -119.263378198448663, 54.413179960795247 ], [ -119.24804490944237, 54.372443091339044 ], [ -119.249265505221274, 54.347220961455434 ], [ -119.246150495738888, 54.327069576924146 ], [ -119.237435488024289, 54.30136041964812 ], [ -119.219424334287979, 54.282780412605568 ], [ -119.191380355777412, 54.268827004196794 ], [ -119.14796416692873, 54.266948342842561 ], [ -119.11053309773088, 54.263266155572211 ], [ -119.074579928025969, 54.256589033448613 ], [ -119.044389144937114, 54.24574374643511 ], [ -118.992806456413348, 54.223330257809494 ], [ -118.918027198188014, 54.185628456380073 ], [ -118.863417587621711, 54.164086989855335 ], [ -118.831176415285029, 54.144950433200052 ], [ -118.816665237722631, 54.124155332288673 ], [ -118.828163628363413, 54.109092129426017 ], [ -118.852725378181304, 54.100389106731278 ], [ -118.895486218231028, 54.09086698944823 ], [ -118.941360900463209, 54.088386194508843 ], [ -118.980199267964181, 54.088629490545145 ], [ -119.032578985027854, 54.077189546608679 ], [ -119.062846148125942, 54.059671418899377 ], [ -119.074112263716145, 54.036386283287406 ], [ -119.072417409173667, 54.009651447616527 ], [ -119.064718352005471, 53.98326407846735 ], [ -119.041103852508513, 53.960606754392785 ], [ -119.010182923741027, 53.938824596569212 ], [ -118.976450845483043, 53.922496951268784 ], [ -118.936235597884462, 53.909034444466606 ], [ -118.767840567033048, 53.880146504206358 ], [ -118.747747343071481, 53.876323259068485 ], [ -118.655191124034445, 53.869526790375254 ], [ -118.559088957974893, 53.855474071889518 ], [ -118.517918804248694, 53.856361148909592 ], [ -118.461986264192618, 53.867639236044148 ], [ -118.425015361864808, 53.882304986123408 ], [ -118.390147250756371, 53.898436878109791 ], [ -118.309478377742735, 53.942866511407509 ], [ -118.280050410126861, 53.954414698239745 ], [ -118.24501713063718, 53.958704214984664 ], [ -118.206203103018808, 53.959438309710571 ], [ -118.179054249730825, 53.949268101740245 ], [ -118.150160879974578, 53.931985754699369 ], [ -118.155685413027328, 53.910098123211185 ], [ -118.193441002427477, 53.855117529236118 ], [ -118.218338463062238, 53.825017022346408 ], [ -118.253901142666635, 53.796975483117421 ], [ -118.297917520614646, 53.781096376537732 ], [ -118.346856480026744, 53.772096430201564 ], [ -118.394731364737183, 53.759928917511466 ], [ -118.420017360517079, 53.749929377020656 ], [ -118.428932023782721, 53.732570884327863 ], [ -118.422415965860793, 53.714183149279584 ], [ -118.394915422568587, 53.696434179872284 ], [ -118.319731400215559, 53.665487041057148 ], [ -118.285069067030406, 53.655531514638334 ], [ -118.184756927522272, 53.633035885378774 ], [ -118.154816078376186, 53.619153591621533 ], [ -118.118762271143581, 53.59764878004502 ], [ -118.089578526929785, 53.58287491532338 ], [ -118.03670839968791, 53.563964589660195 ], [ -118.005298421720298, 53.54459506484249 ], [ -117.991641742048841, 53.529658234965069 ], [ -117.998998196601022, 53.512933919445182 ], [ -118.013435496718458, 53.511081444835384 ], [ -118.056856323959565, 53.511282078845518 ], [ -118.074279620366539, 53.506862997278276 ], [ -118.090695912669361, 53.483381826042766 ], [ -118.086520197505237, 53.469329552139357 ], [ -118.049785880312072, 53.43593448564318 ], [ -117.950565772361742, 53.372086141694481 ], [ -117.913772982169434, 53.359455940639172 ], [ -117.881576165772813, 53.356901506444849 ], [ -117.842266142543679, 53.356734891282336 ], [ -117.809353637147652, 53.365301475857301 ], [ -117.772400315851442, 53.377433974477782 ], [ -117.734640237720896, 53.390045597763759 ], [ -117.706747353096119, 53.401846189862667 ], [ -117.687030661307489, 53.408000346432388 ], [ -117.654306548374109, 53.40974560990616 ], [ -117.607779381157272, 53.399473278766791 ], [ -117.588368313623675, 53.387662257533364 ], [ -117.56713510058357, 53.363473713138767 ], [ -117.580017388503151, 53.3568359457337 ], [ -117.595472298920328, 53.341118171209715 ], [ -117.619971792761575, 53.322586392678311 ], [ -117.651635511447481, 53.299927857378016 ], [ -117.695288137821805, 53.27276231791982 ], [ -117.707048688530278, 53.246830949183426 ], [ -117.702230580143578, 53.228539113681862 ], [ -117.658277141611563, 53.22093758692877 ], [ -117.621336236560907, 53.229029148326092 ], [ -117.592296356966941, 53.231836909660977 ], [ -117.556459061890251, 53.227618852824413 ], [ -117.539861258714382, 53.213095520610182 ], [ -117.544006971782508, 53.202450939367978 ], [ -117.55569039071986, 53.196506690011866 ], [ -117.576796266425205, 53.194810509023661 ], [ -117.591105016528104, 53.184703875621331 ], [ -117.575256939516706, 53.159050374937287 ], [ -117.533460834522572, 53.130634769538446 ], [ -117.49660106300685, 53.110832324807618 ], [ -117.465021395236178, 53.101515310638291 ], [ -117.38907169993108, 53.096197553729468 ], [ -117.358282805102633, 53.08523047037032 ], [ -117.326739124407567, 53.077494907203231 ], [ -117.294761553025509, 53.082055831363405 ], [ -117.278245511514328, 53.077709206792555 ], [ -117.26966416764725, 53.067636724107622 ], [ -117.268593018164594, 53.058572041270658 ], [ -117.270920183380099, 53.046986822505716 ], [ -117.252952928434397, 53.037514800420347 ], [ -117.184711159929776, 53.024483471573163 ], [ -117.162160326616842, 53.027019234024472 ], [ -117.147075500034163, 53.034277702615938 ], [ -117.120789533053753, 53.034215222461995 ], [ -117.082565467884052, 53.026572189025302 ], [ -117.006584638223202, 53.007068684128697 ], [ -116.972629666367467, 52.992011646029475 ], [ -116.951060361161311, 52.97803314706028 ], [ -116.96598096494867, 52.956163371909213 ], [ -116.939456327199551, 52.949551147311794 ], [ -116.836159555872086, 52.940025892346235 ], [ -116.795857816231972, 52.930168562346758 ], [ -116.756554919536725, 52.907537905485484 ], [ -116.731808503788955, 52.889290375002076 ], [ -116.733313708826927, 52.868872649240274 ], [ -116.75072082457568, 52.858214645107111 ], [ -116.758592742719429, 52.836730396609958 ], [ -116.777920538071058, 52.822149203334391 ], [ -116.800873725864236, 52.813190183017277 ], [ -116.833268207053123, 52.797627313947885 ], [ -116.834817712030727, 52.771635152802233 ], [ -116.829633718125137, 52.746713900047006 ], [ -116.833951799341236, 52.733770905111079 ], [ -116.850810026218383, 52.70861530356413 ], [ -116.855114380584254, 52.703668237015329 ], [ -116.850307899037091, 52.696335947871852 ], [ -116.836830366408336, 52.695025359409641 ], [ -116.804515001796275, 52.66716489463272 ], [ -116.799579069197549, 52.640900862343734 ], [ -116.792613439273779, 52.632253666613977 ], [ -116.785706555309488, 52.627999528221657 ], [ -116.765343270720564, 52.623941638783698 ], [ -116.752128492504525, 52.630245760946046 ], [ -116.740086768607981, 52.642467809509334 ], [ -116.738189151367976, 52.649003819237322 ], [ -116.722287940282243, 52.662930453589567 ], [ -116.708809803014375, 52.666673158584942 ], [ -116.681228579845595, 52.667875084001864 ], [ -116.636117434662097, 52.65207597532968 ], [ -116.600325258614092, 52.637102430188961 ], [ -116.531163354605511, 52.602521112978998 ], [ -116.493792430531187, 52.579360814049622 ], [ -116.471333690942842, 52.555514217533322 ], [ -116.462360151628189, 52.542817035954634 ], [ -116.434791338070596, 52.517016472533747 ], [ -116.420096516004747, 52.496780839888501 ], [ -116.402237497398986, 52.484619397924952 ], [ -116.37329368381188, 52.47820595669203 ], [ -116.331131159071376, 52.455606902661451 ], [ -116.280316436393932, 52.440454127318127 ], [ -116.239815269016248, 52.41498267790012 ], [ -116.210331472824421, 52.417120802577045 ], [ -116.178937113364299, 52.426424359410277 ], [ -116.156738538943443, 52.426765190722307 ], [ -116.139808592871887, 52.424084316727601 ], [ -116.129447546765547, 52.420565823704173 ], [ -116.127731555079293, 52.408842958688226 ], [ -116.140925355496066, 52.395058154406975 ], [ -116.156154366513817, 52.386751834979428 ], [ -116.175656356791336, 52.380212559486345 ], [ -116.193519334932503, 52.377364899623387 ], [ -116.209164023976143, 52.365370561065212 ], [ -116.214734856702421, 52.356101140791857 ], [ -116.213581345749887, 52.34400453759239 ], [ -116.206760686562589, 52.338969786070152 ], [ -116.196464501355123, 52.336561042714671 ], [ -116.162154588514028, 52.333056474477949 ], [ -116.141941701061569, 52.309501485218597 ], [ -116.154020629391567, 52.298306154790723 ], [ -116.161457581928005, 52.282815945044064 ], [ -116.166683819299323, 52.277592040884535 ], [ -116.176127606097239, 52.251839945459047 ], [ -116.167246175097219, 52.232715182321463 ], [ -116.143271105453692, 52.206436623417879 ], [ -116.100199202050788, 52.184492731810209 ], [ -116.008710645752387, 52.154348541084183 ], [ -115.968165966833368, 52.138282439805273 ], [ -115.9393041148046, 52.116138421227284 ], [ -115.891700586069788, 52.061200797064934 ], [ -115.842114808940678, 52.009916138243852 ], [ -115.796991390880635, 51.981931792806442 ], [ -115.765264272192738, 51.956102298750807 ], [ -115.727762895604926, 51.933519949396889 ], [ -115.684701765914284, 51.922413251470189 ], [ -115.609945397971629, 51.910613194312248 ], [ -115.58531731048113, 51.897967292116505 ], [ -115.560489674898321, 51.876161988163723 ], [ -115.49106066150668, 51.833573575773428 ], [ -115.461896214580861, 51.811313368448111 ], [ -115.440138067692544, 51.790376145344311 ], [ -115.431717469787301, 51.773942093089076 ], [ -115.427423858250606, 51.743288819403674 ], [ -115.403762141005203, 51.697631839226453 ], [ -115.393373042728669, 51.653730064227801 ], [ -115.397099932869537, 51.61936891851105 ], [ -115.396128245935756, 51.607012725068252 ], [ -115.388532495098858, 51.592861912923347 ], [ -115.370726409636788, 51.580133524169042 ], [ -115.327318760578009, 51.567068421360041 ], [ -115.307337366346246, 51.553882608940569 ], [ -115.285120699850012, 51.494463035393196 ], [ -115.27462914701718, 51.478481312552681 ], [ -115.255416396401813, 51.464371939893887 ], [ -115.200610455732345, 51.441371248639967 ], [ -115.177525228649671, 51.405737078106583 ], [ -115.183896888310727, 51.37521641107508 ], [ -115.182995107641716, 51.360904971502634 ], [ -115.169227242501165, 51.347787574459275 ], [ -115.149828300213741, 51.344985887288935 ], [ -115.114318365303745, 51.331359153936816 ], [ -115.090018236683761, 51.31292429713875 ], [ -115.06593774745896, 51.306576833381527 ], [ -115.029741602832729, 51.321312328013036 ], [ -115.000120254111238, 51.340606967648952 ], [ -114.974729816433822, 51.348894761132058 ], [ -114.939805427946368, 51.350786028260984 ], [ -114.877154924609997, 51.3458245381252 ], [ -114.83641356175859, 51.349060423074093 ], [ -114.766618050435554, 51.364641943991742 ], [ -114.732405611435084, 51.367383939106659 ], [ -114.720940765799057, 51.364316550983908 ], [ -114.639956878020612, 51.342617768847383 ], [ -114.650732566879682, 51.331153889875843 ], [ -114.653591305029735, 51.314672698694501 ], [ -114.648363577035454, 51.269335030949712 ], [ -114.6504445514895, 51.236830264948061 ], [ -114.663519061978462, 51.215427651402052 ], [ -114.684134795078521, 51.189573542912044 ], [ -114.689051119379101, 51.179457678306434 ], [ -114.689913785815193, 51.165840557215297 ], [ -114.688408744693319, 51.16026812445353 ], [ -114.681456696955706, 51.153529498167352 ], [ -114.658389884682975, 51.143213725309025 ], [ -114.640691382934079, 51.1238016227286 ], [ -114.62424037478398, 51.111358089271327 ], [ -114.591841627677425, 51.07472112570612 ], [ -114.568806525173244, 51.038055549852352 ], [ -114.543003441460371, 51.014239108964574 ], [ -114.515584890486366, 51.004003575151366 ], [ -114.452111265765424, 50.991596647238431 ], [ -114.41133549192962, 50.977310427581941 ], [ -114.388593884082042, 50.962268794933621 ], [ -114.374999537763244, 50.910508912297217 ], [ -114.375469907836091, 50.885547048438077 ], [ -114.369527163499583, 50.852507962248481 ], [ -114.371749699087374, 50.830483532266761 ], [ -114.359231813317351, 50.767133549366797 ], [ -114.358595777252631, 50.731725384053966 ], [ -114.369155200448276, 50.706638529929606 ], [ -114.384893655851499, 50.667830700243172 ], [ -114.409605850093229, 50.64432756258595 ], [ -114.428533324934733, 50.622657068079135 ], [ -114.428996489406188, 50.602097892177767 ], [ -114.425455779493035, 50.587415880034648 ], [ -114.39598684882246, 50.573843468838589 ], [ -114.392474648171714, 50.568084927656834 ], [ -114.386672358776281, 50.553655196983129 ], [ -114.390655341357032, 50.543011565663868 ], [ -114.398675171078935, 50.533828207728448 ], [ -114.417044953152995, 50.522807374563122 ], [ -114.440061793446588, 50.520954365075333 ], [ -114.481511489238244, 50.521276484103588 ], [ -114.510913635233749, 50.527481566619841 ], [ -114.534459223417855, 50.5369716414544 ], [ -114.545270207532312, 50.541279235810784 ], [ -114.55456582473812, 50.54131505569238 ], [ -114.565603094105342, 50.535849922294553 ], [ -114.566582932002916, 50.528286339596129 ], [ -114.564814264909131, 50.49332753842252 ], [ -114.575003279234451, 50.462620197146123 ], [ -114.588908836208233, 50.44103139572416 ], [ -114.586289071953601, 50.42791234536066 ], [ -114.582860946606743, 50.410750123908436 ], [ -114.570654365912844, 50.388160968279443 ], [ -114.531229221568225, 50.364564322931969 ], [ -114.453011644465718, 50.338153974426469 ], [ -114.424252571855178, 50.321071032847136 ], [ -114.416959529244394, 50.31400892818256 ], [ -114.395517275514251, 50.291881752566098 ], [ -114.390660328731329, 50.286539667533098 ], [ -114.383598396279538, 50.264537819192711 ], [ -114.383700409505195, 50.222864918778193 ], [ -114.376677333955627, 50.190784267777744 ], [ -114.353371134091489, 50.14811288473004 ], [ -114.330743319879645, 50.125589055978587 ], [ -114.297501049716161, 50.103932498820768 ], [ -114.281355938466206, 50.068142068679734 ], [ -114.267406455555403, 50.022742589994479 ], [ -114.269347614556239, 50.001621542530486 ], [ -114.2756034849602, 49.9334545799206 ], [ -114.288452969693182, 49.901905251492479 ], [ -114.317490990766544, 49.874549064673595 ], [ -114.341505507295452, 49.865021319112749 ], [ -114.357755819992306, 49.855461884570744 ], [ -114.37400881213361, 49.841778792312184 ], [ -114.378265175914891, 49.830801048994971 ], [ -114.381863549223652, 49.801957559147979 ], [ -114.381915326432051, 49.781805554951887 ], [ -114.377780102720706, 49.747440386143765 ], [ -114.387083309282616, 49.678310330271586 ], [ -114.402593884907446, 49.653167068036879 ], [ -114.414589571242971, 49.626634204716758 ], [ -114.417441308774968, 49.605116698327578 ], [ -114.390223485312276, 49.533111463922666 ], [ -114.374159835775984, 49.51153016227768 ], [ -114.356691688074946, 49.497727981312465 ], [ -114.305704566717083, 49.465931828891165 ], [ -114.280574000572045, 49.452544951366029 ], [ -114.241484369723949, 49.436798282765565 ], [ -114.165556919956174, 49.393825170561044 ], [ -114.120941529982417, 49.381216619543309 ], [ -114.032567630595793, 49.345416849062325 ], [ -113.969372871509748, 49.315226126275732 ], [ -113.927963354390798, 49.27691637754431 ], [ -113.903268064571193, 49.24420998819398 ], [ -113.884953241699222, 49.204680025579592 ], [ -113.890204713310681, 49.1735737551274 ], [ -113.900238553407121, 49.148911165983527 ], [ -113.913034075807602, 49.124728072628947 ], [ -113.914696861224101, 49.101380000223493 ], [ -113.900923049018047, 49.091655810726643 ], [ -113.86072604735007, 49.085852668163874 ], [ -113.801012913534535, 49.086288240924638 ], [ -113.7468924570355, 49.083991241488683 ], [ -113.680411739269459, 49.073765359119811 ], [ -113.613354366460072, 49.058459029415026 ], [ -113.568497979070045, 49.04517706590925 ], [ -113.543183963249078, 49.026590851004116 ], [ -113.524916374631246, 48.998472905980371 ], [ -113.544364443902055, 48.998413900469899 ], [ -113.575584874859899, 48.998317548505554 ], [ -113.599293073455129, 48.998238904269073 ], [ -113.604235573368669, 48.998217835379641 ], [ -113.653563000334174, 48.997841367320355 ], [ -113.675890022430892, 48.998027948240214 ], [ -113.682956587635786, 48.998045921003417 ], [ -113.715489352884973, 48.998120618199756 ], [ -113.765307110225351, 48.998223857363328 ], [ -113.811777311106425, 48.99845049951972 ], [ -113.832616835643961, 48.998546100952751 ], [ -113.893053054348826, 48.998799424873184 ], [ -113.90461650469598, 48.998842220636256 ], [ -113.922009567342059, 48.99890695234599 ], [ -113.959711385322464, 48.999050443777406 ], [ -113.995226243497186, 48.999171593777731 ], [ -114.001321749493897, 48.999193016610533 ], [ -114.047497267438189, 48.999315616406484 ], [ -114.056991403053644, 48.99934004874325 ], [ -114.071045119708302, 48.999369214402982 ], [ -114.072016157137369, 49.000430020341831 ], [ -114.073486203689399, 49.002012297625853 ], [ -114.073989174012212, 49.003793739288952 ], [ -114.073718266040999, 49.005447440256731 ], [ -114.073131420153643, 49.006572124111152 ], [ -114.071860597236309, 49.007511283994788 ], [ -114.069665801943401, 49.009396874772364 ], [ -114.067211032438166, 49.011275810653835 ], [ -114.064241491336531, 49.014513901184209 ], [ -114.062143272506233, 49.016233646433548 ], [ -114.061376074634396, 49.017469285182983 ], [ -114.059795006740501, 49.019143720904296 ], [ -114.058030262251719, 49.022297021659924 ], [ -114.057750686857815, 49.024058600810356 ], [ -114.057764519629387, 49.025318625180432 ], [ -114.058707146959136, 49.027171231252225 ], [ -114.06126108464295, 49.028263081091161 ], [ -114.061770258994741, 49.029932127173183 ], [ -114.062120428669289, 49.031370387046039 ], [ -114.063370068194402, 49.033742925305972 ], [ -114.063976082877545, 49.0367311546525 ], [ -114.064335641600366, 49.037993995241528 ], [ -114.064698796648315, 49.039202868512724 ], [ -114.065219098562395, 49.040700998925153 ], [ -114.065562198964699, 49.042251679594465 ], [ -114.066052335108736, 49.044267021730427 ], [ -114.066381862168583, 49.046042571883824 ], [ -114.06835420484974, 49.046495074768934 ], [ -114.069431177527179, 49.047381250154437 ], [ -114.069965397550163, 49.048649987443156 ], [ -114.07135597757464, 49.050114643960214 ], [ -114.073538516351533, 49.051423694170815 ], [ -114.074967409076038, 49.052263162386716 ], [ -114.077843813588473, 49.053591223112271 ], [ -114.079092014996334, 49.05453717914002 ], [ -114.080223841865049, 49.055995150055942 ], [ -114.080681147109047, 49.05709223201702 ], [ -114.081441324331507, 49.058938680953709 ], [ -114.081985969707858, 49.060036456716283 ], [ -114.084051875960583, 49.06037244685789 ], [ -114.086969518044967, 49.059536199272294 ], [ -114.089687162925813, 49.059148253139497 ], [ -114.091770247730807, 49.059200704707749 ], [ -114.093842526145792, 49.059424021077362 ], [ -114.096590500010976, 49.060003577815323 ], [ -114.098900263793823, 49.060633635840432 ], [ -114.100850019821848, 49.061485818824941 ], [ -114.102623512360822, 49.062386091513176 ], [ -114.104479886935849, 49.063345476903123 ], [ -114.106076241061231, 49.064298314291939 ], [ -114.10773919809894, 49.065598118784841 ], [ -114.109663206529689, 49.066904418935472 ], [ -114.111336321859696, 49.068028764311535 ], [ -114.113626865210463, 49.069000354067718 ], [ -114.114957092372521, 49.070063510011032 ], [ -114.115815849457576, 49.071743981786206 ], [ -114.116260676669143, 49.073065797482961 ], [ -114.117069060127463, 49.074115921093608 ], [ -114.11962100432757, 49.075093897240855 ], [ -114.123315308009083, 49.075869040384838 ], [ -114.125459558768029, 49.076380317388399 ], [ -114.12723942125119, 49.077167768974363 ], [ -114.128589834705821, 49.077888947697311 ], [ -114.130463365923873, 49.07856456851443 ], [ -114.131609808261985, 49.079792631719691 ], [ -114.132579860093827, 49.08107334950919 ], [ -114.133690702293308, 49.082926574066015 ], [ -114.135099645239634, 49.083990093592355 ], [ -114.136550776744357, 49.084599445670278 ], [ -114.138425609786381, 49.085270447714159 ], [ -114.140360138834978, 49.08640532834827 ], [ -114.141941835636345, 49.08764553548081 ], [ -114.144211601290607, 49.089016826598488 ], [ -114.145532463921796, 49.090246042183416 ], [ -114.146763332774157, 49.0915330683805 ], [ -114.147566463176005, 49.092695424655254 ], [ -114.148645865316823, 49.093580839280676 ], [ -114.14970669948265, 49.094803578081581 ], [ -114.151158920026944, 49.096785128789428 ], [ -114.152049594782966, 49.097948092620385 ], [ -114.152771868145635, 49.098992820178808 ], [ -114.154205678875414, 49.10131616059271 ], [ -114.154084184598617, 49.103425587201166 ], [ -114.1524739578431, 49.105726554397393 ], [ -114.151716499342541, 49.106791889028713 ], [ -114.150788686008411, 49.107797468049753 ], [ -114.150239848126404, 49.109786751976046 ], [ -114.15057010057815, 49.111620529158856 ], [ -114.150742439744647, 49.113169666297644 ], [ -114.150580454832635, 49.114477859656937 ], [ -114.150562987541718, 49.116304572210353 ], [ -114.151323956608437, 49.118209010904259 ], [ -114.152301476137183, 49.119377099522133 ], [ -114.153639304204233, 49.120322843310383 ], [ -114.155682460183897, 49.121116250123102 ], [ -114.15803449379024, 49.122600311509011 ], [ -114.158885877562781, 49.124451354812365 ], [ -114.159339365395411, 49.125660548855159 ], [ -114.159789317219307, 49.126928210510798 ], [ -114.160656837063286, 49.12849138005145 ], [ -114.161541185882299, 49.129771190610342 ], [ -114.162516551244025, 49.13099315892817 ], [ -114.163239446483544, 49.132042303524116 ], [ -114.165131298645022, 49.133972821092854 ], [ -114.165810082168079, 49.135818051218465 ], [ -114.164866100155322, 49.13710710035042 ], [ -114.162913764194002, 49.137745397669022 ], [ -114.16147085674406, 49.138621341455192 ], [ -114.159235722302057, 49.139653486214776 ], [ -114.156980126360381, 49.141027408158848 ], [ -114.154503884837652, 49.141706737874962 ], [ -114.151817180166873, 49.143009912987431 ], [ -114.151377677288949, 49.144599537295868 ], [ -114.152987324139929, 49.145380782577249 ], [ -114.15493158822116, 49.1464029299012 ], [ -114.157126793648729, 49.147597858799315 ], [ -114.159563077584451, 49.149145462740805 ], [ -114.161288507391234, 49.150957826815954 ], [ -114.162173345209666, 49.152233122772699 ], [ -114.163054596200624, 49.153571377592016 ], [ -114.164484113469101, 49.154945087150047 ], [ -114.166091112722299, 49.155303159214455 ], [ -114.168239268208879, 49.155813577421895 ], [ -114.169755932720676, 49.156706362995692 ], [ -114.171433462983927, 49.157829753742021 ], [ -114.171877775836506, 49.159214286529405 ], [ -114.17258541591309, 49.160546701737715 ], [ -114.173615618236042, 49.162340364357398 ], [ -114.174697864041462, 49.163225481356704 ], [ -114.176398583011149, 49.163953000113914 ], [ -114.178814087119704, 49.164352591941444 ], [ -114.182793346849579, 49.164848655089671 ], [ -114.185737215947739, 49.165148334176266 ], [ -114.19065060437255, 49.166069132823225 ], [ -114.192705901515112, 49.166690891688916 ], [ -114.195524817720965, 49.167673395508992 ], [ -114.19790915392484, 49.168643823192717 ], [ -114.200065196964545, 49.169041177705566 ], [ -114.204317979094085, 49.169313404324534 ], [ -114.206199555493967, 49.169929238936852 ], [ -114.207994550915359, 49.170544449851889 ], [ -114.209438855942651, 49.171206738108417 ], [ -114.211220867286087, 49.172051285104907 ], [ -114.213328486627674, 49.173302972056561 ], [ -114.214897441369047, 49.174393489895671 ], [ -114.215723561904497, 49.175645450533487 ], [ -114.216168511508144, 49.177025318223457 ], [ -114.216758893630427, 49.178923611691609 ], [ -114.21710157188086, 49.18059075282499 ], [ -114.218152945101167, 49.182042189699068 ], [ -114.21936892511431, 49.183670202717167 ], [ -114.221979681706742, 49.185276054827256 ], [ -114.22395995174405, 49.187264591784214 ], [ -114.226261714300833, 49.188179847551297 ], [ -114.228338303769235, 49.188459129516595 ], [ -114.230768451082056, 49.188628226283441 ], [ -114.232904707257461, 49.187823440138665 ], [ -114.234514751448785, 49.185521317437988 ], [ -114.236909017152612, 49.184776655398181 ], [ -114.238861429718852, 49.184137038951917 ], [ -114.241043518001661, 49.184074825337028 ], [ -114.243367844988043, 49.184589430395341 ], [ -114.245157861554716, 49.185316491473834 ], [ -114.246688847152882, 49.185983351426998 ], [ -114.248784419635513, 49.185915929349406 ], [ -114.250230631848311, 49.184980383571968 ], [ -114.251160406043539, 49.183920013804986 ], [ -114.252402383937209, 49.181948292910114 ], [ -114.253245454199998, 49.180882872126993 ], [ -114.25471368343878, 49.179547011299164 ], [ -114.257045440067131, 49.178347171148459 ], [ -114.259352310250378, 49.177601570768303 ], [ -114.26123830283673, 49.178158079194368 ], [ -114.263042791973234, 49.178601551243197 ], [ -114.26430709879827, 49.179374516913519 ], [ -114.266106570876261, 49.179930395144126 ], [ -114.268294323410927, 49.179755291355256 ], [ -114.270425854387355, 49.180605669903244 ], [ -114.272673044724286, 49.180943797568176 ], [ -114.275392487759035, 49.180609924909504 ], [ -114.278317486120272, 49.179705839439343 ], [ -114.280194363222819, 49.178835650092829 ], [ -114.282326773193645, 49.17808850376889 ], [ -114.284070279662075, 49.178072321420039 ], [ -114.287363736970406, 49.178376146546988 ], [ -114.288255686601076, 49.179596500199516 ], [ -114.288892843680173, 49.180698293259127 ], [ -114.289436628707577, 49.18191199418952 ], [ -114.289881144759306, 49.183350056762251 ], [ -114.290601694891905, 49.184506345570988 ], [ -114.291471834724916, 49.186126991876186 ], [ -114.293317885634949, 49.187429642063769 ], [ -114.296432828144006, 49.187844603183272 ], [ -114.298331381417313, 49.188175609065439 ], [ -114.29985478516123, 49.189008250529007 ], [ -114.301698692094803, 49.190364747593733 ], [ -114.303050567657749, 49.191137817351354 ], [ -114.305217658204953, 49.191362342533566 ], [ -114.307558099256667, 49.191587865586484 ], [ -114.309795953675007, 49.192096195184376 ], [ -114.312958515645121, 49.193257904681133 ], [ -114.31501652912408, 49.193873050877841 ], [ -114.31626944708151, 49.194874851746292 ], [ -114.31742659643028, 49.196042552573388 ], [ -114.31882614909992, 49.197562628829218 ], [ -114.320729975311878, 49.199432111390571 ], [ -114.323503350827878, 49.199727348186322 ], [ -114.326938594365117, 49.199063492021267 ], [ -114.33063121585478, 49.198464016854878 ], [ -114.332366271367931, 49.198618037165005 ], [ -114.336386366535621, 49.19842529285777 ], [ -114.33886628008905, 49.197683686173434 ], [ -114.341200215678299, 49.196423747815594 ], [ -114.34284069356309, 49.195092301719527 ], [ -114.344291201611597, 49.194038714621968 ], [ -114.345988370821772, 49.193278978254995 ], [ -114.34801723123698, 49.19280906597767 ], [ -114.350034419779149, 49.192573025483298 ], [ -114.351745387450322, 49.193181125569382 ], [ -114.353524837619489, 49.194136047605177 ], [ -114.355105382260106, 49.195544275295489 ], [ -114.356978255419378, 49.196387184034876 ], [ -114.358514368701407, 49.196994208593601 ], [ -114.361230196112871, 49.198368198275311 ], [ -114.361842020368144, 49.199982422416042 ], [ -114.362661011069619, 49.200972364063595 ], [ -114.364157803969988, 49.202321517177914 ], [ -114.366139174352426, 49.202764428357717 ], [ -114.368309510380158, 49.202929377069879 ], [ -114.37022563475972, 49.202971403021543 ], [ -114.372485937319738, 49.203082772565843 ], [ -114.374491151769405, 49.203071221468363 ], [ -114.376758084965104, 49.203065556594602 ], [ -114.379438802213727, 49.203467043075655 ], [ -114.382453236168033, 49.20416273397197 ], [ -114.38572856724204, 49.204868744499528 ], [ -114.387796863321583, 49.205316254278557 ], [ -114.390031329421447, 49.205935594920206 ], [ -114.393481125976805, 49.206642317100027 ], [ -114.396384845382897, 49.20779152146708 ], [ -114.397882737573553, 49.209140263540689 ], [ -114.399495071414194, 49.209976636484221 ], [ -114.401029688141236, 49.2106415990174 ], [ -114.403477572412442, 49.212179712724222 ], [ -114.402697035367339, 49.213763995489536 ], [ -114.401252871072458, 49.214701369834742 ], [ -114.398565420409341, 49.216068665916097 ], [ -114.396604905304969, 49.216881780313884 ], [ -114.394583230031358, 49.218832923179491 ], [ -114.395118596047695, 49.220275604407782 ], [ -114.396752414323672, 49.220711674005535 ], [ -114.398289744047645, 49.221318196862171 ], [ -114.401452952083588, 49.22253164691859 ], [ -114.404462323076629, 49.223339252047126 ], [ -114.404535170431558, 49.225283440290532 ], [ -114.40385011077133, 49.226697237204881 ], [ -114.402285575557457, 49.228259427334955 ], [ -114.402613644830495, 49.230326433687956 ], [ -114.40298971060345, 49.231475780692868 ], [ -114.403740979456899, 49.233778966186932 ], [ -114.403398763040002, 49.235311529800306 ], [ -114.403855926931428, 49.236578284863491 ], [ -114.404099784736417, 49.238586353628676 ], [ -114.404178332809437, 49.240413578732579 ], [ -114.403214136374501, 49.242163374995023 ], [ -114.400305665726748, 49.242724106880893 ], [ -114.396105542713514, 49.242971984934222 ], [ -114.393803357515978, 49.243607741896035 ], [ -114.392192821118527, 49.244368615283115 ], [ -114.390417692989175, 49.244957605955307 ], [ -114.388374043600734, 49.24565312232324 ], [ -114.386615937468164, 49.245900181695831 ], [ -114.384239091994885, 49.246301367445007 ], [ -114.382802597254766, 49.247072040806756 ], [ -114.381402105666936, 49.248810282188096 ], [ -114.382826393804777, 49.249924854068297 ], [ -114.385840336392491, 49.250679113713417 ], [ -114.388001376374334, 49.251073220406809 ], [ -114.389536285507035, 49.251733961125346 ], [ -114.39179347991066, 49.253613588037837 ], [ -114.392427320351672, 49.254827521797274 ], [ -114.393858520468896, 49.255834168477932 ], [ -114.395301222778372, 49.25660684486872 ], [ -114.397792643655933, 49.257349027265654 ], [ -114.400812954442344, 49.257990421731336 ], [ -114.404269784404406, 49.258638510663715 ], [ -114.406088242106918, 49.258908980929469 ], [ -114.408946572786178, 49.259315307313543 ], [ -114.411083918679694, 49.260163372413743 ], [ -114.413149123045798, 49.260723013237993 ], [ -114.415367725445932, 49.261688419305585 ], [ -114.417529572723183, 49.262077466694144 ], [ -114.420688050341013, 49.26175173878547 ], [ -114.423209977949838, 49.261922195004246 ], [ -114.424944333005669, 49.262129074799674 ], [ -114.426775146469751, 49.262169914495793 ], [ -114.429321233211681, 49.261885845646134 ], [ -114.431659934198606, 49.262226188053248 ], [ -114.434737217113337, 49.261778182061803 ], [ -114.437145983267214, 49.262460766328722 ], [ -114.438691560242418, 49.262954490837487 ], [ -114.440463218384707, 49.264133318818679 ], [ -114.443069760873414, 49.264362245388163 ], [ -114.445350592079507, 49.264130508836985 ], [ -114.447620312506643, 49.264123672790447 ], [ -114.449698108069114, 49.264453349104862 ], [ -114.450934796604272, 49.265854369714418 ], [ -114.450303161689305, 49.267952758620225 ], [ -114.450910020252934, 49.269737689751615 ], [ -114.451193498785486, 49.270999049952032 ], [ -114.450896363447043, 49.273391565958605 ], [ -114.450145097251067, 49.274404893835865 ], [ -114.44978097364708, 49.276396591433695 ], [ -114.450065319722668, 49.277657956174046 ], [ -114.45043090932981, 49.279036711105228 ], [ -114.450546322407646, 49.28018475255184 ], [ -114.451222637447273, 49.282311995627829 ], [ -114.451326138239594, 49.283684972396806 ], [ -114.451002636808255, 49.284875882943723 ], [ -114.450408996280615, 49.28623648290646 ], [ -114.44901302125902, 49.287917184683181 ], [ -114.45053558664236, 49.28886504878195 ], [ -114.452119577418983, 49.2903306738271 ], [ -114.452924372680926, 49.29166202282596 ], [ -114.453548316217393, 49.293100491202296 ], [ -114.454958026711083, 49.294560719008487 ], [ -114.45566328958131, 49.296121052542205 ], [ -114.45655598805439, 49.297452778822624 ], [ -114.458616269288967, 49.299843012505143 ], [ -114.460215160554256, 49.301020553734496 ], [ -114.461979980416743, 49.302369842198104 ], [ -114.463765506729558, 49.303323209838346 ], [ -114.466269095670697, 49.30389292261119 ], [ -114.468075384678713, 49.304445829427785 ], [ -114.470032449819101, 49.30546287888329 ], [ -114.472082865714057, 49.306363326274997 ], [ -114.473417670141856, 49.307593414043446 ], [ -114.474761273792993, 49.308648031639919 ], [ -114.476363989550023, 49.309771311205182 ], [ -114.477977834313194, 49.310660629367426 ], [ -114.478798677716469, 49.311708297758678 ], [ -114.481133774954756, 49.312159877978758 ], [ -114.482812399788088, 49.311798505296316 ], [ -114.485895485144923, 49.311294944004999 ], [ -114.48914766524733, 49.310904551774478 ], [ -114.491164100297823, 49.312492894063979 ], [ -114.491629744955759, 49.313646854638343 ], [ -114.491883141750435, 49.315537800482346 ], [ -114.492066968541053, 49.317081967722658 ], [ -114.492227197216565, 49.319084984978616 ], [ -114.493376452485592, 49.320538923087206 ], [ -114.49288542391534, 49.321612149268006 ], [ -114.491448460129689, 49.322379721020774 ], [ -114.489490703419037, 49.323081971666774 ], [ -114.487000404078358, 49.323939304948631 ], [ -114.485138076162002, 49.324470932444747 ], [ -114.482926473927293, 49.324991964580292 ], [ -114.480695107654412, 49.325917837812689 ], [ -114.480788518945644, 49.32752013503621 ], [ -114.481510122673285, 49.328792286716485 ], [ -114.482394592113636, 49.330294643914293 ], [ -114.48311946863744, 49.33150829770527 ], [ -114.483221629865824, 49.3329396361815 ], [ -114.482604333782319, 49.334754757811076 ], [ -114.482455655167698, 49.335951023637755 ], [ -114.483407112886653, 49.337858680127788 ], [ -114.48513245252019, 49.340008271470865 ], [ -114.48594416868572, 49.341226822019252 ], [ -114.486843718187899, 49.34244575743994 ], [ -114.488054801485148, 49.344413026270473 ], [ -114.489029523875217, 49.345861765105099 ], [ -114.489742664978635, 49.347304838807766 ], [ -114.492010103671475, 49.349123742439289 ], [ -114.493675249875196, 49.350759969085658 ], [ -114.496757953721271, 49.352028888266602 ], [ -114.499862194273078, 49.352892841540886 ], [ -114.502027666892545, 49.353284737680582 ], [ -114.504287236160778, 49.353560060254559 ], [ -114.506347629908973, 49.354293447769656 ], [ -114.508243756230812, 49.354846100273036 ], [ -114.510071597657642, 49.355002452914086 ], [ -114.51279033384246, 49.354829605209588 ], [ -114.516041766778201, 49.354501466492707 ], [ -114.517558538031579, 49.353904932742175 ], [ -114.51965118613704, 49.354008257350507 ], [ -114.522484569087325, 49.355041577805245 ], [ -114.524188188649745, 49.355935128437338 ], [ -114.525158744054423, 49.357496051035966 ], [ -114.525005617729065, 49.358809311783567 ], [ -114.524936331727389, 49.360176916919045 ], [ -114.525124154688243, 49.361667082185704 ], [ -114.525840841171132, 49.363051450857739 ], [ -114.526744834442212, 49.364216106488072 ], [ -114.52763950877609, 49.365547201478869 ], [ -114.528813902330228, 49.366541967994074 ], [ -114.530061347805599, 49.367824997136211 ], [ -114.531322779982844, 49.368824590789949 ], [ -114.532499572579283, 49.369765328662083 ], [ -114.532603017851287, 49.371192129011895 ], [ -114.530803908262982, 49.37218368035257 ], [ -114.529703931222244, 49.373187080005003 ], [ -114.528479600540209, 49.374932397783788 ], [ -114.530556134911009, 49.375377394071563 ], [ -114.532587780840856, 49.37673558906225 ], [ -114.535506704043371, 49.377822870235214 ], [ -114.538297417551092, 49.37800063865766 ], [ -114.540306507837798, 49.378040217475906 ], [ -114.542156341203849, 49.377795650215688 ], [ -114.544005292291786, 49.377551051684527 ], [ -114.546125395090641, 49.377136515509157 ], [ -114.548865305606142, 49.376566902031705 ], [ -114.55148346005673, 49.37668067902851 ], [ -114.553301623800735, 49.377061250494414 ], [ -114.556384846849127, 49.376614287607964 ], [ -114.558414701384208, 49.376257675648169 ], [ -114.561024477228599, 49.376537686219073 ], [ -114.563192310394939, 49.376928438721571 ], [ -114.565900614458329, 49.376983738396902 ], [ -114.568877606942564, 49.378704794585985 ], [ -114.570712715452146, 49.380515980858625 ], [ -114.572155496991428, 49.381403276014964 ], [ -114.573602286460357, 49.382232073793325 ], [ -114.575801101490171, 49.383761053022333 ], [ -114.577300655980565, 49.385278409802304 ], [ -114.577315393926327, 49.386763281448289 ], [ -114.577834010680462, 49.388659458181387 ], [ -114.579599597485071, 49.3901237610743 ], [ -114.581784917824024, 49.390172243371062 ], [ -114.584152613421395, 49.390050367146941 ], [ -114.587014699395937, 49.390564574108552 ], [ -114.58869059024596, 49.392086855002042 ], [ -114.589950904965704, 49.393139697211765 ], [ -114.591122038049008, 49.394250702123578 ], [ -114.591912370998244, 49.395981267045769 ], [ -114.592361313481319, 49.397530645811294 ], [ -114.592979888554197, 49.399202102922168 ], [ -114.593163892397243, 49.400804537362916 ], [ -114.593175182903025, 49.402347869758998 ], [ -114.593368383424021, 49.403779357971445 ], [ -114.593834067898172, 49.404986832132401 ], [ -114.594917659422165, 49.406097482140822 ], [ -114.596243614339684, 49.407609412882238 ], [ -114.597624351174161, 49.409805423762549 ], [ -114.597978201782851, 49.411529916828535 ], [ -114.598249465385834, 49.413132638410389 ], [ -114.598357996598907, 49.414505326726434 ], [ -114.59846567300589, 49.415878010740997 ], [ -114.59828349556507, 49.417816658770803 ], [ -114.598809551590492, 49.419600309582627 ], [ -114.600322443551605, 49.420887913676793 ], [ -114.601488495615584, 49.422111309140163 ], [ -114.602019954698008, 49.423777970963208 ], [ -114.601958996137824, 49.425033136813248 ], [ -114.601279892438242, 49.426389668117594 ], [ -114.60102733901725, 49.427986139851022 ], [ -114.600509669170364, 49.429631194446763 ], [ -114.599748638209604, 49.430870447637638 ], [ -114.600170363034238, 49.432995689799668 ], [ -114.601779044058404, 49.434112608135123 ], [ -114.603902408662123, 49.435469735244588 ], [ -114.605506863386921, 49.436703570683896 ], [ -114.606360849728958, 49.438947235655149 ], [ -114.606108387389824, 49.44054371343573 ], [ -114.604638886335138, 49.441938077752326 ], [ -114.602228692546191, 49.442861256710273 ], [ -114.600964982433837, 49.443635345200498 ], [ -114.599517907549142, 49.444575272677959 ], [ -114.599462083843321, 49.445717964142965 ], [ -114.599558655278003, 49.447320132618749 ], [ -114.599918306655084, 49.44892320641997 ], [ -114.601068379524293, 49.450492994628917 ], [ -114.602878407409904, 49.451097624264222 ], [ -114.603943687635962, 49.452608596063492 ], [ -114.602340951695808, 49.453143074808075 ], [ -114.600647097491361, 49.453740211927929 ], [ -114.600069113151605, 49.454809116640156 ], [ -114.599655664431154, 49.456117059964264 ], [ -114.599131577652059, 49.457874573669557 ], [ -114.599589696064371, 49.459257505601848 ], [ -114.601365990968148, 49.460550462706024 ], [ -114.602429261188206, 49.462115430075578 ], [ -114.601959195162479, 49.464561565301246 ], [ -114.601469084755038, 49.465635276724946 ], [ -114.599831874466275, 49.466858038369949 ], [ -114.597237017095722, 49.467946990018 ], [ -114.595713411360066, 49.468657143348061 ], [ -114.594611902725035, 49.469661214771747 ], [ -114.594186821958488, 49.471198577495201 ], [ -114.595131064261949, 49.473388629367363 ], [ -114.596228700605707, 49.476038152724605 ], [ -114.596478546152696, 49.478099798319604 ], [ -114.596236122710735, 49.479462315505721 ], [ -114.595536474619223, 49.481219207647605 ], [ -114.595018087905302, 49.482864236896653 ], [ -114.594168098591865, 49.484103156575962 ], [ -114.594183495245233, 49.485592552133298 ], [ -114.595350846027884, 49.486815967567019 ], [ -114.597018099157012, 49.488563037397704 ], [ -114.59834418918345, 49.490133428985921 ], [ -114.598189770685536, 49.491500748601155 ], [ -114.59632247696932, 49.492034262876885 ], [ -114.595306328855884, 49.493097136984929 ], [ -114.595854910780773, 49.494421888799508 ], [ -114.596896001816546, 49.496441259060283 ], [ -114.597540983868043, 49.497599849950966 ], [ -114.597705981713901, 49.499602696201386 ], [ -114.597119237614947, 49.500847041318799 ], [ -114.596266209187291, 49.502139960216354 ], [ -114.59507171982807, 49.503260712517324 ], [ -114.593425973387639, 49.504654357368928 ], [ -114.592132013379867, 49.505995209633348 ], [ -114.590483035858441, 49.507447296118215 ], [ -114.588652607687692, 49.509006709711663 ], [ -114.586457919181555, 49.510848279013572 ], [ -114.585423910515459, 49.512252968685779 ], [ -114.585017317014589, 49.513389902427008 ], [ -114.58484610318699, 49.515099106041674 ], [ -114.584688433421164, 49.516524888495411 ], [ -114.584613608885235, 49.518063451093631 ], [ -114.583853240549985, 49.519248595050989 ], [ -114.582415162080238, 49.519958822229668 ], [ -114.58002060343992, 49.520481077566508 ], [ -114.578330384939534, 49.520960862903472 ], [ -114.576249949613867, 49.522231105398291 ], [ -114.575065900595092, 49.523117656853159 ], [ -114.574314410639801, 49.52413177722196 ], [ -114.573299479115903, 49.525135922003955 ], [ -114.573093468546034, 49.527533397356216 ], [ -114.5741202687731, 49.529840931966767 ], [ -114.57359257931472, 49.531656784799523 ], [ -114.573098281798693, 49.532788834627375 ], [ -114.572345776825586, 49.533798440447512 ], [ -114.571475563014815, 49.535437536108113 ], [ -114.571023534018977, 49.537483132498323 ], [ -114.572330694499243, 49.539454254968888 ], [ -114.572876379770946, 49.540837616575345 ], [ -114.57350802103683, 49.542279786233181 ], [ -114.57368625680283, 49.543994749207876 ], [ -114.574229808481249, 49.545436587715031 ], [ -114.573995037898129, 49.546628088401292 ], [ -114.574436842255395, 49.548353018176932 ], [ -114.574369990329984, 49.549720615950832 ], [ -114.574469337922835, 49.551264305004757 ], [ -114.57352495803616, 49.554387971073332 ], [ -114.57359920579826, 49.556444508447633 ], [ -114.576054723837956, 49.556498518251935 ], [ -114.577882991413901, 49.556820159252361 ], [ -114.579846349261715, 49.557947667517659 ], [ -114.58085129390382, 49.558941192091112 ], [ -114.58228096230097, 49.560224204945172 ], [ -114.583375493734621, 49.561164035679369 ], [ -114.585939979801225, 49.56258598067474 ], [ -114.588150464702778, 49.564060573246763 ], [ -114.590268664660073, 49.563820507061045 ], [ -114.59153840504591, 49.56298802810862 ], [ -114.595226892300744, 49.561178511055779 ], [ -114.596827736874872, 49.560756565600038 ], [ -114.599652796335462, 49.560415264461767 ], [ -114.601492386640231, 49.560511503794451 ], [ -114.604843747498094, 49.560180859346886 ], [ -114.606814934383394, 49.55936406892598 ], [ -114.609021022893657, 49.559123956357368 ], [ -114.6096080776842, 49.557879561408143 ], [ -114.609938437320523, 49.556517325692688 ], [ -114.611840750322713, 49.555299773068825 ], [ -114.61364963112382, 49.554194368591915 ], [ -114.613806624766994, 49.552768560678231 ], [ -114.614963890345877, 49.550621621821307 ], [ -114.616690464944568, 49.549398916196687 ], [ -114.617976674832164, 49.548228748156227 ], [ -114.61994116548054, 49.547524203480009 ], [ -114.622313889052521, 49.547459859635637 ], [ -114.624327626731386, 49.547556299430212 ], [ -114.627720080821163, 49.548197009778484 ], [ -114.630007700601126, 49.548073745722917 ], [ -114.632205038458622, 49.548004147076 ], [ -114.634909559742297, 49.546518760799025 ], [ -114.636191438773821, 49.545402374053197 ], [ -114.637643518464387, 49.544403483343615 ], [ -114.640057653586368, 49.543479512939477 ], [ -114.641997245358453, 49.543291956342159 ], [ -114.643934714030507, 49.543158353774544 ], [ -114.647090906786971, 49.543226355358883 ], [ -114.650147931105394, 49.543514447004959 ], [ -114.653249642988484, 49.544720470877472 ], [ -114.65531611193822, 49.545563430026299 ], [ -114.657116147177106, 49.546455070272302 ], [ -114.658815803493084, 49.547629853562462 ], [ -114.660240895132148, 49.549033288853757 ], [ -114.661948770608291, 49.550037070465947 ], [ -114.663127462771072, 49.551088808171436 ], [ -114.665536291551248, 49.552108035401545 ], [ -114.670151324958752, 49.552885875491945 ], [ -114.674410663816772, 49.55377049091333 ], [ -114.678631355742752, 49.55483931760881 ], [ -114.680125544285147, 49.55542826230203 ], [ -114.683518943552954, 49.556067241294471 ], [ -114.685379674489909, 49.555703220736923 ], [ -114.687352042707218, 49.554831033429757 ], [ -114.689426062353306, 49.554004071730688 ], [ -114.692003418998766, 49.552980401616189 ], [ -114.69388319541919, 49.550335108943727 ], [ -114.697269815853929, 49.547374166152821 ], [ -114.698921916605102, 49.549574047365532 ], [ -114.700082974546234, 49.551025771951402 ], [ -114.702075778252393, 49.551579688896119 ], [ -114.704166766547061, 49.551908846971756 ], [ -114.705769114655482, 49.553312112193282 ], [ -114.706582061266786, 49.55469541957892 ], [ -114.708790259423324, 49.556284602681295 ], [ -114.711027787485122, 49.557239402081578 ], [ -114.710682098875978, 49.559002315406303 ], [ -114.709751845519449, 49.560129399004822 ], [ -114.710285498431546, 49.561853949529393 ], [ -114.713283750984317, 49.563453952350919 ], [ -114.715742172370952, 49.564922112180817 ], [ -114.719469533349326, 49.567288570156798 ], [ -114.724925138860016, 49.570657740696547 ], [ -114.726265332227385, 49.571817141865118 ], [ -114.725915649652151, 49.573125649815665 ], [ -114.724932415445252, 49.575391063209231 ], [ -114.726293837875843, 49.57633004264423 ], [ -114.72801913864734, 49.576995371966966 ], [ -114.73115653592906, 49.577510871915358 ], [ -114.734152743344936, 49.577283584203272 ], [ -114.736030190457868, 49.578462053346513 ], [ -114.736157741482515, 49.581512876171224 ], [ -114.737868021510906, 49.596986980054375 ], [ -114.741269552855584, 49.59810124897384 ], [ -114.744339507356244, 49.600105675171811 ], [ -114.747931673954696, 49.602228076690103 ], [ -114.747160874950083, 49.603697917160723 ], [ -114.746857796986475, 49.604898737384396 ], [ -114.74687344982037, 49.606118217234219 ], [ -114.747335425791988, 49.607532110585083 ], [ -114.752434321315931, 49.609401063966708 ], [ -114.751314245618815, 49.610591135470884 ], [ -114.7483179956821, 49.614805798273025 ], [ -114.747154147700513, 49.619064717634842 ], [ -114.729604834733294, 49.624094318128755 ], [ -114.723811162699846, 49.623923966638763 ], [ -114.720135444794025, 49.627335636395543 ], [ -114.720332243932845, 49.628767072435821 ], [ -114.717672602608928, 49.632999994957459 ], [ -114.709396732884215, 49.633237302749635 ], [ -114.707468909315978, 49.634969765820266 ], [ -114.708476448476091, 49.637847672264421 ], [ -114.70174096471959, 49.638970129670042 ], [ -114.698488667560383, 49.633368607570233 ], [ -114.692233096816665, 49.633641129149034 ], [ -114.68865014712469, 49.636885732146638 ], [ -114.680398818150763, 49.638435152089173 ], [ -114.680510130504572, 49.639911514332859 ], [ -114.679322200259662, 49.641573511566421 ], [ -114.673328578900026, 49.642862837691617 ], [ -114.669725815754589, 49.639937035817162 ], [ -114.667488061910603, 49.638121851156356 ], [ -114.665483541303303, 49.639947761876108 ], [ -114.662705646581173, 49.642482453001058 ], [ -114.657860503140824, 49.660892517141626 ], [ -114.657766763126787, 49.662831858674828 ], [ -114.65974192124655, 49.663845705892683 ], [ -114.662914855057508, 49.665565036416908 ], [ -114.664077075735477, 49.667017399233423 ], [ -114.665522333152566, 49.668074349337459 ], [ -114.666471474801526, 49.669075871361805 ], [ -114.667784661216899, 49.670460825654487 ], [ -114.669285527117154, 49.672205979146298 ], [ -114.668327630197851, 49.673841102520925 ], [ -114.667135906037089, 49.674845619629437 ], [ -114.665176614620648, 49.675321407665912 ], [ -114.665449350488743, 49.676982358176396 ], [ -114.667635206966565, 49.679139184099434 ], [ -114.668100029406787, 49.68046316928114 ], [ -114.668298487446137, 49.681835926421854 ], [ -114.668838139451651, 49.68344805031218 ], [ -114.670949196358748, 49.685316322675007 ], [ -114.670796327752782, 49.686683644886187 ], [ -114.670478115549344, 49.687821070038588 ], [ -114.669489800625314, 49.690085971042329 ], [ -114.669757198526327, 49.691859333646008 ], [ -114.671728311596041, 49.692984888533751 ], [ -114.673276187473661, 49.693758360339544 ], [ -114.675420439623394, 49.694942811987069 ], [ -114.674363726700307, 49.696807154927157 ], [ -114.673607546544815, 49.698172879269585 ], [ -114.672196851005495, 49.699793295779813 ], [ -114.670377766014155, 49.701012167979826 ], [ -114.668347363567349, 49.702968281221231 ], [ -114.666907054977671, 49.703625625803639 ], [ -114.664856004607771, 49.70415513190504 ], [ -114.662084249313523, 49.705195406082183 ], [ -114.659734412013293, 49.706281838464392 ], [ -114.657059391949616, 49.706966848115052 ], [ -114.655263553794583, 49.707676896927737 ], [ -114.65309423023497, 49.708831214782258 ], [ -114.649676220907367, 49.710301174631844 ], [ -114.647391573011404, 49.712026418774478 ], [ -114.646794320615243, 49.71344181450214 ], [ -114.645579086307251, 49.714904816309158 ], [ -114.64404733340011, 49.715615494766539 ], [ -114.642254022593661, 49.716262361233909 ], [ -114.640878860668124, 49.71737839410364 ], [ -114.638265093214244, 49.718580549280802 ], [ -114.637151325540401, 49.719755836860799 ], [ -114.63637023232684, 49.721341567332459 ], [ -114.637412186018267, 49.723477371807959 ], [ -114.637502526028499, 49.72524578295458 ], [ -114.636183973802346, 49.726991801714227 ], [ -114.634943494390129, 49.728963002853838 ], [ -114.633231465059779, 49.731558072630172 ], [ -114.633255599739144, 49.73287187193214 ], [ -114.634344301392034, 49.735862665930334 ], [ -114.636464922077153, 49.737565450156133 ], [ -114.640974573348487, 49.73908212926964 ], [ -114.64273306740283, 49.739177521296732 ], [ -114.644152537535703, 49.740806024282811 ], [ -114.644802166973292, 49.741959763852392 ], [ -114.644923324362068, 49.743102891030865 ], [ -114.644047556400253, 49.744800854578955 ], [ -114.643148110413264, 49.747007129526786 ], [ -114.643258043259138, 49.748379672922013 ], [ -114.64425925027372, 49.749543489558427 ], [ -114.646127660586288, 49.751011246071712 ], [ -114.648356582285018, 49.752313556578251 ], [ -114.649326606068129, 49.75410236993693 ], [ -114.649788449201864, 49.755480288039152 ], [ -114.651285053387454, 49.757338143646713 ], [ -114.652372395286093, 49.75856047626722 ], [ -114.654895580030086, 49.759238252032091 ], [ -114.657598390877538, 49.761693388926403 ], [ -114.658754206567124, 49.763316223880381 ], [ -114.656656093927054, 49.764758556703065 ], [ -114.655297909026515, 49.765474295917613 ], [ -114.653659295171792, 49.766526568391868 ], [ -114.65165467779795, 49.767856627468255 ], [ -114.650192196144289, 49.76890937818952 ], [ -114.648261629760242, 49.770527500306052 ], [ -114.647065985511645, 49.771531534396374 ], [ -114.645112640912743, 49.773603877344044 ], [ -114.644395265212069, 49.77564398164148 ], [ -114.643882816090439, 49.777117904195414 ], [ -114.643460210102518, 49.778538116934868 ], [ -114.642862170229861, 49.779953292735669 ], [ -114.641743474648408, 49.781186926731735 ], [ -114.640277364114752, 49.782298018251836 ], [ -114.636955181569022, 49.783488789306162 ], [ -114.636006474998496, 49.784839856961391 ], [ -114.637529140798904, 49.786185140163568 ], [ -114.63691341272812, 49.787942108779724 ], [ -114.637270045109915, 49.789661621230508 ], [ -114.638422780393526, 49.791343121371931 ], [ -114.640329477308967, 49.793836657287542 ], [ -114.641926743324362, 49.795470010051055 ], [ -114.642112465008722, 49.797072020059019 ], [ -114.642080496988868, 49.799523562602936 ], [ -114.641972060271286, 49.801749947780479 ], [ -114.641700741417949, 49.80368793249383 ], [ -114.642541486155636, 49.806331087931525 ], [ -114.642992276877919, 49.807938405199259 ], [ -114.643429578286629, 49.809833577205147 ], [ -114.643797894179158, 49.811323679039688 ], [ -114.644422100363371, 49.812994498039224 ], [ -114.64514850194243, 49.814377725173308 ], [ -114.646222537957485, 49.815883460910186 ], [ -114.646775640189389, 49.81720767198621 ], [ -114.646706476241931, 49.818637956105441 ], [ -114.645603605872751, 49.819525289621666 ], [ -114.644408945300569, 49.820475311316741 ], [ -114.64286011532343, 49.821469218745371 ], [ -114.641823075676669, 49.822820054351205 ], [ -114.64109880360175, 49.824972560397555 ], [ -114.641186327765681, 49.826803679479568 ], [ -114.641898435814397, 49.828474776878871 ], [ -114.643215125510977, 49.830444618266398 ], [ -114.645005744865614, 49.831736629780352 ], [ -114.647210424920431, 49.833605742519914 ], [ -114.648751118850072, 49.834609353001554 ], [ -114.650107270673757, 49.835778883738719 ], [ -114.650648312580273, 49.837391436030437 ], [ -114.651536403647285, 49.839122022016902 ], [ -114.652609179316826, 49.840686664635982 ], [ -114.653403589602362, 49.842529456427641 ], [ -114.65428075059765, 49.844489487161923 ], [ -114.655797603156103, 49.846005933587911 ], [ -114.657152122953306, 49.847233895906449 ], [ -114.659358201752227, 49.849107827159926 ], [ -114.660953015023381, 49.850849440931704 ], [ -114.661670263729746, 49.852466979181585 ], [ -114.661919373741995, 49.854641126479663 ], [ -114.661931348951569, 49.856243101759048 ], [ -114.661609401106745, 49.857434614162656 ], [ -114.661361202396336, 49.858914330392146 ], [ -114.661557852958069, 49.860345851364258 ], [ -114.663412005542895, 49.862209706299971 ], [ -114.665613323063667, 49.862369104405985 ], [ -114.668253160465909, 49.862592684493535 ], [ -114.670702879664248, 49.863099032539154 ], [ -114.671688519231424, 49.864663215737103 ], [ -114.670740128017755, 49.866015022542335 ], [ -114.670155936892726, 49.867147349527492 ], [ -114.670523956398995, 49.86869631471027 ], [ -114.671263886435852, 49.869854822958651 ], [ -114.672185990248792, 49.870901331950478 ], [ -114.673176903211768, 49.872348501327082 ], [ -114.673293201846604, 49.873478269593214 ], [ -114.67311536858972, 49.875489189208572 ], [ -114.673268675348481, 49.877834001331237 ], [ -114.674850825321229, 49.879863225535459 ], [ -114.676120916032517, 49.881032116190198 ], [ -114.677918053048217, 49.882265403293253 ], [ -114.68083297794395, 49.884154095472752 ], [ -114.683589635888481, 49.885772294865831 ], [ -114.685818999490579, 49.887110052771497 ], [ -114.688022701552057, 49.889095639848897 ], [ -114.688562513344991, 49.890761907013463 ], [ -114.689295060257194, 49.892091190296597 ], [ -114.690988002047618, 49.893665904359146 ], [ -114.692099945162653, 49.896314513215451 ], [ -114.69240185752642, 49.897408684807914 ], [ -114.691964546810851, 49.899166921877139 ], [ -114.690507884098565, 49.900054141915263 ], [ -114.689564827831163, 49.9012936323182 ], [ -114.689588181550505, 49.902661579032007 ], [ -114.689258067085078, 49.904028623792179 ], [ -114.689289433910531, 49.905225605744477 ], [ -114.689216364229125, 49.906768791241603 ], [ -114.688789851101845, 49.908302079103883 ], [ -114.688622903994471, 49.909957517466232 ], [ -114.688097004535237, 49.911715535331297 ], [ -114.687773632142154, 49.914792462147602 ], [ -114.68891279193754, 49.916874148395216 ], [ -114.690651171665138, 49.919361909707355 ], [ -114.691329069751248, 49.921833494151166 ], [ -114.691523379651571, 49.923323108739012 ], [ -114.691620835914051, 49.924978938699859 ], [ -114.691732297380781, 49.92635137401372 ], [ -114.692009509866395, 49.927958167369496 ], [ -114.691242508212497, 49.929197924450008 ], [ -114.690994836096863, 49.930677425787501 ], [ -114.690944032035645, 49.933588061263009 ], [ -114.691440261067015, 49.936167162110785 ], [ -114.691781340040791, 49.938286986288389 ], [ -114.6928624684287, 49.939738345006724 ], [ -114.693822185195799, 49.94186872043128 ], [ -114.692511280147343, 49.943386037081765 ], [ -114.69084360020959, 49.944951916419015 ], [ -114.689636652844726, 49.94612754404595 ], [ -114.688781275422429, 49.947367039336939 ], [ -114.687817828927237, 49.9490066446672 ], [ -114.687299096573781, 49.950593398946367 ], [ -114.686335558619064, 49.952228487519818 ], [ -114.685159702025985, 49.954605318479686 ], [ -114.684240995200554, 49.957158255999275 ], [ -114.683857625440325, 49.959604608576008 ], [ -114.683139945917986, 49.961649688326929 ], [ -114.683000592792339, 49.964555549988241 ], [ -114.682152357898943, 49.965624034772141 ], [ -114.680618503164538, 49.966222823983067 ], [ -114.678744830899646, 49.966528264820347 ], [ -114.676080437935653, 49.966705587535976 ], [ -114.673769922710065, 49.96688830580991 ], [ -114.671464979325236, 49.966954024252509 ], [ -114.668753260573709, 49.966271787389758 ], [ -114.66531471863135, 49.965974067316488 ], [ -114.662553391717793, 49.966316917649756 ], [ -114.660309113539228, 49.966958147076895 ], [ -114.657618914023232, 49.967647500016113 ], [ -114.654918315354237, 49.968561702903962 ], [ -114.654418054199795, 49.969752386942538 ], [ -114.653616030988488, 49.971679968135227 ], [ -114.652294268596293, 49.973363047229057 ], [ -114.652044693192209, 49.974842402793989 ], [ -114.651430729690816, 49.976545601729505 ], [ -114.651521709649813, 49.978318404757907 ], [ -114.652137674300974, 49.980214252441698 ], [ -114.652932820252971, 49.982061143126153 ], [ -114.653212079520785, 49.983614062301569 ], [ -114.653498688221561, 49.98499604771424 ], [ -114.652806898431805, 49.986474082278853 ], [ -114.651918617861185, 49.988342921266572 ], [ -114.651293200631855, 49.990280026846897 ], [ -114.650620775919094, 49.991353220726701 ], [ -114.651164283729557, 49.992911434788709 ], [ -114.652077077718829, 49.994191824425769 ], [ -114.653503815004242, 49.995824638827692 ], [ -114.656545843027232, 49.997030320662788 ], [ -114.659875583658888, 49.99778687915245 ], [ -114.662848711610266, 49.998591791721331 ], [ -114.66576904630395, 50.000795581856039 ], [ -114.665063689054875, 50.002552579637843 ], [ -114.664369445144899, 50.004084671030775 ], [ -114.663162699577398, 50.007032404540183 ], [ -114.661790324024778, 50.009750221725319 ], [ -114.660727868054352, 50.011560172221685 ], [ -114.659208004244803, 50.015478736469774 ], [ -114.659578850390716, 50.01696891365679 ], [ -114.659946686819723, 50.018517562479346 ], [ -114.65862617939014, 50.021977833920609 ], [ -114.659204117085764, 50.024674283212299 ], [ -114.659663153459817, 50.026169203766223 ], [ -114.659364360898223, 50.02867867470178 ], [ -114.658386260613682, 50.030835291644124 ], [ -114.659637400630999, 50.032166023041704 ], [ -114.661271121227884, 50.03322789473804 ], [ -114.663778385969792, 50.034535137453098 ], [ -114.665065593304888, 50.035420512407399 ], [ -114.66536148937854, 50.036622507435688 ], [ -114.663883576844299, 50.037851015499932 ], [ -114.663351813853708, 50.039671514974287 ], [ -114.665317056443797, 50.04119310284576 ], [ -114.668085482524546, 50.042622407853926 ], [ -114.670447131358927, 50.043294787150153 ], [ -114.672709023406938, 50.044200777585722 ], [ -114.674259517543177, 50.045145266323786 ], [ -114.67463615694453, 50.046522905456378 ], [ -114.672072821924203, 50.04818488878584 ], [ -114.667855939954393, 50.049185393477806 ], [ -114.665832206689458, 50.050686863232819 ], [ -114.664713572782361, 50.051808440929655 ], [ -114.663677942442803, 50.053042711887777 ], [ -114.663353872275977, 50.054238474512459 ], [ -114.663447560284794, 50.055952756599439 ], [ -114.664829474414617, 50.058552361475812 ], [ -114.664937421677635, 50.059983255506708 ], [ -114.664236797373917, 50.061627853202815 ], [ -114.663685429929302, 50.063844203640272 ], [ -114.664577015054505, 50.065574177464541 ], [ -114.668867240317567, 50.0667466676381 ], [ -114.671870008366312, 50.067033919389075 ], [ -114.673927585965245, 50.066675188556793 ], [ -114.676027145174388, 50.065461782157612 ], [ -114.677137723480087, 50.064511078204688 ], [ -114.678873953841162, 50.063458585129538 ], [ -114.680976337599276, 50.064017585647321 ], [ -114.681511366696697, 50.065800508515672 ], [ -114.682852520071648, 50.067423627699128 ], [ -114.684855369481525, 50.068207228319594 ], [ -114.687021522609854, 50.069279142460189 ], [ -114.688991700789245, 50.07074639029117 ], [ -114.690255626152222, 50.072144287904422 ], [ -114.690922012414333, 50.074899229048995 ], [ -114.691471174485955, 50.076394225249629 ], [ -114.692674866422792, 50.079047077551046 ], [ -114.693947224238826, 50.08026950638093 ], [ -114.69511988513797, 50.081721100286678 ], [ -114.695226225086827, 50.083210443078165 ], [ -114.696122132743497, 50.08488639254653 ], [ -114.697198518330723, 50.086504319601595 ], [ -114.700287513108975, 50.088739205271118 ], [ -114.70200657784433, 50.089913293814462 ], [ -114.703024528662041, 50.090905645273416 ], [ -114.703749384299357, 50.092464146674601 ], [ -114.704138465537454, 50.093612388683631 ], [ -114.704594289765751, 50.095224204013867 ], [ -114.705654724608266, 50.097183947093235 ], [ -114.706653916554501, 50.098576641649558 ], [ -114.707760870475695, 50.099569171116798 ], [ -114.709053301920747, 50.100395678169711 ], [ -114.71138057913069, 50.101868059252816 ], [ -114.713893422117962, 50.103174374121316 ], [ -114.716395468657211, 50.104710065052657 ], [ -114.71830635278576, 50.10560542960264 ], [ -114.720306048071777, 50.10650097197756 ], [ -114.721773846287491, 50.107386240425321 ], [ -114.723561003943885, 50.109023584698903 ], [ -114.724039429831379, 50.110171969855955 ], [ -114.725144072735745, 50.11310794978791 ], [ -114.726595815313956, 50.11433955307708 ], [ -114.730147541801372, 50.116237290555084 ], [ -114.731338276418199, 50.117342268346555 ], [ -114.734218240566094, 50.1203136528801 ], [ -114.732204216980946, 50.121591383924184 ], [ -114.730811462048763, 50.122874987088416 ], [ -114.730058523925337, 50.125662728301918 ], [ -114.729894116945843, 50.127259538133096 ], [ -114.728586230999184, 50.129614089974197 ], [ -114.728111038158389, 50.131165193836338 ], [ -114.727034906305533, 50.133259307543959 ], [ -114.726784528645922, 50.134797424464395 ], [ -114.726276155794196, 50.136159480390269 ], [ -114.725853629103028, 50.137575721214205 ], [ -114.72525891204802, 50.138879083859997 ], [ -114.725202367445277, 50.140080211103069 ], [ -114.724860164872752, 50.141672096735334 ], [ -114.725758619490136, 50.143347838357627 ], [ -114.729258758973529, 50.144498642581091 ], [ -114.731192717922127, 50.144939448826918 ], [ -114.732949572942488, 50.145370827277766 ], [ -114.732583785669476, 50.147480079532095 ], [ -114.731451280269539, 50.14888573869699 ], [ -114.729225761524759, 50.150842284869874 ], [ -114.727821199639749, 50.15235526239745 ], [ -114.72677429585859, 50.153824056645533 ], [ -114.725972046887421, 50.155747813100604 ], [ -114.725646535162269, 50.156997804242906 ], [ -114.726273375580902, 50.158780888743983 ], [ -114.727682953751057, 50.160925696673019 ], [ -114.729174023655929, 50.163237139669654 ], [ -114.730874403885551, 50.166759286043487 ], [ -114.731638221227243, 50.16940174707895 ], [ -114.731823819913942, 50.171116167225101 ], [ -114.731126329087147, 50.1727026209537 ], [ -114.729865814518107, 50.174908602559384 ], [ -114.728958139806153, 50.177173858595587 ], [ -114.727458135193743, 50.178803427537439 ], [ -114.724988095305974, 50.182126716701362 ], [ -114.724381602216056, 50.183654846964274 ], [ -114.724359292995871, 50.185998595653309 ], [ -114.724616683925731, 50.188059581184469 ], [ -114.726454410577006, 50.192436553997453 ], [ -114.727881046563255, 50.194234822236595 ], [ -114.730977985773777, 50.196468773377603 ], [ -114.733493183442292, 50.197828591644509 ], [ -114.73503893727279, 50.199001734714344 ], [ -114.736223690402511, 50.200282018804629 ], [ -114.736245138796733, 50.201712644720999 ], [ -114.735067538518408, 50.204031310999532 ], [ -114.73508099380085, 50.20563286677195 ], [ -114.73550342484765, 50.207982121995308 ], [ -114.735783239982069, 50.209588774990962 ], [ -114.736507744000917, 50.211200924910386 ], [ -114.737868228972971, 50.212540073982041 ], [ -114.739945706517062, 50.213781829462356 ], [ -114.742362321242851, 50.215370693720246 ], [ -114.74430224217501, 50.217637772093781 ], [ -114.744181146957388, 50.220206252020802 ], [ -114.745189298111612, 50.223366519067078 ], [ -114.746426394387072, 50.225447592724755 ], [ -114.747887401220083, 50.226561921520286 ], [ -114.750124563932772, 50.228204239838831 ], [ -114.75263130098071, 50.229793205578297 ], [ -114.756111473984305, 50.231519229542869 ], [ -114.761185145255368, 50.233446453214412 ], [ -114.762732825243845, 50.234619355664726 ], [ -114.763385833279813, 50.235889345267253 ], [ -114.763488823893468, 50.237491088566408 ], [ -114.763230929035558, 50.239200046184564 ], [ -114.764075587172727, 50.24207195802564 ], [ -114.769074907198814, 50.243710761473793 ], [ -114.768795687767707, 50.24587405180278 ], [ -114.766795548952913, 50.246751696690588 ], [ -114.766194943968785, 50.248167540316061 ], [ -114.766219807340192, 50.24953968452224 ], [ -114.765277544717691, 50.25254741307306 ], [ -114.76487708535727, 50.255398808180843 ], [ -114.76415561670801, 50.259383216653674 ], [ -114.76311859011075, 50.262503180011024 ], [ -114.761449838646101, 50.265788232953206 ], [ -114.760220561179395, 50.267306182681722 ], [ -114.759187542637619, 50.268428646822613 ], [ -114.758057535220857, 50.269721839384886 ], [ -114.756213085529595, 50.27105394733475 ], [ -114.753377720613017, 50.272599769699987 ], [ -114.751899628235662, 50.273712163752307 ], [ -114.752002254451995, 50.275313916081089 ], [ -114.753850986814456, 50.277693317187989 ], [ -114.754328655116254, 50.278904518856287 ], [ -114.754428898239212, 50.280560254000058 ], [ -114.753296127301084, 50.285681722990269 ], [ -114.753776796859668, 50.286834454134976 ], [ -114.754146741463316, 50.288441304058061 ], [ -114.75370708495042, 50.29020379947449 ], [ -114.751766762097787, 50.291652507927644 ], [ -114.75277958785621, 50.296639297514218 ], [ -114.753764871767402, 50.29843198183692 ], [ -114.754955535687373, 50.299653794039344 ], [ -114.757152979822607, 50.300324504596681 ], [ -114.760348843278777, 50.300614987106897 ], [ -114.762932281215868, 50.300665622382887 ], [ -114.766814043602238, 50.30154226037034 ], [ -114.770552949405953, 50.301671680664867 ], [ -114.773149686803933, 50.301434198484188 ], [ -114.775948090012179, 50.300688705440884 ], [ -114.777923951232012, 50.300382344996656 ], [ -114.781884797194664, 50.301488105116917 ], [ -114.782597572827314, 50.305331579096169 ], [ -114.78232342124997, 50.307382512455582 ], [ -114.782595096817218, 50.309214101925022 ], [ -114.782798192742177, 50.310591167505805 ], [ -114.782810347488933, 50.312246777657741 ], [ -114.782539047941114, 50.314243725964346 ], [ -114.780969698738858, 50.317295252547659 ], [ -114.781681233362988, 50.319253710992101 ], [ -114.783699213836201, 50.319977640956573 ], [ -114.786348584461706, 50.320540851204115 ], [ -114.788636542947316, 50.321215759676448 ], [ -114.790203668370694, 50.322046667969005 ], [ -114.792192355182266, 50.323395764708316 ], [ -114.793940345533002, 50.324173001071721 ], [ -114.79585604358121, 50.325179987093783 ], [ -114.797596397535102, 50.326128124149783 ], [ -114.798532027119478, 50.327119693414396 ], [ -114.798434301353566, 50.329229527423443 ], [ -114.796404602693627, 50.330674281661736 ], [ -114.794590380681981, 50.331327596882389 ], [ -114.792502868191661, 50.332088314508752 ], [ -114.790774830115069, 50.332795718429608 ], [ -114.787440824733167, 50.335416404717627 ], [ -114.785386490855316, 50.337378285675648 ], [ -114.783201958950713, 50.338305119955436 ], [ -114.780665574791257, 50.3391142206372 ], [ -114.77838338613995, 50.340216242153673 ], [ -114.776646935306843, 50.341094422557696 ], [ -114.77427001960838, 50.34230416111663 ], [ -114.772792625444154, 50.343362809914879 ], [ -114.772025704250609, 50.344490446345056 ], [ -114.771793845337015, 50.345628219395543 ], [ -114.771294420206246, 50.346760925038268 ], [ -114.770430339520786, 50.348059318111325 ], [ -114.768690530953251, 50.348995905649396 ], [ -114.768634457100092, 50.350197046807871 ], [ -114.769421291469968, 50.352439282022388 ], [ -114.769946428532819, 50.354563971765039 ], [ -114.770501093303494, 50.356058844052356 ], [ -114.771412159608047, 50.357563458204183 ], [ -114.772690914940682, 50.35884387517428 ], [ -114.776999511937319, 50.360242998741292 ], [ -114.78222444484436, 50.361144389109654 ], [ -114.784624472610247, 50.361360622977976 ], [ -114.786983551230904, 50.360546473112741 ], [ -114.787931255620137, 50.359365118055997 ], [ -114.789314228794538, 50.358423050474912 ], [ -114.790886277670694, 50.357251896358072 ], [ -114.792518268682258, 50.35671068482592 ], [ -114.795618615159796, 50.357229477405433 ], [ -114.798398103570989, 50.358881278626541 ], [ -114.800315189758663, 50.359888075191066 ], [ -114.802468483522929, 50.361588072130438 ], [ -114.804351411850092, 50.363337010502605 ], [ -114.805807209631652, 50.364675754826663 ], [ -114.807519668877973, 50.366253359161583 ], [ -114.808695271082627, 50.367150679403075 ], [ -114.811166277908896, 50.368491111825691 ], [ -114.813385901994678, 50.368764867744453 ], [ -114.815710239976653, 50.368692362037507 ], [ -114.817470773660716, 50.369239670677317 ], [ -114.818911246079182, 50.370924556387457 ], [ -114.817824825092146, 50.373190034875144 ], [ -114.816583851509634, 50.374937913278345 ], [ -114.815625513865569, 50.37634886742115 ], [ -114.813798799346259, 50.379170921202792 ], [ -114.813097897059407, 50.380811736543237 ], [ -114.814829930224761, 50.381988797707301 ], [ -114.816874572864734, 50.382199143373882 ], [ -114.819089604711024, 50.382580676865722 ], [ -114.820915946590546, 50.383645314973066 ], [ -114.822351700093307, 50.385442552044935 ], [ -114.824246826027476, 50.386966077015714 ], [ -114.826005835602743, 50.38951050511632 ], [ -114.827126571462699, 50.390389458074957 ], [ -114.830218965335646, 50.391131965079936 ], [ -114.834274389959859, 50.39035085169526 ], [ -114.836161445136739, 50.390101800632202 ], [ -114.838372145902582, 50.390599938874544 ], [ -114.840395854318956, 50.39126419980456 ], [ -114.843057789098097, 50.391659445968628 ], [ -114.846005653969272, 50.391654680889005 ], [ -114.848056026597078, 50.391752045747062 ], [ -114.850103594475115, 50.391903350446412 ], [ -114.853132712927902, 50.392073952788046 ], [ -114.856613850225955, 50.392137118256898 ], [ -114.859637814958049, 50.392424499269559 ], [ -114.861925008262347, 50.393205670833787 ], [ -114.863849991783312, 50.394098792934273 ], [ -114.864418440841774, 50.395368034641407 ], [ -114.864708304210836, 50.396857339354078 ], [ -114.864924856331967, 50.398004678484845 ], [ -114.866806393199781, 50.399869319168154 ], [ -114.867096804819894, 50.401358613763506 ], [ -114.866683223496423, 50.402608628243229 ], [ -114.865395003168132, 50.403439212857769 ], [ -114.863657435246736, 50.404323199068614 ], [ -114.861845334306011, 50.406857945067031 ], [ -114.864303910381508, 50.407819190811438 ], [ -114.864637456680924, 50.410338652790699 ], [ -114.864434722560119, 50.412848447987415 ], [ -114.864074475416146, 50.414899219207769 ], [ -114.863639977077327, 50.416603529316625 ], [ -114.862082861280811, 50.419430973258798 ], [ -114.861734926747218, 50.421193849057751 ], [ -114.862001852860985, 50.425197630326629 ], [ -114.863180185705374, 50.42681848103318 ], [ -114.8667144096935, 50.427740493155191 ], [ -114.869287052023552, 50.428188931799511 ], [ -114.871491633369928, 50.428857292501263 ], [ -114.874398387553839, 50.431825017136696 ], [ -114.875465038216518, 50.433958401113621 ], [ -114.876409674899151, 50.436833839913696 ], [ -114.877578524251433, 50.438679429500503 ], [ -114.880307283427996, 50.439645082047903 ], [ -114.882735065994154, 50.43934634864258 ], [ -114.885364351347391, 50.438539480992397 ], [ -114.888907168264808, 50.437288175499965 ], [ -114.890668409774491, 50.437892730015925 ], [ -114.895991265702605, 50.438847112114729 ], [ -114.897707302538706, 50.440477099589188 ], [ -114.898899736310909, 50.441809688699003 ], [ -114.89955135553862, 50.443249716528889 ], [ -114.900402088528438, 50.44424010677335 ], [ -114.902935344206981, 50.445596375792739 ], [ -114.9048633697805, 50.44648874003272 ], [ -114.906255187463373, 50.447371606731643 ], [ -114.907195518415591, 50.44836202139102 ], [ -114.908366292811337, 50.450207275782553 ], [ -114.909727921947422, 50.451773791938898 ], [ -114.911752336200522, 50.454555339349973 ], [ -114.913349769477463, 50.456868694633876 ], [ -114.914377101633747, 50.457913093261602 ], [ -114.915774916261782, 50.458683386885404 ], [ -114.917713804179485, 50.459346129106791 ], [ -114.920977455825366, 50.462429952769021 ], [ -114.922779562983806, 50.464176623410111 ], [ -114.924462665230863, 50.466606890299282 ], [ -114.925015923918195, 50.468271611317391 ], [ -114.927324804173594, 50.470715792165493 ], [ -114.927890976207365, 50.472097124972358 ], [ -114.9278704150518, 50.474607059971646 ], [ -114.930455360416076, 50.476880441341834 ], [ -114.931210595263281, 50.478036981615958 ], [ -114.931664754891543, 50.479930998739675 ], [ -114.93353504551196, 50.482190318675961 ], [ -114.934921135883741, 50.4832437962745 ], [ -114.937039718852319, 50.483910890551165 ], [ -114.94098507888549, 50.485811546471467 ], [ -114.945611113703961, 50.48851760921891 ], [ -114.946878336588753, 50.490254581248131 ], [ -114.947964455590352, 50.492045416078163 ], [ -114.949348876269198, 50.495212811907585 ], [ -114.950706326949614, 50.496949784833461 ], [ -114.952771584182116, 50.498871518877614 ], [ -114.955386424810271, 50.500519091210023 ], [ -114.957667723184613, 50.501586188786369 ], [ -114.959407684525942, 50.502756451413887 ], [ -114.960477062681107, 50.504947437596137 ], [ -114.961128422557053, 50.506445543537062 ], [ -114.964859230236314, 50.513072540510763 ], [ -114.965855987205742, 50.514156918518417 ], [ -114.968093278219115, 50.515525092771796 ], [ -114.969891332513711, 50.517108970557686 ], [ -114.972053638683093, 50.52097336006706 ], [ -114.97460685778249, 50.526160167517979 ], [ -114.977977259074663, 50.529017187200232 ], [ -114.979177707603924, 50.532350374833669 ], [ -114.980171048608966, 50.534253181296869 ], [ -114.983608635918159, 50.539736706319118 ], [ -114.987690729823001, 50.540663907224548 ], [ -114.989226303856725, 50.542463223730955 ], [ -114.992005464920339, 50.546623961510726 ], [ -114.994407588595379, 50.549120409037293 ], [ -114.998726634644854, 50.552907705457528 ], [ -115.00151480190722, 50.554783351989457 ], [ -115.005155539097586, 50.557702759546615 ], [ -115.008351142770564, 50.562776418433337 ], [ -115.012284545220723, 50.570260780995142 ], [ -115.012631938573975, 50.57165507516315 ], [ -115.013353722371903, 50.573665563341414 ], [ -115.013913533821452, 50.57527574964088 ], [ -115.014201851682969, 50.576935400698829 ], [ -115.014683572847829, 50.578257729044857 ], [ -115.015495177336533, 50.580272703082208 ], [ -115.017353413804116, 50.582989312633174 ], [ -115.018838779379436, 50.58392493421966 ], [ -115.020430562286137, 50.584469228997186 ], [ -115.02302713819131, 50.584568089400321 ], [ -115.025017951751693, 50.58414510353753 ], [ -115.026749362646271, 50.583492685963712 ], [ -115.028825061578743, 50.583182135941406 ], [ -115.031607480409079, 50.581004942381377 ], [ -115.032648591129629, 50.579709472126609 ], [ -115.034507678132712, 50.57813951284983 ], [ -115.045640400966988, 50.575600607219563 ], [ -115.051361662985101, 50.574254243044727 ], [ -115.052887626046598, 50.571771039249896 ], [ -115.055915218582783, 50.572278308564009 ], [ -115.056723704450462, 50.574405459486492 ], [ -115.064624177288252, 50.585044240254817 ], [ -115.067314375481047, 50.585074588610965 ], [ -115.075112970949533, 50.585165392535728 ], [ -115.076942812443392, 50.584282877944958 ], [ -115.07939930213594, 50.581236594696719 ], [ -115.087371466169657, 50.579312562350026 ], [ -115.089264224618915, 50.579096154295009 ], [ -115.094226765820352, 50.578401972254177 ], [ -115.098297176882625, 50.577352514068309 ], [ -115.102628757939186, 50.576946004970452 ], [ -115.105766546386974, 50.576377901077272 ], [ -115.110018168106578, 50.575633726538278 ], [ -115.112390902417459, 50.575106246493235 ], [ -115.114680001878781, 50.573944450298335 ], [ -115.116417714585623, 50.573120276376613 ], [ -115.118247062408216, 50.572233026724206 ], [ -115.120609657747792, 50.5714758770971 ], [ -115.126906664747651, 50.571008590521892 ], [ -115.129706069422141, 50.57053884701304 ], [ -115.132139777245584, 50.570235741641454 ], [ -115.135038651344814, 50.571767873126603 ], [ -115.136717284614875, 50.572423535494465 ], [ -115.139758022761882, 50.572646252082833 ], [ -115.143068195706434, 50.572873186597661 ], [ -115.145674264292808, 50.572745148769265 ], [ -115.147933184939689, 50.572324871430595 ], [ -115.150293174918858, 50.571620984718173 ], [ -115.15409803175227, 50.570654786287264 ], [ -115.156513628096718, 50.570805611726485 ], [ -115.159007949436671, 50.571248801569332 ], [ -115.162425163745269, 50.571016103711635 ], [ -115.165224158307225, 50.570549909102276 ], [ -115.167067652917254, 50.56926560076225 ], [ -115.168872988587083, 50.568947886074142 ], [ -115.1712112755378, 50.568754717770204 ], [ -115.173829679123372, 50.568282007452531 ], [ -115.175586929362723, 50.566879365753387 ], [ -115.176553374244165, 50.565068684423274 ], [ -115.177163767903906, 50.563191162381607 ], [ -115.177117971677831, 50.562048300939409 ], [ -115.177376351073562, 50.559995933531134 ], [ -115.177278765108781, 50.557876713107419 ], [ -115.17795411198378, 50.556633561334699 ], [ -115.18032072563058, 50.555697840399105 ], [ -115.183197855821803, 50.555454103734029 ], [ -115.186623709353526, 50.554934804163814 ], [ -115.188539763585752, 50.554053802171872 ], [ -115.190121350165697, 50.552534481676837 ], [ -115.191807998732159, 50.550614506710595 ], [ -115.192502407272599, 50.548853894753123 ], [ -115.192013247914247, 50.547590459684997 ], [ -115.190368486225609, 50.546081696340089 ], [ -115.187114012311568, 50.54448583930597 ], [ -115.185171954513748, 50.543715425159682 ], [ -115.184676637289655, 50.542622903131104 ], [ -115.184908182070345, 50.541254597179922 ], [ -115.184174615405126, 50.539357051449244 ], [ -115.182344399197518, 50.538014875855737 ], [ -115.183914886699299, 50.536783704087263 ], [ -115.185658005216098, 50.535723209675268 ], [ -115.188294651496662, 50.534643111711333 ], [ -115.191113208463761, 50.533634642629373 ], [ -115.19372523168316, 50.533274432374078 ], [ -115.196522223290032, 50.532747350638353 ], [ -115.199577520554584, 50.532507690343543 ], [ -115.202645442835973, 50.531925985115159 ], [ -115.203842025192415, 50.531086841595595 ], [ -115.204778675016854, 50.530018729927306 ], [ -115.206979596972218, 50.528804219972002 ], [ -115.208627538326795, 50.527734734752663 ], [ -115.211204374115425, 50.528287618326239 ], [ -115.212141536980937, 50.529559027308359 ], [ -115.214053095885689, 50.531129918548366 ], [ -115.218405705351287, 50.53211093317617 ], [ -115.21897863722144, 50.533544935483228 ], [ -115.219439783509785, 50.535411056342788 ], [ -115.220648987117684, 50.536771735699752 ], [ -115.222626657416598, 50.538972068930853 ], [ -115.224602568788967, 50.541230817319438 ], [ -115.228474399233946, 50.543116489629476 ], [ -115.2299668787727, 50.543936508306714 ], [ -115.231529412508067, 50.545273693755988 ], [ -115.232553115514747, 50.546661522995741 ], [ -115.233294817160328, 50.548387359851645 ], [ -115.232881072735751, 50.549863849833891 ], [ -115.232371081704983, 50.551516006515762 ], [ -115.231690921661851, 50.552934619027376 ], [ -115.231890861542496, 50.554765136833694 ], [ -115.231929283970871, 50.556137150268036 ], [ -115.232174266200516, 50.558241979275294 ], [ -115.233059328114919, 50.559468101807781 ], [ -115.234618558748679, 50.560917588613655 ], [ -115.23654678549758, 50.56208726354344 ], [ -115.236864219320466, 50.563179681097395 ], [ -115.237083915355754, 50.564497251434595 ], [ -115.237544785274252, 50.566561014243185 ], [ -115.23916194752546, 50.568846950415661 ], [ -115.240546366770857, 50.570202198967998 ], [ -115.241950231055071, 50.571022048686523 ], [ -115.242716347038268, 50.572117822602593 ], [ -115.242838074191738, 50.573664996715394 ], [ -115.241816277364279, 50.577018838337253 ], [ -115.242311246594397, 50.578169238025637 ], [ -115.244530893106855, 50.581173227449327 ], [ -115.247449948086455, 50.582245561894759 ], [ -115.249180952833342, 50.583923459527028 ], [ -115.25118282635556, 50.585555468383198 ], [ -115.252920337300935, 50.58706263434884 ], [ -115.254636670800352, 50.589145499330648 ], [ -115.256188974933281, 50.590823965061936 ], [ -115.257589542647196, 50.591760698761838 ], [ -115.259412970545796, 50.593384546897937 ], [ -115.261420152263881, 50.594900011858698 ], [ -115.264415816379156, 50.596372655104197 ], [ -115.267163812782584, 50.597270148007034 ], [ -115.269655570165611, 50.597821892888909 ], [ -115.273928364063778, 50.598742569008593 ], [ -115.276414209825646, 50.599465107803233 ], [ -115.278263935137844, 50.600405057127297 ], [ -115.27990919956207, 50.602029131476854 ], [ -115.281208392996561, 50.603303237136316 ], [ -115.283177285604978, 50.605902473891234 ], [ -115.284531049576557, 50.608147923735409 ], [ -115.287520150763328, 50.609849532834588 ], [ -115.289939907914516, 50.609942350801411 ], [ -115.292334686639336, 50.610718841578418 ], [ -115.293730729012339, 50.611826201962806 ], [ -115.295311825670069, 50.612762158603374 ], [ -115.297788725415202, 50.613767736343085 ], [ -115.298644430540548, 50.614925939683978 ], [ -115.299490840576837, 50.618818834969623 ], [ -115.299895200204773, 50.62253747296419 ], [ -115.299977512751539, 50.625222452516702 ], [ -115.302284644169745, 50.62845487936756 ], [ -115.305331908195896, 50.628613311130266 ], [ -115.307566921430194, 50.628877274780137 ], [ -115.311284686517752, 50.630356163608539 ], [ -115.312506507121881, 50.631346923123388 ], [ -115.312536882880408, 50.633002080862475 ], [ -115.311594085528242, 50.634246036170666 ], [ -115.310681978177072, 50.637145127096559 ], [ -115.310140762785352, 50.639710371604501 ], [ -115.308830833219758, 50.641175650488854 ], [ -115.307370139777248, 50.641840679411281 ], [ -115.305121584391912, 50.641918519703935 ], [ -115.302520384924264, 50.641826309178029 ], [ -115.29517628670213, 50.641260324702657 ], [ -115.292395593459574, 50.641163847985439 ], [ -115.288903202972151, 50.640884658478761 ], [ -115.286471383751348, 50.641075034513761 ], [ -115.285601098138798, 50.642777271847436 ], [ -115.284857713694734, 50.645904941387457 ], [ -115.283790925527526, 50.64806188377203 ], [ -115.281673978456837, 50.649456719353438 ], [ -115.278859126206868, 50.650272962718468 ], [ -115.276769045106278, 50.650925522199167 ], [ -115.276444916022456, 50.652405974983431 ], [ -115.278311987354954, 50.65295030765148 ], [ -115.281878349499294, 50.653688481537827 ], [ -115.282552489000381, 50.654896734865275 ], [ -115.283486283168159, 50.656396713455806 ], [ -115.284943661939536, 50.658300225842382 ], [ -115.286320201619674, 50.659979043255262 ], [ -115.286961551917145, 50.662100394069284 ], [ -115.286383098324464, 50.663176718927936 ], [ -115.285965207995844, 50.664769883607448 ], [ -115.285631069691661, 50.666538251284955 ], [ -115.285374856083621, 50.668643766341361 ], [ -115.287332217974722, 50.66918780624647 ], [ -115.289728163564348, 50.670023097415097 ], [ -115.291556507313331, 50.671651303989634 ], [ -115.29258883994045, 50.672921614512333 ], [ -115.294100278007605, 50.675854856192267 ], [ -115.296781827141658, 50.67875368201598 ], [ -115.298560944905091, 50.681749143382547 ], [ -115.300440699882884, 50.6844609640698 ], [ -115.300901649367844, 50.686636632233629 ], [ -115.300369523634799, 50.688913756064878 ], [ -115.30004114156965, 50.693020880953881 ], [ -115.299427768285298, 50.69506883153867 ], [ -115.299911320296602, 50.696614779010901 ], [ -115.301362518892176, 50.698751944212994 ], [ -115.302985769309998, 50.701118020674883 ], [ -115.305526448916225, 50.702982469637263 ], [ -115.307562784689338, 50.70386770439908 ], [ -115.30860026764806, 50.705025365584731 ], [ -115.310883283650071, 50.709058160128642 ], [ -115.313890023576477, 50.712985522368164 ], [ -115.315646599479251, 50.716664283150607 ], [ -115.316907255013803, 50.71913901398122 ], [ -115.318267994609513, 50.721330111367926 ], [ -115.318840491714354, 50.723271471853337 ], [ -115.318877040733227, 50.724422727712621 ], [ -115.31945913756077, 50.725743402876546 ], [ -115.320913789777777, 50.726913271401166 ], [ -115.322971534961511, 50.72686714328097 ], [ -115.324672835243362, 50.725873002887901 ], [ -115.327155473951265, 50.724368451267217 ], [ -115.328962202658502, 50.724165511260878 ], [ -115.331383918060368, 50.724370074738616 ], [ -115.33316982950997, 50.724738302107419 ], [ -115.334866242912838, 50.725106709705095 ], [ -115.336748273529068, 50.725303533069628 ], [ -115.338546722277357, 50.725329672875112 ], [ -115.342533018338585, 50.72453067002418 ], [ -115.34534257525624, 50.723941986762981 ], [ -115.347504248574808, 50.72385893800103 ], [ -115.351276853693804, 50.724027242691612 ], [ -115.354425391672507, 50.724012972699725 ], [ -115.358065858243734, 50.722805190258917 ], [ -115.360553286594239, 50.721128685463512 ], [ -115.362385355481052, 50.72018283112957 ], [ -115.36437544496458, 50.719870612434256 ], [ -115.367082536251559, 50.719619007727196 ], [ -115.368988391585845, 50.719131563807544 ], [ -115.370727177212842, 50.718181359409904 ], [ -115.371672702253292, 50.716941368682292 ], [ -115.37314477332329, 50.715991988439448 ], [ -115.375058345086728, 50.715275008207158 ], [ -115.377255242100119, 50.714165733228747 ], [ -115.378279793479351, 50.713150291775747 ], [ -115.37834713763985, 50.711211484639534 ], [ -115.379568955106038, 50.709682601569689 ], [ -115.382566605030192, 50.708813373953888 ], [ -115.385231344430807, 50.709762364026133 ], [ -115.388027646722293, 50.709514393448643 ], [ -115.390022745834642, 50.709026232447656 ], [ -115.391922254284111, 50.708709289369132 ], [ -115.39405613517205, 50.709426040734392 ], [ -115.395371003580223, 50.71041551200647 ], [ -115.398462555796158, 50.712055444970403 ], [ -115.400389550443805, 50.713568996893017 ], [ -115.402437330690447, 50.714168984150596 ], [ -115.404132039995176, 50.714590275731169 ], [ -115.406469078030383, 50.714622404239314 ], [ -115.409632949463571, 50.714152204854756 ], [ -115.411516995797314, 50.714289324064936 ], [ -115.414163279777867, 50.715809087788934 ], [ -115.414633474458554, 50.717872058323103 ], [ -115.415086105190213, 50.720452391283608 ], [ -115.41403720832642, 50.722206018108189 ], [ -115.412996015643657, 50.723734688733465 ], [ -115.41151291198733, 50.725031029735419 ], [ -115.410921176479334, 50.72656254444238 ], [ -115.410405552013657, 50.72849861445674 ], [ -115.410898570640583, 50.729877786213869 ], [ -115.411762949398309, 50.730913762849589 ], [ -115.412966055063919, 50.73258726178959 ], [ -115.413715681191789, 50.734370347896927 ], [ -115.414116744257726, 50.735803831079814 ], [ -115.416617565779234, 50.736352573783755 ], [ -115.420900195247754, 50.737434505364931 ], [ -115.422453756495344, 50.739399033933907 ], [ -115.424087568455036, 50.741651143568433 ], [ -115.426251890746499, 50.744193665105534 ], [ -115.428678640682264, 50.746964599421986 ], [ -115.430464874132127, 50.750075273303814 ], [ -115.432882560709842, 50.753134139518068 ], [ -115.434534849628804, 50.754868813221904 ], [ -115.436575631233197, 50.755756290753204 ], [ -115.438547636692491, 50.756009717801916 ], [ -115.440896491845507, 50.75575334929588 ], [ -115.443702875879723, 50.755279248106802 ], [ -115.447781940930057, 50.754417777796924 ], [ -115.450020137618168, 50.754791434611953 ], [ -115.451620920329205, 50.75538347316278 ], [ -115.453026681061004, 50.756430599387492 ], [ -115.454606613860733, 50.757652463959012 ], [ -115.456557875296269, 50.75853545526995 ], [ -115.458635145666946, 50.758333785169981 ], [ -115.460371240365518, 50.757557636353702 ], [ -115.46113406400103, 50.756250035232327 ], [ -115.462622167188968, 50.754786574217611 ], [ -115.464710490952399, 50.754242863385372 ], [ -115.467150755378469, 50.753931611417094 ], [ -115.469865121042545, 50.753511228736379 ], [ -115.471899014874793, 50.754623052902261 ], [ -115.47347233350493, 50.756069621977581 ], [ -115.477482427904434, 50.75732167996339 ], [ -115.482238575978414, 50.757783253113082 ], [ -115.484557734562401, 50.758443822592277 ], [ -115.485334350868229, 50.759479716908523 ], [ -115.485734674012733, 50.761030020268699 ], [ -115.485499242098513, 50.76274044353697 ], [ -115.485535852848201, 50.764395740963238 ], [ -115.484754604137592, 50.766270398855582 ], [ -115.484881230127513, 50.767929815970696 ], [ -115.484572569746092, 50.769123212675339 ], [ -115.484573559392715, 50.771367960917495 ], [ -115.484820061578986, 50.772613011844925 ], [ -115.486392329825051, 50.774117906843848 ], [ -115.488262236725006, 50.774771307668928 ], [ -115.49039119851858, 50.775769968050852 ], [ -115.492956092284629, 50.777230080097233 ], [ -115.494541409417067, 50.778334448597491 ], [ -115.49608116492702, 50.78086951947293 ], [ -115.495586935086294, 50.78223468538414 ], [ -115.49627257130463, 50.783329385297847 ], [ -115.497321624909844, 50.784314557098519 ], [ -115.498814019565202, 50.785531734346471 ], [ -115.500403434825117, 50.786523548433578 ], [ -115.502362463580212, 50.787234790718273 ], [ -115.504431423313463, 50.787315707796274 ], [ -115.506416104736246, 50.787230512542529 ], [ -115.511706495030865, 50.787980854097007 ], [ -115.514207616656591, 50.788639988213504 ], [ -115.517012006957842, 50.788276536758751 ], [ -115.518139159882324, 50.786804936648437 ], [ -115.518369926430324, 50.785211405837181 ], [ -115.518499747756636, 50.783955721614554 ], [ -115.519347804672876, 50.78276427387361 ], [ -115.523024908844604, 50.78326944702907 ], [ -115.52533302768056, 50.784325093331773 ], [ -115.528088354554001, 50.785504606969809 ], [ -115.530573636355598, 50.786676305549534 ], [ -115.533329232876795, 50.787855700396904 ], [ -115.534734189118709, 50.78901432153453 ], [ -115.534692828192661, 50.790328106010556 ], [ -115.534196473519245, 50.791805950286658 ], [ -115.53360245564194, 50.793513671987483 ], [ -115.534373592231248, 50.794778702301748 ], [ -115.535868879005463, 50.795941394101504 ], [ -115.538003346092424, 50.796822174474478 ], [ -115.540062135114113, 50.797248911716537 ], [ -115.543135043230606, 50.796946563560283 ], [ -115.54522428862235, 50.796401365399682 ], [ -115.548748917462959, 50.796042745756878 ], [ -115.550619026799112, 50.796753611688949 ], [ -115.551756009177339, 50.797850343118434 ], [ -115.551892162285498, 50.799280258874973 ], [ -115.552293007319363, 50.800884354771824 ], [ -115.552791047151729, 50.802263050956391 ], [ -115.554735406357338, 50.803486347274038 ], [ -115.556780955883426, 50.804367229281276 ], [ -115.558109074183449, 50.80513008404251 ], [ -115.55931587089529, 50.806914706361049 ], [ -115.561258632435795, 50.808196392764586 ], [ -115.563200374693963, 50.80953203951767 ], [ -115.565754944834495, 50.811449482006807 ], [ -115.565600244929598, 50.813560113193851 ], [ -115.563842831836766, 50.815026266931511 ], [ -115.563074822802804, 50.816555055209697 ], [ -115.562018943135627, 50.818656565448656 ], [ -115.561980290505616, 50.819911876626286 ], [ -115.561917061521015, 50.82196806579811 ], [ -115.560839898543307, 50.824753455882515 ], [ -115.559714318120911, 50.826171478785731 ], [ -115.561297810616296, 50.827445922121221 ], [ -115.563341056500633, 50.828443691942326 ], [ -115.563730056988703, 50.830448194799722 ], [ -115.564957698707403, 50.831458905876026 ], [ -115.565547644617126, 50.832927084391656 ], [ -115.566053372064601, 50.83407171067801 ], [ -115.567099567365347, 50.83522715088489 ], [ -115.568425667242678, 50.836102314339037 ], [ -115.571450111401944, 50.837454913987898 ], [ -115.574998143297222, 50.839380617919772 ], [ -115.577836180612181, 50.840958892947476 ], [ -115.580685869130122, 50.842136693102916 ], [ -115.584031170813319, 50.843343415730253 ], [ -115.586674223051858, 50.843919248793959 ], [ -115.589559190449478, 50.843953973434701 ], [ -115.593348705008211, 50.843885001091898 ], [ -115.596145013663516, 50.843861543098619 ], [ -115.598933014120149, 50.844125953140754 ], [ -115.601431975119738, 50.84501257517217 ], [ -115.603763923866467, 50.845441194848782 ], [ -115.606009145539204, 50.845753268230169 ], [ -115.609377052531258, 50.844705361844731 ], [ -115.611060941395309, 50.842667683022427 ], [ -115.612550896035046, 50.841089839427639 ], [ -115.614945543694517, 50.839403680225907 ], [ -115.617249893880356, 50.837717951451772 ], [ -115.6202631512311, 50.836437703507677 ], [ -115.623247893198496, 50.836129174358007 ], [ -115.626751408311193, 50.836568969326386 ], [ -115.629428913793447, 50.837517000306953 ], [ -115.631573761069859, 50.838171004035893 ], [ -115.633731989589037, 50.838366061800812 ], [ -115.637240988258398, 50.838634577777192 ], [ -115.640102422049935, 50.839468891220612 ], [ -115.64159842475091, 50.840742600396425 ], [ -115.642820713776715, 50.842125782816147 ], [ -115.643943055819122, 50.843855888969628 ], [ -115.644511188750712, 50.846029929871172 ], [ -115.645105923028538, 50.847295145416055 ], [ -115.645598689279794, 50.848956788122095 ], [ -115.64564440546674, 50.850499478258932 ], [ -115.64486678494012, 50.852433642041113 ], [ -115.644464923214699, 50.853857379842431 ], [ -115.645497392005595, 50.855583477945736 ], [ -115.646545943641371, 50.856796661636722 ], [ -115.647124366956049, 50.858570276392271 ], [ -115.646994492513983, 50.859938513786204 ], [ -115.646579433469824, 50.861821166150889 ], [ -115.64680368725088, 50.863421331130766 ], [ -115.647664112269439, 50.864860480865282 ], [ -115.648700209899033, 50.866469575332196 ], [ -115.650174244600947, 50.868544025656448 ], [ -115.651199207441522, 50.870553518790345 ], [ -115.651143195913875, 50.872497134670255 ], [ -115.649668263292511, 50.873567066855649 ], [ -115.647940991114481, 50.874004125985529 ], [ -115.64584996016761, 50.874551155743951 ], [ -115.642585590237587, 50.875082196762541 ], [ -115.639768962532031, 50.875736616718285 ], [ -115.637673960010957, 50.876395977246233 ], [ -115.635665799888301, 50.877171778538845 ], [ -115.634108697536902, 50.87795406234634 ], [ -115.632276078641837, 50.878904272841119 ], [ -115.629455700759053, 50.879670915385312 ], [ -115.627544223282584, 50.880221127656057 ], [ -115.624752469377654, 50.880015859305637 ], [ -115.621618146682323, 50.879178107693761 ], [ -115.618921587879413, 50.878805750737392 ], [ -115.617330363596395, 50.88073055864448 ], [ -115.616113410686509, 50.88219901563216 ], [ -115.615337456137127, 50.884020473064041 ], [ -115.614116944770942, 50.885601382587048 ], [ -115.612825041006957, 50.886557391686125 ], [ -115.610264453884142, 50.887673042987977 ], [ -115.607368456889716, 50.88792223119362 ], [ -115.604213479259514, 50.887772355808167 ], [ -115.601400839581927, 50.888250370158985 ], [ -115.59983934624934, 50.88914465834381 ], [ -115.597998746210862, 50.890323761799152 ], [ -115.596607329003319, 50.891563488721246 ], [ -115.594490423723883, 50.892910396730926 ], [ -115.593015469332826, 50.893921096330288 ], [ -115.590464292536922, 50.894689882030022 ], [ -115.58786613576342, 50.89402840556491 ], [ -115.586260822041538, 50.89337982661084 ], [ -115.583664342506097, 50.892664251223238 ], [ -115.581963471836161, 50.892186982197252 ], [ -115.579634362766171, 50.891586878308004 ], [ -115.577212031458217, 50.891099647970954 ], [ -115.574950451346453, 50.891245822876435 ], [ -115.571793770014509, 50.89114896504536 ], [ -115.568865876261114, 50.892427361700875 ], [ -115.568278883546029, 50.89390566064543 ], [ -115.567601618375193, 50.895384396035347 ], [ -115.567908098109811, 50.897155201036902 ], [ -115.568499914687337, 50.89847928206796 ], [ -115.569367525819985, 50.899631074698171 ], [ -115.570215751202312, 50.901412708485438 ], [ -115.570888952347246, 50.903019765683773 ], [ -115.572171224623645, 50.905379521489543 ], [ -115.5756640229623, 50.906333870314199 ], [ -115.577606400130435, 50.907786147741916 ], [ -115.57872243728275, 50.909683340658468 ], [ -115.58092897620736, 50.911368154661169 ], [ -115.581981162280684, 50.912406474816649 ], [ -115.583407853639343, 50.913303459017264 ], [ -115.585806267427898, 50.914339439088344 ], [ -115.589381458052927, 50.915580773909042 ], [ -115.592788546210031, 50.916422519893089 ], [ -115.596280662971182, 50.917434637390528 ], [ -115.599595762269075, 50.918330609212809 ], [ -115.602646965844428, 50.918998460066533 ], [ -115.604434404632897, 50.919645853967076 ], [ -115.605933502988904, 50.920861491091948 ], [ -115.607158390301151, 50.922190999845945 ], [ -115.608737775096088, 50.923752531727061 ], [ -115.610414843642857, 50.925088622507985 ], [ -115.611460779731814, 50.92635605747882 ], [ -115.611756044234653, 50.928585546390437 ], [ -115.610641675887109, 50.929603504045673 ], [ -115.610230849005262, 50.93125197049315 ], [ -115.610278491013162, 50.93268210870739 ], [ -115.609068739929654, 50.933866982315635 ], [ -115.607197409640534, 50.93601340734569 ], [ -115.605061764066861, 50.937931782529105 ], [ -115.603273590037446, 50.940307110035285 ], [ -115.603600849289194, 50.941456909578058 ], [ -115.604191845424452, 50.942834733089441 ], [ -115.60586407331175, 50.944337339569771 ], [ -115.607829436661945, 50.94510519643535 ], [ -115.609890524800235, 50.945701589100892 ], [ -115.61168206305554, 50.946236397884945 ], [ -115.612456436472613, 50.947559231684664 ], [ -115.611864842972764, 50.949208655479367 ], [ -115.613008982114266, 50.950250649924378 ], [ -115.614690038995334, 50.951469703499797 ], [ -115.614470098883316, 50.952779809769979 ], [ -115.614608691755237, 50.954209458212674 ], [ -115.614736673741788, 50.955981016855944 ], [ -115.614967152411936, 50.957356199237701 ], [ -115.615107228208359, 50.958727364259758 ], [ -115.616865498311654, 50.960404777676771 ], [ -115.620364835511964, 50.961303676321876 ], [ -115.621596432413895, 50.962457566971324 ], [ -115.623252708155633, 50.964535759471829 ], [ -115.624119529577882, 50.965799540329158 ], [ -115.626161614329959, 50.967083951467075 ], [ -115.627391626355944, 50.968296264600838 ], [ -115.628973260697748, 50.969857502508376 ], [ -115.630019280372792, 50.971183238655591 ], [ -115.631059120677776, 50.972738399531565 ], [ -115.631892395355734, 50.975144810675623 ], [ -115.631939264694907, 50.976628912331002 ], [ -115.631895742656809, 50.978113506189366 ], [ -115.632466517397333, 50.980233469123917 ], [ -115.633956454331042, 50.981853613038524 ], [ -115.637099798463993, 50.982632512482411 ], [ -115.639261395610106, 50.982939957919513 ], [ -115.642024739743121, 50.98434605157528 ], [ -115.642535510876939, 50.985436243378004 ], [ -115.644116377252203, 50.987055752586706 ], [ -115.645250737532621, 50.988493309532977 ], [ -115.646639543159651, 50.990509682628137 ], [ -115.647684675417182, 50.991893737253577 ], [ -115.649087331983097, 50.993451202293066 ], [ -115.650757717645291, 50.995128593064535 ], [ -115.653701079806467, 50.996587374248058 ], [ -115.65639632979294, 50.997246835672257 ], [ -115.658383019042333, 50.997383994885723 ], [ -115.660277446133946, 50.997580120866182 ], [ -115.662989203163448, 50.997668084703307 ], [ -115.664727872596444, 50.997001405915 ], [ -115.666796659557789, 50.997425825323717 ], [ -115.667946437806407, 50.998350296252525 ], [ -115.669097703753422, 50.999220772619459 ], [ -115.670802237919716, 51.000020567233811 ], [ -115.672296163348179, 51.001563706262466 ], [ -115.67324728884202, 51.003123474527115 ], [ -115.674467988683375, 51.004740141760713 ], [ -115.675488924278298, 51.007046148315354 ], [ -115.676886202058895, 51.008841681233527 ], [ -115.678406309485126, 51.009489498952725 ], [ -115.680547403588193, 51.010605942487032 ], [ -115.684133464516762, 51.01184877107368 ], [ -115.684997914503839, 51.013292014145698 ], [ -115.686372889266352, 51.015892706369669 ], [ -115.688241124348139, 51.017060105575155 ], [ -115.68984753600472, 51.017878191283685 ], [ -115.690993828949587, 51.01898236892589 ], [ -115.691596751701709, 51.02008077875616 ], [ -115.691814827285555, 51.021973123969502 ], [ -115.69158547768312, 51.023692714565961 ], [ -115.6913497217909, 51.025641738795791 ], [ -115.69194951242568, 51.02685261492627 ], [ -115.69308287033202, 51.028415643499784 ], [ -115.694990460225512, 51.02820632861421 ], [ -115.696998098937172, 51.027654534923123 ], [ -115.698946064549133, 51.026014556831427 ], [ -115.700977518351479, 51.024598938095494 ], [ -115.703275951804955, 51.023366082068371 ], [ -115.705202251133173, 51.02246829087899 ], [ -115.708042055714515, 51.021295018268148 ], [ -115.709949285222066, 51.021085455863563 ], [ -115.712038846825408, 51.020820767815195 ], [ -115.714684881941679, 51.020107314992202 ], [ -115.7167075618311, 51.018979337138802 ], [ -115.71684239509068, 51.017377214716646 ], [ -115.718919689874483, 51.017571272906103 ], [ -115.721088791104762, 51.017706250450011 ], [ -115.723432306398166, 51.018078495319585 ], [ -115.725967054296476, 51.018107647978013 ], [ -115.729200448772417, 51.019058951072367 ], [ -115.731076073817547, 51.019996236386376 ], [ -115.732735017154695, 51.022252780496601 ], [ -115.735878357026337, 51.023204472694204 ], [ -115.738225755261567, 51.023459452354082 ], [ -115.739099552719267, 51.024614385263135 ], [ -115.739221647949805, 51.026795152134923 ], [ -115.737903004822059, 51.028674718205203 ], [ -115.738044907007605, 51.03011318416123 ], [ -115.738913117808025, 51.03149755329229 ], [ -115.740227793685804, 51.033112970163373 ], [ -115.741924804329173, 51.033983756706036 ], [ -115.743628529585763, 51.034629575285791 ], [ -115.746068410023497, 51.034829837902272 ], [ -115.748256792630329, 51.034280497654876 ], [ -115.750979605481334, 51.034083006389615 ], [ -115.754331180457854, 51.034061274869238 ], [ -115.756490247662626, 51.034595987470162 ], [ -115.759607945622548, 51.036572767037676 ], [ -115.760848039031004, 51.037612695256897 ], [ -115.762449024455861, 51.038713215376781 ], [ -115.764605870763802, 51.039364748869396 ], [ -115.766855888042016, 51.03990317691742 ], [ -115.768650212390398, 51.040548034980112 ], [ -115.770073421807226, 51.041532684468258 ], [ -115.77112248971055, 51.042969608603556 ], [ -115.77225444886021, 51.044693852077451 ], [ -115.772849271586665, 51.046187758741205 ], [ -115.773909246514904, 51.047224259633197 ], [ -115.772976275736951, 51.048242536526068 ], [ -115.772109749789649, 51.05017347412273 ], [ -115.771989104524096, 51.051312288447704 ], [ -115.772771141115044, 51.052580048081516 ], [ -115.773738949191753, 51.053671143394247 ], [ -115.774694919793603, 51.055225611770908 ], [ -115.77500445105656, 51.057225194737541 ], [ -115.774882162985563, 51.058422498685069 ], [ -115.773220093830844, 51.059603057492318 ], [ -115.771312865947834, 51.05975515785893 ], [ -115.769500921398816, 51.059735670660849 ], [ -115.767295212051692, 51.06091073953823 ], [ -115.766799574232451, 51.062501820206293 ], [ -115.766663754676912, 51.064216474391699 ], [ -115.766720643982893, 51.065471055918032 ], [ -115.765668094252888, 51.067574076045574 ], [ -115.762922243695783, 51.068572677805562 ], [ -115.760629635446264, 51.069572749951348 ], [ -115.759674690763433, 51.071391692594403 ], [ -115.759463114346374, 51.072531073688708 ], [ -115.757623260865472, 51.07353712231501 ], [ -115.755514594516683, 51.074427935634745 ], [ -115.755390034400278, 51.075683690611513 ], [ -115.757199531705155, 51.075815878188301 ], [ -115.760199513234838, 51.075503964633164 ], [ -115.761761533955507, 51.074724595821813 ], [ -115.763971023963677, 51.073432681001911 ], [ -115.766630878890567, 51.072263702048261 ], [ -115.768105003648955, 51.071363374014261 ], [ -115.769216790627226, 51.07046542010842 ], [ -115.771710157151219, 51.068721665248994 ], [ -115.775166834120384, 51.06824439560053 ], [ -115.776411531618876, 51.069167202121577 ], [ -115.77893536987176, 51.069708106339384 ], [ -115.780943834397291, 51.069159379552033 ], [ -115.782544710748184, 51.070318133883561 ], [ -115.784143109930753, 51.07158933583667 ], [ -115.785574857200615, 51.072290384850454 ], [ -115.78765310244242, 51.072537237555004 ], [ -115.790177255747878, 51.073077903628786 ], [ -115.791995625822395, 51.072867635572578 ], [ -115.794458763263421, 51.07226610569721 ], [ -115.797113124418772, 51.071267377550377 ], [ -115.798846679378002, 51.070828177615439 ], [ -115.802000838949809, 51.071544191514668 ], [ -115.803248752279828, 51.072358749639882 ], [ -115.80437847250316, 51.074253664589946 ], [ -115.805236468159165, 51.076145950278374 ], [ -115.806001766436751, 51.078092849885046 ], [ -115.80650624633121, 51.079641216184392 ], [ -115.807897710944914, 51.08193912395339 ], [ -115.810587596986295, 51.083107957593043 ], [ -115.812014687913035, 51.084033618558692 ], [ -115.812880287911682, 51.08564236944509 ], [ -115.81549433250207, 51.086235841007607 ], [ -115.817621444408985, 51.084606157939419 ], [ -115.819093745038415, 51.083763691365931 ], [ -115.821010012642546, 51.083268922273184 ], [ -115.822739684416248, 51.083000331038228 ], [ -115.825021241462068, 51.082394944483276 ], [ -115.826936208393491, 51.081958545924728 ], [ -115.828868719268186, 51.080833767244684 ], [ -115.83036034825605, 51.079194804030806 ], [ -115.831471020918897, 51.078291744102529 ], [ -115.832866568935799, 51.076878339243812 ], [ -115.835226871689883, 51.07673097712658 ], [ -115.837931673973927, 51.077327751918538 ], [ -115.840739761880371, 51.07741541823134 ], [ -115.842652590757936, 51.077032704865452 ], [ -115.844170716636597, 51.077961809959511 ], [ -115.845122205481132, 51.079799160763834 ], [ -115.846900982019491, 51.081185153635182 ], [ -115.848869585023721, 51.082232367331976 ], [ -115.850864767161568, 51.082195282374819 ], [ -115.852778154143735, 51.081812400741107 ], [ -115.855328687953204, 51.081325838185755 ], [ -115.857517813138287, 51.080774413504685 ], [ -115.859972381697105, 51.080364926165863 ], [ -115.861575639740749, 51.081671031114105 ], [ -115.863358933499129, 51.082885813704578 ], [ -115.865043418196009, 51.084443121998092 ], [ -115.866097639678429, 51.085825163996418 ], [ -115.866694837502664, 51.087372535502176 ], [ -115.867665225998479, 51.088467313887158 ], [ -115.869534075467186, 51.089910712851342 ], [ -115.872166061354719, 51.08982352464858 ], [ -115.87416860469429, 51.089498117253228 ], [ -115.875995389385949, 51.088944599767913 ], [ -115.878190603342688, 51.088167866568106 ], [ -115.880897759067139, 51.088705140929754 ], [ -115.883613255908628, 51.088904936260398 ], [ -115.886152464138718, 51.08887211303368 ], [ -115.888061962324898, 51.088659627521487 ], [ -115.889974931555457, 51.088280654803079 ], [ -115.891710787356061, 51.087723086866639 ], [ -115.8935265195894, 51.087628180240145 ], [ -115.897143232202339, 51.088059127632114 ], [ -115.898026848396057, 51.089037382783829 ], [ -115.899156714491426, 51.091106758752744 ], [ -115.90166271278909, 51.092499746275216 ], [ -115.903462436247111, 51.093084019963733 ], [ -115.904751689906561, 51.092241851752689 ], [ -115.907149117652239, 51.090549887241664 ], [ -115.907723870318662, 51.089245455700741 ], [ -115.90693865827825, 51.087924649864085 ], [ -115.906239215200884, 51.086832572402933 ], [ -115.905648709420035, 51.084943481837129 ], [ -115.908041582731798, 51.083426952692022 ], [ -115.911410207063767, 51.082829309252702 ], [ -115.913223012032404, 51.082846568743236 ], [ -115.915034653644184, 51.082917790102456 ], [ -115.916745791893348, 51.083390121047593 ], [ -115.918704377908298, 51.084948984750284 ], [ -115.920325414004736, 51.085421942686267 ], [ -115.923313642741945, 51.085564651581478 ], [ -115.925209169294419, 51.085922907542738 ], [ -115.927002563950609, 51.086794734077358 ], [ -115.928421122969155, 51.088177818089093 ], [ -115.929650733821987, 51.089904255124821 ], [ -115.930510025449465, 51.091966507352282 ], [ -115.931383917592555, 51.093398901208808 ], [ -115.932613789466657, 51.095125307773131 ], [ -115.935018813570252, 51.097031174258639 ], [ -115.937281568079428, 51.097219858237672 ], [ -115.93963617515071, 51.097358277573768 ], [ -115.941902617410634, 51.097375914662919 ], [ -115.944705715878754, 51.097744499494723 ], [ -115.946783240598293, 51.098105435913617 ], [ -115.948644699537752, 51.100006465205773 ], [ -115.949335497745466, 51.101552684474221 ], [ -115.950387450428948, 51.103158921522493 ], [ -115.951628500808681, 51.104426241690902 ], [ -115.95304882778666, 51.105809032628166 ], [ -115.953288670768174, 51.107237476398026 ], [ -115.953435405014389, 51.108783634564873 ], [ -115.95358205577385, 51.110325295660012 ], [ -115.954091816089118, 51.111868475828217 ], [ -115.956724315888025, 51.111779378482368 ], [ -115.958887161008718, 51.112427292706364 ], [ -115.958402818552543, 51.113789726139132 ], [ -115.959099313927965, 51.115110939669449 ], [ -115.960619487384221, 51.116092486615017 ], [ -115.963584650175918, 51.117376927885722 ], [ -115.965018356036722, 51.118188207205812 ], [ -115.966720165826985, 51.11917267124975 ], [ -115.96796612614682, 51.120268860690786 ], [ -115.969104853524698, 51.122103628789922 ], [ -115.971428303594948, 51.12372608716413 ], [ -115.974408105624377, 51.12437590304495 ], [ -115.977484251979988, 51.124804424178528 ], [ -115.979912208878858, 51.125796099082066 ], [ -115.983284347932596, 51.125142412635739 ], [ -115.986190985953101, 51.124991872511579 ], [ -115.987807848644451, 51.125751852093146 ], [ -115.990239902778143, 51.126567852002502 ], [ -115.991853428928366, 51.127498737917122 ], [ -115.994168736773403, 51.12679076277945 ], [ -115.997510270746403, 51.125741082668505 ], [ -116.001046722588185, 51.125485813097953 ], [ -116.004067152346138, 51.125783713687255 ], [ -116.006039159229559, 51.1259781306957 ], [ -116.008697313792069, 51.126436474926585 ], [ -116.010929089848702, 51.126821985989622 ], [ -116.013063494472448, 51.128098947076971 ], [ -116.014327874978932, 51.129482403131696 ], [ -116.01438015204387, 51.131366700497601 ], [ -116.014633257113118, 51.132511543835179 ], [ -116.015343152889841, 51.133886316118762 ], [ -116.01603429828738, 51.136169886226483 ], [ -116.015623334515936, 51.138116694365785 ], [ -116.014475177519699, 51.139988948711675 ], [ -116.013156383727861, 51.141178945249493 ], [ -116.012097800692075, 51.142357673381561 ], [ -116.011532565899088, 51.143680552664243 ], [ -116.011037628419786, 51.145214235707869 ], [ -116.010990618602619, 51.147445752636919 ], [ -116.011054802106003, 51.148758671617223 ], [ -116.011282410001016, 51.151100260688885 ], [ -116.01169132183972, 51.15361570553717 ], [ -116.013269856540134, 51.1551268885555 ], [ -116.015859422598695, 51.155779086407385 ], [ -116.01837939087919, 51.156413842527947 ], [ -116.021653691467961, 51.15701494812928 ], [ -116.022623515269444, 51.15839189175945 ], [ -116.022879633243363, 51.159896541222224 ], [ -116.023295066947455, 51.161026441325745 ], [ -116.025811013943354, 51.16230431356324 ], [ -116.027528959438044, 51.16265804058721 ], [ -116.029520819970884, 51.162964341248795 ], [ -116.03160802827, 51.16303585990628 ], [ -116.034304251956016, 51.164064553999879 ], [ -116.035274898646364, 51.165751759127389 ], [ -116.035706765087156, 51.166840979810644 ], [ -116.035403481652253, 51.168323538194493 ], [ -116.034824069137926, 51.169974973463098 ], [ -116.03407655658151, 51.170993668406673 ], [ -116.031962602605574, 51.172177390976749 ], [ -116.030582347906602, 51.1730217372236 ], [ -116.029115056650895, 51.173695908651602 ], [ -116.027464721376546, 51.174425649716319 ], [ -116.02553009179428, 51.175724622673165 ], [ -116.024135322684018, 51.177252722262359 ], [ -116.024171031126855, 51.179879271525436 ], [ -116.022785655101018, 51.180952966882707 ], [ -116.023753687199971, 51.182446822991395 ], [ -116.023374868169952, 51.183894020411486 ], [ -116.021787196225262, 51.185230363219119 ], [ -116.020292230831828, 51.185850684209917 ], [ -116.018381980370023, 51.186969395900434 ], [ -116.016611660010284, 51.187583076042472 ], [ -116.014004843223532, 51.188361433807223 ], [ -116.012148012063946, 51.188687922927862 ], [ -116.010292204158475, 51.188960397004259 ], [ -116.00749836849117, 51.189848180665713 ], [ -116.006078035708029, 51.191380771016419 ], [ -116.005587273412985, 51.192689430693761 ], [ -116.00510175544126, 51.193768642449406 ], [ -116.004429621287514, 51.19490793322985 ], [ -116.004036745617526, 51.195990840024905 ], [ -116.004003235124955, 51.1975294528145 ], [ -116.004975825190826, 51.199653141913686 ], [ -116.006043030021701, 51.201659058984262 ], [ -116.00638610197413, 51.20292004503181 ], [ -116.006450651184622, 51.204232909714442 ], [ -116.006501254588812, 51.206175616850246 ], [ -116.007111198101754, 51.20795156953151 ], [ -116.007711017919945, 51.210181905731829 ], [ -116.007111969488449, 51.212233673689127 ], [ -116.005321082243981, 51.213760444883228 ], [ -116.005097960813998, 51.215530084625655 ], [ -116.006931779269465, 51.216346410443144 ], [ -116.008009209102056, 51.217897920856423 ], [ -116.008333028790005, 51.220067662517259 ], [ -116.008770970447159, 51.221215369235608 ], [ -116.010602644033895, 51.222144107729811 ], [ -116.014569322010715, 51.222806892962694 ], [ -116.016882918930079, 51.22282724515491 ], [ -116.019819331200068, 51.222509259858946 ], [ -116.021748055573397, 51.221610784304417 ], [ -116.024591774346788, 51.220434367305266 ], [ -116.026420953596727, 51.21993700957762 ], [ -116.028511864027706, 51.219954590846491 ], [ -116.031136771976577, 51.220547664805167 ], [ -116.033125919921275, 51.22107433930038 ], [ -116.035110992468105, 51.221834913996346 ], [ -116.037003806699104, 51.22265025091469 ], [ -116.038989928517864, 51.223352277150703 ], [ -116.040615743547988, 51.223877560849076 ], [ -116.042333918854808, 51.224348021205977 ], [ -116.04468150211811, 51.225168170940307 ], [ -116.047034230015129, 51.225758828733412 ], [ -116.049386572077665, 51.226349442812854 ], [ -116.051164416535883, 51.227246551441318 ], [ -116.052350899422507, 51.228144467640483 ], [ -116.05421988429552, 51.230156222444819 ], [ -116.055356784233297, 51.232394970945066 ], [ -116.05703965836851, 51.234633265382463 ], [ -116.058020589257765, 51.235613950229549 ], [ -116.059895683688879, 51.237342185101028 ], [ -116.060872095274547, 51.238547789382906 ], [ -116.061579080536973, 51.239584908797404 ], [ -116.062437836015491, 51.242104996121753 ], [ -116.062869687430748, 51.243248065485361 ], [ -116.063386713359847, 51.244682730213277 ], [ -116.063909521778285, 51.245824967216343 ], [ -116.064705294768373, 51.246973710660569 ], [ -116.065595313146716, 51.247955161894858 ], [ -116.068121026951573, 51.249061100606241 ], [ -116.071304170757969, 51.249139903366441 ], [ -116.073404548697496, 51.248756280950971 ], [ -116.0764121457443, 51.248494707875167 ], [ -116.079489711390409, 51.249320936192959 ], [ -116.081118368294852, 51.249791663055717 ], [ -116.084561152608586, 51.250560394707293 ], [ -116.087827412648082, 51.251042780382939 ], [ -116.090829677355202, 51.251064247369897 ], [ -116.093578972392365, 51.25005796322197 ], [ -116.095590366229573, 51.249557813865948 ], [ -116.098228779901618, 51.249578005886939 ], [ -116.101038238439628, 51.250172276391176 ], [ -116.103118824281481, 51.250818343947223 ], [ -116.105015695683221, 51.251515591119897 ], [ -116.106731240502455, 51.252214528545259 ], [ -116.110168056007538, 51.253324399619004 ], [ -116.112160904687073, 51.253795720161932 ], [ -116.114057328223311, 51.254555799881111 ], [ -116.115500248221196, 51.255252712779402 ], [ -116.117125059588332, 51.255947868605311 ], [ -116.119748466989293, 51.256768372331635 ], [ -116.121744995313392, 51.257068571432249 ], [ -116.123829052963799, 51.257538819863925 ], [ -116.127271806527986, 51.258364762427028 ], [ -116.129082281886767, 51.25889153555665 ], [ -116.13169678599067, 51.260224637306315 ], [ -116.133313208292364, 51.261378452935254 ], [ -116.135028316107835, 51.262135461258204 ], [ -116.137834722890304, 51.262953786525323 ], [ -116.14037132539849, 51.263603755105585 ], [ -116.142726790410762, 51.264192468292158 ], [ -116.144543917631069, 51.264377089014069 ], [ -116.147096367065444, 51.264167629884277 ], [ -116.149556968006834, 51.26401299619458 ], [ -116.152941573083311, 51.263718748998045 ], [ -116.155200229450969, 51.263997802864509 ], [ -116.15654280297079, 51.265261966258812 ], [ -116.157338664611927, 51.266522537036742 ], [ -116.158386373138811, 51.268986085520751 ], [ -116.158636980343715, 51.270247554801678 ], [ -116.159062051062719, 51.271903121777555 ], [ -116.159397071571732, 51.273505604051927 ], [ -116.15945222840682, 51.275506692368836 ], [ -116.158976368633162, 51.276644923581486 ], [ -116.157855693025297, 51.27818087396048 ], [ -116.156833722685704, 51.27931550920642 ], [ -116.155897281137911, 51.280732666718947 ], [ -116.155231952943794, 51.282273079939202 ], [ -116.155026873094343, 51.283525563550526 ], [ -116.156176631830718, 51.285421365777097 ], [ -116.157433712480582, 51.286398492621011 ], [ -116.159047674165336, 51.287781389624271 ], [ -116.160835626906987, 51.289621337298804 ], [ -116.162256805002812, 51.291631334892372 ], [ -116.162145066761653, 51.292774950406674 ], [ -116.162021854940662, 51.294543906483192 ], [ -116.163725628636655, 51.296038300557832 ], [ -116.166274545777554, 51.296116352289658 ], [ -116.168369361623533, 51.296131414730354 ], [ -116.170740675850055, 51.295918758889961 ], [ -116.17436809620574, 51.296799957176667 ], [ -116.176276285442299, 51.297041649386436 ], [ -116.178555026414315, 51.296942218641163 ], [ -116.180932745545164, 51.296387438156501 ], [ -116.183490600938413, 51.295952232631919 ], [ -116.185212780377356, 51.29642056699047 ], [ -116.1873653690797, 51.298319387380076 ], [ -116.188623371340782, 51.299296173299375 ], [ -116.190794365415215, 51.300169185289249 ], [ -116.193250313106276, 51.300360039589343 ], [ -116.196458301225263, 51.299490593409054 ], [ -116.197922827113189, 51.298791879246508 ], [ -116.200586284640409, 51.297496081838112 ], [ -116.203156036254953, 51.29566141613973 ], [ -116.204455843220416, 51.294896841791896 ], [ -116.207266766657014, 51.294260586619473 ], [ -116.210029209501982, 51.293845172215626 ], [ -116.213599701202497, 51.292728592524547 ], [ -116.21561837789119, 51.291830474576649 ], [ -116.218449987636504, 51.291949414214521 ], [ -116.221332147271326, 51.293237267949102 ], [ -116.222496719573058, 51.294385602031994 ], [ -116.223476776286347, 51.295706786473886 ], [ -116.225174633850116, 51.297659171785725 ], [ -116.226696256497675, 51.299271526683178 ], [ -116.229314507004005, 51.30065642177491 ], [ -116.232316101633913, 51.300903691036325 ], [ -116.234140431290697, 51.300744996459464 ], [ -116.236237211400862, 51.300646365395387 ], [ -116.238512346193872, 51.300775210729974 ], [ -116.241512898434451, 51.301080731831526 ], [ -116.243422071030736, 51.301321324537575 ], [ -116.246508239245784, 51.301967665692473 ], [ -116.24776886554659, 51.302889826781772 ], [ -116.249567462300831, 51.304328008231131 ], [ -116.252739605088735, 51.305319602799067 ], [ -116.25491855626889, 51.305790992891296 ], [ -116.258099143465031, 51.306269542376938 ], [ -116.259999236988051, 51.307081203810398 ], [ -116.261707940182504, 51.30846167084735 ], [ -116.26396931159428, 51.309503267222588 ], [ -116.265774552569312, 51.310540770628123 ], [ -116.268129682577268, 51.311414838545431 ], [ -116.270478438459975, 51.312684765782173 ], [ -116.27146375513729, 51.313776084732005 ], [ -116.271628004834739, 51.314921323353246 ], [ -116.272155151283911, 51.316179560119288 ], [ -116.273028812635772, 51.318585541340639 ], [ -116.274195329247647, 51.319733337213094 ], [ -116.275293657024108, 51.321039301009435 ], [ -116.27625124207421, 51.322315306510838 ], [ -116.276681883460412, 51.323916435910931 ], [ -116.277199554040862, 51.325804492647805 ], [ -116.278632160557024, 51.327471117472868 ], [ -116.279890824449438, 51.328563869321826 ], [ -116.282418879394712, 51.330119475025782 ], [ -116.284315934643814, 51.331218661037184 ], [ -116.286306223958832, 51.332199838094098 ], [ -116.28774848939517, 51.333236505608639 ], [ -116.290086873655952, 51.335306772453016 ], [ -116.291515578426285, 51.337256610930929 ], [ -116.29184614976559, 51.339488467888927 ], [ -116.291730673902123, 51.341086540050171 ], [ -116.291063897406048, 51.342965086828102 ], [ -116.289937668076732, 51.345073607527361 ], [ -116.288369237917763, 51.346260406306975 ], [ -116.286242038757806, 51.348249487970207 ], [ -116.284394909443776, 51.349781152031603 ], [ -116.282009334623694, 51.350733959469338 ], [ -116.280990303057081, 51.351757194754711 ], [ -116.279599060207786, 51.353292776488622 ], [ -116.278669229519735, 51.3544274641364 ], [ -116.278648986152774, 51.355741102727201 ], [ -116.278808245749389, 51.357228197185705 ], [ -116.279592703591888, 51.359572057135566 ], [ -116.281756315917292, 51.361185597241736 ], [ -116.286210295204683, 51.362184649450519 ], [ -116.289119917838747, 51.362773284745082 ], [ -116.29175846666854, 51.363189424429095 ], [ -116.295125728224662, 51.363664894315662 ], [ -116.297489140573916, 51.364191908146204 ], [ -116.299574150421293, 51.365063820908958 ], [ -116.300283255071065, 51.36643681010645 ], [ -116.301358795793604, 51.367697759046209 ], [ -116.302524638404776, 51.369020662830344 ], [ -116.304320863038342, 51.370916754266936 ], [ -116.305756997418285, 51.372466002746691 ], [ -116.306645532239656, 51.374070840101169 ], [ -116.307443554755281, 51.375618209117562 ], [ -116.308336084367923, 51.376935117477359 ], [ -116.309041353341399, 51.378595964123562 ], [ -116.309565246758197, 51.380195868661225 ], [ -116.309912419008413, 51.381397433119311 ], [ -116.31043435226448, 51.383114302640919 ], [ -116.3102638788923, 51.384263200476262 ], [ -116.309396500317533, 51.385392927745571 ], [ -116.307554675001299, 51.386524569119302 ], [ -116.305433047310629, 51.388055131354669 ], [ -116.303038757261845, 51.389467254032354 ], [ -116.301287903266456, 51.390602278467568 ], [ -116.299808770687534, 51.391846701616579 ], [ -116.298143832282562, 51.393322569325015 ], [ -116.296933823126949, 51.394856331436891 ], [ -116.296733946610019, 51.395996537982363 ], [ -116.296161982615473, 51.397595170504843 ], [ -116.295593662467098, 51.398959865416963 ], [ -116.294568725795799, 51.400325123280133 ], [ -116.292362570139986, 51.401339118328899 ], [ -116.290517548055547, 51.402587472174581 ], [ -116.289136879305701, 51.403317902085746 ], [ -116.28738674749323, 51.404335762485239 ], [ -116.286364245198399, 51.405529998380693 ], [ -116.285698791649608, 51.407242057521344 ], [ -116.285674769329887, 51.408780625591866 ], [ -116.28620232452073, 51.410097215330637 ], [ -116.287182286523574, 51.411705680699114 ], [ -116.288436006546647, 51.413311116720301 ], [ -116.289416589653385, 51.414856584578523 ], [ -116.289763499398859, 51.416058204686905 ], [ -116.290562241886306, 51.417547197099296 ], [ -116.291365567924984, 51.418752762525408 ], [ -116.292533442284096, 51.420017259064373 ], [ -116.293422365786043, 51.421622181832191 ], [ -116.294044851706673, 51.422708288699503 ], [ -116.29484322353791, 51.424255731822761 ], [ -116.295273712093064, 51.425973675776447 ], [ -116.295342332953894, 51.427457240162596 ], [ -116.294410689279943, 51.428650531902669 ], [ -116.293111016111695, 51.430014314104348 ], [ -116.291909458668712, 51.430922702205535 ], [ -116.289145334503075, 51.432446559031838 ], [ -116.288301273683842, 51.433868225132969 ], [ -116.288096455224164, 51.435296330495554 ], [ -116.288170050992036, 51.436437995056529 ], [ -116.288135741675674, 51.438664851761601 ], [ -116.288660823460219, 51.440152376327688 ], [ -116.289273216887764, 51.441926802202211 ], [ -116.28959920207754, 51.444500521781613 ], [ -116.289120967177467, 51.445868671485783 ], [ -116.28837255103015, 51.447005905494066 ], [ -116.287442695636571, 51.448028187439277 ], [ -116.286327688832344, 51.449218921339693 ], [ -116.285848703173556, 51.450645535889144 ], [ -116.285547091367022, 51.452412038529495 ], [ -116.285525911787204, 51.453784137963503 ], [ -116.286140756301805, 51.45538762932015 ], [ -116.286486645377991, 51.456643241365505 ], [ -116.286828526542806, 51.458186763114149 ], [ -116.287996274772297, 51.459509785766123 ], [ -116.289261650028536, 51.46043140680176 ], [ -116.290343702518044, 51.461409012760654 ], [ -116.29206992966833, 51.462105119575362 ], [ -116.29416621469538, 51.462518235114906 ], [ -116.29690885374643, 51.462474354228846 ], [ -116.300284907567885, 51.462895649206438 ], [ -116.302752285568118, 51.462967140091322 ], [ -116.306678267151383, 51.463274174218121 ], [ -116.308867790458947, 51.463573539505759 ], [ -116.311699651503972, 51.463703734200941 ], [ -116.314166073605307, 51.463833470981143 ], [ -116.318079698504192, 51.464999376459993 ], [ -116.320111087375864, 51.463640564635618 ], [ -116.321402703239556, 51.462847827206268 ], [ -116.323502523741197, 51.46303098617728 ], [ -116.326339288396838, 51.462818925958871 ], [ -116.328621238346656, 51.463058401789127 ], [ -116.330603818145391, 51.462954895335486 ], [ -116.333193379627204, 51.462970379744306 ], [ -116.337478864932677, 51.463740059510805 ], [ -116.341213947921887, 51.465055653679997 ], [ -116.342931103705112, 51.466052484039245 ], [ -116.344464048313469, 51.467546189738208 ], [ -116.34696799632782, 51.468583388990517 ], [ -116.350204882453653, 51.468892390078423 ], [ -116.352515682006171, 51.468874670634726 ], [ -116.354445717980184, 51.468888307029488 ], [ -116.35862175743523, 51.46989687710083 ], [ -116.361878343312085, 51.47101047291919 ], [ -116.36405840801298, 51.47205108486795 ], [ -116.365959774388614, 51.473432264853329 ], [ -116.368022278317724, 51.476354349238854 ], [ -116.369093253768483, 51.478302947880231 ], [ -116.370528960350313, 51.480310234785861 ], [ -116.371960712339757, 51.482600925684352 ], [ -116.373134048818912, 51.483752138573159 ], [ -116.374761314316828, 51.4851274033688 ], [ -116.37685391254837, 51.48593941278903 ], [ -116.379776668310839, 51.486818059358896 ], [ -116.382286011594928, 51.487751000261831 ], [ -116.384046156782517, 51.488431872227622 ], [ -116.386132743596491, 51.489702589461025 ], [ -116.388029948347935, 51.491479296325359 ], [ -116.389777037112083, 51.493689568083916 ], [ -116.390265267643699, 51.49537502283512 ], [ -116.390333716374755, 51.497087956023165 ], [ -116.390037500394314, 51.498746749777318 ], [ -116.390289777851379, 51.500403535621601 ], [ -116.391182539837402, 51.502061744039111 ], [ -116.393342586926934, 51.504757434890863 ], [ -116.394971223773268, 51.506136961408714 ], [ -116.396053630032824, 51.507343059314906 ], [ -116.396403445669662, 51.50854439867674 ], [ -116.396838311083243, 51.510257516125492 ], [ -116.396902055358396, 51.512370901969412 ], [ -116.396497734063828, 51.515281554557916 ], [ -116.396109503555365, 51.516937017963976 ], [ -116.395623406388282, 51.519106438106746 ], [ -116.3951284363703, 51.521901206905916 ], [ -116.396570320620256, 51.523620312397064 ], [ -116.398019742364781, 51.524772542192522 ], [ -116.397809536236963, 51.526826220859228 ], [ -116.394692759784348, 51.52753810766049 ], [ -116.392393863860107, 51.527938810384448 ], [ -116.389102884692804, 51.527582054563169 ], [ -116.386193017387654, 51.5279898807173 ], [ -116.385056956622734, 51.528929940132066 ], [ -116.384303136043783, 51.530526696231156 ], [ -116.384832325417719, 51.532013823208707 ], [ -116.385723204238545, 51.533847526198265 ], [ -116.387351622768534, 51.535281152249198 ], [ -116.388980735252559, 51.53671924821834 ], [ -116.390238856756284, 51.538494590053709 ], [ -116.390370425933085, 51.541214408929015 ], [ -116.390186282727271, 51.542435591370449 ], [ -116.390626329530107, 51.543752825763399 ], [ -116.392261691777051, 51.544731998764377 ], [ -116.394767675715514, 51.544927111260861 ], [ -116.396837504491671, 51.544983427615463 ], [ -116.399849469550091, 51.545739169904415 ], [ -116.401855135633227, 51.546434906679899 ], [ -116.404682341229829, 51.547363669711643 ], [ -116.407503538408633, 51.5487512540669 ], [ -116.409958626238875, 51.550134181791449 ], [ -116.411773941621959, 51.551398818295198 ], [ -116.413592617094139, 51.55243398016092 ], [ -116.415137731323384, 51.553355464952617 ], [ -116.417598441980417, 51.554337835642343 ], [ -116.4203433182022, 51.554583397438172 ], [ -116.422630257695943, 51.554820970096095 ], [ -116.42546943480572, 51.554835848789864 ], [ -116.429764278863871, 51.555656025443454 ], [ -116.432035874063516, 51.557153096638608 ], [ -116.4347767207462, 51.557735727009494 ], [ -116.43825881038866, 51.557638940242576 ], [ -116.441095349219935, 51.557878380791472 ], [ -116.444023570857539, 51.558121117982068 ], [ -116.446859767581429, 51.558418900454996 ], [ -116.449325337285217, 51.559058575005963 ], [ -116.451790582001678, 51.559756677975322 ], [ -116.4547920885216, 51.561541111802086 ], [ -116.456890340814425, 51.562293154252394 ], [ -116.459813770306411, 51.562994369410866 ], [ -116.462093032835142, 51.563914987295895 ], [ -116.462902583491768, 51.565177838893725 ], [ -116.463622684676935, 51.566266375400772 ], [ -116.464888848567767, 51.567698920405149 ], [ -116.466524432321421, 51.568847927715893 ], [ -116.468526015356034, 51.57005528660487 ], [ -116.470258131848325, 51.570807189802551 ], [ -116.471528473796099, 51.571897746842183 ], [ -116.471418129711793, 51.573495984242314 ], [ -116.471399775666242, 51.575093064069691 ], [ -116.471735107744465, 51.577778741051517 ], [ -116.47317115185227, 51.580414557861509 ], [ -116.47332004088868, 51.583385961532045 ], [ -116.472844164448404, 51.584925813043164 ], [ -116.471074013710847, 51.587372586354 ], [ -116.469877203718482, 51.589146401268529 ], [ -116.469115330100763, 51.590276006557815 ], [ -116.467898872488249, 51.592382903175043 ], [ -116.467051547108156, 51.594323220981877 ], [ -116.46702657150415, 51.596433133950697 ], [ -116.46764631082857, 51.598323544102016 ], [ -116.469624984260378, 51.601645255148441 ], [ -116.470529049020243, 51.602731417575896 ], [ -116.47316293762637, 51.604915810466096 ], [ -116.476340593264368, 51.607669038623158 ], [ -116.477798346619593, 51.60847377256502 ], [ -116.48135796098147, 51.609976071061148 ], [ -116.483738434284007, 51.610328226533298 ], [ -116.485504918803414, 51.610611669010453 ], [ -116.487838939492349, 51.611004815253054 ], [ -116.490048195530136, 51.611957271383574 ], [ -116.490401346389191, 51.613158262993558 ], [ -116.48983156820205, 51.614924282720189 ], [ -116.49036237007931, 51.616640293528334 ], [ -116.491635778837804, 51.617618139843756 ], [ -116.493824400242261, 51.618768709984998 ], [ -116.495922617030644, 51.61980344665951 ], [ -116.497195452414886, 51.620839718813734 ], [ -116.498776917866252, 51.622564733253455 ], [ -116.500019680715951, 51.624478494730219 ], [ -116.501451963817885, 51.625823042684623 ], [ -116.503920816491899, 51.626578458761919 ], [ -116.5066726133727, 51.626587985735362 ], [ -116.510530134567603, 51.626205316715328 ], [ -116.513737828118352, 51.626505658701689 ], [ -116.51592420045418, 51.626841658611831 ], [ -116.518317071092824, 51.627206422074728 ], [ -116.522801500238998, 51.628416530130551 ], [ -116.525656452571766, 51.629773701561547 ], [ -116.526998067493651, 51.630556840507502 ], [ -116.528897475131757, 51.633190386069714 ], [ -116.530171261885613, 51.634221771858392 ], [ -116.531164352123966, 51.635769606535568 ], [ -116.533445010445263, 51.63708913100696 ], [ -116.53655288077816, 51.638244800239029 ], [ -116.539767519183343, 51.63797307942037 ], [ -116.542983116110008, 51.637584307957837 ], [ -116.545922061144921, 51.637311560260748 ], [ -116.550140980298778, 51.638474656758092 ], [ -116.552323109265998, 51.639561219186739 ], [ -116.554607064394318, 51.640596907742029 ], [ -116.557535838681375, 51.641408049409407 ], [ -116.562121474076022, 51.642678278356705 ], [ -116.564587664241358, 51.642919670055285 ], [ -116.567610221845442, 51.643558375814294 ], [ -116.571823308108435, 51.644428393868765 ], [ -116.574746646352082, 51.645927389420379 ], [ -116.57638497134883, 51.64735818980391 ], [ -116.578570731846725, 51.649195398607354 ], [ -116.58020733042602, 51.650855571424884 ], [ -116.581931608904242, 51.653031815031937 ], [ -116.583842607735534, 51.654868146151522 ], [ -116.585479610954053, 51.656528250400441 ], [ -116.587489232519019, 51.657621018527841 ], [ -116.590164032100006, 51.659262472920624 ], [ -116.591688368609297, 51.660262805714851 ], [ -116.593528274509708, 51.661069898253565 ], [ -116.596541808576418, 51.66164953609978 ], [ -116.597817916695746, 51.662680163134688 ], [ -116.597531758932462, 51.663939036493389 ], [ -116.595679938542489, 51.665642100958181 ], [ -116.593927184229742, 51.666552125084195 ], [ -116.591711532653449, 51.667913802889693 ], [ -116.590409437640574, 51.669739845374046 ], [ -116.589932163462805, 51.671793072431313 ], [ -116.589641622850593, 51.673447905634283 ], [ -116.589836242296343, 51.675838366459971 ], [ -116.590252797783904, 51.676988771111589 ], [ -116.590602690835624, 51.678931784750041 ], [ -116.59104518485573, 51.680819558378772 ], [ -116.591390547728636, 51.683275439212267 ], [ -116.591103362772884, 51.684588354877086 ], [ -116.590073301995048, 51.686757053078999 ], [ -116.586116663168099, 51.687485515785824 ], [ -116.584287424034883, 51.686624138256775 ], [ -116.581441356238869, 51.686442234818351 ], [ -116.580513569073872, 51.68740841355104 ], [ -116.579849575241298, 51.689689021201218 ], [ -116.580288735228621, 51.691918740763143 ], [ -116.581192761489859, 51.693521413160909 ], [ -116.582462422598809, 51.695294569763909 ], [ -116.583553751965084, 51.696557322985711 ], [ -116.585193222889501, 51.698163507803699 ], [ -116.586284089708556, 51.699421741445619 ], [ -116.587191219473368, 51.70074093591019 ], [ -116.588187472051615, 51.702342306357963 ], [ -116.589548386060557, 51.704289582758975 ], [ -116.589709896409033, 51.706801936812845 ], [ -116.589515573464482, 51.707942645873025 ], [ -116.588575499380227, 51.710281029685774 ], [ -116.588102594607832, 51.711762888092728 ], [ -116.588175386244075, 51.713876096739746 ], [ -116.589174693076004, 51.715194024858803 ], [ -116.591464425539371, 51.716116548210742 ], [ -116.594491006045317, 51.716871550141867 ], [ -116.597061394524658, 51.717277335583098 ], [ -116.598611325091667, 51.718709125916106 ], [ -116.598968747593617, 51.719909786402511 ], [ -116.600881163025733, 51.72197535251852 ], [ -116.602529322333211, 51.722722007512601 ], [ -116.604911357968916, 51.72370148727984 ], [ -116.608032765718463, 51.724225433105062 ], [ -116.611801810793764, 51.724236570693776 ], [ -116.615018354420314, 51.724417150368659 ], [ -116.618048585190252, 51.724829631953803 ], [ -116.620521167815966, 51.726036961293403 ], [ -116.622720077738393, 51.726955644450221 ], [ -116.625470642023132, 51.727880122704796 ], [ -116.628903168779658, 51.729222390056314 ], [ -116.631246110059493, 51.730008460530748 ], [ -116.633627020790158, 51.731216797088258 ], [ -116.635914232142298, 51.732709790276736 ], [ -116.638293599650368, 51.734142971706838 ], [ -116.641501120271101, 51.735524013310986 ], [ -116.643612017244891, 51.736101673485855 ], [ -116.643200586558692, 51.7376998566642 ], [ -116.641297591997898, 51.738036933108518 ], [ -116.638175455151398, 51.737455391186643 ], [ -116.632843390343723, 51.737210494119616 ], [ -116.630443012298429, 51.738346032547547 ], [ -116.630419228122506, 51.741315250474507 ], [ -116.631963717175282, 51.743659846011042 ], [ -116.634056056551742, 51.746523080852683 ], [ -116.636894065623125, 51.748246781871622 ], [ -116.640932743198761, 51.749341828094472 ], [ -116.645597845960594, 51.750283983381912 ], [ -116.648096053650463, 51.75090559560897 ], [ -116.650842201169283, 51.752684207871916 ], [ -116.652578877637637, 51.754175625977808 ], [ -116.653853933292055, 51.755835475704195 ], [ -116.654296978032605, 51.758064848401759 ], [ -116.654190992180219, 51.75994661220814 ], [ -116.653714121427171, 51.762117000159932 ], [ -116.653048186259866, 51.765027762584168 ], [ -116.652291946664178, 51.767651904944159 ], [ -116.650799959903864, 51.770218931302445 ], [ -116.649680234811342, 51.772213918116336 ], [ -116.648365707522984, 51.775579090731625 ], [ -116.646966072823062, 51.778032299684277 ], [ -116.646390098951457, 51.781054193740388 ], [ -116.647105885687964, 51.783743067732956 ], [ -116.646529268682272, 51.786823444439058 ], [ -116.647340792089139, 51.789052155652413 ], [ -116.649170187144449, 51.79060081794259 ], [ -116.651832357825754, 51.791638427593973 ], [ -116.654493784814591, 51.792788445610782 ], [ -116.656696546809499, 51.793764955384283 ], [ -116.658254861848221, 51.794683065542614 ], [ -116.659167314118235, 51.795826208473166 ], [ -116.659424813132702, 51.798341575655371 ], [ -116.659779685277471, 51.800113356246399 ], [ -116.660228571899637, 51.80165439552399 ], [ -116.660771073729805, 51.803027674757473 ], [ -116.6623253401402, 51.804575548791512 ], [ -116.663976157121681, 51.805492281576228 ], [ -116.666826360752083, 51.806185044069089 ], [ -116.669861627582165, 51.806767088473691 ], [ -116.672065384404021, 51.807743253471088 ], [ -116.67325190640743, 51.809228723627399 ], [ -116.673795160934887, 51.810547944128068 ], [ -116.674057609107066, 51.812487436825741 ], [ -116.675063104004252, 51.813575131865534 ], [ -116.67690076769702, 51.814268557786455 ], [ -116.679753917181699, 51.814619025894615 ], [ -116.682152091099667, 51.814224750190498 ], [ -116.684095601342975, 51.812914819548062 ], [ -116.686315915161003, 51.811551389573744 ], [ -116.688440679902214, 51.81064361823119 ], [ -116.690291841788195, 51.809334911453654 ], [ -116.692236726619853, 51.80779540826336 ], [ -116.695100307933302, 51.80654846066134 ], [ -116.696676213711726, 51.805068198484193 ], [ -116.698252082535262, 51.803529435891129 ], [ -116.700195472222291, 51.802048292775424 ], [ -116.702686037245087, 51.80148130936729 ], [ -116.705724696300834, 51.801549548101995 ], [ -116.709128767077075, 51.80207120206677 ], [ -116.712073100278204, 51.802532005229786 ], [ -116.716030795058941, 51.80294190573224 ], [ -116.719345512823196, 51.803064225872937 ], [ -116.722842503881822, 51.803530142002735 ], [ -116.726520715703984, 51.804452112208672 ], [ -116.728637092023135, 51.804798753820293 ], [ -116.731215662317425, 51.804864129304832 ], [ -116.734347538493324, 51.804754818288302 ], [ -116.736373773735622, 51.804819261506928 ], [ -116.739868652853943, 51.805680559878446 ], [ -116.742720137219521, 51.806317416864466 ], [ -116.746586879808291, 51.80661069200378 ], [ -116.750428807609424, 51.805784121368276 ], [ -116.75249279343241, 51.804565678596376 ], [ -116.754064592205111, 51.803368065079894 ], [ -116.755546872496282, 51.801771421567551 ], [ -116.757306402714832, 51.799950180645382 ], [ -116.758604907716688, 51.798180825101674 ], [ -116.759629866750004, 51.795898258980053 ], [ -116.760472237581993, 51.793330536731041 ], [ -116.761126277744935, 51.791503370349929 ], [ -116.762058408182455, 51.789334640814999 ], [ -116.76326405683325, 51.787683593455981 ], [ -116.765111078036554, 51.786544678048742 ], [ -116.766865895115117, 51.785461105926267 ], [ -116.768989936106564, 51.784097533706365 ], [ -116.769827441735572, 51.782326031831545 ], [ -116.769932453365911, 51.779755895968258 ], [ -116.771968004891733, 51.777705367501724 ], [ -116.773448393353661, 51.776108547923478 ], [ -116.775206098054454, 51.77434107081573 ], [ -116.777328821720914, 51.773089837821679 ], [ -116.780002749659559, 51.772122586128397 ], [ -116.782584224383484, 51.771215161199613 ], [ -116.78443105223792, 51.769905026291262 ], [ -116.785635754941225, 51.768136828271295 ], [ -116.786561652146247, 51.766939657167669 ], [ -116.787400493089066, 51.764596737260263 ], [ -116.788326806827953, 51.763287089878602 ], [ -116.790355169420152, 51.762374449506325 ], [ -116.792008820136871, 51.762947448542008 ], [ -116.794030915558125, 51.763465302023 ], [ -116.795875348414071, 51.762555383363221 ], [ -116.797264375270061, 51.760676291912951 ], [ -116.798006279798656, 51.759306425473646 ], [ -116.798932069083037, 51.758050688291881 ], [ -116.800321600955868, 51.755883665670517 ], [ -116.802077934905654, 51.753944899413433 ], [ -116.80392126123462, 51.753088859812017 ], [ -116.805671900557996, 51.752522111575381 ], [ -116.808065591445072, 51.752066873700478 ], [ -116.810368679220645, 51.751329595619531 ], [ -116.814234426925665, 51.750878481102923 ], [ -116.816536056550319, 51.75042449893261 ], [ -116.818287192061334, 51.749515704465153 ], [ -116.818811089173636, 51.74803668671251 ], [ -116.81958677518459, 51.746603238942953 ], [ -116.820236236222541, 51.745117768485628 ], [ -116.820517800644865, 51.743808936762804 ], [ -116.820615161425849, 51.74243549281308 ], [ -116.822563058318792, 51.740259617924139 ], [ -116.82366395491367, 51.738902055458269 ], [ -116.824498246959166, 51.737188779690086 ], [ -116.824227784039536, 51.735758081432074 ], [ -116.822760990706001, 51.734615872598823 ], [ -116.821201143442863, 51.733758473663833 ], [ -116.819732743652068, 51.733012087242386 ], [ -116.818450225448117, 51.731696032996247 ], [ -116.817539144218287, 51.72958253318685 ], [ -116.816236443430739, 51.728154311541509 ], [ -116.812951390775282, 51.727175065196988 ], [ -116.809836150958162, 51.726103141639101 ], [ -116.808457071589871, 51.724658015909682 ], [ -116.807288915084129, 51.722858764904529 ], [ -116.80617152712891, 51.721513034389382 ], [ -116.805072627100287, 51.720481879047817 ], [ -116.804346957205482, 51.71877474361802 ], [ -116.805730910098319, 51.717057634034383 ], [ -116.807572308237766, 51.716372536762236 ], [ -116.810795790022155, 51.71495087307742 ], [ -116.812638862376389, 51.71375737963929 ], [ -116.813656534692242, 51.712216769648769 ], [ -116.814215540915924, 51.710332389097452 ], [ -116.814868843382726, 51.70793375621367 ], [ -116.815976998500133, 51.70656715481546 ], [ -116.817907280092342, 51.706510267743681 ], [ -116.820387596590848, 51.706741694017197 ], [ -116.823420804921852, 51.706690085894238 ], [ -116.824435529786868, 51.705662222613824 ], [ -116.825924460409254, 51.704635967437753 ], [ -116.82867125656341, 51.703500128468235 ], [ -116.830969701419477, 51.703275354974402 ], [ -116.833083233895024, 51.703278334161467 ], [ -116.836023666074524, 51.7033988038784 ], [ -116.83831953089539, 51.703857676646599 ], [ -116.842359519676279, 51.704945880441855 ], [ -116.844657342044201, 51.704837831282191 ], [ -116.84631359454967, 51.704209045176327 ], [ -116.847969592216572, 51.703697191318959 ], [ -116.850549143949195, 51.704218832832943 ], [ -116.852561231383305, 51.704848331951908 ], [ -116.853936723366274, 51.705820714713049 ], [ -116.855586464164745, 51.707135105535144 ], [ -116.85714490008472, 51.708504896400534 ], [ -116.858797106892752, 51.70913548302947 ], [ -116.860910720739284, 51.709308919040204 ], [ -116.863118268053427, 51.708684652083079 ], [ -116.864775242742255, 51.707889161253419 ], [ -116.867259201732878, 51.707035516952452 ], [ -116.870293841537332, 51.706523906217647 ], [ -116.87342148218778, 51.705439464236065 ], [ -116.875996043924232, 51.704989023449791 ], [ -116.879947728430992, 51.705047267793304 ], [ -116.882704338144379, 51.705223508353683 ], [ -116.885002040206402, 51.705168649629293 ], [ -116.887483896462982, 51.704939854702118 ], [ -116.889231029976798, 51.704659856828656 ], [ -116.891346425980814, 51.704032039964233 ], [ -116.893920814159031, 51.70346425458996 ], [ -116.896035819641696, 51.702894834576242 ], [ -116.898701602023891, 51.702437922785215 ], [ -116.900725428267918, 51.701757437670707 ], [ -116.903848151378398, 51.702498523877203 ], [ -116.904488996219385, 51.703644163891269 ], [ -116.905680950069723, 51.705014763041369 ], [ -116.908067504673241, 51.706329957518157 ], [ -116.910364203086374, 51.706787412019509 ], [ -116.912017309953953, 51.707358762418579 ], [ -116.913855398669426, 51.707648187406761 ], [ -116.917714608743253, 51.708048531600021 ], [ -116.919737754524391, 51.707480183307531 ], [ -116.922127995739203, 51.707139697278706 ], [ -116.923780845566398, 51.707881817321507 ], [ -116.925799454887496, 51.710052840360689 ], [ -116.926072496733553, 51.711654218221021 ], [ -116.926254640441357, 51.712969201005059 ], [ -116.926436151739011, 51.714279696492937 ], [ -116.92707797060865, 51.71536672366534 ], [ -116.928363101655634, 51.716339726878878 ], [ -116.930108879898242, 51.717138711758828 ], [ -116.932038451143356, 51.717480329563422 ], [ -116.933968513654861, 51.71793886075465 ], [ -116.935622134883957, 51.718685304592292 ], [ -116.936816151102079, 51.719542766597463 ], [ -116.937641788244107, 51.720856115133685 ], [ -116.93809889015435, 51.722854769951404 ], [ -116.937820822660242, 51.724280789955934 ], [ -116.937635149496245, 51.72553885127062 ], [ -116.936805871862191, 51.726906488008353 ], [ -116.936109800506486, 51.72829891154214 ], [ -116.937261307627509, 51.729818305339641 ], [ -116.938732159134531, 51.730450770643252 ], [ -116.941582424698069, 51.730678075831023 ], [ -116.943329965364796, 51.730338797110868 ], [ -116.946548307505836, 51.730281001215289 ], [ -116.947742831902218, 51.731138347165363 ], [ -116.948017332676045, 51.73251024509328 ], [ -116.947831074268805, 51.7342226516026 ], [ -116.947185604010855, 51.735933674767978 ], [ -116.947366973811128, 51.738161775274214 ], [ -116.949294974052563, 51.740905185171705 ], [ -116.951042076136218, 51.741420460981423 ], [ -116.953157388410631, 51.741704679918165 ], [ -116.955364970986793, 51.741649958933735 ], [ -116.957295224461561, 51.742733366341021 ], [ -116.957662388213436, 51.743820312129422 ], [ -116.958305067868835, 51.745078093843873 ], [ -116.960235617151582, 51.746278403533964 ], [ -116.961983227125813, 51.746735034625893 ], [ -116.96372883434357, 51.748847015413567 ], [ -116.964739650058121, 51.750274039155698 ], [ -116.965474546086398, 51.751989058472702 ], [ -116.966301381751904, 51.753473125948432 ], [ -116.968232571994903, 51.755132113744942 ], [ -116.969887977000582, 51.756332379460716 ], [ -116.971911210633635, 51.757301538536296 ], [ -116.973935058206223, 51.758158197980883 ], [ -116.975866559722832, 51.759128830645878 ], [ -116.976510056342704, 51.7609577747847 ], [ -116.976233164269459, 51.762500820409038 ], [ -116.976232393732658, 51.764214651373187 ], [ -116.976047549630891, 51.765697669816639 ], [ -116.975770618579432, 51.76724071361766 ], [ -116.975769532846357, 51.769237934818911 ], [ -116.973835993461591, 51.770835806887995 ], [ -116.971074172734546, 51.772033708085665 ], [ -116.969048229754677, 51.773462116429961 ], [ -116.967114634866178, 51.7747764885275 ], [ -116.967112647686108, 51.777115582341537 ], [ -116.96692679729405, 51.77968716125541 ], [ -116.966699904136618, 51.781472241457358 ], [ -116.966556763956604, 51.782599184634364 ], [ -116.965547683895849, 51.785305982455711 ], [ -116.964893260714334, 51.787633491470928 ], [ -116.964423536061005, 51.789508090311394 ], [ -116.964248371209337, 51.791391258528712 ], [ -116.964983502530501, 51.793106270443353 ], [ -116.965903621228321, 51.79447632166336 ], [ -116.967560163768866, 51.795847534348518 ], [ -116.970229685727205, 51.797332194819447 ], [ -116.973451813184383, 51.799162873033112 ], [ -116.975385347658843, 51.800533824427319 ], [ -116.976858231742227, 51.801561634636521 ], [ -116.978239134590808, 51.802703429716402 ], [ -116.979804279304773, 51.803846604005379 ], [ -116.981922239378491, 51.805101888047083 ], [ -116.983395768182817, 51.806075628102924 ], [ -116.984776928377883, 51.807329798276371 ], [ -116.986250244382603, 51.808357485188196 ], [ -116.987631749306232, 51.809616114564967 ], [ -116.988184072658726, 51.810870762985772 ], [ -116.988275902584647, 51.812070225163929 ], [ -116.988183525300784, 51.813268304491203 ], [ -116.987998989599035, 51.814526417610075 ], [ -116.987537867407951, 51.815838687801907 ], [ -116.987168893883677, 51.817266351250353 ], [ -116.987353157032302, 51.818752133184837 ], [ -116.987536697987125, 51.820921649771485 ], [ -116.988365632710568, 51.82218061567265 ], [ -116.988918219601089, 51.824064999304639 ], [ -116.988180652401383, 51.825890239917811 ], [ -116.985968634200503, 51.827317564789205 ], [ -116.984125175979969, 51.82868914665066 ], [ -116.982465785312158, 51.83028700079894 ], [ -116.981912516374152, 51.831429867251984 ], [ -116.981543303602436, 51.832745056226749 ], [ -116.981727161238155, 51.834172381341865 ], [ -116.983293253354248, 51.835598890774477 ], [ -116.985781531002644, 51.836168644073936 ], [ -116.987717221457828, 51.836513781339612 ], [ -116.989836912369356, 51.836626364927753 ], [ -116.992952626832363, 51.836798499521379 ], [ -116.995736060285537, 51.836742286230354 ], [ -116.998040048518277, 51.83645575203321 ], [ -116.999975782544212, 51.836512802199351 ], [ -117.002474034788307, 51.837086532972521 ], [ -117.004399950174772, 51.837085204797404 ], [ -117.006482875966796, 51.836910234422227 ], [ -117.009653381136118, 51.836568201656824 ], [ -117.012142322480713, 51.836970957949823 ], [ -117.014262378955976, 51.837424963052527 ], [ -117.015921547353159, 51.837882335624151 ], [ -117.018042240733294, 51.839312376335791 ], [ -117.019701934754224, 51.840336463458257 ], [ -117.021269383654456, 51.841649999865794 ], [ -117.022837327794548, 51.843134439802562 ], [ -117.024128658303681, 51.844389712800997 ], [ -117.025419927268203, 51.845874383905105 ], [ -117.026895988038149, 51.847418830670037 ], [ -117.027818723721751, 51.848900831380845 ], [ -117.028834098165262, 51.850331746235426 ], [ -117.030033792575836, 51.851700994159572 ], [ -117.031602350656783, 51.853527176366995 ], [ -117.032986935120277, 51.855468974496908 ], [ -117.033633389408166, 51.857068162789687 ], [ -117.034095863039525, 51.85872450824273 ], [ -117.034713515149789, 51.861192344999409 ], [ -117.035003422646142, 51.863238518972722 ], [ -117.035115038256848, 51.86460404670683 ], [ -117.03493200917201, 51.866433490097805 ], [ -117.035301779602648, 51.867803548090812 ], [ -117.03567202312496, 51.869002663432468 ], [ -117.035857020924013, 51.870142009647942 ], [ -117.03558150423197, 51.871401779482056 ], [ -117.035305855176631, 51.872769508300273 ], [ -117.034107771775027, 51.873856306695906 ], [ -117.032910049748608, 51.875797746268937 ], [ -117.03097364261869, 51.877567499733658 ], [ -117.029498625244202, 51.878713006715046 ], [ -117.028484435487741, 51.879855048157161 ], [ -117.027378117135228, 51.881111121905107 ], [ -117.025902625687976, 51.882593954388867 ], [ -117.024519428547237, 51.883908744481666 ], [ -117.023689954313909, 51.885052060868063 ], [ -117.02332185000752, 51.887051090616843 ], [ -117.023045904740158, 51.888594216272409 ], [ -117.023138517679129, 51.889735164534457 ], [ -117.023600757576602, 51.891103662214455 ], [ -117.024247821065401, 51.892590429979627 ], [ -117.026094388670629, 51.894528857850901 ], [ -117.028864175228037, 51.89595654411562 ], [ -117.030452166909896, 51.896990729544882 ], [ -117.031634746346967, 51.898243308536678 ], [ -117.034313300452141, 51.900810488569157 ], [ -117.035883309227529, 51.901952870033313 ], [ -117.039207487898906, 51.903492179813021 ], [ -117.041054535072689, 51.904404784077435 ], [ -117.041855853508011, 51.905627890608564 ], [ -117.044287919625731, 51.907259003879524 ], [ -117.046228010205709, 51.908232888334382 ], [ -117.048074939070432, 51.909145387785529 ], [ -117.04989303962455, 51.910391227969392 ], [ -117.051585974491658, 51.911481785580762 ], [ -117.053248660257537, 51.912226484922179 ], [ -117.055280702610261, 51.913194122020379 ], [ -117.056759661599926, 51.914391802235841 ], [ -117.058792632306989, 51.915534793881541 ], [ -117.060958831218031, 51.916428017212155 ], [ -117.062857342718303, 51.917132536455313 ], [ -117.064335977489165, 51.91798838565591 ], [ -117.066184459697112, 51.919184137227688 ], [ -117.067571521955259, 51.920329482805926 ], [ -117.068589073416675, 51.921584781817224 ], [ -117.070808361096113, 51.923579246254846 ], [ -117.072103667793826, 51.92478014403266 ], [ -117.074380354764926, 51.92603122542571 ], [ -117.076355540621506, 51.927062638642198 ], [ -117.077926846832014, 51.927687253737524 ], [ -117.079868334642455, 51.928773193795003 ], [ -117.081255821413862, 51.929972372206485 ], [ -117.082366451001093, 51.931171933340963 ], [ -117.083868259637356, 51.932558014851075 ], [ -117.084957106018678, 51.933452009695287 ], [ -117.087453782583466, 51.93487888459898 ], [ -117.089487826487129, 51.93579205323509 ], [ -117.091706440887677, 51.936476962146429 ], [ -117.093831729424679, 51.936817074943711 ], [ -117.096049055469052, 51.937043038403374 ], [ -117.099376158694767, 51.937667567054461 ], [ -117.100486721417411, 51.938579025204142 ], [ -117.101783071662624, 51.940009029570504 ], [ -117.102062850518038, 51.94120524185967 ], [ -117.101818770830008, 51.943279100850056 ], [ -117.102163419724107, 51.944636115078126 ], [ -117.102628719570376, 51.946004471332813 ], [ -117.103278339388567, 51.947315544460018 ], [ -117.104390450844974, 51.948573358622284 ], [ -117.105703237029743, 51.95016049240116 ], [ -117.106245253794199, 51.951540959526056 ], [ -117.105790527288221, 51.953767058155044 ], [ -117.105329707105923, 51.954913524363143 ], [ -117.105609698175073, 51.95616821110324 ], [ -117.107456354578289, 51.957412860023624 ], [ -117.109457045042419, 51.957498500845794 ], [ -117.111434914285184, 51.957418057062696 ], [ -117.113467016779069, 51.956904710097788 ], [ -117.115314598897669, 51.956561103275462 ], [ -117.117439352826864, 51.956383440323684 ], [ -117.120082054642651, 51.95670029374002 ], [ -117.123546125962221, 51.958950316119328 ], [ -117.124749730722584, 51.959805894086969 ], [ -117.126138605210357, 51.96060412785895 ], [ -117.127527445024469, 51.961573306300444 ], [ -117.128732354056027, 51.962712256440867 ], [ -117.130122148146839, 51.963852348638355 ], [ -117.131146258149258, 51.966308237606164 ], [ -117.132537169004394, 51.96773621637535 ], [ -117.134297199339741, 51.968932542902536 ], [ -117.137628621319294, 51.97007333785313 ], [ -117.141329943210621, 51.971207314804481 ], [ -117.142904385291828, 51.97206497154508 ], [ -117.144754614456531, 51.97246319109771 ], [ -117.148637557614109, 51.972572370046684 ], [ -117.150392959947624, 51.972225401974796 ], [ -117.153165252120999, 51.971936301027434 ], [ -117.155660944486556, 51.971764673353434 ], [ -117.157879226755639, 51.971589077669897 ], [ -117.161021956337336, 51.971526949611722 ], [ -117.163518516263196, 51.971638575017273 ], [ -117.165647016850883, 51.972319291079948 ], [ -117.167591391901752, 51.973003359654292 ], [ -117.169719992131917, 51.973684020747434 ], [ -117.171479698861631, 51.974425433316775 ], [ -117.17370041783974, 51.97493786530648 ], [ -117.176475363016749, 51.97521956801868 ], [ -117.180824182616377, 51.975008686606245 ], [ -117.182786749980096, 51.9749093597582 ], [ -117.184887598977809, 51.975032387285026 ], [ -117.186925994536693, 51.976114831416147 ], [ -117.188408900992215, 51.976969110879423 ], [ -117.191189388102657, 51.978505599412877 ], [ -117.193225642564101, 51.979016600028096 ], [ -117.195911147987516, 51.979983370287037 ], [ -117.197673532865906, 51.981183254834875 ], [ -117.198972052632016, 51.982094833129842 ], [ -117.199906041001853, 51.984205452067222 ], [ -117.199912358322351, 51.985577544436048 ], [ -117.200195661415151, 51.986831990096121 ], [ -117.200016103868066, 51.988090576573626 ], [ -117.200024180667825, 51.989804562711377 ], [ -117.200862233996517, 51.991116135758894 ], [ -117.202438264479497, 51.991968510147274 ], [ -117.204293519458489, 51.993108080233874 ], [ -117.206146991203497, 51.993959717103323 ], [ -117.208093573286689, 51.994814080639856 ], [ -117.210315710555108, 51.995325816283298 ], [ -117.212167840506666, 51.995776970089324 ], [ -117.214576119687038, 51.996514585857909 ], [ -117.216706600180459, 51.997140402441943 ], [ -117.218281865226473, 51.997709145417566 ], [ -117.21985986135536, 51.998736721571063 ], [ -117.222357330057321, 51.999301538196285 ], [ -117.225689896199839, 52.000723251498719 ], [ -117.225902530352244, 52.001960795702395 ], [ -117.226190228676415, 52.003462327618116 ], [ -117.227029115740677, 52.00466105396621 ], [ -117.228516444602107, 52.005973474427215 ], [ -117.230282285823023, 52.007397566308207 ], [ -117.232044859741663, 52.008250398040097 ], [ -117.233993554324655, 52.009216635857229 ], [ -117.235696206398956, 52.010052555476435 ], [ -117.237521906450937, 52.011380940522962 ], [ -117.237430538109706, 52.012781677178118 ], [ -117.236152562876285, 52.015037128014747 ], [ -117.234396149117273, 52.015439292215511 ], [ -117.231898292828035, 52.015729511772477 ], [ -117.229773476399231, 52.016475959615633 ], [ -117.227741340919778, 52.01733757536811 ], [ -117.225339832591644, 52.018314087522214 ], [ -117.224048519161769, 52.019287610363257 ], [ -117.222023492230704, 52.021574979171596 ], [ -117.221288157078575, 52.02271792747549 ], [ -117.220277384245776, 52.024234923534308 ], [ -117.219636371332527, 52.025636990354087 ], [ -117.217517789095382, 52.027867557742383 ], [ -117.217805439305835, 52.029922405311382 ], [ -117.219568584822241, 52.030662956093913 ], [ -117.221055081970263, 52.031687589805529 ], [ -117.223281511084579, 52.032594796139655 ], [ -117.225507512034298, 52.033564946554982 ], [ -117.226994061241996, 52.034301609767645 ], [ -117.228758112860618, 52.035154466804606 ], [ -117.23098496277926, 52.035953560342001 ], [ -117.232132967377936, 52.036836013356819 ], [ -117.234051539440642, 52.038059233015652 ], [ -117.236934739624786, 52.04033924443047 ], [ -117.23897314621739, 52.040561471481354 ], [ -117.241194298978527, 52.040271873055119 ], [ -117.243507712342961, 52.039868017589413 ], [ -117.24702185754839, 52.038946423065646 ], [ -117.250818770401523, 52.038883017219241 ], [ -117.252670529029757, 52.038820695994239 ], [ -117.255913471898467, 52.039100638216645 ], [ -117.25841832100744, 52.039893938154918 ], [ -117.260553876206558, 52.04080221916184 ], [ -117.262874659243877, 52.04171140958335 ], [ -117.264547417305764, 52.042677971782879 ], [ -117.267147795404185, 52.043874108392785 ], [ -117.269376412427263, 52.04483892005036 ], [ -117.270956047547813, 52.045636242779125 ], [ -117.272261126585235, 52.047059608501918 ], [ -117.27412875203882, 52.049511249204578 ], [ -117.274233549701634, 52.051511014134789 ], [ -117.273133835895962, 52.053453009275373 ], [ -117.27295651997359, 52.054711474110007 ], [ -117.273708670537403, 52.056536827678691 ], [ -117.27565710809327, 52.056989602303439 ], [ -117.278251316025731, 52.057038522418438 ], [ -117.280385024287042, 52.057492140274945 ], [ -117.282424845445505, 52.05771361959998 ], [ -117.283910394443794, 52.058467602435506 ], [ -117.2855877960111, 52.059762156536181 ], [ -117.287093867757562, 52.060808096502008 ], [ -117.288380090357606, 52.061700836887198 ], [ -117.289591500313534, 52.062779447997137 ], [ -117.291825998500073, 52.064373492133889 ], [ -117.293497777566969, 52.064997783275615 ], [ -117.295304221038137, 52.065560952737023 ], [ -117.29703115312391, 52.066759912670683 ], [ -117.297965691629685, 52.067956284094443 ], [ -117.299364750764823, 52.069269554913106 ], [ -117.299835921828631, 52.070465939815136 ], [ -117.301886189387204, 52.072117362487802 ], [ -117.302913729324516, 52.073316378309727 ], [ -117.3049625031272, 52.07479233984936 ], [ -117.306554273552962, 52.077073408628138 ], [ -117.305359786780755, 52.078621694041324 ], [ -117.303233612279698, 52.079481906448613 ], [ -117.301942042394373, 52.080397780066299 ], [ -117.300600849005676, 52.081166160712741 ], [ -117.29907833387611, 52.081834595075641 ], [ -117.297785883633324, 52.082691961716129 ], [ -117.297330549880158, 52.083892867396081 ], [ -117.296721183506676, 52.084948297678849 ], [ -117.29605257626676, 52.086922500123201 ], [ -117.295782426355231, 52.088124263466113 ], [ -117.29542421114688, 52.090065434946027 ], [ -117.295492859484085, 52.091377560175559 ], [ -117.295627468031967, 52.092809852164152 ], [ -117.295825259423353, 52.094690730715485 ], [ -117.295559541429029, 52.096576123861446 ], [ -117.295845931758009, 52.097834534043436 ], [ -117.295763334753829, 52.099374506059512 ], [ -117.29605524912543, 52.101487454830867 ], [ -117.295879359504909, 52.102970765107408 ], [ -117.296543581794623, 52.105256397385553 ], [ -117.296461984181249, 52.106913300789969 ], [ -117.296284363208656, 52.108167238464667 ], [ -117.296387165422885, 52.109654123416973 ], [ -117.296493011350819, 52.111653736927458 ], [ -117.296042813894687, 52.113709144083032 ], [ -117.295774300421087, 52.115230237579745 ], [ -117.295225485870191, 52.116450904675524 ], [ -117.2946825736297, 52.118508107212278 ], [ -117.293242130399918, 52.12139240314918 ], [ -117.292850413651522, 52.122713463069772 ], [ -117.292984767560668, 52.12446062593834 ], [ -117.294390181793858, 52.131198508552806 ], [ -117.295284299757753, 52.135782714260948 ], [ -117.295739330513172, 52.138112892240358 ], [ -117.295992441127837, 52.140078148371487 ], [ -117.296526494714371, 52.141214785890817 ], [ -117.296977493350994, 52.142344039644968 ], [ -117.297714265730022, 52.143814087861173 ], [ -117.298889554776537, 52.145271100022079 ], [ -117.299893902613036, 52.146983323452709 ], [ -117.3004484818766, 52.148479393114798 ], [ -117.304338037225094, 52.15434559129681 ], [ -117.31278468066651, 52.1670856171651 ], [ -117.315628661633639, 52.171375051215641 ], [ -117.319122975870457, 52.176641225425641 ], [ -117.319689567281671, 52.177952535186662 ], [ -117.320164267632933, 52.179378098006893 ], [ -117.320734201950472, 52.181148140216038 ], [ -117.321024594015228, 52.182748247000717 ], [ -117.320851514030039, 52.184573365269756 ], [ -117.32086596820659, 52.186574721375187 ], [ -117.320605025008831, 52.18908527053447 ], [ -117.320743979884355, 52.191650936514655 ], [ -117.322572095351532, 52.191250667959203 ], [ -117.324333469700392, 52.190676259514717 ], [ -117.325995372453349, 52.189186177355268 ], [ -117.327284006077178, 52.187469525920072 ], [ -117.328108470792429, 52.185869960681629 ], [ -117.328558363227643, 52.183868449782899 ], [ -117.329192415823243, 52.181584424696815 ], [ -117.329730758032625, 52.179009908282616 ], [ -117.330030644983438, 52.177650073590975 ], [ -117.330360021336134, 52.176154713932249 ], [ -117.3307136294533, 52.173696286971726 ], [ -117.330894517982031, 52.170890415718432 ], [ -117.331046040341406, 52.168328018313062 ], [ -117.330927239349748, 52.164844327988895 ], [ -117.330916736667263, 52.163373645318643 ], [ -117.330908044415793, 52.162217796196572 ], [ -117.331038999545456, 52.159849192249901 ], [ -117.331154130089558, 52.157764281662651 ], [ -117.331696299600992, 52.155760904871364 ], [ -117.332424797187528, 52.153816818796003 ], [ -117.333066578214499, 52.152733585862677 ], [ -117.333615636327394, 52.151643184690869 ], [ -117.335478861044351, 52.149789101094377 ], [ -117.336843447350446, 52.148723029886966 ], [ -117.338041757605041, 52.147633246094145 ], [ -117.339054267084464, 52.146434676753117 ], [ -117.340813404145464, 52.145855537346073 ], [ -117.342573188115182, 52.145280857401701 ], [ -117.344518579700164, 52.144760941040055 ], [ -117.347113071199303, 52.144124631877268 ], [ -117.349616380088051, 52.14371948550334 ], [ -117.353415384081188, 52.142852143506204 ], [ -117.357306893436288, 52.141982829693156 ], [ -117.360364436664554, 52.141287498321191 ], [ -117.362774449793406, 52.140825458967598 ], [ -117.36639077349902, 52.140357188091237 ], [ -117.369356700008865, 52.139834387905751 ], [ -117.372787690688014, 52.139423617423482 ], [ -117.377610869488961, 52.139169142857199 ], [ -117.380306477048435, 52.139510665988944 ], [ -117.38318967444323, 52.1401902048095 ], [ -117.385979682032229, 52.140808582558314 ], [ -117.388213287832542, 52.141487632921908 ], [ -117.391001217314596, 52.141876526477567 ], [ -117.393503965883781, 52.141470452701455 ], [ -117.396009073614948, 52.141347666453818 ], [ -117.398329628618853, 52.141336532727195 ], [ -117.40065082372432, 52.14138831603367 ], [ -117.403066105605646, 52.141609071404133 ], [ -117.407244659837616, 52.141820825752802 ], [ -117.412075804977633, 52.142262005722962 ], [ -117.415049109618778, 52.142592566318001 ], [ -117.418299867733111, 52.142755425104667 ], [ -117.421270792165288, 52.142856418943566 ], [ -117.423963768780652, 52.142963050205189 ], [ -117.427693218706125, 52.143475628273741 ], [ -117.429631238945291, 52.143512197548539 ], [ -117.431399821088462, 52.144020048244172 ], [ -117.433174888554007, 52.145157497475921 ], [ -117.434390891945924, 52.146122030655064 ], [ -117.435796337563502, 52.147433505151 ], [ -117.436918895865489, 52.148341465712804 ], [ -117.439628898131872, 52.150156738265807 ], [ -117.441474982183124, 52.150478411402595 ], [ -117.444457516857142, 52.150254712454981 ], [ -117.44688628497363, 52.149417160941475 ], [ -117.449121341187649, 52.148565587792447 ], [ -117.451390256479314, 52.147258937618552 ], [ -117.453055640785351, 52.146680024226178 ], [ -117.454446565336312, 52.145922366465932 ], [ -117.456380914005805, 52.145067909844329 ], [ -117.458139756562829, 52.144603931213361 ], [ -117.460830766285028, 52.144480349072872 ], [ -117.46324166505903, 52.144241100650184 ], [ -117.466023608763891, 52.143944563417179 ], [ -117.468067948482968, 52.144167208744555 ], [ -117.470480233435367, 52.144044738520648 ], [ -117.473636835904173, 52.144086545854464 ], [ -117.476143971075288, 52.144191385452309 ], [ -117.478929272156662, 52.144236346543344 ], [ -117.481809676402634, 52.144454675912591 ], [ -117.485760535301168, 52.14467737360394 ], [ -117.488686418657906, 52.145168978029801 ], [ -117.49082884419515, 52.145843495540454 ], [ -117.494547820675024, 52.146345196982054 ], [ -117.499295472922839, 52.147522240440381 ], [ -117.501063193929312, 52.147858140352014 ], [ -117.502557105064824, 52.148649639569108 ], [ -117.503866758486538, 52.149503512810256 ], [ -117.505368851931337, 52.150983059374155 ], [ -117.506589427325196, 52.152176180121018 ], [ -117.50778756497597, 52.15400854156735 ], [ -117.508114580838466, 52.15565249899975 ], [ -117.510080868817596, 52.157072641567609 ], [ -117.512680852853478, 52.157116233705068 ], [ -117.515002819272311, 52.15716569910937 ], [ -117.516959265358238, 52.157726746643775 ], [ -117.519269283056829, 52.157992309241841 ], [ -117.521125768953482, 52.156899996473314 ], [ -117.520643201329349, 52.15514242177526 ], [ -117.520347173850354, 52.153659762762082 ], [ -117.520331518713817, 52.152342050764432 ], [ -117.519663619534811, 52.150804361854938 ], [ -117.518425767575877, 52.148181227374842 ], [ -117.519619409267278, 52.147035605336427 ], [ -117.522381521289262, 52.146549175619967 ], [ -117.524336319037971, 52.146444347832535 ], [ -117.526388450754197, 52.146436368207979 ], [ -117.529260523125672, 52.145965409675519 ], [ -117.531294050052693, 52.145269471927392 ], [ -117.533080486014669, 52.144632790375212 ], [ -117.53573602054756, 52.144166320913193 ], [ -117.53915498866256, 52.142891601651336 ], [ -117.54108647967351, 52.141455422317797 ], [ -117.543752392826363, 52.139387053579611 ], [ -117.545705888813828, 52.138373176211239 ], [ -117.547348210346328, 52.137487451612841 ], [ -117.548822214450823, 52.136623338325847 ], [ -117.550668566380054, 52.135872604657649 ], [ -117.552887101357257, 52.135176755499536 ], [ -117.555388237232378, 52.134821124143677 ], [ -117.558135594450604, 52.13394275105167 ], [ -117.560190636850578, 52.133029873391727 ], [ -117.560452424240523, 52.131715084696957 ], [ -117.560057569761824, 52.129888229686706 ], [ -117.559850751291449, 52.128232733873567 ], [ -117.561597983790563, 52.127025100730798 ], [ -117.564747547680199, 52.126520184356544 ], [ -117.567251943365704, 52.126596077779112 ], [ -117.569401562463852, 52.127786328790791 ], [ -117.57192735216185, 52.129373211674817 ], [ -117.573693602427241, 52.129649536337624 ], [ -117.577046203093516, 52.130547945389189 ], [ -117.580213690769199, 52.131504304127688 ], [ -117.581620920950357, 52.132413698936453 ], [ -117.583194258745777, 52.133530875772188 ], [ -117.584892660892947, 52.134451813693389 ], [ -117.587780604065514, 52.135404900190714 ], [ -117.590575697378924, 52.136305983403062 ], [ -117.593736349083258, 52.136803038422094 ], [ -117.596433464418752, 52.137305764632579 ], [ -117.598850815629348, 52.137693156831268 ], [ -117.601636527555954, 52.137905884889847 ], [ -117.603225884581988, 52.138756912833351 ], [ -117.604628704398152, 52.139603062583625 ], [ -117.606047641487677, 52.141537542920993 ], [ -117.608110366273436, 52.143070816977257 ], [ -117.610357283706904, 52.144541480652009 ], [ -117.610943898899919, 52.146651868538079 ], [ -117.612168928097446, 52.14796076767967 ], [ -117.614037452096809, 52.148863941078822 ], [ -117.61637250732997, 52.1501390936318 ], [ -117.617788360648433, 52.151587652804466 ], [ -117.618925134679785, 52.153235869902304 ], [ -117.618947434828939, 52.154778464699525 ], [ -117.618426785260354, 52.156279176884745 ], [ -117.618336089938481, 52.157464384870622 ], [ -117.618636752512259, 52.159032265813195 ], [ -117.619215152470048, 52.160490482534797 ], [ -117.619330111918458, 52.162031009923169 ], [ -117.620374629446445, 52.163681276831433 ], [ -117.62141307153243, 52.164872794011188 ], [ -117.622921977499061, 52.166521678920304 ], [ -117.62414764241133, 52.167830383429546 ], [ -117.625091176279312, 52.168911446456327 ], [ -117.6261806285288, 52.170187177776995 ], [ -117.627824984598647, 52.171810379631353 ], [ -117.628753612280704, 52.173269630361645 ], [ -117.629080602009481, 52.175228171926996 ], [ -117.629850571828541, 52.177109328797215 ], [ -117.631172378647818, 52.178055937620641 ], [ -117.63294340892493, 52.179091445208726 ], [ -117.634625200511181, 52.179823028010254 ], [ -117.636868414670502, 52.180784924027094 ], [ -117.639292350452251, 52.181454818641789 ], [ -117.641438051913312, 52.182126417189245 ], [ -117.643675574002813, 52.182687949642229 ], [ -117.647489869865424, 52.18312398837891 ], [ -117.649768447151999, 52.183252619440886 ], [ -117.652235285951249, 52.183723356960684 ], [ -117.655254220134609, 52.185243262455081 ], [ -117.657015592518576, 52.18661156560254 ], [ -117.658434191726357, 52.188315997004672 ], [ -117.659201751697893, 52.18991366883062 ], [ -117.65959385564544, 52.19128139584025 ], [ -117.660266562416837, 52.192759744371045 ], [ -117.660852353418903, 52.194640437221963 ], [ -117.661437707214262, 52.196467155208119 ], [ -117.663222565390925, 52.197771882244631 ], [ -117.665735283646029, 52.198043401506787 ], [ -117.668155111322378, 52.198312475419492 ], [ -117.670476591396238, 52.198187841731112 ], [ -117.672796484234155, 52.197946231367375 ], [ -117.676231271911661, 52.197751205360198 ], [ -117.678553668247375, 52.197680375011778 ], [ -117.680875869780451, 52.197614000694045 ], [ -117.683847610000882, 52.197478784537076 ], [ -117.685980187488269, 52.197182698073171 ], [ -117.688663323818119, 52.19642411490981 ], [ -117.690708030103394, 52.196467355836255 ], [ -117.692657840078837, 52.196341778873389 ], [ -117.69544333370186, 52.19621502474071 ], [ -117.697856508406531, 52.196029258810967 ], [ -117.700168238642746, 52.19532840439684 ], [ -117.702660755279112, 52.194285935724821 ], [ -117.705244586325975, 52.193182824004232 ], [ -117.707466828588039, 52.191786548192198 ], [ -117.70864295706501, 52.190765226534943 ], [ -117.711859789419861, 52.188630630007523 ], [ -117.713894592158269, 52.188048336696568 ], [ -117.715845339736461, 52.188034808155962 ], [ -117.719566286630439, 52.188299759741007 ], [ -117.721981619923667, 52.188284386421699 ], [ -117.724299315273399, 52.187983292570586 ], [ -117.726615935769189, 52.187628188804055 ], [ -117.730265733106165, 52.18737707161533 ], [ -117.732373448934041, 52.187476598034166 ], [ -117.734702920772307, 52.187863366091335 ], [ -117.736660570903851, 52.188249742099487 ], [ -117.738994408299703, 52.188919763966126 ], [ -117.740872039281342, 52.190050272390813 ], [ -117.742371175213009, 52.190784667796102 ], [ -117.744639958606555, 52.191906004913449 ], [ -117.746219611770186, 52.193043390117495 ], [ -117.745694071882468, 52.194877761993673 ], [ -117.744880036954015, 52.196192473428894 ], [ -117.743697396565565, 52.19768673318422 ], [ -117.741389926514358, 52.199900032981688 ], [ -117.740316850428911, 52.201076767653014 ], [ -117.740895244104223, 52.20227353131299 ], [ -117.743411108225587, 52.20265582063471 ], [ -117.74564459684089, 52.202815194918983 ], [ -117.748251318781968, 52.203082789576158 ], [ -117.751563930543895, 52.20348678592547 ], [ -117.754022675567782, 52.203559702316888 ], [ -117.756442427026386, 52.203718964151619 ], [ -117.760360285803827, 52.204490891117857 ], [ -117.762043138740694, 52.205049759427617 ], [ -117.765232916706978, 52.206688966276438 ], [ -117.766366583517907, 52.207706103350084 ], [ -117.76722244959808, 52.208788257233209 ], [ -117.767985301083215, 52.209868095365579 ], [ -117.770252787972709, 52.211906818846437 ], [ -117.772034326656893, 52.212755686501289 ], [ -117.773352111309691, 52.21366045392876 ], [ -117.775229038394627, 52.214619510643118 ], [ -117.777006600559375, 52.215234449414282 ], [ -117.778778273013089, 52.215507564980101 ], [ -117.780414124207084, 52.216364261035189 ], [ -117.783362530866071, 52.21707741849314 ], [ -117.786024229705589, 52.21732937600693 ], [ -117.788478478231497, 52.217158764214631 ], [ -117.793496939100606, 52.217008241213946 ], [ -117.796477547338085, 52.217423367614032 ], [ -117.798625995399078, 52.217831218370726 ], [ -117.801184778014289, 52.218161776526756 ], [ -117.804128536558338, 52.218708073475042 ], [ -117.805905654991818, 52.219264125361143 ], [ -117.808327676748661, 52.220430173096979 ], [ -117.810410190628318, 52.221460305070863 ], [ -117.812466437328382, 52.222018601091065 ], [ -117.814813569533655, 52.223204318520587 ], [ -117.816242687533972, 52.225019377727328 ], [ -117.817100724005599, 52.226155188516024 ], [ -117.817218456004639, 52.22747068980599 ], [ -117.81677947788576, 52.228844504524083 ], [ -117.816242666369789, 52.229991187712606 ], [ -117.816271834506082, 52.231533775182506 ], [ -117.81639025546454, 52.23290325120584 ], [ -117.816422543147056, 52.234616740022261 ], [ -117.816816095712596, 52.235754667793486 ], [ -117.817210647263096, 52.236951063819994 ], [ -117.817704561719239, 52.238491534363902 ], [ -117.818205201000467, 52.240373795740467 ], [ -117.819168653751404, 52.242136998683797 ], [ -117.820232012267809, 52.24424425844277 ], [ -117.821088086497753, 52.245263124514224 ], [ -117.822326737313958, 52.246799253607129 ], [ -117.823746042234887, 52.248043082860697 ], [ -117.825431500413032, 52.248605607138238 ], [ -117.828163251280543, 52.250357789890387 ], [ -117.830896856638674, 52.252222078749355 ], [ -117.832132101419319, 52.253582479527736 ], [ -117.833733887899498, 52.254655145028423 ], [ -117.834853886319905, 52.256504132838856 ], [ -117.836125160256742, 52.258066042104588 ], [ -117.836342230314202, 52.259720804912604 ], [ -117.836369459712529, 52.261150708085438 ], [ -117.83676505546272, 52.262400795905116 ], [ -117.837538781312674, 52.263938684284064 ], [ -117.8390648209256, 52.265867817832728 ], [ -117.840398018593973, 52.267459688573062 ], [ -117.841174120615804, 52.269109966524688 ], [ -117.842219778851444, 52.270245394560959 ], [ -117.843650445428437, 52.272059814936156 ], [ -117.844420427268943, 52.273368328038359 ], [ -117.843697646653084, 52.274519424515347 ], [ -117.84240950137125, 52.275324262863336 ], [ -117.840542566937316, 52.276646882569516 ], [ -117.839098357359333, 52.277464440727456 ], [ -117.837248964304138, 52.278161273392399 ], [ -117.83465324373303, 52.278750067400338 ], [ -117.831510270919381, 52.279972712057308 ], [ -117.830041680681333, 52.281123611555806 ], [ -117.827269151648679, 52.282229279886295 ], [ -117.824968232629047, 52.283759948553467 ], [ -117.823885900593595, 52.28556730392895 ], [ -117.823080549388038, 52.287341026285695 ], [ -117.821721027151867, 52.289348429718551 ], [ -117.819964076983638, 52.290047237475484 ], [ -117.817920887150564, 52.290347984744287 ], [ -117.814664626292256, 52.290542691454419 ], [ -117.811779859787379, 52.290674469944044 ], [ -117.808891869431946, 52.290639808552818 ], [ -117.805911119313279, 52.290602784471901 ], [ -117.802374941174932, 52.290794811093043 ], [ -117.800061480931078, 52.291610001035686 ], [ -117.798114937978653, 52.292137532991546 ], [ -117.79642581615083, 52.293941009756011 ], [ -117.796027452349364, 52.295178549473256 ], [ -117.796236359653847, 52.296433184337452 ], [ -117.796256588489612, 52.29757532995405 ], [ -117.79684572066661, 52.299230316753047 ], [ -117.796492465754696, 52.300318336267708 ], [ -117.794747503405389, 52.301700243019255 ], [ -117.793747438944592, 52.303077981865968 ], [ -117.792216201917782, 52.30438281006407 ], [ -117.790897437190125, 52.305210248189482 ], [ -117.789425386465709, 52.306248226740856 ], [ -117.788060363135855, 52.30808438948776 ], [ -117.786403320672918, 52.310107369538152 ], [ -117.785232211865221, 52.31147107175422 ], [ -117.783951948227909, 52.312850831930191 ], [ -117.782491216855561, 52.31457221858652 ], [ -117.780929974013503, 52.315841606254601 ], [ -117.779457973604167, 52.316933429037434 ], [ -117.777520184550553, 52.318031697604418 ], [ -117.77407920799395, 52.318454517094231 ], [ -117.771369442586746, 52.318018852085167 ], [ -117.767263265752746, 52.317701349485823 ], [ -117.764748194583376, 52.317773793447245 ], [ -117.762886453309022, 52.317898365824661 ], [ -117.760745253228151, 52.318029447478743 ], [ -117.757765033544217, 52.318162105235018 ], [ -117.754976298692213, 52.318578117474338 ], [ -117.753218453174412, 52.319334391106004 ], [ -117.752306007977296, 52.320480283196851 ], [ -117.751401362448661, 52.322084825661044 ], [ -117.750778179302088, 52.323804255493769 ], [ -117.750058851608841, 52.325350481215487 ], [ -117.750173156451382, 52.32660737826059 ], [ -117.750193294149, 52.327803491139022 ], [ -117.750227635108388, 52.329804491300273 ], [ -117.748944892150021, 52.331125414252185 ], [ -117.747104820729135, 52.33256275512052 ], [ -117.745819088406378, 52.333712765124652 ], [ -117.743595161909724, 52.334529182711798 ], [ -117.742216795333007, 52.335735271642093 ], [ -117.741401682405666, 52.337166679678226 ], [ -117.740498427783876, 52.33888802065696 ], [ -117.740242482517232, 52.340315435744671 ], [ -117.739798067170199, 52.341634764454625 ], [ -117.739166385524584, 52.34289545815146 ], [ -117.738535712312867, 52.344210105223347 ], [ -117.737248344964627, 52.345306059438876 ], [ -117.73567947442649, 52.346282567519623 ], [ -117.734015981517928, 52.347207265174021 ], [ -117.732914998025237, 52.34829885325064 ], [ -117.731534031796073, 52.349392410034312 ], [ -117.73034202385702, 52.350603035092568 ], [ -117.729519500091499, 52.351634170850609 ], [ -117.7283230716003, 52.352610963683169 ], [ -117.726005816590146, 52.353483170672263 ], [ -117.723205125329557, 52.353327368919189 ], [ -117.721146225435788, 52.352884512840667 ], [ -117.718525343046608, 52.352328606277425 ], [ -117.716664951827795, 52.352627821557697 ], [ -117.715096189339079, 52.353662522661423 ], [ -117.71380713181658, 52.354699771058897 ], [ -117.710647089930148, 52.355402106856587 ], [ -117.707577655765945, 52.355935842351876 ], [ -117.706943033172195, 52.357083960232167 ], [ -117.706307283785023, 52.358169123260389 ], [ -117.707356384795673, 52.359593527456227 ], [ -117.707659635591753, 52.361075509196745 ], [ -117.709176881667631, 52.362606120477324 ], [ -117.71161878054005, 52.363620676247969 ], [ -117.713309759268313, 52.364355547799867 ], [ -117.714910093979853, 52.365258915753536 ], [ -117.716513633618888, 52.366333124402551 ], [ -117.718762750825576, 52.366947122057553 ], [ -117.720081846436656, 52.367739939948542 ], [ -117.721031093761212, 52.368761681075668 ], [ -117.721999655067847, 52.370925537652766 ], [ -117.722298083168639, 52.372065726405992 ], [ -117.723079251112367, 52.374175415813646 ], [ -117.723850329423215, 52.375709549887766 ], [ -117.72508067958529, 52.376733774239071 ], [ -117.726412946450907, 52.37832242019585 ], [ -117.728021674461289, 52.379684250823054 ], [ -117.72955064892632, 52.381844101576171 ], [ -117.728920018137956, 52.38321715842924 ], [ -117.723720134198317, 52.390561420456372 ], [ -117.727470573612507, 52.391563481852373 ], [ -117.729252471525911, 52.392066625003558 ], [ -117.731134363135183, 52.392967778538384 ], [ -117.734413529543502, 52.393692625288956 ], [ -117.737328369867129, 52.394929634328697 ], [ -117.738744587288679, 52.395890938665573 ], [ -117.74119678462506, 52.397363493430611 ], [ -117.743164810205585, 52.397808132183769 ], [ -117.745237695367678, 52.398934044592835 ], [ -117.746939017854572, 52.400181018965419 ], [ -117.748821615643863, 52.401081879746528 ], [ -117.751464954792638, 52.402779192364079 ], [ -117.752602804717824, 52.403800791646191 ], [ -117.75420869137605, 52.404874446104607 ], [ -117.756194975529752, 52.406348551324051 ], [ -117.758090318983051, 52.407991185045375 ], [ -117.75988511378209, 52.409177310865054 ], [ -117.761761556204277, 52.409682254752987 ], [ -117.765521127133539, 52.411083250890911 ], [ -117.768321829390956, 52.411008660254844 ], [ -117.772230776408932, 52.410242249784282 ], [ -117.774187743227756, 52.409998385054848 ], [ -117.776328425166156, 52.409583732114186 ], [ -117.778378348178023, 52.409342111251249 ], [ -117.782025525146892, 52.409607150314329 ], [ -117.784082418292599, 52.409761120061347 ], [ -117.786227335466805, 52.409575602177803 ], [ -117.787996708020145, 52.409281951489397 ], [ -117.790048587615715, 52.409152540100941 ], [ -117.792010708524472, 52.409196150696104 ], [ -117.794900955550006, 52.408947874052018 ], [ -117.796769883600831, 52.408993610109817 ], [ -117.801070162530522, 52.409247097292202 ], [ -117.803327546747965, 52.410147204920563 ], [ -117.805011644858013, 52.410799978823121 ], [ -117.806710260339841, 52.411267951290263 ], [ -117.810083240129131, 52.411871520385574 ], [ -117.813000222916514, 52.413052648277983 ], [ -117.814705124495916, 52.414352556622156 ], [ -117.816606504511327, 52.416165071148093 ], [ -117.817745506649544, 52.417132046247104 ], [ -117.819627147266985, 52.417860866614085 ], [ -117.821782551725448, 52.418245745808179 ], [ -117.823629454243942, 52.418565987190263 ], [ -117.825715528034692, 52.418786016451442 ], [ -117.828508874365426, 52.418309827860341 ], [ -117.830986183486303, 52.418205511990287 ], [ -117.833083111310287, 52.418164245110958 ], [ -117.836078535811922, 52.418488232889075 ], [ -117.839067922791372, 52.418524391727722 ], [ -117.841678578849496, 52.41827718933957 ], [ -117.844937735068143, 52.417739912597881 ], [ -117.846778276472932, 52.416296574570737 ], [ -117.848439254694583, 52.415257889009808 ], [ -117.851699108926084, 52.414778881841144 ], [ -117.853952516778151, 52.415390228971276 ], [ -117.856408267590979, 52.416797358688427 ], [ -117.85885853526807, 52.41792566475165 ], [ -117.860089641089971, 52.418773054565456 ], [ -117.861691670373062, 52.419503485211578 ], [ -117.865168226641643, 52.420561814287161 ], [ -117.868547425979173, 52.421392987858667 ], [ -117.871929290716224, 52.422340960404632 ], [ -117.873820875374605, 52.423523028766958 ], [ -117.875995334085786, 52.424824136988093 ], [ -117.877885917994675, 52.425952185460559 ], [ -117.881255476499788, 52.426265918943088 ], [ -117.884264359546023, 52.4272181418239 ], [ -117.888009802122539, 52.427643964077802 ], [ -117.891465865139182, 52.427617911378576 ], [ -117.893534790566534, 52.428287008270637 ], [ -117.895334276514077, 52.429475493907603 ], [ -117.897222933923786, 52.430486328021878 ], [ -117.898823053108259, 52.431045371565851 ], [ -117.901726876611434, 52.431423933644815 ], [ -117.903511201612872, 52.431865929123582 ], [ -117.906884299353237, 52.432300308644216 ], [ -117.910349931666019, 52.432727814862396 ], [ -117.913091046816319, 52.434248216748294 ], [ -117.914070676861016, 52.435555601774773 ], [ -117.916110443014958, 52.436593902304566 ], [ -117.916623498471793, 52.43787679465791 ], [ -117.916930922592215, 52.439187253170331 ], [ -117.917421029471726, 52.440268277162154 ], [ -117.918301301646522, 52.442149383221413 ], [ -117.918336827868671, 52.443862416653964 ], [ -117.918361629078049, 52.445058392689688 ], [ -117.920340429798443, 52.445841708141806 ], [ -117.922210964605313, 52.445885423115854 ], [ -117.925099231673059, 52.445463065331253 ], [ -117.928268408488478, 52.445038170718263 ], [ -117.930331178727528, 52.445364894712156 ], [ -117.932766913601952, 52.445632840107635 ], [ -117.934763327737016, 52.447216207481958 ], [ -117.9371277024823, 52.448511489977022 ], [ -117.939295092725132, 52.449348284969155 ], [ -117.940991939573905, 52.450021314700138 ], [ -117.942884104185254, 52.451089819636138 ], [ -117.944120017387704, 52.452053191550597 ], [ -117.946213987837467, 52.453804884937199 ], [ -117.947654172994419, 52.455563858083828 ], [ -117.949560300148235, 52.457261700198671 ], [ -117.951632619820174, 52.457988186496841 ], [ -117.953695466420143, 52.458256027684492 ], [ -117.955765428981167, 52.45887003976086 ], [ -117.957468999731773, 52.459826076197011 ], [ -117.959185185201591, 52.461353082030797 ], [ -117.96052758862011, 52.462884931387514 ], [ -117.961877389864995, 52.464758466276272 ], [ -117.96395758390095, 52.465826431354387 ], [ -117.965284464271164, 52.4666163666218 ], [ -117.967656498576503, 52.468194272366233 ], [ -117.970213553852503, 52.469659517411031 ], [ -117.97136969530689, 52.47119143215285 ], [ -117.972250115141918, 52.472955197939079 ], [ -117.971822719632783, 52.474783342658959 ], [ -117.971019940359469, 52.476562443203129 ], [ -117.970405255825057, 52.478530244166286 ], [ -117.970247515485198, 52.479708316788766 ], [ -117.970006932403635, 52.481536255330667 ], [ -117.971995262983015, 52.482606397417456 ], [ -117.975367045535123, 52.482809463117611 ], [ -117.977432379073079, 52.483135323379024 ], [ -117.97968812159678, 52.483627290668004 ], [ -117.982124167031529, 52.483781776809622 ], [ -117.984011311127276, 52.484507888871079 ], [ -117.985411105394149, 52.485700632178713 ], [ -117.985289407819366, 52.487296180836161 ], [ -117.984851201493086, 52.488611817121061 ], [ -117.983488955585713, 52.490450114804752 ], [ -117.98193825347343, 52.492234668590072 ], [ -117.982640026483253, 52.494340256977935 ], [ -117.984245622422605, 52.495010494918844 ], [ -117.986317746031247, 52.495623940715774 ], [ -117.987293107715715, 52.497385203858705 ], [ -117.987623578655473, 52.499608112867982 ], [ -117.988767734075481, 52.500568859432441 ], [ -117.991260785229528, 52.500483307185952 ], [ -117.99361571436971, 52.499816393083279 ], [ -117.995368249101972, 52.499200684261638 ], [ -117.997825868093457, 52.498724518027096 ], [ -117.999615091941536, 52.498080822878997 ], [ -118.002112971693236, 52.495331776123756 ], [ -118.00318004489246, 52.494355467655126 ], [ -118.004866178337991, 52.492684126196977 ], [ -118.005927612378727, 52.491478507432319 ], [ -118.006806296013266, 52.49021454936679 ], [ -118.008032041876575, 52.48826696423972 ], [ -118.008715947108755, 52.486432133715802 ], [ -118.009501272270853, 52.485058065395165 ], [ -118.009747462770861, 52.483936150967914 ], [ -118.010717530789989, 52.482705817616143 ], [ -118.013448470392831, 52.481259618802738 ], [ -118.015206660026095, 52.480445495812369 ], [ -118.01602051843102, 52.479237094557682 ], [ -118.016932128570332, 52.478206132990451 ], [ -118.017654762517125, 52.477112512376607 ], [ -118.01856504976729, 52.47602308823727 ], [ -118.019399120198486, 52.474292308008032 ], [ -118.020370130976062, 52.473210311658612 ], [ -118.022229710786391, 52.472739871717756 ], [ -118.02436259837171, 52.471978991700183 ], [ -118.025556858553614, 52.471053180625958 ], [ -118.025774858920386, 52.469608043849142 ], [ -118.026048133302012, 52.468129999559373 ], [ -118.025834070078872, 52.466889371966026 ], [ -118.024863209634717, 52.465353232134916 ], [ -118.024082241023748, 52.463933683889834 ], [ -118.023022431952512, 52.462575253017611 ], [ -118.021497880021627, 52.461332176235771 ], [ -118.020809435071712, 52.45985625869185 ], [ -118.01928752489367, 52.458730051645183 ], [ -118.019888940113063, 52.456442880952629 ], [ -118.021580871961689, 52.455423395787342 ], [ -118.024626283011344, 52.455142976271375 ], [ -118.026680623855157, 52.45506783416613 ], [ -118.029485853478903, 52.455103849425342 ], [ -118.031927934204703, 52.455594488948613 ], [ -118.034385647186255, 52.456772967175368 ], [ -118.037201242603103, 52.457258398532403 ], [ -118.039628709007388, 52.457380370228265 ], [ -118.04160072760908, 52.457505030425601 ], [ -118.04523368357745, 52.456961515514401 ], [ -118.047000964017045, 52.456601012041219 ], [ -118.049799734732645, 52.45634880032123 ], [ -118.052327206418866, 52.456499418056012 ], [ -118.054848933760368, 52.45642069860088 ], [ -118.056208551771178, 52.454635525406012 ], [ -118.054936178523789, 52.452252670490822 ], [ -118.054046052709808, 52.450809134561098 ], [ -118.053183331638394, 52.449301903261848 ], [ -118.050997607249371, 52.447779383927376 ], [ -118.050038605034274, 52.446760477060529 ], [ -118.048883457443623, 52.445346248101743 ], [ -118.046610101553426, 52.444055349408892 ], [ -118.044353213755173, 52.443447780796326 ], [ -118.042185200512975, 52.442666930582085 ], [ -118.04011744184308, 52.442171373726687 ], [ -118.037865942019394, 52.441792977282091 ], [ -118.034750927259822, 52.440451542429663 ], [ -118.032555016636323, 52.438470105205241 ], [ -118.032806291981927, 52.43721302837929 ], [ -118.033145444658544, 52.43572876046801 ], [ -118.033294402445819, 52.434127916382813 ], [ -118.033312509912889, 52.43284533949388 ], [ -118.033329270755658, 52.431616781528824 ], [ -118.033736892405045, 52.428974598558234 ], [ -118.033947351623851, 52.427399162226841 ], [ -118.034694030257072, 52.426070855404063 ], [ -118.035127501178536, 52.424642633266039 ], [ -118.036121633656322, 52.423208979253126 ], [ -118.037951542294522, 52.421591846888553 ], [ -118.03913881614416, 52.420441103699339 ], [ -118.041167790418925, 52.419340632487646 ], [ -118.043829787676941, 52.418399240729165 ], [ -118.045908568445952, 52.417283901943783 ], [ -118.047910110105278, 52.41614353109275 ], [ -118.049640411299492, 52.414299355642747 ], [ -118.048845967862505, 52.412308995697586 ], [ -118.047469950627118, 52.409411433553622 ], [ -118.04731417599487, 52.408286296749004 ], [ -118.045798027422578, 52.405833202981093 ], [ -118.044820312105173, 52.404540341306053 ], [ -118.043877319688178, 52.403570477473728 ], [ -118.042351321642613, 52.402210767318948 ], [ -118.041107193702175, 52.400911250259661 ], [ -118.039307148606682, 52.399787998278292 ], [ -118.041699863676911, 52.398336238412959 ], [ -118.043662778082236, 52.398434058685709 ], [ -118.046376165304963, 52.398696910822508 ], [ -118.049009788834752, 52.399528593256861 ], [ -118.052099312572594, 52.39989855655196 ], [ -118.055002140257031, 52.40027327473674 ], [ -118.057899719570386, 52.40041862709748 ], [ -118.060425413698468, 52.400623042135486 ], [ -118.062852518543068, 52.400605030180387 ], [ -118.065180371959187, 52.400355616882479 ], [ -118.067514990423589, 52.400389398198911 ], [ -118.069565820522385, 52.400255069837897 ], [ -118.07208603467636, 52.400234445188744 ], [ -118.074140453346203, 52.400270893292017 ], [ -118.077403554199975, 52.400073337694877 ], [ -118.081337539925187, 52.40060494906345 ], [ -118.083406077620538, 52.401212200638248 ], [ -118.084828787971389, 52.402115213515835 ], [ -118.086159060697611, 52.403070070439036 ], [ -118.088427430672439, 52.40419375650675 ], [ -118.091254226907978, 52.405248757258832 ], [ -118.093306427565381, 52.405172375326444 ], [ -118.095165046822444, 52.404813129712892 ], [ -118.097698466241852, 52.404611556141845 ], [ -118.100569899567361, 52.404419022196784 ], [ -118.103174962142262, 52.40405349197971 ], [ -118.106153315265246, 52.403682556637158 ], [ -118.109311591476356, 52.403360779729908 ], [ -118.111377666954311, 52.403522147877645 ], [ -118.113760593163079, 52.403130761014147 ], [ -118.115632221559764, 52.403076760270565 ], [ -118.117631237781126, 52.403460228150585 ], [ -118.119785241377741, 52.403727089471928 ], [ -118.121936527966156, 52.403877017099312 ], [ -118.12541608420814, 52.404868904611035 ], [ -118.127395044487528, 52.405590139555549 ], [ -118.130780182149152, 52.406530390726033 ], [ -118.133020477332849, 52.406506800610643 ], [ -118.136560057236565, 52.406187645163925 ], [ -118.139996397877937, 52.405470754568576 ], [ -118.141752044853291, 52.404767123245072 ], [ -118.143481154893877, 52.403038475233885 ], [ -118.144517496528252, 52.401872642094332 ], [ -118.145094831218159, 52.400458135842186 ], [ -118.144553035548284, 52.398605651836753 ], [ -118.143988885406472, 52.397388074932024 ], [ -118.14270229367331, 52.395478985129294 ], [ -118.142509072462175, 52.394318982393827 ], [ -118.143211318387088, 52.392599739515902 ], [ -118.145227630376084, 52.391155813109712 ], [ -118.149050362532279, 52.391004171017258 ], [ -118.152230480070145, 52.391256494423999 ], [ -118.154662314301135, 52.391461298198898 ], [ -118.158288151583349, 52.390914247748462 ], [ -118.160605984502382, 52.390321220976055 ], [ -118.162556515869724, 52.389958448457911 ], [ -118.164604855764182, 52.389768463837463 ], [ -118.167179784903894, 52.389847700821129 ], [ -118.170221736724315, 52.390395725564652 ], [ -118.172262337320149, 52.38991794853959 ], [ -118.173822905577552, 52.388931212636322 ], [ -118.174912190030184, 52.387781700845217 ], [ -118.17637807899392, 52.38673899477395 ], [ -118.177748440325274, 52.385640361940695 ], [ -118.178842468278489, 52.384661631687734 ], [ -118.18093696157446, 52.382702164923572 ], [ -118.182031970489177, 52.38177735999075 ], [ -118.183506002930997, 52.3810762393367 ], [ -118.185147066209396, 52.37963279359866 ], [ -118.186127482693706, 52.377910269249185 ], [ -118.185809597685932, 52.376488266627064 ], [ -118.185685742538212, 52.375348937441792 ], [ -118.184995948501339, 52.373986473097929 ], [ -118.185967268465362, 52.371922288823399 ], [ -118.187621413993327, 52.370991299748518 ], [ -118.18938622234046, 52.370691612831294 ], [ -118.191249720387702, 52.370614164064726 ], [ -118.193477534152748, 52.370193903803226 ], [ -118.196089003344198, 52.370163583936652 ], [ -118.198232760859455, 52.370087418173455 ], [ -118.200998333314118, 52.370250752475506 ], [ -118.203744951212357, 52.37037404830032 ], [ -118.205897515512106, 52.370634912245428 ], [ -118.208321245982674, 52.370555444393489 ], [ -118.211035282057082, 52.37086840811876 ], [ -118.214224031743043, 52.371442788108126 ], [ -118.216653363892291, 52.371610431595791 ], [ -118.219086003734219, 52.372479749643098 ], [ -118.220722147761123, 52.373676711858671 ], [ -118.222065987458635, 52.375034607227803 ], [ -118.223044273303771, 52.376676915349996 ], [ -118.222721483834576, 52.378507765516204 ], [ -118.222129997539085, 52.380737357305833 ], [ -118.221974778372541, 52.381879801325582 ], [ -118.221164854766641, 52.382972658445553 ], [ -118.219632644303971, 52.384931018864165 ], [ -118.218869869351295, 52.386710886465444 ], [ -118.218513593196093, 52.388362678681801 ], [ -118.218750745436779, 52.390187215450261 ], [ -118.219065192273348, 52.39143829297381 ], [ -118.219199563472174, 52.392923727640898 ], [ -118.219616877392099, 52.39451390388696 ], [ -118.220407346337225, 52.396102883323309 ], [ -118.221954019147233, 52.398026599014422 ], [ -118.222914145575785, 52.39899009203566 ], [ -118.22452278367895, 52.399769386363062 ], [ -118.227737406320955, 52.40122001323568 ], [ -118.231130661102554, 52.402382237123348 ], [ -118.233394450265465, 52.403215440498698 ], [ -118.236107507775202, 52.403415433080681 ], [ -118.23987128709706, 52.404459270834963 ], [ -118.241696129144501, 52.40626713617187 ], [ -118.241516906371132, 52.407734189057656 ], [ -118.241220835464347, 52.409294430326263 ], [ -118.240693135150238, 52.410442643352702 ], [ -118.240179553290886, 52.412103333395756 ], [ -118.239399828151647, 52.414279699694902 ], [ -118.239446222179197, 52.415933997587338 ], [ -118.239331567899413, 52.418501537630114 ], [ -118.239276604544457, 52.419870733549914 ], [ -118.239033314545807, 52.421186615299249 ], [ -118.239345437723102, 52.422325277395132 ], [ -118.23994260874845, 52.423631566704643 ], [ -118.240737606623384, 52.425332823568795 ], [ -118.240867844751392, 52.426642941397226 ], [ -118.24128468756588, 52.428179126563293 ], [ -118.241503738794549, 52.429320339561379 ], [ -118.241722471333006, 52.430457061179062 ], [ -118.24213298861774, 52.431768468244037 ], [ -118.242632117647162, 52.432901977075318 ], [ -118.243794562231784, 52.43437265415939 ], [ -118.245416241569458, 52.43555624310865 ], [ -118.246287417485817, 52.436630004457733 ], [ -118.248200821652219, 52.438205927851655 ], [ -118.25010591882571, 52.439498612998271 ], [ -118.251347668585808, 52.44045413115429 ], [ -118.252327329317723, 52.44204215825075 ], [ -118.252654255595317, 52.44369322660107 ], [ -118.251588473638449, 52.445643750902164 ], [ -118.250737488566514, 52.447313859581435 ], [ -118.250458269655169, 52.448626250748596 ], [ -118.250690433069366, 52.450221471689268 ], [ -118.250350570361775, 52.451423061380396 ], [ -118.247920993651206, 52.451445030657375 ], [ -118.24604273959811, 52.451123348512262 ], [ -118.243698784584055, 52.450863938696415 ], [ -118.240339758263715, 52.451068783702766 ], [ -118.238300254874943, 52.451664696699531 ], [ -118.235895007400714, 52.452545050190075 ], [ -118.233497090108258, 52.453708589128865 ], [ -118.2318330940534, 52.454357077079003 ], [ -118.229154927459305, 52.455523712727697 ], [ -118.227598093896347, 52.456682088927387 ], [ -118.22594444377485, 52.457726120629012 ], [ -118.224469841938784, 52.458481799016866 ], [ -118.221872337554302, 52.459196169958332 ], [ -118.219393487912598, 52.461189450783593 ], [ -118.217403538678525, 52.463236821784292 ], [ -118.216031483613676, 52.464336018360633 ], [ -118.213824658802807, 52.465957347282433 ], [ -118.211167023425588, 52.467635908448877 ], [ -118.209600078712725, 52.46845240705111 ], [ -118.206917382745303, 52.469506199843018 ], [ -118.204518144976603, 52.470673699379027 ], [ -118.201933523817871, 52.471895676199381 ], [ -118.199071106248965, 52.47323761136186 ], [ -118.197140597760054, 52.474455227864361 ], [ -118.195678998080027, 52.475727585567505 ], [ -118.194410392881409, 52.477224143434022 ], [ -118.194075032466174, 52.47865041138305 ], [ -118.194014009641606, 52.479853293005959 ], [ -118.19471166557453, 52.481440520385235 ], [ -118.195027729511978, 52.482750154410525 ], [ -118.19622782845218, 52.485592460418552 ], [ -118.199003157887091, 52.487901617998908 ], [ -118.200619135207546, 52.488856514617943 ], [ -118.202983255241875, 52.489800055816552 ], [ -118.205407356365313, 52.489491205574922 ], [ -118.20735210772672, 52.488785946129191 ], [ -118.209967694244398, 52.488647250209326 ], [ -118.212498896653173, 52.488848219625652 ], [ -118.214194568672767, 52.489287873778387 ], [ -118.2175721785175, 52.489650103165289 ], [ -118.220566470382948, 52.48967629255057 ], [ -118.222907525367447, 52.489769759260746 ], [ -118.225617605285635, 52.489682120644041 ], [ -118.22843585911896, 52.490108834787165 ], [ -118.230670846947206, 52.489741661855149 ], [ -118.233010620071497, 52.489227606504926 ], [ -118.235047270722006, 52.489014257780518 ], [ -118.236930233984964, 52.48944844198715 ], [ -118.238360092448247, 52.490403425074803 ], [ -118.239420709213206, 52.491535000593345 ], [ -118.240392935950595, 52.492835456931097 ], [ -118.241918293673592, 52.49384625554692 ], [ -118.243630688881254, 52.494856384532163 ], [ -118.24590943455965, 52.496030847392738 ], [ -118.248178293342249, 52.496863620208032 ], [ -118.249738877705568, 52.498228757479275 ], [ -118.251421134764541, 52.499050641777572 ], [ -118.252669742376924, 52.500181393378092 ], [ -118.254126826401318, 52.502048762135892 ], [ -118.255391301028524, 52.503745972286957 ], [ -118.258691426229575, 52.504622018947934 ], [ -118.262105161171633, 52.506183189960367 ], [ -118.263843220967615, 52.508047158088551 ], [ -118.265213666380376, 52.510146247059744 ], [ -118.267318084773279, 52.511721064429203 ], [ -118.268598412365222, 52.513930593895246 ], [ -118.268828469395928, 52.515413412159369 ], [ -118.268779365084271, 52.516953467462955 ], [ -118.268547934967259, 52.518669547323142 ], [ -118.268965221640798, 52.520147168838321 ], [ -118.27070697752751, 52.522123413458893 ], [ -118.271674297018265, 52.523198828734742 ], [ -118.27367927257869, 52.524546842974175 ], [ -118.275482587355413, 52.525383035492482 ], [ -118.276740840353156, 52.526796751329307 ], [ -118.278171228921664, 52.527692765621218 ], [ -118.280362124405087, 52.528981504989147 ], [ -118.282160366843414, 52.529646771823678 ], [ -118.284165959958912, 52.530994594208252 ], [ -118.285281884774577, 52.532484173924672 ], [ -118.28484708574679, 52.534327433545585 ], [ -118.284765631030879, 52.53549497219565 ], [ -118.285086908678068, 52.536862738213692 ], [ -118.286148322292604, 52.537935413312447 ], [ -118.286842030555491, 52.539238796018793 ], [ -118.287899869798821, 52.540194579799653 ], [ -118.28766749794147, 52.54185223440917 ], [ -118.286868526132324, 52.543345733776064 ], [ -118.285686409812726, 52.544557473182032 ], [ -118.284326916985947, 52.546111577234498 ], [ -118.282868973770547, 52.547497442592004 ], [ -118.281867306716208, 52.548479158206028 ], [ -118.281061040411529, 52.549743365612834 ], [ -118.280153176852778, 52.550722453045765 ], [ -118.278427325325367, 52.552570128029203 ], [ -118.27810077245779, 52.554225881088193 ], [ -118.276772230507049, 52.556863310432007 ], [ -118.275293625596234, 52.557565791167093 ], [ -118.273179271103459, 52.558960779297394 ], [ -118.271161536647085, 52.560465522905879 ], [ -118.270169548658515, 52.561788795622512 ], [ -118.270772573447488, 52.563207262169598 ], [ -118.271740844182418, 52.564282651383692 ], [ -118.273463379056224, 52.565517042477218 ], [ -118.275360827635595, 52.566305636841136 ], [ -118.276880401329521, 52.567019228118539 ], [ -118.279827899250151, 52.568471400386436 ], [ -118.281458494434418, 52.569766724632544 ], [ -118.283314988293597, 52.570533837782428 ], [ -118.285145723819824, 52.570869727739201 ], [ -118.28880142812524, 52.570884719182764 ], [ -118.292453312119989, 52.570787227125479 ], [ -118.294336986388728, 52.571107999383102 ], [ -118.296597013904361, 52.57148119901948 ], [ -118.298683831109813, 52.572318113044815 ], [ -118.30067657222537, 52.573148627544725 ], [ -118.302109330316853, 52.574048792939031 ], [ -118.304090079699819, 52.574479167410729 ], [ -118.306534728140193, 52.574739022890007 ], [ -118.30982058539513, 52.574930210374809 ], [ -118.312532682439382, 52.574728021187738 ], [ -118.314791729651716, 52.575046912906622 ], [ -118.317437335861527, 52.575759798931337 ], [ -118.320272571660254, 52.576525769827441 ], [ -118.322351200737813, 52.577074557454551 ], [ -118.324714123147189, 52.577732264936202 ], [ -118.32614717597734, 52.578627634184073 ], [ -118.328036527502277, 52.579118678263534 ], [ -118.32929295107283, 52.580360931324144 ], [ -118.330755613394956, 52.58222721618953 ], [ -118.33141765843942, 52.583414268022281 ], [ -118.332506512311923, 52.584319368231867 ], [ -118.33357206296651, 52.585445593817653 ], [ -118.335281614580225, 52.586171124276305 ], [ -118.33636655995177, 52.587926699096883 ], [ -118.335936050406602, 52.589185246811205 ], [ -118.335972438297475, 52.590385577612359 ], [ -118.335193220594761, 52.592504399557257 ], [ -118.334670791413714, 52.59382404035231 ], [ -118.331891571849908, 52.594937522656743 ], [ -118.330324219232409, 52.59581422236964 ], [ -118.329798271051487, 52.597016940085318 ], [ -118.330028824222381, 52.598441256253373 ], [ -118.331754362634513, 52.59967484520341 ], [ -118.332340153734023, 52.601075620262819 ], [ -118.332584143679171, 52.602292579380041 ], [ -118.332369119320234, 52.60446290262054 ], [ -118.334476667603042, 52.605924135124773 ], [ -118.336836666505519, 52.60641072589231 ], [ -118.340309109051006, 52.606483265197454 ], [ -118.343484559183224, 52.6060466970128 ], [ -118.346912696415743, 52.607722103547758 ], [ -118.348639084051385, 52.608955366593882 ], [ -118.349341413499161, 52.610433705879004 ], [ -118.349755063379291, 52.6116817821636 ], [ -118.350830368286182, 52.613095507035887 ], [ -118.351525466520059, 52.614344564556589 ], [ -118.35347710473475, 52.616777180873008 ], [ -118.35451537435415, 52.620014184399274 ], [ -118.354504587265623, 52.622696145606412 ], [ -118.35313821281018, 52.624026403140498 ], [ -118.352139983726431, 52.625121193313134 ], [ -118.35042484287645, 52.627311744927887 ], [ -118.350758600879644, 52.629016525966534 ], [ -118.350793775249542, 52.630158378285515 ], [ -118.353195722598372, 52.631957239782118 ], [ -118.354477084097255, 52.633940968312281 ], [ -118.352814880017604, 52.634816219137676 ], [ -118.349569589024952, 52.636105463151814 ], [ -118.346125228410841, 52.636824355269859 ], [ -118.343608649688505, 52.637602285702897 ], [ -118.340347677290993, 52.638383295499104 ], [ -118.338107988179701, 52.638806795936027 ], [ -118.336243411048443, 52.639228621678761 ], [ -118.334274946069797, 52.639482364685399 ], [ -118.332514236829894, 52.640067533304439 ], [ -118.330874039863758, 52.641684145323943 ], [ -118.330730077604514, 52.643114532617922 ], [ -118.329838110245191, 52.644665012061111 ], [ -118.329316747306038, 52.646038549695895 ], [ -118.328974367006325, 52.647128071402179 ], [ -118.328077585615858, 52.648507688854792 ], [ -118.327359440185674, 52.649598798421472 ], [ -118.32533950993043, 52.651104531499897 ], [ -118.32376490255848, 52.65181029094515 ], [ -118.321737275411095, 52.652578268575517 ], [ -118.319101009993489, 52.652832392335846 ], [ -118.315897724414327, 52.652467971609035 ], [ -118.313818797899998, 52.652035914289975 ], [ -118.312018358122046, 52.651483523609826 ], [ -118.308707706128942, 52.650662990765404 ], [ -118.306639035944556, 52.650572475520569 ], [ -118.303750424796064, 52.651292259785663 ], [ -118.301708645796651, 52.652109771323147 ], [ -118.300246060950826, 52.653441975875069 ], [ -118.29849801181328, 52.654656153173327 ], [ -118.297499324573948, 52.65580888105341 ], [ -118.29727397368471, 52.657695889782879 ], [ -118.296851735341988, 52.659295938933582 ], [ -118.296522183532872, 52.660843905495291 ], [ -118.296188551886985, 52.66227050203571 ], [ -118.29520466158381, 52.663935709344436 ], [ -118.293892737495327, 52.667202806328234 ], [ -118.292910196012059, 52.66892643368579 ], [ -118.291738571482568, 52.670596830513709 ], [ -118.290751007469453, 52.672145105057218 ], [ -118.288451742839513, 52.673824383093219 ], [ -118.288495717102265, 52.675307917781751 ], [ -118.288930137715056, 52.67730249650706 ], [ -118.290697968470099, 52.679907827794487 ], [ -118.292056677853594, 52.681377223784281 ], [ -118.292752974695276, 52.682680601256479 ], [ -118.293924064871348, 52.684150707898709 ], [ -118.295549513553766, 52.685104209756354 ], [ -118.29787157213751, 52.687361030570514 ], [ -118.298755953723244, 52.688663623925088 ], [ -118.30000607321125, 52.689618549487086 ], [ -118.301162053147024, 52.690576092935473 ], [ -118.304310137356595, 52.692139315140004 ], [ -118.30698143677445, 52.693477342271464 ], [ -118.309164764833554, 52.694199079521979 ], [ -118.311535777218467, 52.694911017928909 ], [ -118.312969119813076, 52.695694200922524 ], [ -118.31487073791061, 52.696414737727792 ], [ -118.316601070301616, 52.697706963611751 ], [ -118.318144463928718, 52.699004415475223 ], [ -118.319118366231905, 52.700133378066674 ], [ -118.320478722631776, 52.701602417449358 ], [ -118.322025371790716, 52.703012212931725 ], [ -118.323290491455396, 52.704425409185284 ], [ -118.325481120525865, 52.705371614593034 ], [ -118.328060148420562, 52.706711779583848 ], [ -118.330049452888659, 52.70720014530562 ], [ -118.3338400711378, 52.708186581786158 ], [ -118.335728382214711, 52.708448155755093 ], [ -118.337617042303933, 52.708714143780419 ], [ -118.339504918396656, 52.708975626149936 ], [ -118.342888802971501, 52.708938199968394 ], [ -118.342659544315467, 52.710654459781118 ], [ -118.342328787848018, 52.712139627849304 ], [ -118.341808755084557, 52.713571667012616 ], [ -118.341290382497689, 52.715062146688474 ], [ -118.340695137140415, 52.717121716900131 ], [ -118.340199634241301, 52.719353929393186 ], [ -118.339505288631742, 52.721245318366783 ], [ -118.339089594448112, 52.723020826322006 ], [ -118.339126421286963, 52.72421660678819 ], [ -118.338346381604069, 52.726393863235195 ], [ -118.337941441758403, 52.728511005163504 ], [ -118.337067108574544, 52.730686412153453 ], [ -118.33543407987689, 52.732644788977069 ], [ -118.334343836606649, 52.733912898764267 ], [ -118.33184125839999, 52.735139795906115 ], [ -118.328709811776974, 52.737342699922671 ], [ -118.331905782179632, 52.737252645823908 ], [ -118.335110057588849, 52.73744120551298 ], [ -118.338020720631576, 52.737237447590438 ], [ -118.340384054278445, 52.737611524884748 ], [ -118.343163942222276, 52.73929206887059 ], [ -118.34736217068108, 52.741184319224736 ], [ -118.349732869368694, 52.741782987294357 ], [ -118.351541134334468, 52.74244707308862 ], [ -118.354865418624669, 52.743437018610223 ], [ -118.35677994257982, 52.744498462624634 ], [ -118.357289440114968, 52.74574831892658 ], [ -118.360000012704901, 52.748172916850812 ], [ -118.36201622368614, 52.749460874811881 ], [ -118.364036157022909, 52.750860997837897 ], [ -118.365848978321637, 52.751641579819541 ], [ -118.367596008870493, 52.75333270238616 ], [ -118.370662511157562, 52.754639786489662 ], [ -118.373875469120009, 52.755483767649842 ], [ -118.376819297119411, 52.756303868422918 ], [ -118.380611816343901, 52.757171597740381 ], [ -118.383166579557809, 52.757597812047578 ], [ -118.38591887303464, 52.758310718134631 ], [ -118.389248375043749, 52.759411878861499 ], [ -118.391617477777345, 52.759897226131564 ], [ -118.394308284449878, 52.760917614724583 ], [ -118.396109574145513, 52.762012998091514 ], [ -118.399261939039292, 52.763456379714249 ], [ -118.401769307512751, 52.765309630132172 ], [ -118.402950569691086, 52.766895119440626 ], [ -118.404481916067425, 52.767674262547843 ], [ -118.406574161078964, 52.76833375604096 ], [ -118.408657741526113, 52.768710051017237 ], [ -118.411318809697661, 52.769474520635839 ], [ -118.414053618512881, 52.769611494095209 ], [ -118.415513788799657, 52.771080853230451 ], [ -118.416606526507167, 52.772835236571694 ], [ -118.417210264282318, 52.774023422680422 ], [ -118.417273685475834, 52.775965005305579 ], [ -118.417426957058737, 52.777787026236375 ], [ -118.417562200219464, 52.779042737525963 ], [ -118.418553971885999, 52.780570554265175 ], [ -118.419004598958466, 52.782847313248794 ], [ -118.418392501990454, 52.784282122451764 ], [ -118.418261445865099, 52.786049388610174 ], [ -118.41964467020405, 52.788029217231532 ], [ -118.420559428300578, 52.790072100130693 ], [ -118.420990367655918, 52.791724121489352 ], [ -118.420950084335459, 52.79337630059316 ], [ -118.419973847612567, 52.795213039693444 ], [ -118.41917471244102, 52.796707238542979 ], [ -118.418466217101809, 52.798086337676885 ], [ -118.417016874276442, 52.799873707865387 ], [ -118.415458421790674, 52.801200821494767 ], [ -118.413909356436449, 52.802820050478871 ], [ -118.411970284847129, 52.804041129273067 ], [ -118.410237841195482, 52.805827538979067 ], [ -118.408210052208076, 52.807222050470081 ], [ -118.406836143517893, 52.808435748240974 ], [ -118.405167945414419, 52.809311505215661 ], [ -118.40369764500403, 52.810469454058122 ], [ -118.402033343164973, 52.811462012728747 ], [ -118.401125764205133, 52.812963630686376 ], [ -118.400522181278376, 52.814276563000732 ], [ -118.400122980749032, 52.816505824625771 ], [ -118.399420467015844, 52.818109496712552 ], [ -118.397973357294717, 52.820008952036027 ], [ -118.396722203734555, 52.822136686540937 ], [ -118.396588773873717, 52.823849963961941 ], [ -118.39643717508892, 52.824992444952834 ], [ -118.397333068179137, 52.826464756151275 ], [ -118.396912733089351, 52.828064804053191 ], [ -118.396029643523576, 52.83014147255998 ], [ -118.395147309439764, 52.831795246287797 ], [ -118.395679023884412, 52.833673894029239 ], [ -118.397706277387314, 52.835131793911238 ], [ -118.398407973446524, 52.836434267666306 ], [ -118.400242858411531, 52.837780680685206 ], [ -118.40145699628934, 52.840337047657776 ], [ -118.401413620602582, 52.842061285213973 ], [ -118.400140493667081, 52.843375467912772 ], [ -118.398682985035464, 52.844987341096648 ], [ -118.396825036152094, 52.845868401839006 ], [ -118.394854469698359, 52.846176831019839 ], [ -118.390723836474095, 52.846794519083254 ], [ -118.387811934317241, 52.847170266569258 ], [ -118.385135341716776, 52.848182522410148 ], [ -118.387201048576145, 52.848717280894164 ], [ -118.390134779292907, 52.849024720348666 ], [ -118.394884284729784, 52.850053821782751 ], [ -118.397739027404398, 52.850822202791512 ], [ -118.399491381755453, 52.852512899739835 ], [ -118.401491828675717, 52.853116766364494 ], [ -118.403381447527352, 52.853206439008972 ], [ -118.407040464306604, 52.852592886170527 ], [ -118.409577323627133, 52.852276951855018 ], [ -118.411355830914871, 52.851856845842924 ], [ -118.414552312424533, 52.851530799961509 ], [ -118.416529316633842, 52.851397306534615 ], [ -118.41994240066802, 52.851924118498388 ], [ -118.422320540410112, 52.85252573176902 ], [ -118.425139816152083, 52.852205804654638 ], [ -118.42718215580885, 52.851210994366397 ], [ -118.430469181364799, 52.850769433660233 ], [ -118.432357235708309, 52.850804705693655 ], [ -118.434810428829124, 52.850832557748042 ], [ -118.438129579037451, 52.851361575411268 ], [ -118.43984363227257, 52.851856151799154 ], [ -118.441663996017283, 52.852689517785677 ], [ -118.443666830288251, 52.853351099303175 ], [ -118.445577602518455, 52.854069310888072 ], [ -118.447772526404833, 52.854837705532347 ], [ -118.449773698271059, 52.855440752196593 ], [ -118.45150367579518, 52.85638907429334 ], [ -118.453518196044712, 52.857392059062327 ], [ -118.454531966067393, 52.859490405238063 ], [ -118.455638426726594, 52.861532056067787 ], [ -118.457121739856561, 52.863567198531349 ], [ -118.459422181042626, 52.864624727881399 ], [ -118.461359968830052, 52.866138188956299 ], [ -118.461681152061288, 52.867275987556347 ], [ -118.461935443248393, 52.869212020146378 ], [ -118.460275973133278, 52.870376194580068 ], [ -118.458110067828201, 52.870515916068534 ], [ -118.456327474348583, 52.870824365841166 ], [ -118.453731470261474, 52.872222705070563 ], [ -118.453584920648808, 52.873482126347575 ], [ -118.453247902012052, 52.874684116468181 ], [ -118.452531226112825, 52.875834187153806 ], [ -118.450961658469083, 52.876878634409628 ], [ -118.449388196865584, 52.877810704294021 ], [ -118.448193865420237, 52.878794701098862 ], [ -118.446824393292331, 52.880184166821508 ], [ -118.446584623988656, 52.88149577179631 ], [ -118.447108299245869, 52.883032598031591 ], [ -118.44799343248647, 52.884104533485761 ], [ -118.449905668221092, 52.884822656113691 ], [ -118.452025533043894, 52.88611053671444 ], [ -118.453560152005551, 52.886830604766168 ], [ -118.455691630163471, 52.888459990181637 ], [ -118.457809980526889, 52.889689334087684 ], [ -118.460321548818484, 52.89137053150808 ], [ -118.461868308118824, 52.892436546062875 ], [ -118.464666443204251, 52.89422625288929 ], [ -118.466419807136859, 52.895803527795536 ], [ -118.468137954520003, 52.896351594555057 ], [ -118.469680854952173, 52.897300658659461 ], [ -118.471615114577375, 52.898647627135816 ], [ -118.473154753064804, 52.899484274835828 ], [ -118.474792412314798, 52.900434998128979 ], [ -118.476813467751171, 52.901549904785405 ], [ -118.479293215040883, 52.902259921158631 ], [ -118.483190848154521, 52.903009204357573 ], [ -118.485356378764308, 52.902810578984614 ], [ -118.487914918947695, 52.90306372364671 ], [ -118.491142163137383, 52.903535554158438 ], [ -118.493250551865586, 52.904422677938051 ], [ -118.494784484476767, 52.905088269195623 ], [ -118.496409168152908, 52.905638694463285 ], [ -118.498415775602098, 52.906299292562622 ], [ -118.500685318065379, 52.90638524243856 ], [ -118.503606404780186, 52.906177502799686 ], [ -118.5068119459184, 52.906640611164264 ], [ -118.508517572450401, 52.906171770634558 ], [ -118.511209485463411, 52.904823422982965 ], [ -118.513254608443518, 52.903885572631474 ], [ -118.514996512104133, 52.902380818226582 ], [ -118.516480789056203, 52.901616989678971 ], [ -118.517668180627609, 52.90046154912244 ], [ -118.518291259070168, 52.899372328393063 ], [ -118.518222994469355, 52.897430836175907 ], [ -118.520401919182916, 52.897631591505679 ], [ -118.522695361627726, 52.898400264628513 ], [ -118.526049450185866, 52.899785201702599 ], [ -118.528164318662931, 52.900842519696013 ], [ -118.530363061379759, 52.90160937493927 ], [ -118.532383947231509, 52.902669422492366 ], [ -118.535051346231882, 52.903318758037294 ], [ -118.536507773132811, 52.90444055855221 ], [ -118.538233502247849, 52.905162898190213 ], [ -118.53932620952007, 52.906686930123769 ], [ -118.54189173896512, 52.907109718063182 ], [ -118.543703803577358, 52.907599959526948 ], [ -118.545423345462865, 52.908146928241841 ], [ -118.547572555518371, 52.907493288456905 ], [ -118.548913388501092, 52.905365635023159 ], [ -118.550588097081786, 52.904658647890066 ], [ -118.552820910536994, 52.90371446256642 ], [ -118.5544054135175, 52.903122595337329 ], [ -118.556264786243062, 52.902302008677573 ], [ -118.557849190642017, 52.901710094289406 ], [ -118.560644015430782, 52.900645405426687 ], [ -118.561454567655403, 52.899550286970339 ], [ -118.561873109520747, 52.898062025319646 ], [ -118.562373530098867, 52.896229371277556 ], [ -118.563830340436965, 52.894727889840325 ], [ -118.565278670072701, 52.892997189328632 ], [ -118.566731013179506, 52.891378821975053 ], [ -118.567906503214815, 52.889939732641309 ], [ -118.569545277721929, 52.888261721139827 ], [ -118.57147346407649, 52.886754926037646 ], [ -118.572861828035471, 52.885993222678131 ], [ -118.575470928358214, 52.885046208330657 ], [ -118.577911862855956, 52.884671097568031 ], [ -118.58052076925506, 52.883723970752861 ], [ -118.582877358851562, 52.88363474753104 ], [ -118.585980755822831, 52.883306905209345 ], [ -118.587563838957493, 52.882714572967565 ], [ -118.590266561505288, 52.881764350077894 ], [ -118.593166533453498, 52.881042035822546 ], [ -118.595219191795493, 52.880385862158789 ], [ -118.598227914063415, 52.880060546941188 ], [ -118.600584276332413, 52.879970946417778 ], [ -118.603127777192043, 52.87982611541667 ], [ -118.606513699514181, 52.879493611980635 ], [ -118.608411045283006, 52.879750771022827 ], [ -118.611644632843024, 52.880394587206126 ], [ -118.612932326594688, 52.88202901990465 ], [ -118.614100692746817, 52.882983202785255 ], [ -118.613784895294842, 52.884644043885231 ], [ -118.613374571406808, 52.886303267455332 ], [ -118.612575902608597, 52.887681884139909 ], [ -118.612144614265361, 52.888774842638256 ], [ -118.612122300915431, 52.890714675480602 ], [ -118.612642718050736, 52.892017070607203 ], [ -118.612624819235535, 52.89407374800809 ], [ -118.613164647363504, 52.895892956430274 ], [ -118.61330137963337, 52.897031581552049 ], [ -118.61363530729183, 52.898393651661337 ], [ -118.612744591661496, 52.89983356039825 ], [ -118.611192850625955, 52.901280113979361 ], [ -118.608862679226746, 52.902111472170901 ], [ -118.606530113441138, 52.902884366148584 ], [ -118.605540299360825, 52.904210252725967 ], [ -118.605232655167654, 52.906100269376424 ], [ -118.60677677333824, 52.906989106094962 ], [ -118.608495130764112, 52.907481190159807 ], [ -118.610893417940403, 52.90847443789248 ], [ -118.613210060475325, 52.909812065733384 ], [ -118.614653952692947, 52.910532892353466 ], [ -118.615447657582664, 52.911552490686617 ], [ -118.616625193120527, 52.912731340527692 ], [ -118.619043394547049, 52.914241230142039 ], [ -118.62033048527995, 52.915821628062361 ], [ -118.620679599233739, 52.917583650600399 ], [ -118.620746115593803, 52.919354311476667 ], [ -118.620517805609239, 52.920837029968489 ], [ -118.620217043918444, 52.922897860336121 ], [ -118.618288979702371, 52.924405481990739 ], [ -118.617494191979091, 52.925900982753227 ], [ -118.617207900819039, 52.928357287343132 ], [ -118.616881180150216, 52.929730516544964 ], [ -118.616545920050513, 52.930879042912856 ], [ -118.61563964232198, 52.931919008545869 ], [ -118.614282275248527, 52.933535117528315 ], [ -118.612229356157044, 52.934245569645768 ], [ -118.610363515271899, 52.934900797294233 ], [ -118.609366404337905, 52.936051453404708 ], [ -118.610740007137949, 52.937404374550489 ], [ -118.613045534327014, 52.938400446029846 ], [ -118.615239831250918, 52.938940949295421 ], [ -118.617362791974017, 52.940108979591834 ], [ -118.61817005542423, 52.941470102575302 ], [ -118.620857863009391, 52.942571346351279 ], [ -118.623720446520693, 52.943275760303663 ], [ -118.626211270590275, 52.94415345016106 ], [ -118.627119542503834, 52.945682403212473 ], [ -118.627830017952576, 52.946983442551982 ], [ -118.62976518611768, 52.948157015020946 ], [ -118.632537478756078, 52.94897197545442 ], [ -118.634354637810034, 52.949519199737964 ], [ -118.637032832185483, 52.950336943657625 ], [ -118.638942399286691, 52.950827274588313 ], [ -118.642191935433431, 52.951748855234783 ], [ -118.644657754101942, 52.951943058559301 ], [ -118.647607139455999, 52.952419292176209 ], [ -118.648965004297494, 52.953313373578176 ], [ -118.649854445889417, 52.954325341094147 ], [ -118.650836219373232, 52.955280468641035 ], [ -118.652224964949895, 52.95697444156044 ], [ -118.652870812736964, 52.958623791511101 ], [ -118.653845922890298, 52.959804069925141 ], [ -118.655127018544334, 52.961154884004586 ], [ -118.657549286578714, 52.962663976937641 ], [ -118.65997111397742, 52.964168538705245 ], [ -118.662178356861602, 52.964995783400646 ], [ -118.661367050888941, 52.966033173132004 ], [ -118.659520227545215, 52.967201488695558 ], [ -118.659014074596371, 52.968805358701218 ], [ -118.659079732334064, 52.970517570913444 ], [ -118.659600219630249, 52.971761324755875 ], [ -118.659362756635915, 52.972965465605277 ], [ -118.659788735089421, 52.974212133516431 ], [ -118.661715078665637, 52.975102056150277 ], [ -118.664065571253388, 52.974723541766167 ], [ -118.666277606842741, 52.975663062405076 ], [ -118.667922576701073, 52.97661107558023 ], [ -118.66919565961787, 52.977732550016242 ], [ -118.670273347812852, 52.978689079088682 ], [ -118.670794645712448, 52.979937269572126 ], [ -118.670176514441877, 52.981085720448796 ], [ -118.669675416293344, 52.982806463551938 ], [ -118.667729007228871, 52.983860984363645 ], [ -118.664557163582259, 52.985043304420614 ], [ -118.662025751724414, 52.98565236146171 ], [ -118.660347438012778, 52.986302542645163 ], [ -118.657085385438165, 52.987604416111012 ], [ -118.655061269250325, 52.98911553974132 ], [ -118.652166228148573, 52.990127008619233 ], [ -118.650984228699073, 52.99139617474038 ], [ -118.648387979432414, 52.992803287472036 ], [ -118.648071079632317, 52.994423765140574 ], [ -118.648537581394748, 52.996731049942234 ], [ -118.648878976879729, 52.99823231091964 ], [ -118.647308001848756, 52.999234429948515 ], [ -118.644742571948072, 52.998980273498475 ], [ -118.64179670425348, 52.998674744519739 ], [ -118.639154271215958, 52.998886252513557 ], [ -118.639191955606719, 53.000014406043732 ], [ -118.640278225738598, 53.00158280139982 ], [ -118.641186171958068, 53.003053175808688 ], [ -118.642186818875146, 53.004466709179013 ], [ -118.644125258856135, 53.005639994524344 ], [ -118.645581773074838, 53.00658959148145 ], [ -118.647035983872769, 53.007480752917964 ], [ -118.649062584564021, 53.008480282421012 ], [ -118.650437543085886, 53.009769763109844 ], [ -118.652092405327394, 53.010947139253688 ], [ -118.65251883607003, 53.012193783509503 ], [ -118.65360619841853, 53.013379597014605 ], [ -118.65441984567768, 53.014848273906615 ], [ -118.655315515892283, 53.015976983314189 ], [ -118.656155786252725, 53.018133199152309 ], [ -118.656437087526811, 53.020527081913933 ], [ -118.655443881304222, 53.021794930578622 ], [ -118.653970273111966, 53.022897589362664 ], [ -118.65183850905494, 53.024123955160277 ], [ -118.65182029704637, 53.026122135462785 ], [ -118.652150226650804, 53.027317758418761 ], [ -118.652669516009496, 53.028507554591897 ], [ -118.653666412272827, 53.02980412933146 ], [ -118.654771256046573, 53.031443807434833 ], [ -118.656154070895639, 53.03290844850941 ], [ -118.658497032469938, 53.034703424089273 ], [ -118.660884192389474, 53.035183242374139 ], [ -118.662531623894807, 53.036131246940251 ], [ -118.663612713097393, 53.037141696034006 ], [ -118.665198702183801, 53.038946398359542 ], [ -118.667064030877299, 53.040629973294031 ], [ -118.669368311238131, 53.041400124751526 ], [ -118.672099464916826, 53.040960256696756 ], [ -118.674255713981836, 53.040358150768334 ], [ -118.676883634513601, 53.039696409216525 ], [ -118.679720519775472, 53.039541034826456 ], [ -118.682076983745674, 53.039220527020923 ], [ -118.684391689147247, 53.037821469352004 ], [ -118.68529376962654, 53.036664184575223 ], [ -118.685244996145286, 53.035410432268129 ], [ -118.685922405059372, 53.033346784958191 ], [ -118.688247577932884, 53.03223077099495 ], [ -118.690225189113633, 53.031917366663741 ], [ -118.692968875029962, 53.031818559015647 ], [ -118.69601451871263, 53.032173702275145 ], [ -118.698816895923372, 53.033562157699471 ], [ -118.699637375733261, 53.03514729717385 ], [ -118.699871816479984, 53.036287280733056 ], [ -118.699701743118723, 53.038101246567031 ], [ -118.699611672404941, 53.039705757939259 ], [ -118.699772080902918, 53.0409695248632 ], [ -118.700024267511679, 53.042563370813809 ], [ -118.700542632560428, 53.043694503894592 ], [ -118.701548436239676, 53.045165874332866 ], [ -118.703372841765699, 53.045765862766402 ], [ -118.704919769707132, 53.046540952202506 ], [ -118.707028934630159, 53.047140998357854 ], [ -118.708571681620825, 53.047803691150541 ], [ -118.711281125014224, 53.04869985406382 ], [ -118.712818978850152, 53.049740576552061 ], [ -118.716012927232399, 53.051404338250265 ], [ -118.717655386492382, 53.052180773763261 ], [ -118.719920670803191, 53.054314423969245 ], [ -118.721682936518064, 53.055716936486021 ], [ -118.723431924069189, 53.056777901626887 ], [ -118.725340452725632, 53.057091471271718 ], [ -118.727528761276446, 53.05728824791764 ], [ -118.72943982580216, 53.057660162192256 ], [ -118.732161984747421, 53.056989738353778 ], [ -118.733449812629786, 53.056004424433958 ], [ -118.735084192993099, 53.054211838431733 ], [ -118.736087410911139, 53.053226448332687 ], [ -118.739767968791014, 53.052827133169046 ], [ -118.74231235278036, 53.052450020934899 ], [ -118.744091467457608, 53.051908021180267 ], [ -118.746887404853922, 53.050726518826437 ], [ -118.750235391886434, 53.049136083394714 ], [ -118.753019191254054, 53.04766687664484 ], [ -118.75496642536072, 53.046610993887413 ], [ -118.756161046768554, 53.045682367625545 ], [ -118.758177544446497, 53.043998846767217 ], [ -118.757938993118657, 53.04280060580237 ], [ -118.75767749364833, 53.041036188177813 ], [ -118.757790477128978, 53.039151938458716 ], [ -118.758097151841255, 53.037378537336728 ], [ -118.760540881006463, 53.036887236249875 ], [ -118.762649841687647, 53.037481809754404 ], [ -118.764126206830142, 53.038829777443858 ], [ -118.766159417664383, 53.039885613117349 ], [ -118.768069946058887, 53.040256926481753 ], [ -118.769997029467973, 53.041028115987068 ], [ -118.772210075645887, 53.041848680973395 ], [ -118.773684574598931, 53.043138105998899 ], [ -118.775244685169483, 53.044199829218933 ], [ -118.776065992446746, 53.045730454805323 ], [ -118.776027441932484, 53.047099452768776 ], [ -118.775612325243316, 53.048529916607073 ], [ -118.772834150229045, 53.050116462629603 ], [ -118.771360426857584, 53.051162106241044 ], [ -118.770168533751118, 53.052149291172064 ], [ -118.769081220403635, 53.053367103819959 ], [ -118.768571112003471, 53.054800551489599 ], [ -118.767869467371128, 53.056181582091924 ], [ -118.767830664978888, 53.057550579376667 ], [ -118.767228129498363, 53.059040941297248 ], [ -118.766512176165577, 53.060080474877871 ], [ -118.763566387663403, 53.062234501242862 ], [ -118.763044592950109, 53.063384838260419 ], [ -118.762520473504011, 53.064476756066611 ], [ -118.762758906805175, 53.065670494187501 ], [ -118.764245790291952, 53.067247599769949 ], [ -118.765984155089612, 53.068020353314829 ], [ -118.76689084759046, 53.069318874397261 ], [ -118.768662179915523, 53.070891407274075 ], [ -118.769019275186579, 53.072657271544898 ], [ -118.768305305896448, 53.073750739132443 ], [ -118.76634515467434, 53.07451928228884 ], [ -118.763638834238762, 53.07559038526005 ], [ -118.760666151627916, 53.077115279061232 ], [ -118.758837735698734, 53.078797360179863 ], [ -118.75645943374424, 53.080946719271182 ], [ -118.755266642766358, 53.081933759437881 ], [ -118.752494670386255, 53.083744544954094 ], [ -118.750341865830237, 53.084460429932399 ], [ -118.74896129096534, 53.085507356707367 ], [ -118.748151973237981, 53.086603727989434 ], [ -118.748105583950405, 53.087801996021071 ], [ -118.748151864476753, 53.088943349274899 ], [ -118.748588966967944, 53.090364818018266 ], [ -118.748463749584218, 53.09196150979664 ], [ -118.748616564369982, 53.093387451680705 ], [ -118.748679223798064, 53.094928720264846 ], [ -118.748651094783355, 53.096580837250244 ], [ -118.746541915744572, 53.098384106441173 ], [ -118.743881455837169, 53.098306029152504 ], [ -118.741253967038702, 53.099032220001398 ], [ -118.739965036338461, 53.100017659187991 ], [ -118.739659234232704, 53.101849485072528 ], [ -118.739615117457404, 53.103106165104421 ], [ -118.739099047673406, 53.104427196057799 ], [ -118.737821560822979, 53.105700200585602 ], [ -118.735977415446939, 53.107040508682509 ], [ -118.733196010359109, 53.108680204529811 ], [ -118.731159264876723, 53.109963498649584 ], [ -118.729321581423036, 53.111474467391211 ], [ -118.728517921112513, 53.112741488165817 ], [ -118.728758191351247, 53.113993731898887 ], [ -118.729389177347755, 53.115526158979463 ], [ -118.731041192917374, 53.116473108697477 ], [ -118.732415025443288, 53.117590749747919 ], [ -118.734268304227541, 53.118819282082001 ], [ -118.736781194011812, 53.119923554030734 ], [ -118.739380068775461, 53.120800105049021 ], [ -118.741761552900869, 53.120995064236865 ], [ -118.744052433742908, 53.121300813144536 ], [ -118.747322990154316, 53.122340486984257 ], [ -118.750040173243519, 53.123784479503421 ], [ -118.752831521344405, 53.124713151565317 ], [ -118.756185065690005, 53.125462006835065 ], [ -118.759360860432466, 53.126499844226153 ], [ -118.761976606840591, 53.127771298601651 ], [ -118.766284389560454, 53.128620117144735 ], [ -118.77020772324839, 53.129723939724386 ], [ -118.773746912206079, 53.131109791084221 ], [ -118.775984447816597, 53.132325459564441 ], [ -118.77739332794242, 53.133189506197468 ], [ -118.7793339294671, 53.13418959142583 ], [ -118.781091979624406, 53.135361927062227 ], [ -118.78142858593236, 53.136610994101581 ], [ -118.782161580375245, 53.138256867940477 ], [ -118.782223024060315, 53.139739655031228 ], [ -118.783515967517729, 53.141147224623083 ], [ -118.784833040773051, 53.143125411120586 ], [ -118.786583900922054, 53.144122421391316 ], [ -118.787020570469593, 53.145485259619313 ], [ -118.785852657079005, 53.147101718558211 ], [ -118.784314310824229, 53.148950432844273 ], [ -118.783155849765819, 53.150796025327388 ], [ -118.783537655243407, 53.152030145518012 ], [ -118.784859712534924, 53.152937355800297 ], [ -118.78651434588825, 53.153883439591745 ], [ -118.789253910080618, 53.155784715240387 ], [ -118.789465613260447, 53.157042238359786 ], [ -118.789925186781531, 53.158224363918073 ], [ -118.790267187375946, 53.159590207488556 ], [ -118.791091370697643, 53.161120627113917 ], [ -118.794721358640572, 53.1615760936958 ], [ -118.797943146062906, 53.161356126418383 ], [ -118.800875577710642, 53.161028353214419 ], [ -118.802537800683055, 53.162144935066188 ], [ -118.805301698528822, 53.162330857427825 ], [ -118.807794973136097, 53.162862833230044 ], [ -118.810765748837895, 53.163446922560233 ], [ -118.812328384585811, 53.164449581815646 ], [ -118.812687770854296, 53.166210726199125 ], [ -118.813035188321152, 53.167688804200985 ], [ -118.813560925210254, 53.16888220462365 ], [ -118.815016914344454, 53.169600304143742 ], [ -118.81666042323441, 53.170258370437971 ], [ -118.818686787541836, 53.170971593500269 ], [ -118.820689251749641, 53.171681051353403 ], [ -118.823667490257222, 53.171864154074356 ], [ -118.82689711768181, 53.171814121002825 ], [ -118.828007727839505, 53.173339555094735 ], [ -118.828509658452134, 53.174898098728811 ], [ -118.830286081204235, 53.180424343021578 ], [ -118.831950475427774, 53.183322140496564 ], [ -118.83393357983887, 53.183289641067461 ], [ -118.836506667738334, 53.183139020472147 ], [ -118.83860389472396, 53.183273672652767 ], [ -118.841554424538074, 53.183344677765582 ], [ -118.844417141878381, 53.183584925366439 ], [ -118.847006796818391, 53.184112909118518 ], [ -118.849628719387695, 53.184509312484082 ], [ -118.8520845717713, 53.185005532816248 ], [ -118.856355133964712, 53.185982664707311 ], [ -118.859974925915054, 53.18716528212525 ], [ -118.862415524199093, 53.188404169417623 ], [ -118.863367061062647, 53.189579003982708 ], [ -118.864532588472244, 53.190854847589762 ], [ -118.865601863358634, 53.191926849270118 ], [ -118.866708990352407, 53.193335054573105 ], [ -118.867822467661043, 53.195300952489347 ], [ -118.868933838358487, 53.196380554729728 ], [ -118.871642504450847, 53.197426056436882 ], [ -118.873655900101511, 53.197792302482803 ], [ -118.874228260091243, 53.200009766882651 ], [ -118.874282969693837, 53.201263281669355 ], [ -118.874445341541247, 53.202801235734668 ], [ -118.875725878336965, 53.203807769564285 ], [ -118.877842293428358, 53.204346058019574 ], [ -118.880338581560196, 53.204876394150247 ], [ -118.883878234988188, 53.205332054750315 ], [ -118.887606115280633, 53.205731955577633 ], [ -118.892181443874122, 53.205941984090067 ], [ -118.895148675391994, 53.206353087916945 ], [ -118.899348861303494, 53.206683133957874 ], [ -118.903269318845545, 53.2071347133366 ], [ -118.906696638528558, 53.207192953955825 ], [ -118.910472816539311, 53.208674896744704 ], [ -118.913748552649281, 53.209592806428972 ], [ -118.916574325014778, 53.211087893184803 ], [ -118.920823737006842, 53.212499945325561 ], [ -118.922018244515286, 53.213679831960775 ], [ -118.922072046885503, 53.214879386014907 ], [ -118.92240295421621, 53.218013513132156 ], [ -118.922927096711746, 53.219089547079463 ], [ -118.923188690586912, 53.220682679615443 ], [ -118.923931099222642, 53.222381410147371 ], [ -118.925153920539117, 53.224185743788198 ], [ -118.927824644487629, 53.22642812261126 ], [ -118.930147842271921, 53.227300638832524 ], [ -118.932363662897529, 53.227893204599852 ], [ -118.934422637013284, 53.229228822100531 ], [ -118.935808582522753, 53.23040673307019 ], [ -118.937869935143709, 53.231796206551849 ], [ -118.940585089742711, 53.232893993325675 ], [ -118.943122922655434, 53.234281066359657 ], [ -118.946509254511483, 53.235482420782681 ], [ -118.949304164389901, 53.236235408923889 ], [ -118.952123962686954, 53.2354442155833 ], [ -118.954190642842377, 53.23484000650101 ], [ -118.956547685725113, 53.234343074072321 ], [ -118.959506987677116, 53.234523424322745 ], [ -118.964957716059104, 53.2350615015378 ], [ -118.967177005134602, 53.235711801737381 ], [ -118.969617747265772, 53.237038569094814 ], [ -118.971911342457602, 53.237227359423954 ], [ -118.973824418340016, 53.23742433799687 ], [ -118.975930483107447, 53.237677818320897 ], [ -118.983128332439676, 53.238925972208747 ], [ -118.985109985452553, 53.238549044490973 ], [ -118.986872606137013, 53.237549517832541 ], [ -118.988064261756932, 53.236560137236737 ], [ -118.989747296751517, 53.235905194611021 ], [ -118.992011962526803, 53.235469149962199 ], [ -118.994175754752419, 53.23491946863826 ], [ -118.998545930103901, 53.234731936563676 ], [ -119.001668689320837, 53.23433431994701 ], [ -119.003541737389071, 53.233677325371879 ], [ -119.005227093013275, 53.23307611937642 ], [ -119.008531948570791, 53.232505777447003 ], [ -119.010695341169026, 53.231955863431871 ], [ -119.012787940103678, 53.231921235883462 ], [ -119.016209093315481, 53.231805695290014 ], [ -119.019923682607825, 53.231855611442711 ], [ -119.022584333842104, 53.231756605073194 ], [ -119.024472907100858, 53.231436211603246 ], [ -119.026767288042777, 53.229630724748802 ], [ -119.027091114486737, 53.228427401890379 ], [ -119.027284407710056, 53.226481592751135 ], [ -119.026249790138763, 53.2247303621591 ], [ -119.025516759649619, 53.223315367187553 ], [ -119.024281450377515, 53.221341444366573 ], [ -119.0232822769254, 53.220331397389835 ], [ -119.022565325034236, 53.219257797593507 ], [ -119.020800201073811, 53.218147662570104 ], [ -119.018458997262115, 53.216930995258572 ], [ -119.01641125960991, 53.215879844364174 ], [ -119.013151988545673, 53.215364507564878 ], [ -119.009610156757574, 53.214912607188808 ], [ -119.007206655213778, 53.214381736411276 ], [ -119.004596739697689, 53.21351131354799 ], [ -119.002729526666101, 53.212233373532428 ], [ -118.99960756466281, 53.210574732544437 ], [ -118.997449447019491, 53.209180578213058 ], [ -118.995658646774046, 53.207499562471313 ], [ -118.994731403585703, 53.205973951932712 ], [ -118.993682979956333, 53.2038809813914 ], [ -118.993595396681954, 53.201998663715074 ], [ -118.994836105876402, 53.200040172097943 ], [ -118.994401527923685, 53.192743202837988 ], [ -118.998173002073699, 53.192049348073823 ], [ -119.000720145448881, 53.191608102470823 ], [ -119.003269713150075, 53.191220777392637 ], [ -119.004956509479655, 53.190682510386161 ], [ -119.005660345655855, 53.189470937108361 ], [ -119.006826524717042, 53.187969307415436 ], [ -119.009614319310288, 53.184554696486956 ], [ -119.010431367928476, 53.183402266390551 ], [ -119.011665472359795, 53.181664323446462 ], [ -119.012780512262296, 53.179079989935509 ], [ -119.014092874496669, 53.176659959431348 ], [ -119.015890872327176, 53.174461976803656 ], [ -119.017113359940481, 53.172157434805364 ], [ -119.018753100015147, 53.170644174155171 ], [ -119.021049773893836, 53.168951184147431 ], [ -119.023572004504302, 53.16730000688041 ], [ -119.0246422524569, 53.166084918503351 ], [ -119.026427345014909, 53.164067219398717 ], [ -119.027013905960104, 53.162400567688742 ], [ -119.026192345598218, 53.161101082419222 ], [ -119.023964050230546, 53.159430790178668 ], [ -119.021178322849579, 53.157536354854905 ], [ -119.016378710994502, 53.154477110624299 ], [ -119.012387610649355, 53.152434240605686 ], [ -119.008957933071699, 53.150408297077753 ], [ -119.00713006180726, 53.14941709927534 ], [ -119.00199581967037, 53.147587912972142 ], [ -118.9996672845093, 53.144935262084104 ], [ -119.000267774765192, 53.143110784576947 ], [ -119.002026038160551, 53.142111176303082 ], [ -119.005004830469531, 53.140804976985976 ], [ -119.009675553533341, 53.139126656342491 ], [ -119.01366597802631, 53.137120178957545 ], [ -119.017937909052279, 53.135050047536161 ], [ -119.022044012321302, 53.133498300081932 ], [ -119.023787827447094, 53.132210915735392 ], [ -119.025537095918139, 53.13104030266966 ], [ -119.026221240835355, 53.129433327529682 ], [ -119.026562438121559, 53.124575901829459 ], [ -119.04060664430942, 53.124778439868464 ], [ -119.046515666739566, 53.124860765432523 ], [ -119.046621111520494, 53.13906640608468 ], [ -119.047055281212465, 53.140203473404092 ], [ -119.047500707972048, 53.141718109240749 ], [ -119.047478103324721, 53.143104706095023 ], [ -119.048592867448306, 53.144569537958439 ], [ -119.049699345154607, 53.145863665513716 ], [ -119.052444204157638, 53.14764184946673 ], [ -119.054855514884466, 53.148400982377112 ], [ -119.058031359477482, 53.149255445491683 ], [ -119.06065211679929, 53.150412261533418 ], [ -119.062602317452317, 53.151461466660507 ], [ -119.064365823336104, 53.152571019565862 ], [ -119.06529414999541, 53.154096078597981 ], [ -119.068113160172345, 53.155416934799987 ], [ -119.069572691305126, 53.156131869668016 ], [ -119.07160774086087, 53.156953053601832 ], [ -119.074223624384587, 53.1579927645545 ], [ -119.076454121821726, 53.158924153540305 ], [ -119.078896507378857, 53.160307178131276 ], [ -119.081322753829411, 53.161348747600492 ], [ -119.083740608729343, 53.162219576705581 ], [ -119.086340549547231, 53.162917609043539 ], [ -119.088834195214602, 53.163385265946836 ], [ -119.091507049765781, 53.163626224888191 ], [ -119.095433751769775, 53.164242370382667 ], [ -119.098148192151029, 53.163392864299141 ], [ -119.099729287155839, 53.162681393634081 ], [ -119.10140500545549, 53.161966633855215 ], [ -119.103658617271932, 53.161411874410931 ], [ -119.106490786294046, 53.161021558268544 ], [ -119.109891824666832, 53.160615997582426 ], [ -119.112804791521739, 53.15993926259295 ], [ -119.116312000625243, 53.15975931710998 ], [ -119.119152110434655, 53.159539402358078 ], [ -119.121280547994559, 53.160302512714274 ], [ -119.123196742379236, 53.162548808392764 ], [ -119.12459387143457, 53.1638951837338 ], [ -119.125965335838828, 53.164724985183433 ], [ -119.127429160684528, 53.165497567881381 ], [ -119.12891840510207, 53.166782201498116 ], [ -119.13126830427511, 53.168167383831388 ], [ -119.133981031369316, 53.169202431943717 ], [ -119.135281064454134, 53.170493570369331 ], [ -119.136960843546973, 53.171775975601761 ], [ -119.139823176515392, 53.173894584601932 ], [ -119.140656311425943, 53.175359417956756 ], [ -119.141409443894588, 53.177115006336862 ], [ -119.142234844914626, 53.178413615074724 ], [ -119.143085872478778, 53.180224277029424 ], [ -119.143536865957032, 53.181643920163182 ], [ -119.144471803763381, 53.183226668874191 ], [ -119.145202033976418, 53.184524077977478 ], [ -119.146036239648524, 53.185993340679282 ], [ -119.146188109353915, 53.187130936062402 ], [ -119.147693206160042, 53.188702769449449 ], [ -119.149947742681334, 53.188147113263774 ], [ -119.152193421102751, 53.187420738130783 ], [ -119.155190699888081, 53.186510557621581 ], [ -119.157356000695771, 53.186074866643132 ], [ -119.1610265050317, 53.185320968517367 ], [ -119.163965790439846, 53.185155028238476 ], [ -119.167342418921308, 53.184235743160201 ], [ -119.168436387825096, 53.183301950450627 ], [ -119.172037879580259, 53.183067561799 ], [ -119.174144921779217, 53.183371531431213 ], [ -119.176709612427544, 53.183321906361158 ], [ -119.179464828034853, 53.183274523713933 ], [ -119.18344843921831, 53.183084842135862 ], [ -119.186004834041043, 53.182868819861511 ], [ -119.188189721131167, 53.182827825448477 ], [ -119.190852624750178, 53.182837426737279 ], [ -119.19381778151805, 53.183182776067326 ], [ -119.196967035956177, 53.183409058181944 ], [ -119.199742409770977, 53.183756464573179 ], [ -119.201947742655378, 53.184114967792915 ], [ -119.204518475470621, 53.184181520485112 ], [ -119.206660880027258, 53.185167622058167 ], [ -119.209008580987557, 53.186438897426662 ], [ -119.210394354365874, 53.187496731753065 ], [ -119.212059389823452, 53.188436660365205 ], [ -119.213361639310193, 53.189722409507553 ], [ -119.215433515936823, 53.191169835350152 ], [ -119.217199419644913, 53.192218612228132 ], [ -119.219782642485882, 53.192513887343857 ], [ -119.223030577361016, 53.192794487146131 ], [ -119.226195858961574, 53.193307425965699 ], [ -119.229512234709432, 53.193072445208102 ], [ -119.232727912470594, 53.192728463422064 ], [ -119.235807309081522, 53.191588293079526 ], [ -119.23657883475606, 53.189972370339305 ], [ -119.237044931373404, 53.187966853775713 ], [ -119.236189839537587, 53.186156934812452 ], [ -119.236145457268762, 53.183476654584702 ], [ -119.236269890018505, 53.182216781739449 ], [ -119.237617861029491, 53.18071078647754 ], [ -119.238977394065344, 53.179429351183224 ], [ -119.242212173078002, 53.177653474863767 ], [ -119.244272025869591, 53.17704443148326 ], [ -119.245954673854186, 53.176498331459456 ], [ -119.248982121482541, 53.17621460368747 ], [ -119.252585229709155, 53.176031702269839 ], [ -119.256482028814503, 53.176013688605416 ], [ -119.259474561622696, 53.17687392732465 ], [ -119.260196113946421, 53.177941519220383 ], [ -119.259300352977419, 53.178986086787994 ], [ -119.257828786529799, 53.179929782176558 ], [ -119.25645164437519, 53.180865576891946 ], [ -119.255176018218421, 53.181919214506436 ], [ -119.25392698751314, 53.183484863872941 ], [ -119.252843639711742, 53.184585590058383 ], [ -119.252048469694586, 53.185743492323844 ], [ -119.25182315252691, 53.187357983518837 ], [ -119.25205309241332, 53.189455665897988 ], [ -119.253185230627224, 53.191192580793938 ], [ -119.254022333470488, 53.192553062637785 ], [ -119.254501469795457, 53.194430330637914 ], [ -119.255838523264416, 53.196344380814118 ], [ -119.256893794858797, 53.198322505824756 ], [ -119.25852777382795, 53.201040358985914 ], [ -119.259215110788077, 53.202671662710749 ], [ -119.260175278748079, 53.204648669789087 ], [ -119.261641355267415, 53.207192510102587 ], [ -119.262961126493849, 53.208765121166003 ], [ -119.265193482146472, 53.211402934857084 ], [ -119.265253603800062, 53.212543730394863 ], [ -119.265558086575155, 53.214706217104258 ], [ -119.26638795580503, 53.216003882856292 ], [ -119.267024404993279, 53.217245489154728 ], [ -119.268246679279812, 53.218763049401339 ], [ -119.269067673830165, 53.219890024762421 ], [ -119.270667360533281, 53.221344510663975 ], [ -119.272067847304029, 53.22263064201352 ], [ -119.273943521147814, 53.223904176508817 ], [ -119.276279746187598, 53.224886629052726 ], [ -119.279029923906691, 53.226488615392007 ], [ -119.281762118108816, 53.227749200698028 ], [ -119.282875249977408, 53.228987061993969 ], [ -119.283922847587945, 53.230789754158842 ], [ -119.28408811281426, 53.232102252196903 ], [ -119.285636249810764, 53.234354877567284 ], [ -119.287389607419883, 53.236888076000568 ], [ -119.289084627467489, 53.240107330716931 ], [ -119.290918503350738, 53.242354087611503 ], [ -119.292102143132624, 53.244898780308986 ], [ -119.294816859907229, 53.247586169367018 ], [ -119.296476493353367, 53.250122633688747 ], [ -119.297645536212173, 53.25238435142245 ], [ -119.298160899667607, 53.254885681690958 ], [ -119.300883065213753, 53.255916742472245 ], [ -119.303970842991319, 53.256655513353309 ], [ -119.307510187653378, 53.258700826894852 ], [ -119.308823919023979, 53.260102209511594 ], [ -119.312261842063975, 53.262029559768436 ], [ -119.31385236212526, 53.263254353432714 ], [ -119.31647461319632, 53.264176185287795 ], [ -119.318660442605534, 53.265842798981488 ], [ -119.32071206861184, 53.266776259693735 ], [ -119.323739423372729, 53.268142206621711 ], [ -119.326466362086208, 53.269231011704036 ], [ -119.329522233460196, 53.271108767375722 ], [ -119.332298983065016, 53.273109113127525 ], [ -119.333731557839783, 53.274910889093569 ], [ -119.334684353182638, 53.276658137077511 ], [ -119.33533650307119, 53.278128336222906 ], [ -119.336191650933685, 53.279825124202432 ], [ -119.337506998007242, 53.281226121787675 ], [ -119.339203239041623, 53.282617704165311 ], [ -119.341255895560437, 53.283550755593289 ], [ -119.34236851405754, 53.284725106046878 ], [ -119.342379524567122, 53.286664174663073 ], [ -119.340544201399794, 53.287959673770921 ], [ -119.338652197989418, 53.28822222906507 ], [ -119.336689926562443, 53.288946309897234 ], [ -119.335910909661095, 53.290387701035534 ], [ -119.334636650705278, 53.291496147880082 ], [ -119.332745946345668, 53.293531511889235 ], [ -119.332283569722506, 53.295537323272349 ], [ -119.332265923569494, 53.296964442644637 ], [ -119.33352369809225, 53.298367595696106 ], [ -119.336721760626844, 53.298246500324225 ], [ -119.338890615767369, 53.29780737682767 ], [ -119.34127163853357, 53.297760959200502 ], [ -119.344489336213911, 53.299065403303629 ], [ -119.346450857810851, 53.300055694116594 ], [ -119.348849133748899, 53.302060462302371 ], [ -119.350540548481646, 53.303339561150125 ], [ -119.351936846095995, 53.304453941768557 ], [ -119.353228144956034, 53.305396653124532 ], [ -119.355396255342157, 53.306667228401082 ], [ -119.35706579869003, 53.30754654198229 ], [ -119.35760200954573, 53.308620372903498 ], [ -119.357963343764368, 53.309984106669425 ], [ -119.358032335703385, 53.311237057430965 ], [ -119.35665703738708, 53.312236944805129 ], [ -119.355081375140415, 53.313064157740044 ], [ -119.352236043733683, 53.313352843357556 ], [ -119.350272671785063, 53.314072685906069 ], [ -119.348525416588444, 53.315252584024108 ], [ -119.348250901827669, 53.317197590599925 ], [ -119.348602399116871, 53.318386214122611 ], [ -119.34915422705852, 53.319747505779752 ], [ -119.348777992713991, 53.321579236163586 ], [ -119.348494056617824, 53.32335358996842 ], [ -119.348536578943254, 53.325862989984522 ], [ -119.34957459119876, 53.327386494201406 ], [ -119.350406037961221, 53.328625052080923 ], [ -119.351738892055749, 53.33030874509155 ], [ -119.354095607216706, 53.331518442282373 ], [ -119.355209258804138, 53.334407245166872 ], [ -119.356727197076111, 53.335976309408046 ], [ -119.358054494888677, 53.337547842436422 ], [ -119.359693385001165, 53.339571485445383 ], [ -119.361618025732938, 53.341584622146918 ], [ -119.363193567931859, 53.344182103558893 ], [ -119.364705616183429, 53.34563426739534 ], [ -119.366939587913208, 53.346330813517255 ], [ -119.368792497460902, 53.347036821735159 ], [ -119.371503257903569, 53.347724760318798 ], [ -119.374713456291929, 53.348803804837907 ], [ -119.376092415191508, 53.349572143761897 ], [ -119.377596022254508, 53.350857933561471 ], [ -119.379185243149806, 53.351965031842909 ], [ -119.380500931634003, 53.353307212350217 ], [ -119.381610871575475, 53.354373430831927 ], [ -119.383193955062154, 53.355368188573038 ], [ -119.385339583905591, 53.356180156960114 ], [ -119.387396380401142, 53.357107877002399 ], [ -119.388703139409913, 53.358279276749201 ], [ -119.390608112060022, 53.359896620463282 ], [ -119.392566920534307, 53.360773863661557 ], [ -119.395288783939733, 53.361631866396877 ], [ -119.39790237079734, 53.362264286371094 ], [ -119.400141195965176, 53.36301853286718 ], [ -119.401432192566162, 53.363902343662744 ], [ -119.40301586377656, 53.364896813235092 ], [ -119.405916193914024, 53.365522937275891 ], [ -119.408626469896518, 53.366111033287112 ], [ -119.411664977151574, 53.365863298012378 ], [ -119.413738054615465, 53.365367802709713 ], [ -119.416018503269783, 53.364072481680211 ], [ -119.419038770950621, 53.362862166280834 ], [ -119.42269998432991, 53.361758521887268 ], [ -119.423951164468519, 53.360249343557591 ], [ -119.427017453323714, 53.358762633089086 ], [ -119.429816664084228, 53.357618823250576 ], [ -119.431944677346522, 53.356432441515167 ], [ -119.434480746052287, 53.355698864508 ], [ -119.436776019606668, 53.355766305521499 ], [ -119.440682708624962, 53.355629546899827 ], [ -119.443349355809787, 53.355516478058625 ], [ -119.446164493211668, 53.354659709166633 ], [ -119.449077848005004, 53.353857706088064 ], [ -119.452502931532024, 53.353756567791464 ], [ -119.45461502189454, 53.353857521143517 ], [ -119.45719278945603, 53.353859981712048 ], [ -119.459994280926281, 53.354430071678699 ], [ -119.463775844101718, 53.355435888651471 ], [ -119.466610529216524, 53.356576155941312 ], [ -119.469060634566816, 53.357667797288236 ], [ -119.471596240802157, 53.358585155194831 ], [ -119.474618867436277, 53.359664168079497 ], [ -119.476572709066247, 53.360423278205637 ], [ -119.479680701680621, 53.361327931675476 ], [ -119.482295676542549, 53.361958541693113 ], [ -119.486058444258333, 53.362622332854606 ], [ -119.488156607796014, 53.362579205328593 ], [ -119.492425100773445, 53.362089557261328 ], [ -119.494700712022137, 53.361814580864575 ], [ -119.496999451046946, 53.361934743381482 ], [ -119.499890578204017, 53.362388009671726 ], [ -119.501920196055934, 53.362801816956136 ], [ -119.50415771710648, 53.363500306785099 ], [ -119.506319658672311, 53.364539166351435 ], [ -119.507981165029776, 53.365187375959742 ], [ -119.510422739631153, 53.366107559846554 ], [ -119.51241320078401, 53.366612727266599 ], [ -119.515786619000011, 53.367992560127824 ], [ -119.518712089200704, 53.369015743292394 ], [ -119.521883369005579, 53.369345418092919 ], [ -119.523852936328851, 53.368735019480759 ], [ -119.525764243677983, 53.367150151614489 ], [ -119.526838150314347, 53.365930142692214 ], [ -119.529229860460973, 53.364394459079193 ], [ -119.530817156406499, 53.363789480149734 ], [ -119.533112938510101, 53.363855116777557 ], [ -119.536856474385971, 53.364176099710463 ], [ -119.540658193343432, 53.36386914621896 ], [ -119.545068913397344, 53.364173426134066 ], [ -119.549193768022235, 53.364483965338849 ], [ -119.553247530659277, 53.36519764786928 ], [ -119.555812572163873, 53.366611776831434 ], [ -119.557580580189224, 53.367385752030323 ], [ -119.559761338053278, 53.368710991523294 ], [ -119.562248999195091, 53.370370991222316 ], [ -119.564589071516394, 53.37117245392453 ], [ -119.567199193533, 53.371688966944433 ], [ -119.573818662285277, 53.372172996935646 ], [ -119.575934859334012, 53.372415742601511 ], [ -119.578549510597824, 53.374583624046728 ], [ -119.579851638380134, 53.375582229685691 ], [ -119.581525489710046, 53.376404491194371 ], [ -119.583273257300348, 53.376877323992552 ], [ -119.585134668325594, 53.377638322125065 ], [ -119.587966835056932, 53.378659009695539 ], [ -119.590121134856346, 53.379525710638553 ], [ -119.592968154255473, 53.380779743758907 ], [ -119.595804423176119, 53.381858590335675 ], [ -119.603555485315553, 53.383629737123428 ], [ -119.60557310053872, 53.38381281411916 ], [ -119.607058138095567, 53.383098293271466 ], [ -119.608422844268659, 53.381983341617882 ], [ -119.608519426021616, 53.380440345839972 ], [ -119.606643510839703, 53.379450703935909 ], [ -119.606552982283219, 53.377968951971944 ], [ -119.605988838139908, 53.376555016006009 ], [ -119.605145258615153, 53.375259893710222 ], [ -119.603970669676443, 53.373230427295695 ], [ -119.60255856123409, 53.372006757186902 ], [ -119.60024619247946, 53.370115704678334 ], [ -119.597343111161649, 53.369494110242186 ], [ -119.596118697424401, 53.368209108736252 ], [ -119.596973790102354, 53.366596352751046 ], [ -119.599912782753492, 53.364646630438806 ], [ -119.602629449700643, 53.363785610470799 ], [ -119.605180058986349, 53.363331515269735 ], [ -119.607356393752937, 53.362999854878154 ], [ -119.6097228104111, 53.362660802163717 ], [ -119.612396770429569, 53.362660860814096 ], [ -119.61544141139612, 53.362479974685399 ], [ -119.620075921661581, 53.36175130724002 ], [ -119.622205946428835, 53.360674048946564 ], [ -119.623350918267434, 53.359108384449648 ], [ -119.626536859880034, 53.358125106233103 ], [ -119.628814503678498, 53.359445396680243 ], [ -119.629280321947206, 53.360804528859241 ], [ -119.629823876058751, 53.361877091496233 ], [ -119.630388574545975, 53.363290886385464 ], [ -119.632550420967704, 53.364273543204966 ], [ -119.634669572039329, 53.364569208518006 ], [ -119.638053063224206, 53.36523420287849 ], [ -119.642026859306242, 53.366173152978739 ], [ -119.644633766722464, 53.366629666902718 ], [ -119.64753420560622, 53.367196193604663 ], [ -119.649459187006244, 53.367436154827722 ], [ -119.651741045194001, 53.367270592322953 ], [ -119.653920725499987, 53.36699645960951 ], [ -119.657533920085768, 53.366742781298903 ], [ -119.661585973859957, 53.367394467949268 ], [ -119.663659110546746, 53.366948798854438 ], [ -119.666032847472707, 53.366725359033772 ], [ -119.668417289697985, 53.366672568971289 ], [ -119.671625511410753, 53.367573580711991 ], [ -119.673582668740167, 53.368325307489179 ], [ -119.675477303433709, 53.369597001478816 ], [ -119.677904733396133, 53.37022675365511 ], [ -119.680641498128651, 53.372734562039248 ], [ -119.681112726129285, 53.374151789402873 ], [ -119.681202209055627, 53.375574945087394 ], [ -119.679801651803729, 53.377605457340437 ], [ -119.679891104300964, 53.379028619683396 ], [ -119.680963594017797, 53.380890364532142 ], [ -119.682081222812741, 53.381949235178581 ], [ -119.683658361804575, 53.382715563995781 ], [ -119.686178139024634, 53.383282911163661 ], [ -119.688882441472586, 53.383739451369173 ], [ -119.69152316640006, 53.384706956446742 ], [ -119.694553079369314, 53.385780614336419 ], [ -119.69593914131994, 53.386545234843659 ], [ -119.697333221946934, 53.387431023826394 ], [ -119.700292945139807, 53.388903269250925 ], [ -119.702741382210391, 53.388334445060835 ], [ -119.705079916433618, 53.387540395769143 ], [ -119.708941445473343, 53.386654833966752 ], [ -119.712740160152563, 53.386284649999695 ], [ -119.716963576389105, 53.386586097822814 ], [ -119.72145533743786, 53.386597795180471 ], [ -119.725305007440994, 53.387026190509822 ], [ -119.728123020926546, 53.387760748655808 ], [ -119.729256586131825, 53.389047859089395 ], [ -119.729674216977656, 53.391092253212065 ], [ -119.729603898436764, 53.392975961110189 ], [ -119.729981861232062, 53.394396442338781 ], [ -119.730296672646134, 53.396327898381493 ], [ -119.731514923987987, 53.39744060260783 ], [ -119.733342539679029, 53.399109610957744 ], [ -119.733382671959248, 53.401222910876513 ], [ -119.731671112844353, 53.402856664042595 ], [ -119.73352461908334, 53.404925090783671 ], [ -119.735404542890336, 53.40591247985963 ], [ -119.736920371511957, 53.407188759774726 ], [ -119.738521396017134, 53.408295136855486 ], [ -119.740706105559653, 53.409558284929155 ], [ -119.742802164931163, 53.41093289052359 ], [ -119.745317734944493, 53.41287570750719 ], [ -119.747230907033128, 53.414369957807274 ], [ -119.747513545371277, 53.415789573698049 ], [ -119.7481711900287, 53.41708640162652 ], [ -119.749691767635426, 53.41842112081256 ], [ -119.75071275999484, 53.41942465274203 ], [ -119.752193401426226, 53.420135448954461 ], [ -119.753970933419041, 53.421005550841244 ], [ -119.75613094229476, 53.421869421831275 ], [ -119.757989494126264, 53.422511186615324 ], [ -119.757564473359153, 53.42480548130429 ], [ -119.758678030691911, 53.425751379031489 ], [ -119.760838133173479, 53.4266151188923 ], [ -119.762359472825295, 53.427949806739164 ], [ -119.764042338162966, 53.428823460226525 ], [ -119.758359506582195, 53.437061000251823 ], [ -119.759851270003807, 53.437937783259066 ], [ -119.762104243136918, 53.438743714567231 ], [ -119.766054787496515, 53.440647602469575 ], [ -119.768444120841693, 53.442078034945659 ], [ -119.77013882092281, 53.443122067981221 ], [ -119.771855960119169, 53.444511717922779 ], [ -119.7727427634386, 53.446371051848409 ], [ -119.773427550062621, 53.448067420319944 ], [ -119.773954975399221, 53.450283130716365 ], [ -119.773699221698223, 53.452228598329064 ], [ -119.774097451827402, 53.453931898645699 ], [ -119.775161148978384, 53.455563578028219 ], [ -119.776382339927778, 53.456675877143937 ], [ -119.777957505191026, 53.458809108396075 ], [ -119.779946823602771, 53.459958110819976 ], [ -119.78030591023149, 53.462518009930939 ], [ -119.780620224644039, 53.464395622068828 ], [ -119.781022848648064, 53.466157180140556 ], [ -119.781314539656663, 53.467689154058725 ], [ -119.783393144157202, 53.46872644594162 ], [ -119.786048463383565, 53.46980355864217 ], [ -119.78899870479151, 53.470990265472381 ], [ -119.791191937249934, 53.472310797566834 ], [ -119.792573122388305, 53.474388459954582 ], [ -119.793105414050203, 53.476657727406874 ], [ -119.793034505656564, 53.478487706299411 ], [ -119.792661466990765, 53.480095815818927 ], [ -119.791279416726908, 53.480925431636052 ], [ -119.788780286069283, 53.482240961353341 ], [ -119.787501386276432, 53.483183416353953 ], [ -119.786012595309572, 53.483846268467936 ], [ -119.783777076106375, 53.484809112866856 ], [ -119.782814855093619, 53.486202371786284 ], [ -119.782032449921672, 53.487417396437479 ], [ -119.782229048636694, 53.488953160503186 ], [ -119.782793211499822, 53.490253642546513 ], [ -119.784188532185269, 53.491079692294193 ], [ -119.786179538618853, 53.492228313801235 ], [ -119.78891019110462, 53.492964616314886 ], [ -119.792406002282704, 53.493683556951616 ], [ -119.796950421204443, 53.494319641414606 ], [ -119.800629559019967, 53.494913918113824 ], [ -119.803345513814335, 53.495420921061644 ], [ -119.805138784055956, 53.496464608986699 ], [ -119.807502302959506, 53.497435733206203 ], [ -119.810168038636093, 53.498628591273238 ], [ -119.812087688050582, 53.500126056994482 ], [ -119.81486036333726, 53.50148564486782 ], [ -119.818303082275435, 53.502831552363681 ], [ -119.820322268127811, 53.504379043157442 ], [ -119.822816306066628, 53.505862257412218 ], [ -119.826194190841306, 53.507665147143555 ], [ -119.828424633043966, 53.509496491946322 ], [ -119.830562984722278, 53.51138554512999 ], [ -119.833321445516276, 53.513946997629567 ], [ -119.834579881703277, 53.515570161963588 ], [ -119.836164188859655, 53.517760832855942 ], [ -119.850269469172147, 53.510860625536075 ], [ -119.8520451903333, 53.510189886526405 ], [ -119.853503600306141, 53.509072959566147 ], [ -119.853786427752098, 53.507580756650889 ], [ -119.854253485339228, 53.505973047652219 ], [ -119.854895826000984, 53.504128681321795 ], [ -119.855848418955048, 53.502622744750525 ], [ -119.859200094977027, 53.501172225010762 ], [ -119.861277649267223, 53.500723119167226 ], [ -119.865850100191878, 53.500329866930784 ], [ -119.869730170691184, 53.501035811015647 ], [ -119.871651911368161, 53.502532619059899 ], [ -119.873175475332786, 53.503807112288584 ], [ -119.874610799862978, 53.505197698281414 ], [ -119.876800831070227, 53.506404421773162 ], [ -119.878484905658013, 53.507217726280743 ], [ -119.881209930518182, 53.507835435450787 ], [ -119.882990006564654, 53.508649245994178 ], [ -119.885332806905794, 53.509277985266252 ], [ -119.887560410905934, 53.509623360355178 ], [ -119.890316833286121, 53.510698610856366 ], [ -119.892380333723153, 53.511446653178361 ], [ -119.893250727408585, 53.512968137117419 ], [ -119.894687254179374, 53.514358391379773 ], [ -119.896460316454622, 53.515059755102747 ], [ -119.899611676612892, 53.516294081802926 ], [ -119.90073220515437, 53.5186648086109 ], [ -119.901300332304018, 53.519964604093154 ], [ -119.901130358226936, 53.521681741015627 ], [ -119.89962621802178, 53.531932446025102 ], [ -119.899711623589269, 53.533184556710637 ], [ -119.8970328934208, 53.534676152020772 ], [ -119.894490959450295, 53.535365506162258 ], [ -119.890014878734533, 53.535814560375023 ], [ -119.887449433232035, 53.536162699411356 ], [ -119.885106568553368, 53.536960720485602 ], [ -119.880310523202823, 53.541153437004219 ], [ -119.879132613943, 53.542187227652057 ], [ -119.877765866321838, 53.54324673151099 ], [ -119.876283988476203, 53.544022896323156 ], [ -119.873055677048384, 53.544501356493498 ], [ -119.869424760121646, 53.544703630431492 ], [ -119.86658312822928, 53.545229143028941 ], [ -119.864871096165743, 53.546865173753112 ], [ -119.863757197215804, 53.548832342266316 ], [ -119.863149168031157, 53.551188431024514 ], [ -119.862858787564122, 53.553990627576823 ], [ -119.86320793412311, 53.55632118921362 ], [ -119.863956396379336, 53.558873992510598 ], [ -119.864665584153627, 53.560852316678783 ], [ -119.865950150729333, 53.562820656077328 ], [ -119.867123377615371, 53.564559492985488 ], [ -119.869649735631114, 53.56644108023265 ], [ -119.871945871405217, 53.567755944388864 ], [ -119.87410738614507, 53.568500194991202 ], [ -119.877434768930982, 53.569448741201867 ], [ -119.880187410666579, 53.57041171520892 ], [ -119.882529499225996, 53.570981891060093 ], [ -119.884618968461638, 53.572070923202048 ], [ -119.886321450913016, 53.573112770512736 ], [ -119.902145768920036, 53.58414623382118 ], [ -119.90405272790349, 53.585355026571968 ], [ -119.905281079636211, 53.586465699867055 ], [ -119.905869760488642, 53.588048281456558 ], [ -119.90653882550103, 53.589402508705668 ], [ -119.907075033129601, 53.591617369858007 ], [ -119.907180278276726, 53.593152337398742 ], [ -119.907313780384257, 53.595091220628902 ], [ -119.908953168404722, 53.596590018790273 ], [ -119.909319134847678, 53.597722671214377 ], [ -119.910555893291615, 53.598949975528946 ], [ -119.913146914074872, 53.600314993276243 ], [ -119.918101782391489, 53.602631171727296 ], [ -119.921950894475501, 53.604034492600661 ], [ -119.92668769717244, 53.605860172944148 ], [ -119.930038478731433, 53.608345968663109 ], [ -119.918814188680841, 53.615640949109114 ], [ -119.9169512883213, 53.616487376571229 ], [ -119.913790241841667, 53.616622208854928 ], [ -119.911265078510979, 53.61622666346134 ], [ -119.908859126316003, 53.61616822367904 ], [ -119.906931116088387, 53.617471832652619 ], [ -119.905275264199943, 53.618539167572116 ], [ -119.903535038112878, 53.619780980602371 ], [ -119.901217407727188, 53.619610729494056 ], [ -119.899011545331902, 53.619665384140298 ], [ -119.895771868114053, 53.618659747180288 ], [ -119.893215413440188, 53.617806018337795 ], [ -119.890674466901302, 53.617181143829399 ], [ -119.886644804295273, 53.615852105281974 ], [ -119.884024083396625, 53.615459904941524 ], [ -119.88166910072627, 53.616145965391077 ], [ -119.880814661353895, 53.617706726204645 ], [ -119.879046710712643, 53.618548729941153 ], [ -119.876874453228439, 53.61768793577528 ], [ -119.875073975301959, 53.6166453723404 ], [ -119.873039437287346, 53.614982238778559 ], [ -119.86960863018696, 53.612556969983018 ], [ -119.868943931184745, 53.611256385437905 ], [ -119.867447668830934, 53.610439832084154 ], [ -119.8634839361101, 53.608648265017301 ], [ -119.860008116362536, 53.606962703964243 ], [ -119.856593854414911, 53.606188195531864 ], [ -119.853280133081398, 53.605472508379385 ], [ -119.850587112065114, 53.605420091219024 ], [ -119.848278101577634, 53.605360998338227 ], [ -119.84570065392758, 53.605596319305619 ], [ -119.843632725656136, 53.606269957846173 ], [ -119.835308968756109, 53.608183124556987 ], [ -119.832473888957253, 53.608878685613114 ], [ -119.830306572328894, 53.608070890010076 ], [ -119.826019142763386, 53.605719660021222 ], [ -119.818913499555833, 53.602865666920778 ], [ -119.815212781283492, 53.602097091592263 ], [ -119.813087960568808, 53.601917374477544 ], [ -119.811000898194891, 53.602307680319505 ], [ -119.807652530903709, 53.602501294691031 ], [ -119.803732039713779, 53.60276287995066 ], [ -119.800748185599119, 53.602662567374026 ], [ -119.798965540066362, 53.601847728352567 ], [ -119.796242992490974, 53.601340727946052 ], [ -119.793631684933118, 53.601063225745015 ], [ -119.789985878853201, 53.599661584969667 ], [ -119.788508190259662, 53.597641678436425 ], [ -119.788066863174663, 53.595314588410801 ], [ -119.787224672640463, 53.594191762957166 ], [ -119.785401261287063, 53.592748286749497 ], [ -119.783818949454869, 53.592046708180206 ], [ -119.781450821483602, 53.591075100693423 ], [ -119.778142186780599, 53.590406694076776 ], [ -119.774960163177823, 53.590196686378377 ], [ -119.769885390691812, 53.590183879298486 ], [ -119.766792904769503, 53.590100586800453 ], [ -119.761830474801215, 53.590560002457238 ], [ -119.757708221185013, 53.590657131607962 ], [ -119.75426812282879, 53.590906928229487 ], [ -119.750378223679348, 53.59162459725944 ], [ -119.748427615833066, 53.592638418526896 ], [ -119.746123118539018, 53.594116350720434 ], [ -119.744615308781363, 53.596035087115744 ], [ -119.743582965642247, 53.597885380158935 ], [ -119.741691409865894, 53.599814846282563 ], [ -119.740345231855486, 53.60127254548587 ], [ -119.73829835243825, 53.602290026041992 ], [ -119.736162699342017, 53.60342351083073 ], [ -119.73419641501323, 53.604208192424778 ], [ -119.731459486534206, 53.604955920731115 ], [ -119.729202105429366, 53.605693564904534 ], [ -119.726361538775151, 53.6063282733287 ], [ -119.723698075089047, 53.606730870536268 ], [ -119.720584540325248, 53.607601281944881 ], [ -119.718322895402721, 53.608280380171728 ], [ -119.716138248975099, 53.610158027128747 ], [ -119.715462009686519, 53.611597936453407 ], [ -119.715660605570207, 53.613192263007981 ], [ -119.715645015827803, 53.614448522621004 ], [ -119.7166548017926, 53.61670833722922 ], [ -119.718252221315808, 53.617644242442886 ], [ -119.721029957254757, 53.619005945339232 ], [ -119.7235672921217, 53.622600361885425 ], [ -119.724891158732532, 53.625252710123867 ], [ -119.725536444378037, 53.626320758773524 ], [ -119.727887258860491, 53.6284958157284 ], [ -119.729469881028393, 53.629198131684852 ], [ -119.731411481747671, 53.629499136725393 ], [ -119.733367633713243, 53.630024558044731 ], [ -119.737058457900005, 53.630625053712819 ], [ -119.740532323126644, 53.644182040044974 ], [ -119.740285410419446, 53.646302597399547 ], [ -119.739517033864743, 53.647800311014102 ], [ -119.737693126074632, 53.649326465589859 ], [ -119.737009921907372, 53.650654258880763 ], [ -119.737715517218575, 53.652637950924692 ], [ -119.738708754977139, 53.654610206661793 ], [ -119.739019092061781, 53.656429578746064 ], [ -119.738066526204449, 53.658051614995529 ], [ -119.737671313476113, 53.659372466879532 ], [ -119.738162933924457, 53.661018118651484 ], [ -119.739185838471272, 53.661963075671686 ], [ -119.742609802304429, 53.662853046990037 ], [ -119.745136522261063, 53.663252072173108 ], [ -119.748136165748008, 53.663528699463988 ], [ -119.751231291466681, 53.663796946356648 ], [ -119.754023839740896, 53.66384770702296 ], [ -119.756362232754441, 53.66430805850402 ], [ -119.758212637894701, 53.664661814817201 ], [ -119.760415290794541, 53.66598260354823 ], [ -119.760907479198679, 53.667628210001219 ], [ -119.761864513164554, 53.669030255122713 ], [ -119.761746727465507, 53.670173650572892 ], [ -119.762297785387375, 53.671245338967395 ], [ -119.763233297845531, 53.672310677426097 ], [ -119.765006536110562, 53.673045500392199 ], [ -119.769208050114116, 53.673939790218363 ], [ -119.770970709632564, 53.674413905485451 ], [ -119.772648403649427, 53.675057922974517 ], [ -119.773307317119603, 53.676300782262466 ], [ -119.773961767502442, 53.677480805584842 ], [ -119.775338021996831, 53.679392570190885 ], [ -119.777944332581157, 53.680985019104632 ], [ -119.778981003204294, 53.683585464880977 ], [ -119.777814624535225, 53.68486989679301 ], [ -119.777065780965899, 53.686655190250434 ], [ -119.776608936956421, 53.688491798808073 ], [ -119.778469820450653, 53.690447143615962 ], [ -119.780939838085786, 53.691419388477087 ], [ -119.783782735123665, 53.692205603631407 ], [ -119.785861078114493, 53.693071931053908 ], [ -119.787858318725199, 53.694166517690043 ], [ -119.789382821871868, 53.695388067655493 ], [ -119.790162250832438, 53.698448838997031 ], [ -119.790283158938351, 53.700275816311816 ], [ -119.79045428571736, 53.701412152586158 ], [ -119.791351167114357, 53.703329498176991 ], [ -119.79371133417213, 53.704076365384246 ], [ -119.795571637278655, 53.704546220469595 ], [ -119.797358661093796, 53.705361057210354 ], [ -119.798849504601165, 53.706066255541437 ], [ -119.80186337635449, 53.706507626003514 ], [ -119.804166679379975, 53.706396920881275 ], [ -119.806854933387442, 53.706279667272014 ], [ -119.809093978195477, 53.705199271125487 ], [ -119.811306005766951, 53.70371934393944 ], [ -119.815052020005311, 53.702145980273194 ], [ -119.819177762588239, 53.701934423973434 ], [ -119.821050447642946, 53.701147642088387 ], [ -119.822331266791835, 53.700146203791071 ], [ -119.823723868091861, 53.699374277344489 ], [ -119.825196890275862, 53.698369537583609 ], [ -119.827338465056059, 53.69728822232274 ], [ -119.829476868861633, 53.696157486006761 ], [ -119.833082882487687, 53.695385854866572 ], [ -119.835673750548224, 53.695267388531683 ], [ -119.838425980752646, 53.69611453188643 ], [ -119.843780635660664, 53.698440345234118 ], [ -119.845706539014373, 53.699878979671396 ], [ -119.846275701822165, 53.701179143457765 ], [ -119.846187051806467, 53.702722061494505 ], [ -119.845506426779238, 53.704050463557216 ], [ -119.84447190949551, 53.705843316650402 ], [ -119.844525767883127, 53.708069088551206 ], [ -119.844464285106696, 53.710011483232641 ], [ -119.844733052495755, 53.711143810025277 ], [ -119.84678660279782, 53.713036355962394 ], [ -119.84883284298418, 53.713389848278432 ], [ -119.852459090215291, 53.712900427094517 ], [ -119.854347332049741, 53.712342054184603 ], [ -119.857792923505855, 53.712030849621371 ], [ -119.860973814150839, 53.712072397695856 ], [ -119.863569278605794, 53.712007186944447 ], [ -119.86525390464179, 53.712708204812337 ], [ -119.867588953487981, 53.713054108693527 ], [ -119.870919771168786, 53.713885956285068 ], [ -119.873880869457068, 53.713531041972061 ], [ -119.876122343158073, 53.712507793448431 ], [ -119.879213340520309, 53.711233728597719 ], [ -119.88080458721079, 53.710565536896041 ], [ -119.882399705356178, 53.709955678147118 ], [ -119.886141324563937, 53.709753062814841 ], [ -119.888091377485978, 53.710105321999862 ], [ -119.890025761019075, 53.71022863871557 ], [ -119.892978495650283, 53.709756553432307 ], [ -119.895046546814015, 53.709023607472773 ], [ -119.897807283520805, 53.708559272903472 ], [ -119.899809847035684, 53.708279036149996 ], [ -119.902224923423177, 53.708391421782039 ], [ -119.904539777823501, 53.708449362860257 ], [ -119.907490679702519, 53.709349822120892 ], [ -119.908646508216776, 53.710747149623522 ], [ -119.910779609916347, 53.71235182806911 ], [ -119.912812343253847, 53.713897587047434 ], [ -119.913851805354625, 53.715619241227913 ], [ -119.91549766831271, 53.71651471914015 ], [ -119.919830019522308, 53.719266515400683 ], [ -119.91785013865892, 53.719883697783146 ], [ -119.915250100506825, 53.719891753889996 ], [ -119.91247295956299, 53.720127595064838 ], [ -119.909688654031825, 53.720255639084357 ], [ -119.905901454270179, 53.721203525494523 ], [ -119.903564239666011, 53.722231273032286 ], [ -119.897959059052354, 53.72756107990778 ], [ -119.898349521004477, 53.729034916691546 ], [ -119.898743968557739, 53.730567102991557 ], [ -119.899730852717369, 53.732309035711232 ], [ -119.90121544659992, 53.734273591492581 ], [ -119.903017563869795, 53.735257363375425 ], [ -119.903576846368054, 53.736382173989135 ], [ -119.903498869425391, 53.738041775603484 ], [ -119.902912108308357, 53.739312668673584 ], [ -119.902421193303297, 53.740579622821919 ], [ -119.900606797971861, 53.742220469039928 ], [ -119.899069327257422, 53.74368338342466 ], [ -119.896803109446779, 53.744365966384805 ], [ -119.894264129588407, 53.745284735633163 ], [ -119.892722637760727, 53.746693711847612 ], [ -119.891866118072898, 53.748254653606779 ], [ -119.891710110888397, 53.750196490486111 ], [ -119.89260571421373, 53.752005205194962 ], [ -119.893704275364342, 53.75397213507209 ], [ -119.894468319141296, 53.755268616921995 ], [ -119.894173514794289, 53.75659047953809 ], [ -119.893797961171941, 53.758140697579464 ], [ -119.892667348062631, 53.759933386906418 ], [ -119.886148392143397, 53.764714661138953 ], [ -119.889890237780762, 53.767248633219978 ], [ -119.886899007864272, 53.777084075270622 ], [ -119.891187735144214, 53.777723268505234 ], [ -119.893699281077673, 53.777773465384435 ], [ -119.895629721059066, 53.777784407261763 ], [ -119.898222248383902, 53.777606143140225 ], [ -119.90130878496818, 53.777592099935823 ], [ -119.904290397997841, 53.777460755940055 ], [ -119.906486044994466, 53.777123060730325 ], [ -119.910033601545223, 53.776806294569226 ], [ -119.912517840971944, 53.776461128041134 ], [ -119.91464091331521, 53.776468342307027 ], [ -119.916663251602728, 53.77641664910319 ], [ -119.919267456636078, 53.776412995592928 ], [ -119.923154406236449, 53.776829073593724 ], [ -119.926271516157726, 53.777267759745378 ], [ -119.928735091097806, 53.776635060694112 ], [ -119.931873039222495, 53.775987983836842 ], [ -119.934817974589436, 53.775344291495806 ], [ -119.938352817990079, 53.774860692940699 ], [ -119.941710653212709, 53.774604861146095 ], [ -119.946067103148565, 53.774838738488533 ], [ -119.949059671536673, 53.776249727655745 ], [ -119.956923064125576, 53.779709290965144 ], [ -119.963732654456066, 53.783252651132358 ], [ -119.968218861655231, 53.785307836022852 ], [ -119.975491729411445, 53.788552243034417 ], [ -119.977197715999267, 53.789480483332554 ], [ -119.980116269650168, 53.7911774078622 ], [ -119.981260521127737, 53.792345056220476 ], [ -119.982425977652198, 53.793804390439817 ], [ -119.982615063933522, 53.795110863765196 ], [ -119.982178969108887, 53.797118576985852 ], [ -119.979032421647204, 53.797654782313643 ], [ -119.975777079705978, 53.798019884103375 ], [ -119.974015459154174, 53.799033943689516 ], [ -119.97352186208532, 53.800242793006355 ], [ -119.972181907399218, 53.801761416151592 ], [ -119.973997344648126, 53.802860708445181 ], [ -119.975936109086746, 53.802982585388392 ], [ -119.979147670293784, 53.803357509826441 ], [ -119.98193785419727, 53.803232270499862 ], [ -119.985221535345246, 53.803261935966326 ], [ -119.987808556723252, 53.802969482976714 ], [ -119.990088867692194, 53.803711555181451 ], [ -119.992530368232153, 53.803996730721053 ], [ -119.995325650878712, 53.803812448585667 ], [ -119.997479530951111, 53.802786171902135 ], [ -119.998759800746868, 53.801728866022607 ], [ -120.001321265017936, 53.800883526617575 ], [ -120.001322756476355, 53.837969384637837 ], [ -120.001325017717363, 53.894946092648667 ], [ -120.001325263081853, 53.898263498533176 ], [ -120.001325324130718, 53.90322386416198 ], [ -120.001331671203815, 53.916416733476105 ], [ -120.001335114931152, 53.922007900922715 ], [ -120.001348331205691, 53.94554769543862 ], [ -120.001357806705315, 53.957792412346393 ], [ -120.001364304218981, 53.966332202387932 ], [ -120.001387118529635, 53.995512397214426 ], [ -120.001391218585582, 53.999978081246383 ], [ -120.001391426752065, 54.016787191109174 ], [ -120.00138268263656, 54.041139379708213 ], [ -120.001378952815628, 54.052890148083051 ], [ -120.001354604758831, 54.059938829719215 ], [ -120.001371821740307, 54.101320980409938 ], [ -120.001374934003977, 54.120597740909496 ], [ -120.001325921331031, 54.161912504525418 ], [ -120.001385051406331, 54.185557815095144 ], [ -120.001386887307717, 54.221461714379537 ], [ -120.001387138045359, 54.224963429596947 ], [ -120.001389535637813, 54.255821676326164 ], [ -120.001390310407672, 54.264674921376546 ], [ -120.001390604513745, 54.277313440032223 ], [ -120.001391937550068, 54.300200451210735 ], [ -120.001392644307685, 54.308419055566027 ], [ -120.001394074538695, 54.34265328707059 ], [ -120.001394035313737, 54.348221191732378 ], [ -120.001393174134307, 54.354648845944901 ], [ -120.001392176565076, 54.374260315249579 ], [ -120.001391701057983, 54.383447137602019 ], [ -120.001391102640639, 54.394938537208269 ], [ -120.001391286081784, 54.403693216539473 ], [ -120.001391066897284, 54.423957038900618 ], [ -120.001392432952144, 54.44113719802192 ], [ -120.001392552047633, 54.448590801697321 ], [ -120.001393295627523, 54.457754744699614 ], [ -120.001396872217143, 54.49032358265255 ], [ -120.001397561706668, 54.504114316158905 ], [ -120.001393970540974, 54.560013851739185 ], [ -120.001393797397881, 54.563956515896223 ] ] ] ] } },
{ "type": "Feature", "properties": { "AREA": 2380397490.2399998, "PERIMETER": 226082.10051600001, "SOILGR_T83": 13, "SOILGR_T_1": 4075, "SOIL_CODE": "GLO", "name": "Gray Luvisols, Organics (13)", "Shape_Leng": 226082.10070700001, "Shape_Area": 2380397491.6 }, "geometry": { "type": "MultiPolygon", "coordinates": [ [ [ [ -110.005601749804697, 53.770742380915742 ], [ -110.039603065884776, 53.78292844302878 ], [ -110.058352880117582, 53.784285051453821 ], [ -110.075805344077168, 53.772527709091442 ], [ -110.094826706013237, 53.764032559785264 ], [ -110.117458648618694, 53.768730317114382 ], [ -110.124154221184369, 53.774697131951562 ], [ -110.132170182531951, 53.790110726366152 ], [ -110.137045782141186, 53.798761720710345 ], [ -110.156846166307631, 53.815961404134853 ], [ -110.191688914426976, 53.811209026425111 ], [ -110.203715135262229, 53.803144575315542 ], [ -110.219787681532708, 53.789484265700686 ], [ -110.233980864807904, 53.778969667220217 ], [ -110.260530724905166, 53.768183130948636 ], [ -110.277886681658089, 53.768086412533684 ], [ -110.31009946758553, 53.784988552113461 ], [ -110.333873524119056, 53.805499689465847 ], [ -110.349626161539959, 53.817715053879589 ], [ -110.350242715969628, 53.830803826793016 ], [ -110.342824703336817, 53.843166199325751 ], [ -110.337460424279755, 53.858114901008378 ], [ -110.345891838714806, 53.870315025207795 ], [ -110.383516086104322, 53.880501920368076 ], [ -110.417258051347034, 53.879317984922274 ], [ -110.443584922435505, 53.874904099678915 ], [ -110.458227444215382, 53.879276406832439 ], [ -110.474680701607241, 53.892873118580091 ], [ -110.487888985698618, 53.900171023304701 ], [ -110.517173122450757, 53.905234810456456 ], [ -110.540566542216126, 53.903227662679079 ], [ -110.565051255512842, 53.901935870128696 ], [ -110.581085182235768, 53.908171174907046 ], [ -110.598603842741994, 53.915133768636707 ], [ -110.62433129298384, 53.929458361541656 ], [ -110.651816443033155, 53.945892766162153 ], [ -110.665587598066793, 53.955939894281116 ], [ -110.683314628670743, 53.965191845706784 ], [ -110.703744903934236, 53.970393688934521 ], [ -110.717304379833223, 53.970347696050418 ], [ -110.732961121334128, 53.968525454692163 ], [ -110.748409221972608, 53.968988590908992 ], [ -110.764194162931815, 53.974271700836589 ], [ -110.777237571740045, 53.979933134850441 ], [ -110.799093130210338, 53.982410404539607 ], [ -110.823228873860458, 53.985413010429802 ], [ -110.838623928595837, 53.986551013722142 ], [ -110.86883112926516, 53.995446691353642 ], [ -110.885200194377148, 54.007608674353762 ], [ -110.89157670076888, 54.027732301868646 ], [ -110.887830794431721, 54.043896095746277 ], [ -110.887866196056521, 54.056733911499165 ], [ -110.891948660904063, 54.076558256801434 ], [ -110.913752278485632, 54.093684140832465 ], [ -110.93153995774442, 54.107942883701853 ], [ -110.946983012271687, 54.118002963376696 ], [ -110.963274716089501, 54.136336298411706 ], [ -110.966420889232225, 54.144904716382541 ], [ -110.968135513972541, 54.165581540719501 ], [ -110.971309603585212, 54.182856324559111 ], [ -110.962783258157998, 54.195910070897241 ], [ -110.91583580774217, 54.211772469860776 ], [ -110.873241807838838, 54.222011828292345 ], [ -110.849881579677003, 54.226152746296123 ], [ -110.790450821746902, 54.228307008721011 ], [ -110.738526899248555, 54.229285634017032 ], [ -110.692237577365518, 54.228352947660142 ], [ -110.657478559255992, 54.225002157616032 ], [ -110.619598605554458, 54.221774796916442 ], [ -110.566975415585176, 54.221970682060793 ], [ -110.531001183837702, 54.227258663505779 ], [ -110.509957517109072, 54.239196196699055 ], [ -110.483627225385561, 54.257150751898834 ], [ -110.460744312090313, 54.267647442724957 ], [ -110.410789311466758, 54.26006879135636 ], [ -110.395817221678897, 54.249951981365854 ], [ -110.351495311431933, 54.244822458281632 ], [ -110.329087328016143, 54.246600450704442 ], [ -110.312081395127478, 54.237550234215448 ], [ -110.308908995323023, 54.219110148327033 ], [ -110.311434767515436, 54.205896656832017 ], [ -110.28280117653803, 54.204020487375395 ], [ -110.264023051887975, 54.21232355929866 ], [ -110.255180748885067, 54.218671591164387 ], [ -110.237385553247535, 54.22861174094313 ], [ -110.194699359312722, 54.241589993015019 ], [ -110.153324408750905, 54.252995038430591 ], [ -110.122112776698643, 54.256719921733335 ], [ -110.088281358205904, 54.255761608536943 ], [ -110.04944934015721, 54.247044526054026 ], [ -110.023585901669108, 54.241079926493285 ], [ -110.005680893931597, 54.236529725239599 ], [ -110.005671502250578, 54.185871904838308 ], [ -110.005671127891759, 54.18078138554192 ], [ -110.005667540585648, 54.161665938107355 ], [ -110.005656436030733, 54.098922727783574 ], [ -110.005655891379803, 54.094655831975437 ], [ -110.005649911742793, 54.063977240560597 ], [ -110.00562050301231, 54.00009863035001 ], [ -110.005613256032376, 53.936920969027099 ], [ -110.005613195256245, 53.933918732533805 ], [ -110.005613325538235, 53.932491888566148 ], [ -110.005611119279763, 53.889434055841683 ], [ -110.00560713049299, 53.854437522271397 ], [ -110.005607069703956, 53.849319718710312 ], [ -110.005607263619098, 53.841145646416663 ], [ -110.005606534462075, 53.835825260340229 ], [ -110.005603588910645, 53.802210296205637 ], [ -110.005602352987097, 53.794139609768258 ], [ -110.005602243565519, 53.78492566549334 ], [ -110.005601749804697, 53.770742380915742 ] ] ] ] } },
{ "type": "Feature", "properties": { "AREA": 66787065381.699997, "PERIMETER": 2551049.59718, "SOILGR_T83": 14, "SOILGR_T_1": 4070, "SOIL_CODE": "BLC", "name": "Black Chernozemics (14)", "Shape_Leng": 2551049.5968599999, "Shape_Area": 66787065382.800003 }, "geometry": { "type": "MultiPolygon", "coordinates": [ [ [ [ -113.804944400222254, 54.153970331785963 ], [ -113.778563795436398, 54.15329663078505 ], [ -113.745345568272668, 54.14477707760215 ], [ -113.717652397835835, 54.132179814595112 ], [ -113.693003763383842, 54.123264422912378 ], [ -113.680623429581814, 54.121780560573235 ], [ -113.662710970615166, 54.125274162558654 ], [ -113.633602181698564, 54.144226445437567 ], [ -113.595377317237407, 54.153008201721143 ], [ -113.584595423379625, 54.149240200159085 ], [ -113.570880650498111, 54.138121352349025 ], [ -113.558045108142011, 54.122888483032668 ], [ -113.541310101111733, 54.108987275852279 ], [ -113.453597833294737, 54.082421431788838 ], [ -113.428940333728434, 54.077111132080944 ], [ -113.388773828941169, 54.07253316076654 ], [ -113.359485138346429, 54.067155347924846 ], [ -113.322684897888735, 54.053900670207177 ], [ -113.197282221896486, 54.028056986990087 ], [ -113.082275720386761, 54.019163549600187 ], [ -113.018020151562169, 54.020072634696128 ], [ -112.965241885717617, 54.024321441366489 ], [ -112.945066425069854, 54.027854369379554 ], [ -112.909921884143756, 54.033998014617225 ], [ -112.877751258507018, 54.044937010966713 ], [ -112.84305985720458, 54.060404559705013 ], [ -112.814516922397274, 54.076419287643517 ], [ -112.788829871308437, 54.079200857549559 ], [ -112.734979625927053, 54.070059197975944 ], [ -112.711753340739136, 54.069659806426777 ], [ -112.68975476788998, 54.076604978812782 ], [ -112.656275236401171, 54.080139122380231 ], [ -112.621865576020539, 54.079526420171909 ], [ -112.587361746927513, 54.078901964689656 ], [ -112.556500529563777, 54.076043579195549 ], [ -112.535106193912256, 54.069697596365586 ], [ -112.508371128008534, 54.045846714819803 ], [ -112.484838440235052, 54.036245010170092 ], [ -112.447055010184499, 54.033230614158754 ], [ -112.417460477720354, 54.03677121504596 ], [ -112.386875352127447, 54.044402459343026 ], [ -112.316047865064064, 54.065862138068042 ], [ -112.278483651590776, 54.072865177181775 ], [ -112.242756061717515, 54.074407490277757 ], [ -112.215070292550777, 54.070616464648708 ], [ -112.200699990464884, 54.064354979206264 ], [ -112.188316503570334, 54.050357612177898 ], [ -112.185659440868491, 54.04251477867831 ], [ -112.194773842564345, 54.01799189394297 ], [ -112.198597554146772, 53.99106487071171 ], [ -112.181090349760851, 53.986108107030915 ], [ -112.14973834871671, 53.97993023427648 ], [ -112.110966289797048, 53.968546389177028 ], [ -112.02695566268298, 53.938721475897871 ], [ -112.012241163690902, 53.913663685030784 ], [ -112.020164591788529, 53.897363157499413 ], [ -112.036310163312152, 53.885372061849566 ], [ -112.040123740552474, 53.873102039387192 ], [ -112.031561622059399, 53.861457122531647 ], [ -112.012780343105788, 53.853245451559246 ], [ -111.980984660307485, 53.830989739064051 ], [ -111.9619871574114, 53.814060982799333 ], [ -111.942722580425482, 53.801701029107761 ], [ -111.913309445684916, 53.791847417453788 ], [ -111.848985138515715, 53.786627897797018 ], [ -111.776697943830399, 53.785752429283981 ], [ -111.737846127984412, 53.779734617156713 ], [ -111.708314552075365, 53.772570645372809 ], [ -111.685428311153814, 53.758246812418335 ], [ -111.677236403055531, 53.742928218873672 ], [ -111.681602156090875, 53.723810418771798 ], [ -111.696699271587391, 53.704966664236807 ], [ -111.728605835834131, 53.675565805850503 ], [ -111.749567375554761, 53.648630643358175 ], [ -111.756872833832276, 53.619050787913309 ], [ -111.754841282799617, 53.591529464145303 ], [ -111.750099694865398, 53.570348756771757 ], [ -111.736780096367227, 53.55169563290243 ], [ -111.716754556941211, 53.542024287135405 ], [ -111.69188255384276, 53.53634931270755 ], [ -111.634507457235074, 53.536226219276948 ], [ -111.56733592808051, 53.533981322851552 ], [ -111.513606049872649, 53.525654186686623 ], [ -111.482871905964529, 53.527560054592506 ], [ -111.463858008440582, 53.536648205429742 ], [ -111.44766566638161, 53.550936847334711 ], [ -111.429787604033692, 53.56317108894924 ], [ -111.409484663887284, 53.568554894426526 ], [ -111.388427212661554, 53.563381047879538 ], [ -111.367748609077708, 53.553176295672394 ], [ -111.354650226241517, 53.544099140676302 ], [ -111.343127163708544, 53.544682690380121 ], [ -111.319834140868949, 53.538973606167417 ], [ -111.244672664803332, 53.531280292937453 ], [ -111.213804789670235, 53.524866284694504 ], [ -111.178225772278935, 53.520138069913891 ], [ -111.115876765802966, 53.51549397490512 ], [ -111.084190071226161, 53.51955647612008 ], [ -111.056051309317084, 53.526922327063836 ], [ -111.042328253267158, 53.535655757954629 ], [ -111.00540599427309, 53.565633655378804 ], [ -110.989560098275703, 53.581160872444713 ], [ -110.976608304595459, 53.598610518928453 ], [ -110.940259515521333, 53.638663558499807 ], [ -110.9120024198252, 53.655158526742738 ], [ -110.893085406513038, 53.660957937876844 ], [ -110.833724309596249, 53.672749176273186 ], [ -110.785739234997223, 53.677110340483395 ], [ -110.742090477348953, 53.684347242503826 ], [ -110.667688935669844, 53.700132766788379 ], [ -110.595661086878707, 53.706339276797351 ], [ -110.507549132531892, 53.703682002263776 ], [ -110.478255293657526, 53.696673241129304 ], [ -110.416494285417329, 53.676116900709928 ], [ -110.391600269860206, 53.663751003671379 ], [ -110.330786891518102, 53.642267335553761 ], [ -110.256194291753403, 53.621141201999599 ], [ -110.231863574073728, 53.611512845092435 ], [ -110.196901941579654, 53.601015515850392 ], [ -110.181228379437172, 53.589419906585576 ], [ -110.159544393994324, 53.569341961269593 ], [ -110.101085577100136, 53.5349996496562 ], [ -110.083269661349448, 53.529716147798439 ], [ -110.061263643800999, 53.527933870172212 ], [ -110.005616719847325, 53.529681390528964 ], [ -110.005618022884263, 53.485002607555806 ], [ -110.005618576752923, 53.480960561077019 ], [ -110.005618954270602, 53.467466000414866 ], [ -110.005618804624206, 53.462595701653996 ], [ -110.005619818735596, 53.44460445972269 ], [ -110.00562202643313, 53.379759903596792 ], [ -110.005623361716246, 53.365648547428087 ], [ -110.005632727565796, 53.344502060691987 ], [ -110.005640791927448, 53.328527511645291 ], [ -110.005650239246606, 53.307025688552955 ], [ -110.005652414724523, 53.299675319785671 ], [ -110.005677876505601, 53.24882179281785 ], [ -110.005740537229471, 53.062925824068877 ], [ -110.005756199332524, 53.017846418018593 ], [ -110.005756911483019, 53.015978425666518 ], [ -110.005758222631044, 53.002578228090876 ], [ -110.00575897161643, 52.999854995672493 ], [ -110.005761991703167, 52.966397237273604 ], [ -110.005764748955258, 52.929666993371384 ], [ -110.0057661315453, 52.922892634146244 ], [ -110.005770819039753, 52.857885230303282 ], [ -110.005778952858435, 52.706844273043224 ], [ -110.084303560593696, 52.696900113296586 ], [ -110.121959997385517, 52.695636380655273 ], [ -110.147806802425734, 52.699858889915006 ], [ -110.162169347288383, 52.706374849422012 ], [ -110.194787491105231, 52.733296588370315 ], [ -110.220333472992465, 52.748481911744598 ], [ -110.235739555170809, 52.752280586699705 ], [ -110.258156091720565, 52.753599223171385 ], [ -110.28546639128119, 52.750972450854483 ], [ -110.313830932458089, 52.752958437459199 ], [ -110.342115423152904, 52.763643277200167 ], [ -110.371346705763202, 52.780307948144248 ], [ -110.400283734025535, 52.792376433976109 ], [ -110.473393778232179, 52.806961995664508 ], [ -110.604381673202383, 52.839589727218787 ], [ -110.621562461424233, 52.841107895026525 ], [ -110.647246011271221, 52.840177586391285 ], [ -110.695970952904332, 52.834077767367098 ], [ -110.728057241761235, 52.820064747899188 ], [ -110.747293256904896, 52.806518700253001 ], [ -110.765016282559344, 52.784221640253726 ], [ -110.778498520292615, 52.758567051216353 ], [ -110.787391879760278, 52.733679496686875 ], [ -110.797424048138637, 52.677678641134463 ], [ -110.816328250518893, 52.658161898747188 ], [ -110.836403684741128, 52.642341990317689 ], [ -110.846597892832904, 52.628026151733508 ], [ -110.863414721790051, 52.579116564000785 ], [ -110.881765120395798, 52.556362313205106 ], [ -110.937296820449234, 52.508259687863088 ], [ -110.965940338242717, 52.49590389229175 ], [ -111.005017702655067, 52.474256217015835 ], [ -111.03533912966077, 52.449571128318468 ], [ -111.075299270000386, 52.425181508864974 ], [ -111.114044443768222, 52.396621453026007 ], [ -111.146132696976125, 52.376543217166294 ], [ -111.184326158682779, 52.363975145880858 ], [ -111.218879469043358, 52.359980654462191 ], [ -111.311555824467277, 52.365489329439484 ], [ -111.35542449231167, 52.376846056623073 ], [ -111.380761223649955, 52.387191448480237 ], [ -111.405204486758151, 52.399798666778125 ], [ -111.423484544834622, 52.415435509130248 ], [ -111.444737760626708, 52.442136914149081 ], [ -111.474114601069843, 52.470440181171575 ], [ -111.507350270596419, 52.497468616536842 ], [ -111.532752266335322, 52.504038818462313 ], [ -111.546991526439086, 52.50771770797914 ], [ -111.634720397199686, 52.5142040760215 ], [ -111.764973743459706, 52.49836238798266 ], [ -111.801220802467469, 52.491953054862194 ], [ -111.855132042182817, 52.477272186653963 ], [ -111.894821314749407, 52.462675499016399 ], [ -111.937732126650857, 52.443565162634123 ], [ -111.998635003132378, 52.422117740980148 ], [ -112.148996155806572, 52.357330929451379 ], [ -112.201716824769917, 52.331475984251185 ], [ -112.294411745092347, 52.293165654228638 ], [ -112.331837776173217, 52.2728848427721 ], [ -112.38014274598504, 52.241822778478515 ], [ -112.41595961037477, 52.222397751996219 ], [ -112.477855975555144, 52.179425801161528 ], [ -112.504061916436356, 52.161401364816719 ], [ -112.550242125248317, 52.13938404089339 ], [ -112.592499794008646, 52.121402604885134 ], [ -112.659475329379546, 52.077751670280691 ], [ -112.696552114260982, 52.057349766989191 ], [ -112.731542040685667, 52.032775897259462 ], [ -112.781331329284441, 51.987384561315842 ], [ -112.811457249943047, 51.952179632972921 ], [ -112.839683573758919, 51.924363189958875 ], [ -112.874232359875961, 51.894513421649044 ], [ -112.897863260782088, 51.876824254476539 ], [ -112.926479356973488, 51.849646437387342 ], [ -112.952695288226323, 51.812762652675318 ], [ -113.012166731122235, 51.787464887776203 ], [ -113.049454638018645, 51.781657309350386 ], [ -113.078286960547089, 51.781205587972323 ], [ -113.107536168206366, 51.786259068021039 ], [ -113.151127724362468, 51.798858841938674 ], [ -113.182689204657038, 51.802553407785084 ], [ -113.210448902265341, 51.795175200732963 ], [ -113.220975156279266, 51.778827528545108 ], [ -113.21644159955612, 51.754456468416116 ], [ -113.207178647596962, 51.735518897248681 ], [ -113.211730803014021, 51.707161657140553 ], [ -113.220334194228926, 51.685279622209407 ], [ -113.32429383580849, 51.616169072617588 ], [ -113.363613706263834, 51.582323697168029 ], [ -113.45765184063373, 51.533675557084152 ], [ -113.462057995520439, 51.531390003041658 ], [ -113.473342147295369, 51.527309385347799 ], [ -113.494359462376721, 51.502356800862486 ], [ -113.509055036273651, 51.464969143149148 ], [ -113.52577627094945, 51.434014499041531 ], [ -113.559961894893348, 51.403236974350115 ], [ -113.611520866753011, 51.375373332013901 ], [ -113.62141366332061, 51.353490467889266 ], [ -113.625652232118469, 51.32239598586267 ], [ -113.615886599902936, 51.300780221543562 ], [ -113.594493618470693, 51.279505755574625 ], [ -113.534141425058365, 51.246374187202747 ], [ -113.510604511824582, 51.22643323951187 ], [ -113.497326306427112, 51.202935694460088 ], [ -113.485009767960562, 51.169373154678361 ], [ -113.480463982462922, 51.145513878791796 ], [ -113.487314450038454, 51.064997350421599 ], [ -113.484682392960138, 50.987582344735095 ], [ -113.476553945462825, 50.963221348956573 ], [ -113.459697271192923, 50.942429025827721 ], [ -113.443032171283662, 50.913850005941917 ], [ -113.43856132165088, 50.888612437881179 ], [ -113.469465849645204, 50.827599637288742 ], [ -113.465707068623502, 50.802371427361031 ], [ -113.442022148573102, 50.768218430314185 ], [ -113.444463354675477, 50.758511401521503 ], [ -113.448337487975749, 50.74310103937971 ], [ -113.46996614991788, 50.707167924938936 ], [ -113.512125055599398, 50.648555098845392 ], [ -113.535091773110494, 50.612620924604606 ], [ -113.55745489865167, 50.569350929206713 ], [ -113.571390984291426, 50.548963260912629 ], [ -113.584047394423891, 50.527033243697247 ], [ -113.59311166684094, 50.501936365084966 ], [ -113.60631108743469, 50.446656296603919 ], [ -113.616078223256721, 50.42065266774798 ], [ -113.624102132644836, 50.372646276014841 ], [ -113.627943909485197, 50.318641394879592 ], [ -113.644952610442857, 50.283541060772492 ], [ -113.672503965422379, 50.254034990593929 ], [ -113.718713275073341, 50.211415558184491 ], [ -113.772219657894922, 50.150063086418619 ], [ -113.778208449775775, 50.129047628284368 ], [ -113.778589965434563, 50.103401423038818 ], [ -113.77322062733667, 50.083201428260743 ], [ -113.754739717078081, 50.041362746104284 ], [ -113.738448456674462, 49.997249920751202 ], [ -113.729388327481644, 49.944494009780684 ], [ -113.715773101143824, 49.912766590855583 ], [ -113.699811862984035, 49.853081889359181 ], [ -113.69840422453322, 49.810015353207419 ], [ -113.685723055426934, 49.767754993517748 ], [ -113.680545301383518, 49.740684396029543 ], [ -113.682563931104795, 49.704057078480965 ], [ -113.69508381925003, 49.669360809666124 ], [ -113.721618961815437, 49.635252697494224 ], [ -113.751380127227392, 49.617192157804304 ], [ -113.834556198357987, 49.590870329705538 ], [ -113.864084496930843, 49.585607299183202 ], [ -113.890158016125838, 49.575732758289917 ], [ -113.902171685548439, 49.568037182901868 ], [ -113.905760814071243, 49.561196654285922 ], [ -113.907279013692005, 49.551587479590296 ], [ -113.8990211071212, 49.539158828062384 ], [ -113.893449489873305, 49.536369977940545 ], [ -113.877372532133791, 49.533496936136018 ], [ -113.834677391329095, 49.530413885940149 ], [ -113.792559142667798, 49.536021244147904 ], [ -113.773533438955624, 49.543186920678131 ], [ -113.749513545970174, 49.555807153430315 ], [ -113.723431264770383, 49.565191291226014 ], [ -113.674625947039317, 49.590847331453936 ], [ -113.579110445715756, 49.635257610827026 ], [ -113.53388117007367, 49.650357421142083 ], [ -113.489420442049948, 49.660868369417457 ], [ -113.464093568642269, 49.662878838689487 ], [ -113.449376117573891, 49.661336841090119 ], [ -113.438211048724099, 49.658000641489167 ], [ -113.397901511717976, 49.639211129402582 ], [ -113.391865734978722, 49.626771079636043 ], [ -113.389496121208779, 49.607501846272108 ], [ -113.392119575042997, 49.553489085068961 ], [ -113.400493441043892, 49.52381382447912 ], [ -113.399297606117742, 49.514640733167269 ], [ -113.462603369732904, 49.401775584064595 ], [ -113.48392345149486, 49.349797756354825 ], [ -113.470184990961627, 49.339109822276505 ], [ -113.447181839301209, 49.337934429953144 ], [ -113.433898707884168, 49.339154523391315 ], [ -113.334194844994244, 49.395217190179991 ], [ -113.305696414928533, 49.418224169305219 ], [ -113.297021637066422, 49.430020730873288 ], [ -113.289314085496102, 49.459240322402195 ], [ -113.285343012513806, 49.506824035344529 ], [ -113.287432343927591, 49.535706868848365 ], [ -113.285691867085006, 49.549427499611909 ], [ -113.281259963264347, 49.558531976185108 ], [ -113.270532884755497, 49.567092347668826 ], [ -113.248830731284386, 49.565897267617267 ], [ -113.198096711276833, 49.549188232624786 ], [ -113.174098404221411, 49.52962051248069 ], [ -113.095681686778974, 49.479047019499454 ], [ -113.064197219445361, 49.454769159744103 ], [ -113.053804127010338, 49.451408704579926 ], [ -113.013830917549853, 49.454931591490762 ], [ -112.992955182053294, 49.45140754368402 ], [ -112.979129155775553, 49.446153767062683 ], [ -112.966860743550697, 49.435885909521147 ], [ -112.954586521854196, 49.403630530143374 ], [ -112.941267897423415, 49.38281200188856 ], [ -112.916636626933084, 49.366846279843045 ], [ -112.884048303681851, 49.359904958222636 ], [ -112.868004922132315, 49.360708068498866 ], [ -112.83041211939306, 49.342103805998427 ], [ -112.784334582664201, 49.3164486296224 ], [ -112.732336396685881, 49.296121279295093 ], [ -112.664920357465832, 49.276237912969229 ], [ -112.598865987180631, 49.267854236316872 ], [ -112.536547432980214, 49.266438306299662 ], [ -112.489290565539989, 49.260398457635098 ], [ -112.455330409142576, 49.245092754324581 ], [ -112.436671901106578, 49.212328432678596 ], [ -112.455735460462691, 49.151772466313609 ], [ -112.483233909525524, 49.129172489745478 ], [ -112.596049099840727, 49.086742703768664 ], [ -112.603926035345481, 49.072379858074484 ], [ -112.626807184402523, 49.054482922053744 ], [ -112.641200312782672, 49.040548463064049 ], [ -112.672007505596881, 48.998665438284497 ], [ -112.67736123730927, 48.998660902779861 ], [ -112.700084563114117, 48.998670878706839 ], [ -112.721953938312467, 48.99867750613339 ], [ -112.741645231866684, 48.998677844553441 ], [ -112.810985623221697, 48.998655900595033 ], [ -112.862831581942274, 48.998651767911639 ], [ -112.879393995470551, 48.998642460028691 ], [ -112.944253762886063, 48.998596892985901 ], [ -112.997483586234807, 48.998628246856342 ], [ -113.012692141443338, 48.998630042218963 ], [ -113.052954250075359, 48.998632004503975 ], [ -113.077576276624299, 48.998626069748113 ], [ -113.098882062920538, 48.99861908862853 ], [ -113.109889698214346, 48.998615495043339 ], [ -113.125447145185888, 48.998608384126676 ], [ -113.14445831008338, 48.99860078456274 ], [ -113.165412031870503, 48.998584964148016 ], [ -113.207302232758423, 48.998541734995058 ], [ -113.258773109140307, 48.998538317473248 ], [ -113.271302230824574, 48.99853326874311 ], [ -113.295155904924542, 48.998523790550642 ], [ -113.310447341510255, 48.998510282065567 ], [ -113.327536479035885, 48.998498323470244 ], [ -113.340957388942343, 48.998485127917455 ], [ -113.355871451720617, 48.998505154670511 ], [ -113.399400058347581, 48.998554827293617 ], [ -113.466382859713121, 48.998600698240828 ], [ -113.474924593894897, 48.998601426122178 ], [ -113.477573116829987, 48.998595906344484 ], [ -113.524916374631246, 48.998472905980371 ], [ -113.543183963249078, 49.026590851004116 ], [ -113.568497979070045, 49.04517706590925 ], [ -113.613354366460072, 49.058459029415026 ], [ -113.680411739269459, 49.073765359119811 ], [ -113.7468924570355, 49.083991241488683 ], [ -113.801012913534535, 49.086288240924638 ], [ -113.86072604735007, 49.085852668163874 ], [ -113.900923049018047, 49.091655810726643 ], [ -113.914696861224101, 49.101380000223493 ], [ -113.913034075807602, 49.124728072628947 ], [ -113.900238553407121, 49.148911165983527 ], [ -113.890204713310681, 49.1735737551274 ], [ -113.884953241699222, 49.204680025579592 ], [ -113.903268064571193, 49.24420998819398 ], [ -113.927963354390798, 49.27691637754431 ], [ -113.969372871509748, 49.315226126275732 ], [ -114.032567630595793, 49.345416849062325 ], [ -114.120941529982417, 49.381216619543309 ], [ -114.165556919956174, 49.393825170561044 ], [ -114.241484369723949, 49.436798282765565 ], [ -114.280574000572045, 49.452544951366029 ], [ -114.305704566717083, 49.465931828891165 ], [ -114.356691688074946, 49.497727981312465 ], [ -114.374159835775984, 49.51153016227768 ], [ -114.390223485312276, 49.533111463922666 ], [ -114.417441308774968, 49.605116698327578 ], [ -114.414589571242971, 49.626634204716758 ], [ -114.402593884907446, 49.653167068036879 ], [ -114.387083309282616, 49.678310330271586 ], [ -114.377780102720706, 49.747440386143765 ], [ -114.381915326432051, 49.781805554951887 ], [ -114.381863549223652, 49.801957559147979 ], [ -114.378265175914891, 49.830801048994971 ], [ -114.37400881213361, 49.841778792312184 ], [ -114.357755819992306, 49.855461884570744 ], [ -114.341505507295452, 49.865021319112749 ], [ -114.317490990766544, 49.874549064673595 ], [ -114.288452969693182, 49.901905251492479 ], [ -114.2756034849602, 49.9334545799206 ], [ -114.269347614556239, 50.001621542530486 ], [ -114.267406455555403, 50.022742589994479 ], [ -114.281355938466206, 50.068142068679734 ], [ -114.297501049716161, 50.103932498820768 ], [ -114.330743319879645, 50.125589055978587 ], [ -114.353371134091489, 50.14811288473004 ], [ -114.376677333955627, 50.190784267777744 ], [ -114.383700409505195, 50.222864918778193 ], [ -114.383598396279538, 50.264537819192711 ], [ -114.390660328731329, 50.286539667533098 ], [ -114.395517275514251, 50.291881752566098 ], [ -114.416959529244394, 50.31400892818256 ], [ -114.424252571855178, 50.321071032847136 ], [ -114.453011644465718, 50.338153974426469 ], [ -114.531229221568225, 50.364564322931969 ], [ -114.570654365912844, 50.388160968279443 ], [ -114.582860946606743, 50.410750123908436 ], [ -114.586289071953601, 50.42791234536066 ], [ -114.588908836208233, 50.44103139572416 ], [ -114.575003279234451, 50.462620197146123 ], [ -114.564814264909131, 50.49332753842252 ], [ -114.566582932002916, 50.528286339596129 ], [ -114.565603094105342, 50.535849922294553 ], [ -114.55456582473812, 50.54131505569238 ], [ -114.545270207532312, 50.541279235810784 ], [ -114.534459223417855, 50.5369716414544 ], [ -114.510913635233749, 50.527481566619841 ], [ -114.481511489238244, 50.521276484103588 ], [ -114.440061793446588, 50.520954365075333 ], [ -114.417044953152995, 50.522807374563122 ], [ -114.398675171078935, 50.533828207728448 ], [ -114.390655341357032, 50.543011565663868 ], [ -114.386672358776281, 50.553655196983129 ], [ -114.392474648171714, 50.568084927656834 ], [ -114.39598684882246, 50.573843468838589 ], [ -114.425455779493035, 50.587415880034648 ], [ -114.428996489406188, 50.602097892177767 ], [ -114.428533324934733, 50.622657068079135 ], [ -114.409605850093229, 50.64432756258595 ], [ -114.384893655851499, 50.667830700243172 ], [ -114.369155200448276, 50.706638529929606 ], [ -114.358595777252631, 50.731725384053966 ], [ -114.359231813317351, 50.767133549366797 ], [ -114.371749699087374, 50.830483532266761 ], [ -114.369527163499583, 50.852507962248481 ], [ -114.375469907836091, 50.885547048438077 ], [ -114.374999537763244, 50.910508912297217 ], [ -114.388593884082042, 50.962268794933621 ], [ -114.41133549192962, 50.977310427581941 ], [ -114.452111265765424, 50.991596647238431 ], [ -114.515584890486366, 51.004003575151366 ], [ -114.543003441460371, 51.014239108964574 ], [ -114.568806525173244, 51.038055549852352 ], [ -114.591841627677425, 51.07472112570612 ], [ -114.62424037478398, 51.111358089271327 ], [ -114.640691382934079, 51.1238016227286 ], [ -114.658389884682975, 51.143213725309025 ], [ -114.681456696955706, 51.153529498167352 ], [ -114.688408744693319, 51.16026812445353 ], [ -114.689913785815193, 51.165840557215297 ], [ -114.689051119379101, 51.179457678306434 ], [ -114.684134795078521, 51.189573542912044 ], [ -114.663519061978462, 51.215427651402052 ], [ -114.6504445514895, 51.236830264948061 ], [ -114.648363577035454, 51.269335030949712 ], [ -114.653591305029735, 51.314672698694501 ], [ -114.650732566879682, 51.331153889875843 ], [ -114.639956878020612, 51.342617768847383 ], [ -114.627509138711588, 51.355851788358919 ], [ -114.609368153430992, 51.384218343945605 ], [ -114.60216292294534, 51.424498075231654 ], [ -114.602958855960452, 51.457010359078936 ], [ -114.604477020149162, 51.486313561198202 ], [ -114.577540336830936, 51.537549898594868 ], [ -114.546129524703332, 51.561759310278418 ], [ -114.526389005489705, 51.573626587055124 ], [ -114.514686445145898, 51.590539043269459 ], [ -114.500042543603641, 51.623930416914192 ], [ -114.494166321734696, 51.669240449493145 ], [ -114.479468619103116, 51.721400605874166 ], [ -114.464755104392268, 51.755240741436523 ], [ -114.439731049543113, 51.788594457786154 ], [ -114.363824814849607, 51.850619591254627 ], [ -114.334297589045406, 51.872489263874549 ], [ -114.295958831239787, 51.88287109056369 ], [ -114.26573378773459, 51.887781980380097 ], [ -114.239902342923827, 51.896365500824565 ], [ -114.218426503621899, 51.913207180617441 ], [ -114.171630652313652, 51.961049804722187 ], [ -114.170799146352067, 51.973402749909852 ], [ -114.178068740501757, 51.988092667585981 ], [ -114.191274423205499, 51.999602917613068 ], [ -114.209684470522916, 52.007018141269597 ], [ -114.239939768629625, 52.011278430441628 ], [ -114.269488613890218, 52.010494020812125 ], [ -114.316803562642008, 52.000614080200812 ], [ -114.341921281590544, 51.997964267787054 ], [ -114.370713591243941, 51.999439307221515 ], [ -114.39653654442823, 52.00776404344618 ], [ -114.493268517790582, 52.056107564914804 ], [ -114.530990148921248, 52.08595075426107 ], [ -114.549504184722593, 52.106130491434769 ], [ -114.55619190997534, 52.132698812372865 ], [ -114.556984113279043, 52.185804266334571 ], [ -114.546615869745438, 52.209131139614158 ], [ -114.517679744697674, 52.258055945610529 ], [ -114.496127014141749, 52.289135096851084 ], [ -114.469343732187852, 52.31562228656334 ], [ -114.447007464720016, 52.332959304887567 ], [ -114.432095396720371, 52.349855692172412 ], [ -114.423857842345427, 52.374095019220846 ], [ -114.430522070009246, 52.393338433107466 ], [ -114.478906844969998, 52.43925115627497 ], [ -114.481861187807155, 52.476337057904665 ], [ -114.478120044661949, 52.48777428763357 ], [ -114.45869285078372, 52.500539111375851 ], [ -114.427316553095224, 52.505944954222358 ], [ -114.395211444567764, 52.502183052220879 ], [ -114.378064118124243, 52.49297429094463 ], [ -114.363190882686439, 52.475527834514317 ], [ -114.294254921759901, 52.380501289038982 ], [ -114.253553817853202, 52.336382206632322 ], [ -114.215805598311931, 52.307369832608806 ], [ -114.185406530590953, 52.295777463879034 ], [ -114.144552018875601, 52.292358566318079 ], [ -114.116292872272211, 52.294039189402028 ], [ -114.092459101449904, 52.298935577003569 ], [ -114.079015739710414, 52.305266803698004 ], [ -114.069978416396722, 52.31665902964874 ], [ -114.062248551446672, 52.345455815366371 ], [ -114.063596217647017, 52.3591962585555 ], [ -114.071560878988805, 52.381677226467403 ], [ -114.084722273215576, 52.406932113262179 ], [ -114.103180263795352, 52.425349796920848 ], [ -114.129094263404511, 52.445636529896525 ], [ -114.198863559540015, 52.49315090341716 ], [ -114.219642930686021, 52.512019932476356 ], [ -114.267994542438686, 52.547945185422108 ], [ -114.307425557711966, 52.588389696267519 ], [ -114.323779595805163, 52.613172242961937 ], [ -114.337881125761527, 52.643439491736501 ], [ -114.341567914256643, 52.658101830376737 ], [ -114.338481716347417, 52.680065320692016 ], [ -114.31817841720553, 52.692348120255808 ], [ -114.297880002951445, 52.701879895140216 ], [ -114.272330056852411, 52.70910068377124 ], [ -114.245319152183512, 52.708981308894984 ], [ -114.159907000168488, 52.693463781238876 ], [ -114.127012790673859, 52.681385757213867 ], [ -114.065176243865068, 52.642577757104043 ], [ -114.045786382503337, 52.634216233628827 ], [ -114.022004668314779, 52.617590358443984 ], [ -113.997850164378036, 52.57074090204118 ], [ -113.983129869102697, 52.550958655945266 ], [ -113.952660010521925, 52.536558634491094 ], [ -113.942209486188659, 52.535570788186099 ], [ -113.929493746757458, 52.536396377824737 ], [ -113.912964323641035, 52.542685613947761 ], [ -113.899395519079519, 52.550825930141407 ], [ -113.887172492750167, 52.569046346749253 ], [ -113.882283400168092, 52.596931597905311 ], [ -113.884999628570114, 52.616182041256501 ], [ -113.893775488928739, 52.630893148995682 ], [ -113.967035569478639, 52.701914190064322 ], [ -113.979523366661525, 52.723517698833703 ], [ -113.986005608211016, 52.745990439002675 ], [ -113.998481716000711, 52.770334768144103 ], [ -114.016238713260861, 52.794253923891098 ], [ -114.056494884447531, 52.826549121123847 ], [ -114.09597107058309, 52.86752118788543 ], [ -114.112320584891975, 52.890960362531921 ], [ -114.112837981792381, 52.91614161764236 ], [ -114.09148640649795, 52.940739577007996 ], [ -114.065663109861106, 52.957523721608354 ], [ -114.030865962896186, 52.96509200032181 ], [ -113.974135757266339, 52.974792111927172 ], [ -113.908687913381272, 53.011869707984673 ], [ -113.889579237048423, 53.026833272810009 ], [ -113.882253159995201, 53.039054206357882 ], [ -113.870570431559187, 53.066603179752697 ], [ -113.881067183231863, 53.096304216379487 ], [ -113.900963928294871, 53.128996103982637 ], [ -113.921195602871379, 53.145162321608737 ], [ -114.001081295390748, 53.182790422933699 ], [ -114.050272157702949, 53.19362960360538 ], [ -114.099917042721103, 53.200283460393209 ], [ -114.103303544226037, 53.200916039714599 ], [ -114.115843668761855, 53.21165312148554 ], [ -114.126704205081083, 53.226027726986949 ], [ -114.130862101971928, 53.236179811145959 ], [ -114.128942402315388, 53.245316211182093 ], [ -114.119055003857923, 53.261669341504515 ], [ -114.100837777026655, 53.275598427416085 ], [ -114.06473378813557, 53.295208619646701 ], [ -114.027353356298661, 53.308367391205351 ], [ -113.971516069257959, 53.322125311652037 ], [ -113.932874734177375, 53.328359214447914 ], [ -113.889146563118416, 53.328530520008229 ], [ -113.850918205264648, 53.326032105500538 ], [ -113.768625384014697, 53.315394376596089 ], [ -113.733384314234982, 53.314750873437411 ], [ -113.698450809382251, 53.322810265973324 ], [ -113.674014800064, 53.335185506873884 ], [ -113.658221222052603, 53.357806873663158 ], [ -113.656417134193532, 53.377027687523118 ], [ -113.66872992806492, 53.405224640059295 ], [ -113.686372193424759, 53.420231900792636 ], [ -113.710562154811043, 53.428018416676963 ], [ -113.737302252187447, 53.431267518300302 ], [ -113.768337173113238, 53.425872236516675 ], [ -113.802364065909615, 53.421901934249441 ], [ -113.865064558057753, 53.381749468216611 ], [ -113.893287814934794, 53.369860695927741 ], [ -114.00667011619322, 53.358458607787092 ], [ -114.05202409687351, 53.356889889829553 ], [ -114.085470362380363, 53.364291485478702 ], [ -114.103384876131145, 53.37602823774602 ], [ -114.111508962604915, 53.383485605960885 ], [ -114.113336681704467, 53.423319214716436 ], [ -114.093254119742582, 53.447920870213046 ], [ -114.073566720094348, 53.505021633535101 ], [ -114.014421056258655, 53.529372162045036 ], [ -113.998179649327071, 53.543917436599642 ], [ -113.963223846115838, 53.583960227637967 ], [ -113.914366430610869, 53.626641677446756 ], [ -113.905754624195652, 53.638936896379533 ], [ -113.902210007933192, 53.671407886173284 ], [ -113.910423413335693, 53.687031090621502 ], [ -113.928690251003829, 53.698144337656196 ], [ -113.95464581900147, 53.709312984602143 ], [ -113.979888370905215, 53.717264015410628 ], [ -113.985909386799889, 53.726914448394481 ], [ -113.988044486579028, 53.740205161882869 ], [ -113.986292138880756, 53.757127319957675 ], [ -113.979941098425229, 53.772643535978936 ], [ -113.982752625473964, 53.79325955378048 ], [ -113.99645629488198, 53.805249038424833 ], [ -114.015543825811037, 53.818189518909676 ], [ -114.029898452415068, 53.84161855535379 ], [ -114.028185287923947, 53.856257243536625 ], [ -114.020257302516981, 53.874514012283704 ], [ -113.985596033859437, 53.931500602174573 ], [ -113.953826105238704, 53.996275715502385 ], [ -113.941704506710934, 54.033719907450035 ], [ -113.912193143646292, 54.093005483698803 ], [ -113.883169827879243, 54.115219564731419 ], [ -113.858091230114667, 54.131507047646949 ], [ -113.827590062126561, 54.145915842502546 ], [ -113.804944400222254, 54.153970331785963 ] ], [ [ -113.100946266829226, 53.607466954425895 ], [ -113.120244825503875, 53.603158077773081 ], [ -113.162583240170591, 53.573071436884398 ], [ -113.197157964625816, 53.544692463436412 ], [ -113.226736052329997, 53.528146009211305 ], [ -113.273036893291291, 53.514088071880117 ], [ -113.337338862814534, 53.483757094032356 ], [ -113.373188308351487, 53.457634860143109 ], [ -113.416203939888263, 53.418309250199371 ], [ -113.422508093715109, 53.406161674353847 ], [ -113.428242723379654, 53.39510347460174 ], [ -113.438445665975024, 53.353561673947375 ], [ -113.43334968359062, 53.344352930944304 ], [ -113.418337126385879, 53.335939180377736 ], [ -113.387002908012093, 53.311776748025203 ], [ -113.385834695695578, 53.298490987968549 ], [ -113.394560786359918, 53.284857679351184 ], [ -113.408600972485416, 53.271290314386484 ], [ -113.411285190067488, 53.255753789274237 ], [ -113.406382743673234, 53.239679723758258 ], [ -113.39544903070761, 53.222157258721928 ], [ -113.37673865728182, 53.183487151992054 ], [ -113.357739632827105, 53.156712965329909 ], [ -113.346633104179361, 53.14696729786845 ], [ -113.329382850381307, 53.140349793069653 ], [ -113.311097445405778, 53.143788240375322 ], [ -113.304136658182358, 53.148734855142656 ], [ -113.308642358222428, 53.177174619908172 ], [ -113.300786590873173, 53.186690673267179 ], [ -113.283851428364031, 53.195176347793087 ], [ -113.262451425041689, 53.200397277917773 ], [ -113.236882550884644, 53.217923840158029 ], [ -113.218717842323159, 53.241033185332313 ], [ -113.210985090530215, 53.245508696705144 ], [ -113.197160721461145, 53.250359383396209 ], [ -113.178129171034584, 53.251481957122387 ], [ -113.129729662868556, 53.244413726993059 ], [ -113.080855079331982, 53.25196483697183 ], [ -113.057326641258413, 53.251169800747576 ], [ -113.036220816539341, 53.246286286788774 ], [ -112.991314064532091, 53.227310985301592 ], [ -112.972043463058725, 53.214203705353455 ], [ -112.946563992898305, 53.205114662355925 ], [ -112.927615969782721, 53.204363699621013 ], [ -112.908498118976027, 53.208184762793252 ], [ -112.86209631481681, 53.230336556607526 ], [ -112.840216284075353, 53.246005660683949 ], [ -112.826711552504847, 53.260893199108587 ], [ -112.801016185244691, 53.314028809411916 ], [ -112.790710036977501, 53.329088312584574 ], [ -112.786455484887, 53.335300990123081 ], [ -112.769647492927177, 53.351478953141367 ], [ -112.746322826165212, 53.366668133421442 ], [ -112.711074952391613, 53.407263349523141 ], [ -112.671869416731852, 53.467005427072671 ], [ -112.667093630192397, 53.488894312359264 ], [ -112.690411745743731, 53.585892236080703 ], [ -112.699454164755991, 53.607105074545224 ], [ -112.74507466959011, 53.670148678413021 ], [ -112.788682391588281, 53.710707793924165 ], [ -112.814861128002974, 53.72807940791845 ], [ -112.854215272424753, 53.743365924017816 ], [ -112.871460039278389, 53.746596715426058 ], [ -112.893200408540935, 53.749022761096882 ], [ -112.90708235107391, 53.74786761295924 ], [ -112.934267627012318, 53.740505983187923 ], [ -112.944494495907094, 53.734255900084911 ], [ -112.954053275156909, 53.725245970424041 ], [ -112.969378442397058, 53.684738223661967 ], [ -112.992274256154545, 53.64617281845743 ], [ -113.003433668215976, 53.634438426064982 ], [ -113.026337451881886, 53.615553932706575 ], [ -113.045838562546592, 53.605765231970594 ], [ -113.064248852347333, 53.605115838839147 ], [ -113.100946266829226, 53.607466954425895 ] ], [ [ -114.017552215784363, 50.30899960826784 ], [ -114.039705720140361, 50.300439520007629 ], [ -114.067526589957168, 50.29374305026888 ], [ -114.110754263266131, 50.278202524401657 ], [ -114.124688851394794, 50.26970275666492 ], [ -114.146161828655096, 50.251211724141648 ], [ -114.156660928366747, 50.220139611372929 ], [ -114.155864829009744, 50.185200909120624 ], [ -114.147503941757208, 50.142791594479114 ], [ -114.118251741076207, 50.069710144319082 ], [ -114.114872216482922, 50.028752357839707 ], [ -114.116144834094513, 49.996305005118295 ], [ -114.116420350498757, 49.989254992150265 ], [ -114.112147417176601, 49.937157457877625 ], [ -114.099839052643773, 49.917451249664971 ], [ -114.095719363797684, 49.903228141732967 ], [ -114.086721468722587, 49.797830682020745 ], [ -114.077217002302433, 49.755638748033938 ], [ -114.071962202651889, 49.712089132914336 ], [ -114.060358193346076, 49.672621023069979 ], [ -114.038853504379745, 49.644096795195374 ], [ -114.01096124896128, 49.625144695679211 ], [ -113.990656349040307, 49.62042987432342 ], [ -113.96468573281264, 49.620712476055886 ], [ -113.933693955627504, 49.630110138178409 ], [ -113.920264167918106, 49.637802409478269 ], [ -113.897524572876804, 49.659619072581009 ], [ -113.889615806542935, 49.674216428685433 ], [ -113.883269245994413, 49.73188413451745 ], [ -113.884178087028673, 49.827617801484855 ], [ -113.890739394188117, 49.866599009249867 ], [ -113.888698309756904, 49.903229520152863 ], [ -113.885272311853626, 49.964567138676173 ], [ -113.872973924649742, 49.986458672576823 ], [ -113.85072624684679, 50.063232582778269 ], [ -113.844464733049861, 50.107151090441924 ], [ -113.844876734387853, 50.129138845680529 ], [ -113.887843450758339, 50.208706968053583 ], [ -113.891076111519098, 50.233917768281906 ], [ -113.898618691568601, 50.25595794298146 ], [ -113.908339692281587, 50.274806908353654 ], [ -113.918849333733704, 50.288168822488238 ], [ -113.943602162128883, 50.30116957805015 ], [ -113.982684880652897, 50.307394413280157 ], [ -114.017552215784363, 50.30899960826784 ] ] ] ] } },
{ "type": "Feature", "properties": { "AREA": 1968034331.4000001, "PERIMETER": 196397.424596, "SOILGR_T83": 15, "SOILGR_T_1": 4069, "SOIL_CODE": "DGCDGGL", "name": "Dark Gray Chernozemics, Dark Gray - Gray Luvisols (15)", "Shape_Leng": 196397.42462100001, "Shape_Area": 1968034331.1400001 }, "geometry": { "type": "MultiPolygon", "coordinates": [ [ [ [ -113.100946266829226, 53.607466954425895 ], [ -113.064248852347333, 53.605115838839147 ], [ -113.045838562546592, 53.605765231970594 ], [ -113.026337451881886, 53.615553932706575 ], [ -113.003433668215976, 53.634438426064982 ], [ -112.992274256154545, 53.64617281845743 ], [ -112.969378442397058, 53.684738223661967 ], [ -112.954053275156909, 53.725245970424041 ], [ -112.944494495907094, 53.734255900084911 ], [ -112.934267627012318, 53.740505983187923 ], [ -112.90708235107391, 53.74786761295924 ], [ -112.893200408540935, 53.749022761096882 ], [ -112.871460039278389, 53.746596715426058 ], [ -112.854215272424753, 53.743365924017816 ], [ -112.814861128002974, 53.72807940791845 ], [ -112.788682391588281, 53.710707793924165 ], [ -112.74507466959011, 53.670148678413021 ], [ -112.699454164755991, 53.607105074545224 ], [ -112.690411745743731, 53.585892236080703 ], [ -112.667093630192397, 53.488894312359264 ], [ -112.671869416731852, 53.467005427072671 ], [ -112.711074952391613, 53.407263349523141 ], [ -112.746322826165212, 53.366668133421442 ], [ -112.769647492927177, 53.351478953141367 ], [ -112.786455484887, 53.335300990123081 ], [ -112.790710036977501, 53.329088312584574 ], [ -112.801016185244691, 53.314028809411916 ], [ -112.826711552504847, 53.260893199108587 ], [ -112.840216284075353, 53.246005660683949 ], [ -112.86209631481681, 53.230336556607526 ], [ -112.908498118976027, 53.208184762793252 ], [ -112.927615969782721, 53.204363699621013 ], [ -112.946563992898305, 53.205114662355925 ], [ -112.972043463058725, 53.214203705353455 ], [ -112.991314064532091, 53.227310985301592 ], [ -113.036220816539341, 53.246286286788774 ], [ -113.057326641258413, 53.251169800747576 ], [ -113.080855079331982, 53.25196483697183 ], [ -113.129729662868556, 53.244413726993059 ], [ -113.178129171034584, 53.251481957122387 ], [ -113.197160721461145, 53.250359383396209 ], [ -113.210985090530215, 53.245508696705144 ], [ -113.218717842323159, 53.241033185332313 ], [ -113.236882550884644, 53.217923840158029 ], [ -113.262451425041689, 53.200397277917773 ], [ -113.283851428364031, 53.195176347793087 ], [ -113.300786590873173, 53.186690673267179 ], [ -113.308642358222428, 53.177174619908172 ], [ -113.304136658182358, 53.148734855142656 ], [ -113.311097445405778, 53.143788240375322 ], [ -113.329382850381307, 53.140349793069653 ], [ -113.346633104179361, 53.14696729786845 ], [ -113.357739632827105, 53.156712965329909 ], [ -113.37673865728182, 53.183487151992054 ], [ -113.39544903070761, 53.222157258721928 ], [ -113.406382743673234, 53.239679723758258 ], [ -113.411285190067488, 53.255753789274237 ], [ -113.408600972485416, 53.271290314386484 ], [ -113.394560786359918, 53.284857679351184 ], [ -113.385834695695578, 53.298490987968549 ], [ -113.387002908012093, 53.311776748025203 ], [ -113.418337126385879, 53.335939180377736 ], [ -113.43334968359062, 53.344352930944304 ], [ -113.438445665975024, 53.353561673947375 ], [ -113.428242723379654, 53.39510347460174 ], [ -113.422508093715109, 53.406161674353847 ], [ -113.416203939888263, 53.418309250199371 ], [ -113.373188308351487, 53.457634860143109 ], [ -113.337338862814534, 53.483757094032356 ], [ -113.273036893291291, 53.514088071880117 ], [ -113.226736052329997, 53.528146009211305 ], [ -113.197157964625816, 53.544692463436412 ], [ -113.162583240170591, 53.573071436884398 ], [ -113.120244825503875, 53.603158077773081 ], [ -113.100946266829226, 53.607466954425895 ] ] ] ] } },
{ "type": "Feature", "properties": { "AREA": 38923380402.800003, "PERIMETER": 1472639.8563699999, "SOILGR_T83": 16, "SOILGR_T_1": 4071, "SOIL_CODE": "DBC", "name": "Dark Brown Chernozemics (16)", "Shape_Leng": 1472639.8562400001, "Shape_Area": 38923380402.099998 }, "geometry": { "type": "MultiPolygon", "coordinates": [ [ [ [ -111.532752266335322, 52.504038818462313 ], [ -111.507350270596419, 52.497468616536842 ], [ -111.474114601069843, 52.470440181171575 ], [ -111.444737760626708, 52.442136914149081 ], [ -111.423484544834622, 52.415435509130248 ], [ -111.405204486758151, 52.399798666778125 ], [ -111.380761223649955, 52.387191448480237 ], [ -111.35542449231167, 52.376846056623073 ], [ -111.311555824467277, 52.365489329439484 ], [ -111.218879469043358, 52.359980654462191 ], [ -111.184326158682779, 52.363975145880858 ], [ -111.146132696976125, 52.376543217166294 ], [ -111.114044443768222, 52.396621453026007 ], [ -111.075299270000386, 52.425181508864974 ], [ -111.03533912966077, 52.449571128318468 ], [ -111.005017702655067, 52.474256217015835 ], [ -110.965940338242717, 52.49590389229175 ], [ -110.937296820449234, 52.508259687863088 ], [ -110.881765120395798, 52.556362313205106 ], [ -110.863414721790051, 52.579116564000785 ], [ -110.846597892832904, 52.628026151733508 ], [ -110.836403684741128, 52.642341990317689 ], [ -110.816328250518893, 52.658161898747188 ], [ -110.797424048138637, 52.677678641134463 ], [ -110.787391879760278, 52.733679496686875 ], [ -110.778498520292615, 52.758567051216353 ], [ -110.765016282559344, 52.784221640253726 ], [ -110.747293256904896, 52.806518700253001 ], [ -110.728057241761235, 52.820064747899188 ], [ -110.695970952904332, 52.834077767367098 ], [ -110.647246011271221, 52.840177586391285 ], [ -110.621562461424233, 52.841107895026525 ], [ -110.604381673202383, 52.839589727218787 ], [ -110.473393778232179, 52.806961995664508 ], [ -110.400283734025535, 52.792376433976109 ], [ -110.371346705763202, 52.780307948144248 ], [ -110.342115423152904, 52.763643277200167 ], [ -110.313830932458089, 52.752958437459199 ], [ -110.28546639128119, 52.750972450854483 ], [ -110.258156091720565, 52.753599223171385 ], [ -110.235739555170809, 52.752280586699705 ], [ -110.220333472992465, 52.748481911744598 ], [ -110.194787491105231, 52.733296588370315 ], [ -110.162169347288383, 52.706374849422012 ], [ -110.147806802425734, 52.699858889915006 ], [ -110.121959997385517, 52.695636380655273 ], [ -110.084303560593696, 52.696900113296586 ], [ -110.005778952858435, 52.706844273043224 ], [ -110.005775878791866, 52.672773564808359 ], [ -110.005776340828987, 52.66757904328194 ], [ -110.005753069233293, 52.655149855706426 ], [ -110.00562438483486, 52.586890444917387 ], [ -110.00561286919158, 52.580871638585535 ], [ -110.005600793888391, 52.574168593730015 ], [ -110.005596690414194, 52.572007763672225 ], [ -110.005555908513045, 52.550466985386066 ], [ -110.005545264361018, 52.544673268565887 ], [ -110.005525057210647, 52.533999656144907 ], [ -110.005500757848054, 52.521340757521557 ], [ -110.005117773821823, 52.375776434575229 ], [ -110.005159775249496, 52.340937272981385 ], [ -110.005154913495119, 52.338785389113291 ], [ -110.005114919444665, 52.317577496208493 ], [ -110.005111915491213, 52.284379338182774 ], [ -110.005111837464014, 52.281304856945191 ], [ -110.005108808063227, 52.238599603994373 ], [ -110.005102061593874, 52.181647017271594 ], [ -110.005102186338476, 52.179193731150761 ], [ -110.005099682014475, 52.160075985556063 ], [ -110.005085455184741, 52.063159418254003 ], [ -110.005084635177809, 52.059576237879696 ], [ -110.005084005394821, 52.055623946455441 ], [ -110.005055473061233, 52.000070393153017 ], [ -110.0050614192551, 51.973214947419876 ], [ -110.005061683935637, 51.971333348636556 ], [ -110.0050848526637, 51.787039197187497 ], [ -110.005085714424141, 51.78231265338453 ], [ -110.005091429917655, 51.707051965840897 ], [ -110.005093206480922, 51.682590689420984 ], [ -110.005092911260007, 51.679475610987865 ], [ -110.005095209291213, 51.619771695899587 ], [ -110.005096762397812, 51.615544803301113 ], [ -110.036153129815418, 51.614664124334666 ], [ -110.063179875272638, 51.60796508515584 ], [ -110.099924875687393, 51.606686074680951 ], [ -110.134938821642848, 51.612962375673149 ], [ -110.18359796308502, 51.627865091145935 ], [ -110.208970229534941, 51.638475084679818 ], [ -110.21871317945336, 51.651683332106508 ], [ -110.229494643149593, 51.661723638727622 ], [ -110.247759674492144, 51.670216653451803 ], [ -110.26938371699292, 51.674255879026276 ], [ -110.291265971596417, 51.675551292605519 ], [ -110.315607656981243, 51.681977500613165 ], [ -110.335360512002211, 51.690515926014598 ], [ -110.389898330506455, 51.720056197543045 ], [ -110.42419403752794, 51.730490862894939 ], [ -110.451554598294663, 51.736541837344049 ], [ -110.477878385724964, 51.739584886805474 ], [ -110.502456418468924, 51.757726825087424 ], [ -110.61256174190973, 51.786253185190411 ], [ -110.78393140507491, 51.812881206272905 ], [ -110.832962422599905, 51.814362207952364 ], [ -111.036198828067654, 51.829091230336722 ], [ -111.099771169086239, 51.82609938374388 ], [ -111.135681558687409, 51.829289162551262 ], [ -111.16730626552355, 51.825749417218034 ], [ -111.218239610384074, 51.825650726021202 ], [ -111.291444412503381, 51.81738505600272 ], [ -111.342233988746642, 51.803198751784244 ], [ -111.374759023241154, 51.803663364976551 ], [ -111.395013389414146, 51.81114895861748 ], [ -111.43057618416006, 51.820118862735207 ], [ -111.463685001643654, 51.820936454764116 ], [ -111.506254542781988, 51.821977147347539 ], [ -111.585976138083467, 51.815265626063656 ], [ -111.62540893951109, 51.809022656693294 ], [ -111.66116728284014, 51.794064047246721 ], [ -111.678955748290235, 51.782726690001141 ], [ -111.739395975115727, 51.726088827266274 ], [ -111.752335227842309, 51.683061671705261 ], [ -111.759003303958494, 51.635486620793479 ], [ -111.745571110890069, 51.577924263547565 ], [ -111.72444677146072, 51.543680764480243 ], [ -111.670334732881955, 51.489593180394941 ], [ -111.659928348050173, 51.475771468523973 ], [ -111.653673910429404, 51.450665854740421 ], [ -111.658848756114722, 51.431326438789846 ], [ -111.717628450275626, 51.397056631812703 ], [ -111.78171705424883, 51.371682441864074 ], [ -111.829620208097595, 51.363545922876995 ], [ -111.886836070841483, 51.356321814881696 ], [ -111.931248185098042, 51.346966463225634 ], [ -111.946201538182351, 51.340667136941185 ], [ -112.129509593508971, 51.223516463522081 ], [ -112.161142199626866, 51.20832672508002 ], [ -112.185310818427311, 51.203269489654524 ], [ -112.233032995183081, 51.207823871293634 ], [ -112.246465919271813, 51.206548431967505 ], [ -112.255886866514487, 51.205658701783129 ], [ -112.274403903893671, 51.195708072330987 ], [ -112.292119606311104, 51.176566988935079 ], [ -112.298109989296123, 51.144002367604642 ], [ -112.310867574683442, 51.131375670298659 ], [ -112.346351407458044, 51.104091325728717 ], [ -112.38802261272177, 51.066254521495694 ], [ -112.406594814701322, 51.05261393441809 ], [ -112.426832292786187, 51.040833801758566 ], [ -112.46101533086123, 51.029278087170319 ], [ -112.496807742802346, 51.021040153345183 ], [ -112.529474829328066, 51.0020990971449 ], [ -112.544015547736066, 50.985440946539072 ], [ -112.537698870085606, 50.966619266024829 ], [ -112.524536237651063, 50.944390423051672 ], [ -112.531438493617003, 50.929811708161857 ], [ -112.545398969911489, 50.912407399737695 ], [ -112.56785824900156, 50.900640557455006 ], [ -112.591331595050747, 50.892916973725868 ], [ -112.617396554415606, 50.87678811207028 ], [ -112.621096682309314, 50.852614045213791 ], [ -112.607431270974004, 50.827814936615944 ], [ -112.596244645271696, 50.815901029928305 ], [ -112.586380990374934, 50.799230946339506 ], [ -112.576711006301508, 50.77706166010438 ], [ -112.57242830135975, 50.749829850428107 ], [ -112.573215616400361, 50.743623936420761 ], [ -112.574006787249502, 50.737373102800667 ], [ -112.591216508148023, 50.713056773238137 ], [ -112.596810194365716, 50.692777653531614 ], [ -112.597002530917351, 50.670339825275839 ], [ -112.5880278983973, 50.644067812731983 ], [ -112.57760020788966, 50.63608569167166 ], [ -112.494399301957515, 50.620292114995642 ], [ -112.471960240163114, 50.60886032409821 ], [ -112.45746276870878, 50.596207504304374 ], [ -112.466545309995709, 50.584936651456331 ], [ -112.505087637472457, 50.554093162429346 ], [ -112.54312733392878, 50.516833055444629 ], [ -112.57633879441299, 50.473934542367232 ], [ -112.593243246658503, 50.44448077503408 ], [ -112.62146640753221, 50.380880500282061 ], [ -112.648454626150823, 50.328708774543244 ], [ -112.676186688898014, 50.255468106311611 ], [ -112.694386521017307, 50.225566608353191 ], [ -112.706951273033823, 50.193729138254682 ], [ -112.709586687089271, 50.161254066683959 ], [ -112.708257160751046, 50.082909220622923 ], [ -112.692330342543073, 50.054228889330211 ], [ -112.662476901387109, 50.038580996741075 ], [ -112.624668140479756, 50.027811221547211 ], [ -112.595561637714709, 50.012156464322331 ], [ -112.578000141220812, 49.991214558360561 ], [ -112.574673532927633, 49.968250735692941 ], [ -112.5630876676924, 49.922228049946966 ], [ -112.578866149390507, 49.916114744290887 ], [ -112.58590445721434, 49.916706850532243 ], [ -112.615819980014891, 49.928255117895517 ], [ -112.631311669017919, 49.929458791407299 ], [ -112.64644920880535, 49.921491852343237 ], [ -112.653359933701395, 49.906962966786431 ], [ -112.649494753086756, 49.897273528123073 ], [ -112.627506590302374, 49.881752169893765 ], [ -112.55327585878635, 49.850129130034489 ], [ -112.526190524852609, 49.822585525516004 ], [ -112.511047652583841, 49.796636198050315 ], [ -112.496148314215972, 49.765194843322099 ], [ -112.469337769526788, 49.699165320896569 ], [ -112.438613355201653, 49.611064989794542 ], [ -112.391112150009278, 49.540932731305936 ], [ -112.284943214444255, 49.440219794534251 ], [ -112.231419801667911, 49.402871400068911 ], [ -112.215853032661386, 49.376877557782159 ], [ -112.212199151936218, 49.350224478290372 ], [ -112.199073792410161, 49.302292942839401 ], [ -112.199668786491856, 49.289481074680197 ], [ -112.195644293011327, 49.271066491597381 ], [ -112.217206485070093, 49.243546035845718 ], [ -112.088158389750959, 49.188458789043537 ], [ -112.073294641735146, 49.17940584343458 ], [ -112.054112522568786, 49.159259740789793 ], [ -112.040086109905886, 49.119535405608588 ], [ -112.035243755777785, 49.091017585561971 ], [ -112.038075761947269, 49.061765328636859 ], [ -112.042150602627046, 49.049493655407865 ], [ -112.07238551851438, 48.998847620074208 ], [ -112.118441407859763, 48.998856242754535 ], [ -112.136133773384671, 48.998851692429959 ], [ -112.143356677391026, 48.998850927988528 ], [ -112.159119497293659, 48.998858009632301 ], [ -112.167376818303566, 48.998858729701666 ], [ -112.185470657066645, 48.998856365237693 ], [ -112.262770277040289, 48.998827406155087 ], [ -112.276889358556247, 48.998819646265183 ], [ -112.356728410750875, 48.998823008004948 ], [ -112.410304563017093, 48.99880068664752 ], [ -112.441623305293191, 48.998797556338566 ], [ -112.452047063866431, 48.998794275995976 ], [ -112.45871490967653, 48.998792868486248 ], [ -112.518330054768981, 48.998754442262999 ], [ -112.544124311316637, 48.998730655459688 ], [ -112.672007505596881, 48.998665438284497 ], [ -112.641200312782672, 49.040548463064049 ], [ -112.626807184402523, 49.054482922053744 ], [ -112.603926035345481, 49.072379858074484 ], [ -112.596049099840727, 49.086742703768664 ], [ -112.483233909525524, 49.129172489745478 ], [ -112.455735460462691, 49.151772466313609 ], [ -112.436671901106578, 49.212328432678596 ], [ -112.455330409142576, 49.245092754324581 ], [ -112.489290565539989, 49.260398457635098 ], [ -112.536547432980214, 49.266438306299662 ], [ -112.598865987180631, 49.267854236316872 ], [ -112.664920357465832, 49.276237912969229 ], [ -112.732336396685881, 49.296121279295093 ], [ -112.784334582664201, 49.3164486296224 ], [ -112.83041211939306, 49.342103805998427 ], [ -112.868004922132315, 49.360708068498866 ], [ -112.884048303681851, 49.359904958222636 ], [ -112.916636626933084, 49.366846279843045 ], [ -112.941267897423415, 49.38281200188856 ], [ -112.954586521854196, 49.403630530143374 ], [ -112.966860743550697, 49.435885909521147 ], [ -112.979129155775553, 49.446153767062683 ], [ -112.992955182053294, 49.45140754368402 ], [ -113.013830917549853, 49.454931591490762 ], [ -113.053804127010338, 49.451408704579926 ], [ -113.064197219445361, 49.454769159744103 ], [ -113.095681686778974, 49.479047019499454 ], [ -113.174098404221411, 49.52962051248069 ], [ -113.198096711276833, 49.549188232624786 ], [ -113.248830731284386, 49.565897267617267 ], [ -113.270532884755497, 49.567092347668826 ], [ -113.281259963264347, 49.558531976185108 ], [ -113.285691867085006, 49.549427499611909 ], [ -113.287432343927591, 49.535706868848365 ], [ -113.285343012513806, 49.506824035344529 ], [ -113.289314085496102, 49.459240322402195 ], [ -113.297021637066422, 49.430020730873288 ], [ -113.305696414928533, 49.418224169305219 ], [ -113.334194844994244, 49.395217190179991 ], [ -113.433898707884168, 49.339154523391315 ], [ -113.447181839301209, 49.337934429953144 ], [ -113.470184990961627, 49.339109822276505 ], [ -113.48392345149486, 49.349797756354825 ], [ -113.462603369732904, 49.401775584064595 ], [ -113.399297606117742, 49.514640733167269 ], [ -113.400493441043892, 49.52381382447912 ], [ -113.392119575042997, 49.553489085068961 ], [ -113.389496121208779, 49.607501846272108 ], [ -113.391865734978722, 49.626771079636043 ], [ -113.397901511717976, 49.639211129402582 ], [ -113.438211048724099, 49.658000641489167 ], [ -113.449376117573891, 49.661336841090119 ], [ -113.464093568642269, 49.662878838689487 ], [ -113.489420442049948, 49.660868369417457 ], [ -113.53388117007367, 49.650357421142083 ], [ -113.579110445715756, 49.635257610827026 ], [ -113.674625947039317, 49.590847331453936 ], [ -113.723431264770383, 49.565191291226014 ], [ -113.749513545970174, 49.555807153430315 ], [ -113.773533438955624, 49.543186920678131 ], [ -113.792559142667798, 49.536021244147904 ], [ -113.834677391329095, 49.530413885940149 ], [ -113.877372532133791, 49.533496936136018 ], [ -113.893449489873305, 49.536369977940545 ], [ -113.8990211071212, 49.539158828062384 ], [ -113.907279013692005, 49.551587479590296 ], [ -113.905760814071243, 49.561196654285922 ], [ -113.902171685548439, 49.568037182901868 ], [ -113.890158016125838, 49.575732758289917 ], [ -113.864084496930843, 49.585607299183202 ], [ -113.834556198357987, 49.590870329705538 ], [ -113.751380127227392, 49.617192157804304 ], [ -113.721618961815437, 49.635252697494224 ], [ -113.69508381925003, 49.669360809666124 ], [ -113.682563931104795, 49.704057078480965 ], [ -113.680545301383518, 49.740684396029543 ], [ -113.685723055426934, 49.767754993517748 ], [ -113.69840422453322, 49.810015353207419 ], [ -113.699811862984035, 49.853081889359181 ], [ -113.715773101143824, 49.912766590855583 ], [ -113.729388327481644, 49.944494009780684 ], [ -113.738448456674462, 49.997249920751202 ], [ -113.754739717078081, 50.041362746104284 ], [ -113.77322062733667, 50.083201428260743 ], [ -113.778589965434563, 50.103401423038818 ], [ -113.778208449775775, 50.129047628284368 ], [ -113.772219657894922, 50.150063086418619 ], [ -113.718713275073341, 50.211415558184491 ], [ -113.672503965422379, 50.254034990593929 ], [ -113.644952610442857, 50.283541060772492 ], [ -113.627943909485197, 50.318641394879592 ], [ -113.624102132644836, 50.372646276014841 ], [ -113.616078223256721, 50.42065266774798 ], [ -113.60631108743469, 50.446656296603919 ], [ -113.59311166684094, 50.501936365084966 ], [ -113.584047394423891, 50.527033243697247 ], [ -113.571390984291426, 50.548963260912629 ], [ -113.55745489865167, 50.569350929206713 ], [ -113.535091773110494, 50.612620924604606 ], [ -113.512125055599398, 50.648555098845392 ], [ -113.46996614991788, 50.707167924938936 ], [ -113.448337487975749, 50.74310103937971 ], [ -113.444463354675477, 50.758511401521503 ], [ -113.442022148573102, 50.768218430314185 ], [ -113.465707068623502, 50.802371427361031 ], [ -113.469465849645204, 50.827599637288742 ], [ -113.43856132165088, 50.888612437881179 ], [ -113.443032171283662, 50.913850005941917 ], [ -113.459697271192923, 50.942429025827721 ], [ -113.476553945462825, 50.963221348956573 ], [ -113.484682392960138, 50.987582344735095 ], [ -113.487314450038454, 51.064997350421599 ], [ -113.480463982462922, 51.145513878791796 ], [ -113.485009767960562, 51.169373154678361 ], [ -113.497326306427112, 51.202935694460088 ], [ -113.510604511824582, 51.22643323951187 ], [ -113.534141425058365, 51.246374187202747 ], [ -113.594493618470693, 51.279505755574625 ], [ -113.615886599902936, 51.300780221543562 ], [ -113.625652232118469, 51.32239598586267 ], [ -113.62141366332061, 51.353490467889266 ], [ -113.611520866753011, 51.375373332013901 ], [ -113.559961894893348, 51.403236974350115 ], [ -113.52577627094945, 51.434014499041531 ], [ -113.509055036273651, 51.464969143149148 ], [ -113.494359462376721, 51.502356800862486 ], [ -113.473342147295369, 51.527309385347799 ], [ -113.462057995520439, 51.531390003041658 ], [ -113.45765184063373, 51.533675557084152 ], [ -113.363613706263834, 51.582323697168029 ], [ -113.32429383580849, 51.616169072617588 ], [ -113.220334194228926, 51.685279622209407 ], [ -113.211730803014021, 51.707161657140553 ], [ -113.207178647596962, 51.735518897248681 ], [ -113.21644159955612, 51.754456468416116 ], [ -113.220975156279266, 51.778827528545108 ], [ -113.210448902265341, 51.795175200732963 ], [ -113.182689204657038, 51.802553407785084 ], [ -113.151127724362468, 51.798858841938674 ], [ -113.107536168206366, 51.786259068021039 ], [ -113.078286960547089, 51.781205587972323 ], [ -113.049454638018645, 51.781657309350386 ], [ -113.012166731122235, 51.787464887776203 ], [ -112.952695288226323, 51.812762652675318 ], [ -112.926479356973488, 51.849646437387342 ], [ -112.897863260782088, 51.876824254476539 ], [ -112.874232359875961, 51.894513421649044 ], [ -112.839683573758919, 51.924363189958875 ], [ -112.811457249943047, 51.952179632972921 ], [ -112.781331329284441, 51.987384561315842 ], [ -112.731542040685667, 52.032775897259462 ], [ -112.696552114260982, 52.057349766989191 ], [ -112.659475329379546, 52.077751670280691 ], [ -112.592499794008646, 52.121402604885134 ], [ -112.550242125248317, 52.13938404089339 ], [ -112.504061916436356, 52.161401364816719 ], [ -112.477855975555144, 52.179425801161528 ], [ -112.41595961037477, 52.222397751996219 ], [ -112.38014274598504, 52.241822778478515 ], [ -112.331837776173217, 52.2728848427721 ], [ -112.294411745092347, 52.293165654228638 ], [ -112.201716824769917, 52.331475984251185 ], [ -112.148996155806572, 52.357330929451379 ], [ -111.998635003132378, 52.422117740980148 ], [ -111.937732126650857, 52.443565162634123 ], [ -111.894821314749407, 52.462675499016399 ], [ -111.855132042182817, 52.477272186653963 ], [ -111.801220802467469, 52.491953054862194 ], [ -111.764973743459706, 52.49836238798266 ], [ -111.634720397199686, 52.5142040760215 ], [ -111.546991526439086, 52.50771770797914 ], [ -111.532752266335322, 52.504038818462313 ] ] ] ] } },
{ "type": "Feature", "properties": { "AREA": 47420230302.099998, "PERIMETER": 1077493.8056399999, "SOILGR_T83": 17, "SOILGR_T_1": 4074, "SOIL_CODE": "BC", "name": "Brown Chernozemics (17)", "Shape_Leng": 1077493.8057, "Shape_Area": 47420230304.900002 }, "geometry": { "type": "MultiPolygon", "coordinates": [ [ [ [ -110.005005502809354, 49.931164322150643 ], [ -110.024871304916346, 49.927657641872344 ], [ -110.074866791225233, 49.906327884615642 ], [ -110.122628797482662, 49.893588367513729 ], [ -110.167895911281875, 49.892645635277731 ], [ -110.294403128992712, 49.907223785949235 ], [ -110.324239806191429, 49.905164450588472 ], [ -110.381869698283452, 49.891785526988343 ], [ -110.419743098090791, 49.886339916785246 ], [ -110.460117312155674, 49.884644305637558 ], [ -110.607678696154395, 49.892789878506548 ], [ -110.631757678112251, 49.891819307948609 ], [ -110.682673881858292, 49.881711126535279 ], [ -110.723896673580569, 49.868959280453751 ], [ -110.76267309267692, 49.851066530210595 ], [ -110.812692191478206, 49.814757648121166 ], [ -110.861537682574109, 49.774267838801336 ], [ -110.90741839702271, 49.744195206125283 ], [ -110.916484481283248, 49.735792828353887 ], [ -110.943357922889192, 49.69545603860923 ], [ -110.94936672112749, 49.680534456607703 ], [ -110.95023335571716, 49.66865072741507 ], [ -110.938316772687472, 49.649017913500991 ], [ -110.92710889422662, 49.6390228695712 ], [ -110.891301155153741, 49.61996284527774 ], [ -110.840158354639698, 49.599912940411713 ], [ -110.806192798512626, 49.575846516351831 ], [ -110.801251878731719, 49.566970780375108 ], [ -110.794302938506007, 49.538329009558893 ], [ -110.785555718366382, 49.524281532291852 ], [ -110.756659659200508, 49.508162484623007 ], [ -110.733959964951254, 49.502793487065617 ], [ -110.706971180955634, 49.498637888484105 ], [ -110.691891768720893, 49.49444345940389 ], [ -110.665482976044871, 49.48297067432712 ], [ -110.634189269537146, 49.462609345897263 ], [ -110.61400602233627, 49.443558182758636 ], [ -110.607746519086774, 49.425461930082697 ], [ -110.608546516441521, 49.388837317042949 ], [ -110.584644923941255, 49.34674222111245 ], [ -110.586204365559396, 49.327094469904715 ], [ -110.580473594561568, 49.30260202459602 ], [ -110.575562500489653, 49.294175663798278 ], [ -110.561946613211092, 49.281308895617997 ], [ -110.549031127828172, 49.2771737865666 ], [ -110.534581614922445, 49.274810020274636 ], [ -110.521267611930853, 49.27569826146182 ], [ -110.49100600319629, 49.287866746857176 ], [ -110.474745895194019, 49.299177561935871 ], [ -110.45870252949743, 49.307744052702212 ], [ -110.437315928967948, 49.313355508298848 ], [ -110.40850157071273, 49.315939427628891 ], [ -110.362063574927575, 49.312343348689296 ], [ -110.335987314187008, 49.30721736522942 ], [ -110.307984479482613, 49.308431192422546 ], [ -110.262630002305869, 49.316750959645098 ], [ -110.239276289385415, 49.328664695841276 ], [ -110.219928049824944, 49.342567609169727 ], [ -110.143429898664436, 49.386723228234573 ], [ -110.118497194466684, 49.392135397452108 ], [ -110.103711890324547, 49.393372405958715 ], [ -110.074430755683395, 49.392643193719223 ], [ -110.032753004103682, 49.382234062671152 ], [ -110.005031624667126, 49.378636980297081 ], [ -110.005031358286075, 49.362384131768835 ], [ -110.005030848858127, 49.354370241704117 ], [ -110.005030513262611, 49.320675891513929 ], [ -110.005028117852433, 49.257266780946551 ], [ -110.005027295037337, 49.230019270291933 ], [ -110.005026969082664, 49.219132848986966 ], [ -110.005024726758407, 49.170422995286323 ], [ -110.005020821057045, 49.114410389875147 ], [ -110.005015834693822, 49.042244825406812 ], [ -110.005015766730921, 49.038989790652387 ], [ -110.005013208017459, 49.005741509439886 ], [ -110.005012508195165, 48.999830192970997 ], [ -110.07302316356899, 48.99977729950033 ], [ -110.139750424432521, 48.999683883512496 ], [ -110.194469485267874, 48.999636153617878 ], [ -110.207725851209375, 48.999621650018391 ], [ -110.271003079535092, 48.999488261228116 ], [ -110.27360358779633, 48.999482527707329 ], [ -110.340425374865916, 48.999393248654705 ], [ -110.407248351715054, 48.999309947518341 ], [ -110.415616613252027, 48.999310353490145 ], [ -110.440608199288434, 48.999303400210707 ], [ -110.469385228463793, 48.999291467515881 ], [ -110.473822964555183, 48.999290442504673 ], [ -110.540398003603755, 48.999231663701984 ], [ -110.546817708881264, 48.999196417571206 ], [ -110.587319495958226, 48.998976965995006 ], [ -110.593928490438159, 48.998937513570084 ], [ -110.60714527453861, 48.998861923027718 ], [ -110.635438711616203, 48.998700178807617 ], [ -110.638266732207512, 48.998681319958358 ], [ -110.673892329875386, 48.998459018782704 ], [ -110.712835393525452, 48.998475101093042 ], [ -110.740612619761961, 48.998475120704647 ], [ -110.776323065390756, 48.998462424871335 ], [ -110.794891529572695, 48.998448665298454 ], [ -110.80733154703772, 48.998438545768728 ], [ -110.874053212392184, 48.99834068830107 ], [ -110.876152250075037, 48.998334832375605 ], [ -110.94077412521483, 48.998194837764842 ], [ -111.004236149286271, 48.998045476853484 ], [ -111.007451818047628, 48.998039902739301 ], [ -111.074128603140181, 48.997814531866624 ], [ -111.077757334016326, 48.997807558550122 ], [ -111.141266948045399, 48.997643197403278 ], [ -111.173371684453244, 48.997566263608753 ], [ -111.208408136297038, 48.997468808886786 ], [ -111.232349634532056, 48.997403497966999 ], [ -111.275165417676732, 48.997274174717099 ], [ -111.291889933601496, 48.997232933057937 ], [ -111.341924953068357, 48.997099145427903 ], [ -111.371048427765317, 48.99706994555013 ], [ -111.398410625060421, 48.997036869444969 ], [ -111.408626021123979, 48.997022497934246 ], [ -111.475324364304726, 48.996928747037572 ], [ -111.47897204061745, 48.996936636439614 ], [ -111.49755404473369, 48.996989279564772 ], [ -111.519785339676559, 48.99691102153826 ], [ -111.531831735780486, 48.996932088283728 ], [ -111.54201582728524, 48.996954543752196 ], [ -111.54832822496077, 48.996918724517684 ], [ -111.564246629904943, 48.996831758296423 ], [ -111.583172929556497, 48.996867798498315 ], [ -111.586477118739751, 48.996875772507906 ], [ -111.608709698356463, 48.996961287822934 ], [ -111.630949852616425, 48.997137239785133 ], [ -111.653191191897918, 48.997245921275763 ], [ -111.665880428949961, 48.997294582783638 ], [ -111.675430821278837, 48.99732767205235 ], [ -111.683380668704203, 48.997358874000447 ], [ -111.742151871592995, 48.997596270273881 ], [ -111.7644300343552, 48.997719995863704 ], [ -111.770366039741447, 48.997764978830247 ], [ -111.786707621764918, 48.997875217779452 ], [ -111.808985605541892, 48.997945127211622 ], [ -111.840809694303815, 48.998097252307808 ], [ -111.875818422644258, 48.998254880013704 ], [ -111.898106120167824, 48.998361762177041 ], [ -111.920394567043502, 48.998387847034685 ], [ -111.942682568993177, 48.998477166082495 ], [ -111.964970301825474, 48.998571163489636 ], [ -111.987258204387189, 48.998719356184182 ], [ -112.002413775080285, 48.9987949816556 ], [ -112.004906001306324, 48.998796775284198 ], [ -112.07238551851438, 48.998847620074208 ], [ -112.042150602627046, 49.049493655407865 ], [ -112.038075761947269, 49.061765328636859 ], [ -112.035243755777785, 49.091017585561971 ], [ -112.040086109905886, 49.119535405608588 ], [ -112.054112522568786, 49.159259740789793 ], [ -112.073294641735146, 49.17940584343458 ], [ -112.088158389750959, 49.188458789043537 ], [ -112.217206485070093, 49.243546035845718 ], [ -112.195644293011327, 49.271066491597381 ], [ -112.199668786491856, 49.289481074680197 ], [ -112.199073792410161, 49.302292942839401 ], [ -112.212199151936218, 49.350224478290372 ], [ -112.215853032661386, 49.376877557782159 ], [ -112.231419801667911, 49.402871400068911 ], [ -112.284943214444255, 49.440219794534251 ], [ -112.391112150009278, 49.540932731305936 ], [ -112.438613355201653, 49.611064989794542 ], [ -112.469337769526788, 49.699165320896569 ], [ -112.496148314215972, 49.765194843322099 ], [ -112.511047652583841, 49.796636198050315 ], [ -112.526190524852609, 49.822585525516004 ], [ -112.55327585878635, 49.850129130034489 ], [ -112.627506590302374, 49.881752169893765 ], [ -112.649494753086756, 49.897273528123073 ], [ -112.653359933701395, 49.906962966786431 ], [ -112.64644920880535, 49.921491852343237 ], [ -112.631311669017919, 49.929458791407299 ], [ -112.615819980014891, 49.928255117895517 ], [ -112.58590445721434, 49.916706850532243 ], [ -112.578866149390507, 49.916114744290887 ], [ -112.5630876676924, 49.922228049946966 ], [ -112.574673532927633, 49.968250735692941 ], [ -112.578000141220812, 49.991214558360561 ], [ -112.595561637714709, 50.012156464322331 ], [ -112.624668140479756, 50.027811221547211 ], [ -112.662476901387109, 50.038580996741075 ], [ -112.692330342543073, 50.054228889330211 ], [ -112.708257160751046, 50.082909220622923 ], [ -112.709586687089271, 50.161254066683959 ], [ -112.706951273033823, 50.193729138254682 ], [ -112.694386521017307, 50.225566608353191 ], [ -112.676186688898014, 50.255468106311611 ], [ -112.648454626150823, 50.328708774543244 ], [ -112.62146640753221, 50.380880500282061 ], [ -112.593243246658503, 50.44448077503408 ], [ -112.57633879441299, 50.473934542367232 ], [ -112.54312733392878, 50.516833055444629 ], [ -112.505087637472457, 50.554093162429346 ], [ -112.466545309995709, 50.584936651456331 ], [ -112.45746276870878, 50.596207504304374 ], [ -112.471960240163114, 50.60886032409821 ], [ -112.494399301957515, 50.620292114995642 ], [ -112.57760020788966, 50.63608569167166 ], [ -112.5880278983973, 50.644067812731983 ], [ -112.597002530917351, 50.670339825275839 ], [ -112.596810194365716, 50.692777653531614 ], [ -112.591216508148023, 50.713056773238137 ], [ -112.574006787249502, 50.737373102800667 ], [ -112.573215616400361, 50.743623936420761 ], [ -112.57242830135975, 50.749829850428107 ], [ -112.576711006301508, 50.77706166010438 ], [ -112.586380990374934, 50.799230946339506 ], [ -112.596244645271696, 50.815901029928305 ], [ -112.607431270974004, 50.827814936615944 ], [ -112.621096682309314, 50.852614045213791 ], [ -112.617396554415606, 50.87678811207028 ], [ -112.591331595050747, 50.892916973725868 ], [ -112.56785824900156, 50.900640557455006 ], [ -112.545398969911489, 50.912407399737695 ], [ -112.531438493617003, 50.929811708161857 ], [ -112.524536237651063, 50.944390423051672 ], [ -112.537698870085606, 50.966619266024829 ], [ -112.544015547736066, 50.985440946539072 ], [ -112.529474829328066, 51.0020990971449 ], [ -112.496807742802346, 51.021040153345183 ], [ -112.46101533086123, 51.029278087170319 ], [ -112.426832292786187, 51.040833801758566 ], [ -112.406594814701322, 51.05261393441809 ], [ -112.38802261272177, 51.066254521495694 ], [ -112.346351407458044, 51.104091325728717 ], [ -112.310867574683442, 51.131375670298659 ], [ -112.298109989296123, 51.144002367604642 ], [ -112.292119606311104, 51.176566988935079 ], [ -112.274403903893671, 51.195708072330987 ], [ -112.255886866514487, 51.205658701783129 ], [ -112.246465919271813, 51.206548431967505 ], [ -112.233032995183081, 51.207823871293634 ], [ -112.185310818427311, 51.203269489654524 ], [ -112.161142199626866, 51.20832672508002 ], [ -112.129509593508971, 51.223516463522081 ], [ -111.946201538182351, 51.340667136941185 ], [ -111.931248185098042, 51.346966463225634 ], [ -111.886836070841483, 51.356321814881696 ], [ -111.829620208097595, 51.363545922876995 ], [ -111.78171705424883, 51.371682441864074 ], [ -111.717628450275626, 51.397056631812703 ], [ -111.658848756114722, 51.431326438789846 ], [ -111.653673910429404, 51.450665854740421 ], [ -111.659928348050173, 51.475771468523973 ], [ -111.670334732881955, 51.489593180394941 ], [ -111.72444677146072, 51.543680764480243 ], [ -111.745571110890069, 51.577924263547565 ], [ -111.759003303958494, 51.635486620793479 ], [ -111.752335227842309, 51.683061671705261 ], [ -111.739395975115727, 51.726088827266274 ], [ -111.678955748290235, 51.782726690001141 ], [ -111.66116728284014, 51.794064047246721 ], [ -111.62540893951109, 51.809022656693294 ], [ -111.585976138083467, 51.815265626063656 ], [ -111.506254542781988, 51.821977147347539 ], [ -111.463685001643654, 51.820936454764116 ], [ -111.43057618416006, 51.820118862735207 ], [ -111.395013389414146, 51.81114895861748 ], [ -111.374759023241154, 51.803663364976551 ], [ -111.342233988746642, 51.803198751784244 ], [ -111.291444412503381, 51.81738505600272 ], [ -111.218239610384074, 51.825650726021202 ], [ -111.16730626552355, 51.825749417218034 ], [ -111.135681558687409, 51.829289162551262 ], [ -111.099771169086239, 51.82609938374388 ], [ -111.036198828067654, 51.829091230336722 ], [ -110.832962422599905, 51.814362207952364 ], [ -110.78393140507491, 51.812881206272905 ], [ -110.61256174190973, 51.786253185190411 ], [ -110.502456418468924, 51.757726825087424 ], [ -110.477878385724964, 51.739584886805474 ], [ -110.451554598294663, 51.736541837344049 ], [ -110.42419403752794, 51.730490862894939 ], [ -110.389898330506455, 51.720056197543045 ], [ -110.335360512002211, 51.690515926014598 ], [ -110.315607656981243, 51.681977500613165 ], [ -110.291265971596417, 51.675551292605519 ], [ -110.26938371699292, 51.674255879026276 ], [ -110.247759674492144, 51.670216653451803 ], [ -110.229494643149593, 51.661723638727622 ], [ -110.21871317945336, 51.651683332106508 ], [ -110.208970229534941, 51.638475084679818 ], [ -110.18359796308502, 51.627865091145935 ], [ -110.134938821642848, 51.612962375673149 ], [ -110.099924875687393, 51.606686074680951 ], [ -110.063179875272638, 51.60796508515584 ], [ -110.036153129815418, 51.614664124334666 ], [ -110.005096762397812, 51.615544803301113 ], [ -110.005106404978648, 51.575584895627799 ], [ -110.005107536255011, 51.572132248689691 ], [ -110.005111565989679, 51.554963469937249 ], [ -110.005112270475692, 51.552910787712449 ], [ -110.005118379704911, 51.530506762872029 ], [ -110.005118300250217, 51.528197455563742 ], [ -110.005137240159698, 51.503349601454467 ], [ -110.00514154553484, 51.461190989369506 ], [ -110.005143400451232, 51.456910391945797 ], [ -110.005164208194358, 51.380772748467862 ], [ -110.005165003537002, 51.37863892377765 ], [ -110.005169960540229, 51.344362307055441 ], [ -110.005170499070204, 51.341949354419803 ], [ -110.005170638466751, 51.339333802624367 ], [ -110.005180474532224, 51.293953497146859 ], [ -110.005180105604182, 51.291936772750589 ], [ -110.005181735859836, 51.286660988139573 ], [ -110.005182140176416, 51.281956850204978 ], [ -110.005184774594369, 51.270419399919497 ], [ -110.005184918340305, 51.231057867343694 ], [ -110.005184885208067, 51.21982660198357 ], [ -110.005184044275396, 51.200767165876833 ], [ -110.00518289589219, 51.159636797195638 ], [ -110.005182154794156, 51.13403676682109 ], [ -110.005179789641716, 51.094477476573118 ], [ -110.005177372579197, 51.073167004288884 ], [ -110.005171211183594, 51.020106172561093 ], [ -110.005171672959861, 51.018710689457066 ], [ -110.005170544235185, 51.014969791421088 ], [ -110.005169313122835, 51.00006485701298 ], [ -110.005168192960767, 50.963318284297564 ], [ -110.005163030960617, 50.833338768917677 ], [ -110.005127689365068, 50.571838436505836 ], [ -110.005064313204969, 50.222480373658463 ], [ -110.004997531960029, 50.000060443997057 ], [ -110.004997540293644, 49.985654509622194 ], [ -110.004998289618499, 49.97934744004705 ], [ -110.005005502809354, 49.931164322150643 ] ] ] ] } },
{ "type": "Feature", "properties": { "AREA": 1212324403.52, "PERIMETER": 171892.94406099999, "SOILGR_T83": 18, "SOILGR_T_1": 4067, "SOIL_CODE": "BGL", "name": "Brunisols, Gray Luvisols (18)", "Shape_Leng": 171892.94403300001, "Shape_Area": 1212324403.4200001 }, "geometry": { "type": "MultiPolygon", "coordinates": [ [ [ [ -114.017552215784363, 50.30899960826784 ], [ -113.982684880652897, 50.307394413280157 ], [ -113.943602162128883, 50.30116957805015 ], [ -113.918849333733704, 50.288168822488238 ], [ -113.908339692281587, 50.274806908353654 ], [ -113.898618691568601, 50.25595794298146 ], [ -113.891076111519098, 50.233917768281906 ], [ -113.887843450758339, 50.208706968053583 ], [ -113.844876734387853, 50.129138845680529 ], [ -113.844464733049861, 50.107151090441924 ], [ -113.85072624684679, 50.063232582778269 ], [ -113.872973924649742, 49.986458672576823 ], [ -113.885272311853626, 49.964567138676173 ], [ -113.888698309756904, 49.903229520152863 ], [ -113.890739394188117, 49.866599009249867 ], [ -113.884178087028673, 49.827617801484855 ], [ -113.883269245994413, 49.73188413451745 ], [ -113.889615806542935, 49.674216428685433 ], [ -113.897524572876804, 49.659619072581009 ], [ -113.920264167918106, 49.637802409478269 ], [ -113.933693955627504, 49.630110138178409 ], [ -113.96468573281264, 49.620712476055886 ], [ -113.990656349040307, 49.62042987432342 ], [ -114.01096124896128, 49.625144695679211 ], [ -114.038853504379745, 49.644096795195374 ], [ -114.060358193346076, 49.672621023069979 ], [ -114.071962202651889, 49.712089132914336 ], [ -114.077217002302433, 49.755638748033938 ], [ -114.086721468722587, 49.797830682020745 ], [ -114.095719363797684, 49.903228141732967 ], [ -114.099839052643773, 49.917451249664971 ], [ -114.112147417176601, 49.937157457877625 ], [ -114.116420350498757, 49.989254992150265 ], [ -114.116144834094513, 49.996305005118295 ], [ -114.114872216482922, 50.028752357839707 ], [ -114.118251741076207, 50.069710144319082 ], [ -114.147503941757208, 50.142791594479114 ], [ -114.155864829009744, 50.185200909120624 ], [ -114.156660928366747, 50.220139611372929 ], [ -114.146161828655096, 50.251211724141648 ], [ -114.124688851394794, 50.26970275666492 ], [ -114.110754263266131, 50.278202524401657 ], [ -114.067526589957168, 50.29374305026888 ], [ -114.039705720140361, 50.300439520007629 ], [ -114.017552215784363, 50.30899960826784 ] ] ] ] } },
{ "type": "Feature", "properties": { "AREA": 3495609126.9699998, "PERIMETER": 244832.30936099999, "SOILGR_T83": 19, "SOILGR_T_1": 4073, "SOIL_CODE": "DBC", "name": "Dark Brown Chernozemics (19)", "Shape_Leng": 244832.30937100001, "Shape_Area": 3495609127.3399997 }, "geometry": { "type": "MultiPolygon", "coordinates": [ [ [ [ -110.005031624667126, 49.378636980297081 ], [ -110.032753004103682, 49.382234062671152 ], [ -110.074430755683395, 49.392643193719223 ], [ -110.103711890324547, 49.393372405958715 ], [ -110.118497194466684, 49.392135397452108 ], [ -110.143429898664436, 49.386723228234573 ], [ -110.219928049824944, 49.342567609169727 ], [ -110.239276289385415, 49.328664695841276 ], [ -110.262630002305869, 49.316750959645098 ], [ -110.307984479482613, 49.308431192422546 ], [ -110.335987314187008, 49.30721736522942 ], [ -110.362063574927575, 49.312343348689296 ], [ -110.40850157071273, 49.315939427628891 ], [ -110.437315928967948, 49.313355508298848 ], [ -110.45870252949743, 49.307744052702212 ], [ -110.474745895194019, 49.299177561935871 ], [ -110.49100600319629, 49.287866746857176 ], [ -110.521267611930853, 49.27569826146182 ], [ -110.534581614922445, 49.274810020274636 ], [ -110.549031127828172, 49.2771737865666 ], [ -110.561946613211092, 49.281308895617997 ], [ -110.575562500489653, 49.294175663798278 ], [ -110.580473594561568, 49.30260202459602 ], [ -110.586204365559396, 49.327094469904715 ], [ -110.584644923941255, 49.34674222111245 ], [ -110.608546516441521, 49.388837317042949 ], [ -110.607746519086774, 49.425461930082697 ], [ -110.61400602233627, 49.443558182758636 ], [ -110.634189269537146, 49.462609345897263 ], [ -110.665482976044871, 49.48297067432712 ], [ -110.691891768720893, 49.49444345940389 ], [ -110.706971180955634, 49.498637888484105 ], [ -110.733959964951254, 49.502793487065617 ], [ -110.756659659200508, 49.508162484623007 ], [ -110.785555718366382, 49.524281532291852 ], [ -110.794302938506007, 49.538329009558893 ], [ -110.801251878731719, 49.566970780375108 ], [ -110.806192798512626, 49.575846516351831 ], [ -110.840158354639698, 49.599912940411713 ], [ -110.891301155153741, 49.61996284527774 ], [ -110.92710889422662, 49.6390228695712 ], [ -110.938316772687472, 49.649017913500991 ], [ -110.95023335571716, 49.66865072741507 ], [ -110.94936672112749, 49.680534456607703 ], [ -110.943357922889192, 49.69545603860923 ], [ -110.916484481283248, 49.735792828353887 ], [ -110.90741839702271, 49.744195206125283 ], [ -110.861537682574109, 49.774267838801336 ], [ -110.812692191478206, 49.814757648121166 ], [ -110.76267309267692, 49.851066530210595 ], [ -110.723896673580569, 49.868959280453751 ], [ -110.682673881858292, 49.881711126535279 ], [ -110.631757678112251, 49.891819307948609 ], [ -110.607678696154395, 49.892789878506548 ], [ -110.460117312155674, 49.884644305637558 ], [ -110.419743098090791, 49.886339916785246 ], [ -110.381869698283452, 49.891785526988343 ], [ -110.324239806191429, 49.905164450588472 ], [ -110.294403128992712, 49.907223785949235 ], [ -110.167895911281875, 49.892645635277731 ], [ -110.122628797482662, 49.893588367513729 ], [ -110.074866791225233, 49.906327884615642 ], [ -110.024871304916346, 49.927657641872344 ], [ -110.005005502809354, 49.931164322150643 ], [ -110.005011193235106, 49.872004889220577 ], [ -110.005015759757768, 49.824851385712627 ], [ -110.005018528433695, 49.779663453694667 ], [ -110.005024517641999, 49.695090814496083 ], [ -110.005024783793843, 49.682858470401172 ], [ -110.005026024106527, 49.669820275089918 ], [ -110.005026241872557, 49.648988631674918 ], [ -110.005026457311331, 49.647439883666301 ], [ -110.005027573343312, 49.623371143685347 ], [ -110.005028213348979, 49.590451007731012 ], [ -110.005028999916533, 49.581874354296694 ], [ -110.005028822946372, 49.578628319160273 ], [ -110.005030453280924, 49.546033021729428 ], [ -110.005031350448974, 49.520582529451971 ], [ -110.005031966657839, 49.403772591047861 ], [ -110.005031650881904, 49.381928066482104 ], [ -110.005031624667126, 49.378636980297081 ] ] ] ] } }
]
}
