{
"type": "FeatureCollection",
"name": "subpastures wgs84",
"crs": { "type": "name", "properties": { "name": "urn:ogc:def:crs:OGC:1.3:CRS84" } },
"features": [
{ "type": "Feature", "properties": { "fid": 1, "grazing_regime": "NA", "Block": "KB1", "catg_subpasture": "KA-01", "catg_pasture": "K1" }, "geometry": { "type": "Polygon", "coordinates": [ [ [ -111.562657, 53.128951, 0.0 ], [ -111.56266, 53.12889, 0.0 ], [ -111.561992114076617, 53.128877002997584, 0.0 ], [ -111.5598340322734, 53.128863551635, 0.0 ], [ -111.556555057431268, 53.128832863555076, 0.0 ], [ -111.555721966484725, 53.128825029282446, 0.0 ], [ -111.555608, 53.128824, 0.0 ], [ -111.555608053285738, 53.128874000213123, 0.0 ], [ -111.558397150406861, 53.128904439246668, 0.0 ], [ -111.560215533201969, 53.128924331458578, 0.0 ], [ -111.560279707581728, 53.128925032486023, 0.0 ], [ -111.562657, 53.128951, 0.0 ] ] ] } },
{ "type": "Feature", "properties": { "fid": 2, "grazing_regime": "CON", "Block": "KB1", "catg_subpasture": "K2-07", "catg_pasture": "K2" }, "geometry": { "type": "Polygon", "coordinates": [ [ [ -111.546483017061703, 53.125787284409192, 0.0 ], [ -111.54617907907442, 53.125928650914908, 0.0 ], [ -111.545945824339981, 53.126133632348179, 0.0 ], [ -111.545924619364115, 53.127999670223595, 0.0 ], [ -111.546207352375561, 53.128155173379874, 0.0 ], [ -111.546292172278982, 53.128374291463736, 0.0 ], [ -111.546454743760563, 53.128579272896999, 0.0 ], [ -111.545908925998987, 53.128618401126246, 0.0 ], [ -111.545825119297049, 53.128616759651266, 0.0 ], [ -111.545843811811963, 53.128551335849096, 0.0 ], [ -111.545824285199046, 53.12842766730072, 0.0 ], [ -111.545726652134547, 53.128356069720077, 0.0 ], [ -111.54562901907002, 53.128310507623311, 0.0 ], [ -111.545440261811976, 53.128251927784589, 0.0 ], [ -111.545238486811968, 53.128225892300712, 0.0 ], [ -111.544984640844234, 53.128212874558784, 0.0 ], [ -111.544750321489389, 53.128199856816856, 0.0 ], [ -111.544652688424861, 53.128199856816842, 0.0 ], [ -111.544489966650687, 53.128245418913615, 0.0 ], [ -111.544275173908758, 53.128310507623311, 0.0 ], [ -111.544105943263602, 53.128362578591023, 0.0 ], [ -111.544008310199075, 53.128408140687831, 0.0 ], [ -111.54390416826358, 53.128518791494272, 0.0 ], [ -111.543851447418703, 53.128578102444756, 0.0 ], [ -111.543621930084413, 53.128573607017181, 0.0 ], [ -111.543410062643787, 53.128591642466255, 0.0 ], [ -111.543261627812797, 53.1285456983519, 0.0 ], [ -111.543229820349012, 53.128393729358258, 0.0 ], [ -111.543392391830579, 53.12823645912065, 0.0 ], [ -111.543638016134253, 53.128126900078733, 0.0 ], [ -111.543959624934729, 53.127993043668631, 0.0 ], [ -111.543975528666621, 53.127892320033318, 0.0 ], [ -111.543881873356597, 53.127720913145126, 0.0 ], [ -111.543682193167285, 53.127571153003153, 0.0 ], [ -111.543360584366795, 53.127382075301767, 0.0 ], [ -111.543079618436693, 53.12713645099808, 0.0 ], [ -111.542959456906843, 53.126820143441549, 0.0 ], [ -111.543028373078371, 53.126609860764319, 0.0 ], [ -111.54315206877088, 53.126362469379323, 0.0 ], [ -111.543265161975413, 53.126214034548305, 0.0 ], [ -111.543618578239688, 53.126073551583247, 0.0 ], [ -111.543791752209202, 53.126027607468899, 0.0 ], [ -111.543975528666635, 53.125893309288486, 0.0 ], [ -111.54403560943156, 53.125720135318986, 0.0 ], [ -111.544166373449343, 53.125656520391409, 0.0 ], [ -111.544371354882614, 53.125730737806926, 0.0 ], [ -111.544533926364196, 53.125826160198272, 0.0 ], [ -111.544735373634836, 53.12582969436091, 0.0 ], [ -111.544972162531892, 53.125748408620126, 0.0 ], [ -111.545060516597971, 53.125451538958139, 0.0 ], [ -111.545039311622105, 53.125317240777711, 0.0 ], [ -111.54497923085718, 53.12500623446514, 0.0 ], [ -111.546716271796129, 53.124999166139851, 0.0 ], [ -111.546589041940962, 53.12546214144605, 0.0 ], [ -111.546483017061703, 53.125787284409192, 0.0 ] ], [ [ -111.545836218129125, 53.126081761722986, 0.0 ], [ -111.545914324580735, 53.126060065486442, 0.0 ], [ -111.545979413290411, 53.126029690755246, 0.0 ], [ -111.545996770279658, 53.126012333765992, 0.0 ], [ -111.545988091785034, 53.125955923550947, 0.0 ], [ -111.545953377806541, 53.12591253107783, 0.0 ], [ -111.545870932107619, 53.125869138604727, 0.0 ], [ -111.5457581116775, 53.125856120862771, 0.0 ], [ -111.545623595010852, 53.125847442368155, 0.0 ], [ -111.545506435333408, 53.125812728389647, 0.0 ], [ -111.54541965038716, 53.125791032153096, 0.0 ], [ -111.545376257914043, 53.125791032153096, 0.0 ], [ -111.545302490709744, 53.125838763873517, 0.0 ], [ -111.545285133720498, 53.125873477852004, 0.0 ], [ -111.54530682995707, 53.125942905809012, 0.0 ], [ -111.545354561677499, 53.126012333765992, 0.0 ], [ -111.545384936408681, 53.126029690755246, 0.0 ], [ -111.545840557376437, 53.126094779464935, 0.0 ], [ -111.545836218129125, 53.126081761722986, 0.0 ] ] ] } },
{ "type": "Feature", "properties": { "fid": 3, "grazing_regime": "NA", "Block": "KB2", "catg_subpasture": "KA-05", "catg_pasture": "K5" }, "geometry": { "type": "Polygon", "coordinates": [ [ [ -111.543656, 53.113924, 0.0 ], [ -111.551929, 53.113858, 0.0 ], [ -111.551926, 53.113765, 0.0 ], [ -111.543663, 53.113846, 0.0 ], [ -111.543656, 53.113924, 0.0 ] ] ] } },
{ "type": "Feature", "properties": { "fid": 4, "grazing_regime": "AMP", "Block": "KB1", "catg_subpasture": "K1-01", "catg_pasture": "K1" }, "geometry": { "type": "Polygon", "coordinates": [ [ [ -111.564771, 53.132175, 0.0 ], [ -111.565, 53.129248, 0.0 ], [ -111.563659, 53.129179, 0.0 ], [ -111.563688, 53.128897, 0.0 ], [ -111.56266, 53.12889, 0.0 ], [ -111.562657, 53.128951, 0.0 ], [ -111.562625, 53.131415, 0.0 ], [ -111.561944, 53.131655, 0.0 ], [ -111.561740025203108, 53.132180611971506, 0.0 ], [ -111.564771, 53.132175, 0.0 ] ] ] } },
{ "type": "Feature", "properties": { "fid": 5, "grazing_regime": "CON", "Block": "KB1", "catg_subpasture": "K2-06", "catg_pasture": "K2" }, "geometry": { "type": "Polygon", "coordinates": [ [ [ -111.545025174971528, 53.125243023362209, 0.0 ], [ -111.545056982435327, 53.125462141446043, 0.0 ], [ -111.544958025881314, 53.125748408620126, 0.0 ], [ -111.544721236984273, 53.125822626035621, 0.0 ], [ -111.544551597177417, 53.125808489385044, 0.0 ], [ -111.544374889045258, 53.125716601156334, 0.0 ], [ -111.544159305124055, 53.125635315415551, 0.0 ], [ -111.544046211919493, 53.125681259529905, 0.0 ], [ -111.54397906282928, 53.125843831011473, 0.0 ], [ -111.543763478908062, 53.126013470818329, 0.0 ], [ -111.543604441589125, 53.126073551583261, 0.0 ], [ -111.543289901113937, 53.126132748807528, 0.0 ], [ -111.543116727144437, 53.12628471780117, 0.0 ], [ -111.542993031451942, 53.126638134065459, 0.0 ], [ -111.542915279873796, 53.126913798751588, 0.0 ], [ -111.543192711641254, 53.127327295780795, 0.0 ], [ -111.543553196230818, 53.127542879702013, 0.0 ], [ -111.54385890129943, 53.127751395297942, 0.0 ], [ -111.543947255365481, 53.127924569267428, 0.0 ], [ -111.543615044077072, 53.12811894821278, 0.0 ], [ -111.543381789342646, 53.128224973092067, 0.0 ], [ -111.543205081210516, 53.128437022850633, 0.0 ], [ -111.543396229709813, 53.128650798274556, 0.0 ], [ -111.543591050425491, 53.128640858442125, 0.0 ], [ -111.543555267028722, 53.128859534755648, 0.0 ], [ -111.54214878073941, 53.128789458937, 0.0 ], [ -111.541960917906422, 53.128776040163174, 0.0 ], [ -111.541959923923187, 53.12868658167131, 0.0 ], [ -111.54208317784537, 53.128682605738319, 0.0 ], [ -111.542116835162929, 53.128649850417268, 0.0 ], [ -111.542128331301214, 53.12864246004267, 0.0 ], [ -111.542189080763578, 53.128579540956643, 0.0 ], [ -111.542206437752824, 53.128514452246975, 0.0 ], [ -111.542193420010904, 53.128427667300727, 0.0 ], [ -111.542150027537758, 53.12835823934374, 0.0 ], [ -111.542074090709818, 53.128306168376014, 0.0 ], [ -111.541896181570024, 53.128286641763097, 0.0 ], [ -111.541768173774344, 53.128301829128681, 0.0 ], [ -111.541707424311952, 53.128392953322233, 0.0 ], [ -111.541687897699063, 53.128486247139435, 0.0 ], [ -111.541705254688324, 53.128544826978136, 0.0 ], [ -111.541777587643821, 53.128613250044168, 0.0 ], [ -111.541799892621015, 53.128644834375088, 0.0 ], [ -111.541854372835871, 53.128660400150764, 0.0 ], [ -111.541857128344233, 53.12866198665558, 0.0 ], [ -111.54187231570981, 53.128666325902863, 0.0 ], [ -111.541879266473345, 53.128667512618598, 0.0 ], [ -111.541932092392386, 53.128682605738334, 0.0 ], [ -111.541956941973439, 53.128780016096165, 0.0 ], [ -111.541257674761738, 53.128819775425875, 0.0 ], [ -111.541253669728206, 53.125729046258847, 0.0 ], [ -111.541261566650689, 53.125732994720067, 0.0 ], [ -111.541346181973267, 53.125739503591049, 0.0 ], [ -111.541541448102294, 53.12574601246201, 0.0 ], [ -111.541600027941001, 53.12574601246201, 0.0 ], [ -111.541710678747464, 53.125778556816861, 0.0 ], [ -111.541795294070042, 53.125798083429757, 0.0 ], [ -111.541834347295847, 53.12580459230071, 0.0 ], [ -111.541944998102295, 53.125837136655555, 0.0 ], [ -111.541964524715198, 53.125843645526523, 0.0 ], [ -111.542036122295826, 53.125843645526523, 0.0 ], [ -111.542159790844224, 53.12577204794588, 0.0 ], [ -111.542250915037769, 53.125719976978161, 0.0 ], [ -111.542335530360347, 53.125667906010385, 0.0 ], [ -111.54244618116681, 53.125609326171663, 0.0 ], [ -111.542517778747452, 53.125576781816861, 0.0 ], [ -111.542621920682933, 53.125544237462002, 0.0 ], [ -111.542758606973266, 53.125492166494283, 0.0 ], [ -111.542804169070038, 53.125466131010391, 0.0 ], [ -111.542817186811973, 53.125433586655561, 0.0 ], [ -111.542823695682941, 53.125388024558788, 0.0 ], [ -111.542804169070038, 53.125309918107178, 0.0 ], [ -111.542752098102284, 53.125251338268477, 0.0 ], [ -111.542641447295836, 53.125192758429748, 0.0 ], [ -111.542426654553893, 53.125101634236195, 0.0 ], [ -111.542322512618426, 53.125069089881364, 0.0 ], [ -111.542257423908751, 53.125049563268469, 0.0 ], [ -111.542114228747465, 53.125004001171703, 0.0 ], [ -111.542003577941003, 53.124997492300736, 0.0 ], [ -111.542000715516025, 53.124997174253508, 0.0 ], [ -111.54184611284181, 53.124962623450216, 0.0 ], [ -111.541311349856926, 53.124962623450209, 0.0 ], [ -111.541253698828811, 53.124696235941016, 0.0 ], [ -111.541337193421256, 53.124519306923709, 0.0 ], [ -111.541699003321824, 53.124680332209124, 0.0 ], [ -111.542462382452683, 53.124994430913993, 0.0 ], [ -111.543579702450629, 53.124988563651932, 0.0 ], [ -111.54497569669455, 53.125009768627784, 0.0 ], [ -111.545025174971528, 53.125243023362209, 0.0 ] ], [ [ -111.543389967457131, 53.126025893913628, 0.0 ], [ -111.543442038424871, 53.126032402784595, 0.0 ], [ -111.543617777941009, 53.126038911655556, 0.0 ], [ -111.543793517457118, 53.12596731407492, 0.0 ], [ -111.54393020374745, 53.125843645526523, 0.0 ], [ -111.543969256973256, 53.125752521332991, 0.0 ], [ -111.544008310199089, 53.125687432623309, 0.0 ], [ -111.544060381166815, 53.125628852784594, 0.0 ], [ -111.544177540844231, 53.125583290687828, 0.0 ], [ -111.544320736005517, 53.125648379397504, 0.0 ], [ -111.544385824715178, 53.125700450365244, 0.0 ], [ -111.544476948908738, 53.125759030203959, 0.0 ], [ -111.544626652941005, 53.125791574558775, 0.0 ], [ -111.544743812618421, 53.125791574558782, 0.0 ], [ -111.544887007779707, 53.125739503591049, 0.0 ], [ -111.544939078747433, 53.125661397139424, 0.0 ], [ -111.545004167457151, 53.125570272945893, 0.0 ], [ -111.545023694070025, 53.125518201978139, 0.0 ], [ -111.545004167457151, 53.125335953591055, 0.0 ], [ -111.544978131973266, 53.125270864881365, 0.0 ], [ -111.544939078747447, 53.125244829397495, 0.0 ], [ -111.544828427940985, 53.125205776171697, 0.0 ], [ -111.544730794876472, 53.125192758429748, 0.0 ], [ -111.544600617457135, 53.125257847139437, 0.0 ], [ -111.544509493263575, 53.125290391494268, 0.0 ], [ -111.54439233358616, 53.125316426978145, 0.0 ], [ -111.544236120682939, 53.125342462462008, 0.0 ], [ -111.544144996489393, 53.125348971332983, 0.0 ], [ -111.544001801328108, 53.125348971332983, 0.0 ], [ -111.54382606181197, 53.125375006816867, 0.0 ], [ -111.543637304553911, 53.125414060042665, 0.0 ], [ -111.543461565037788, 53.125414060042665, 0.0 ], [ -111.543266298908748, 53.125414060042665, 0.0 ], [ -111.543168665844235, 53.12544660439751, 0.0 ], [ -111.543097068263592, 53.125537728591048, 0.0 ], [ -111.543058015037772, 53.125674414881374, 0.0 ], [ -111.542999435199079, 53.125824118913634, 0.0 ], [ -111.54289529326357, 53.125986840687801, 0.0 ], [ -111.542856240037764, 53.126038911655549, 0.0 ], [ -111.542752098102298, 53.126071456010393, 0.0 ], [ -111.542478725521647, 53.126104000365238, 0.0 ], [ -111.542355056973264, 53.126117018107173, 0.0 ], [ -111.54215328197327, 53.126117018107159, 0.0 ], [ -111.541958015844216, 53.126123526978127, 0.0 ], [ -111.54185387390875, 53.126208142300726, 0.0 ], [ -111.541834347295847, 53.126351337461998, 0.0 ], [ -111.54190594487649, 53.126455479397499, 0.0 ], [ -111.541977542457133, 53.12650755036524, 0.0 ], [ -111.542133755360354, 53.12657914794589, 0.0 ], [ -111.542368074715199, 53.126618201171702, 0.0 ], [ -111.542452690037777, 53.126618201171702, 0.0 ], [ -111.542563340844239, 53.126618201171702, 0.0 ], [ -111.54269351826359, 53.126592165687832, 0.0 ], [ -111.542823695682927, 53.126540094720077, 0.0 ], [ -111.54292132874744, 53.126435952784583, 0.0 ], [ -111.542960381973245, 53.126351337462005, 0.0 ], [ -111.543012452940999, 53.126247195526524, 0.0 ], [ -111.543025470682934, 53.126143053591065, 0.0 ], [ -111.543077541650689, 53.126071456010393, 0.0 ], [ -111.543097068263592, 53.126064947139426, 0.0 ], [ -111.543175174715188, 53.126038911655556, 0.0 ], [ -111.543246772295845, 53.126032402784595, 0.0 ], [ -111.543389967457131, 53.126025893913628, 0.0 ] ] ] } },
{ "type": "Feature", "properties": { "fid": 6, "grazing_regime": "AMP", "Block": "KB1", "catg_subpasture": "K1-06", "catg_pasture": "K1" }, "geometry": { "type": "Polygon", "coordinates": [ [ [ -111.555721966484725, 53.128825029282446, 0.0 ], [ -111.555092, 53.128104, 0.0 ], [ -111.554959, 53.126639, 0.0 ], [ -111.554698, 53.12647, 0.0 ], [ -111.554718, 53.125045, 0.0 ], [ -111.552921, 53.125036, 0.0 ], [ -111.552919937966593, 53.128988365801582, 0.0 ], [ -111.555608, 53.128824, 0.0 ], [ -111.555721966484725, 53.128825029282446, 0.0 ] ] ] } },
{ "type": "Feature", "properties": { "fid": 7, "grazing_regime": "CON", "Block": "KB1", "catg_subpasture": "K2-05", "catg_pasture": "K2" }, "geometry": { "type": "Polygon", "coordinates": [ [ [ -111.543460718974913, 53.130600813928694, 0.0 ], [ -111.543486636167628, 53.130746892651281, 0.0 ], [ -111.543545538878334, 53.13091182024128, 0.0 ], [ -111.543314640252348, 53.131381863872761, 0.0 ], [ -111.543233796281939, 53.131481924852636, 0.0 ], [ -111.543078293125646, 53.131658632984767, 0.0 ], [ -111.542876845855019, 53.131877751068629, 0.0 ], [ -111.542887448342952, 53.131990844273211, 0.0 ], [ -111.542859175041798, 53.132224099007608, 0.0 ], [ -111.541254153309438, 53.132213037218627, 0.0 ], [ -111.541268111585865, 53.128832200216458, 0.0 ], [ -111.54215762105089, 53.12884244434774, 0.0 ], [ -111.543580319526626, 53.128853591235455, 0.0 ], [ -111.543606797697478, 53.130492432940983, 0.0 ], [ -111.543460718974913, 53.130600813928694, 0.0 ] ], [ [ -111.542306240440993, 53.132121451574903, 0.0 ], [ -111.542390855763585, 53.132098670526524, 0.0 ], [ -111.542514524311969, 53.132066126171679, 0.0 ], [ -111.542566595279709, 53.132046599558755, 0.0 ], [ -111.542608902940998, 53.132030327381337, 0.0 ], [ -111.542644701731319, 53.132004291897481, 0.0 ], [ -111.542634938424868, 53.131926185445849, 0.0 ], [ -111.542615411811951, 53.131900149962, 0.0 ], [ -111.542569849715193, 53.131870860042639, 0.0 ], [ -111.542472216650665, 53.131835061252318, 0.0 ], [ -111.542403873505521, 53.131828552381364, 0.0 ], [ -111.54232902148938, 53.131818789074899, 0.0 ], [ -111.542254169473267, 53.131818789074899, 0.0 ], [ -111.542202098505513, 53.131828552381364, 0.0 ], [ -111.542127246489386, 53.131854587865213, 0.0 ], [ -111.542045885602306, 53.131880623349105, 0.0 ], [ -111.541990560199068, 53.131896895526509, 0.0 ], [ -111.541948252537779, 53.131909913268444, 0.0 ], [ -111.541915708182941, 53.131926185445856, 0.0 ], [ -111.541886418263573, 53.131965238671675, 0.0 ], [ -111.54187665495715, 53.132010800768448, 0.0 ], [ -111.541925471489378, 53.132053108429737, 0.0 ], [ -111.542000323505519, 53.132088907220066, 0.0 ], [ -111.542042631166794, 53.132105179397485, 0.0 ], [ -111.542055648908743, 53.132118197139427, 0.0 ], [ -111.542169554150675, 53.132147487058788, 0.0 ], [ -111.542306240440993, 53.132121451574903, 0.0 ] ] ] } },
{ "type": "Feature", "properties": { "fid": 8, "grazing_regime": "AMP", "Block": "KB1", "catg_subpasture": "K1-07", "catg_pasture": "K1" }, "geometry": { "type": "Polygon", "coordinates": [ [ [ -111.555721966484725, 53.128825029282446, 0.0 ], [ -111.555092, 53.128104, 0.0 ], [ -111.554959, 53.126639, 0.0 ], [ -111.554698, 53.12647, 0.0 ], [ -111.554718, 53.125045, 0.0 ], [ -111.557481999398803, 53.1250388934778, 0.0 ], [ -111.557485, 53.127154, 0.0 ], [ -111.556585, 53.127475, 0.0 ], [ -111.556555057431268, 53.128832863555076, 0.0 ], [ -111.555721966484725, 53.128825029282446, 0.0 ] ], [ [ -111.556479408674377, 53.126454258984189, 0.0 ], [ -111.556706405549377, 53.126382254599122, 0.0 ], [ -111.556840651013076, 53.126241907068881, 0.0 ], [ -111.556774748694536, 53.126102779951964, 0.0 ], [ -111.556650266537275, 53.126016130607184, 0.0 ], [ -111.556436694208642, 53.125900191343085, 0.0 ], [ -111.556248750559462, 53.125847713570899, 0.0 ], [ -111.55604494153728, 53.125868460597118, 0.0 ], [ -111.555878965327594, 53.125961212008399, 0.0 ], [ -111.555749601517135, 53.126105220778555, 0.0 ], [ -111.555703225811456, 53.126212617149534, 0.0 ], [ -111.555786213916321, 53.126328556413625, 0.0 ], [ -111.555908255246948, 53.126420087411617, 0.0 ], [ -111.55607789269655, 53.126472565183803, 0.0 ], [ -111.55630366915824, 53.126470124357184, 0.0 ], [ -111.556479408674377, 53.126454258984189, 0.0 ] ] ] } },
{ "type": "Feature", "properties": { "fid": 9, "grazing_regime": "CON", "Block": "KB1", "catg_subpasture": "K2-04", "catg_pasture": "K2" }, "geometry": { "type": "Polygon", "coordinates": [ [ [ -111.546251971178904, 53.128886965932111, 0.0 ], [ -111.546116264855073, 53.128990740543728, 0.0 ], [ -111.546115243261667, 53.129017729949901, 0.0 ], [ -111.546147050725452, 53.130928828399021, 0.0 ], [ -111.546032853095042, 53.130942965049599, 0.0 ], [ -111.546241368690971, 53.131024250790368, 0.0 ], [ -111.546467555100136, 53.131172685621365, 0.0 ], [ -111.546471089262738, 53.131289312988599, 0.0 ], [ -111.546216629552461, 53.131427145331656, 0.0 ], [ -111.54598690898068, 53.131568511837358, 0.0 ], [ -111.545859679125542, 53.131731083318932, 0.0 ], [ -111.545767790896832, 53.131928996426943, 0.0 ], [ -111.545682970993397, 53.132027952980941, 0.0 ], [ -111.545799598360617, 53.132056226282096, 0.0 ], [ -111.545926828215741, 53.132077431257947, 0.0 ], [ -111.545918126041414, 53.132222798239262, 0.0 ], [ -111.543616993476292, 53.132211578675317, 0.0 ], [ -111.543385765275559, 53.132213496519697, 0.0 ], [ -111.542866243367087, 53.132202894031764, 0.0 ], [ -111.542894516668241, 53.131877751068629, 0.0 ], [ -111.543318616185346, 53.131421844087704, 0.0 ], [ -111.543566007570362, 53.130916458829773, 0.0 ], [ -111.543488992276053, 53.1307574951392, 0.0 ], [ -111.54346778730023, 53.130614950579265, 0.0 ], [ -111.543628002673373, 53.130501857374696, 0.0 ], [ -111.543609925151003, 53.128623562125668, 0.0 ], [ -111.543809813617827, 53.128624940470743, 0.0 ], [ -111.5438000263281, 53.128635951171681, 0.0 ], [ -111.543721919876475, 53.128720566494273, 0.0 ], [ -111.543702393263587, 53.128759619720078, 0.0 ], [ -111.543832570682923, 53.128850743913631, 0.0 ], [ -111.543962748102288, 53.128889797139429, 0.0 ], [ -111.544118961005523, 53.128928850365241, 0.0 ], [ -111.544184049715199, 53.128941868107177, 0.0 ], [ -111.544281682779697, 53.128980921332989, 0.0 ], [ -111.544366298102275, 53.128993939074917, 0.0 ], [ -111.544385824715192, 53.128993939074924, 0.0 ], [ -111.544704759392602, 53.129026483429747, 0.0 ], [ -111.544828427940999, 53.129026483429755, 0.0 ], [ -111.544965114231317, 53.129026483429755, 0.0 ], [ -111.54510180052165, 53.129013465687812, 0.0 ], [ -111.545244995682935, 53.128993939074924, 0.0 ], [ -111.545362155360337, 53.128915832623292, 0.0 ], [ -111.545544403747442, 53.128831217300714, 0.0 ], [ -111.545713634392612, 53.128779146332988, 0.0 ], [ -111.545798249715176, 53.128668495526519, 0.0 ], [ -111.545817776328093, 53.128642460042641, 0.0 ], [ -111.545818823842296, 53.128638793742887, 0.0 ], [ -111.546444583042913, 53.128643108709753, 0.0 ], [ -111.546442815961612, 53.128786242296776, 0.0 ], [ -111.546251971178904, 53.128886965932111, 0.0 ] ], [ [ -111.544474508082118, 53.131504736050729, 0.0 ], [ -111.544497289130518, 53.131511244921668, 0.0 ], [ -111.54455586896924, 53.131530771534578, 0.0 ], [ -111.544643738727274, 53.131530771534578, 0.0 ], [ -111.544747880662769, 53.131524262663604, 0.0 ], [ -111.544839004856314, 53.131517753792636, 0.0 ], [ -111.544943146791795, 53.131501481615231, 0.0 ], [ -111.545001726630517, 53.131481955002322, 0.0 ], [ -111.54508634195308, 53.131436392905535, 0.0 ], [ -111.54515468509824, 53.131377813066848, 0.0 ], [ -111.54520350163051, 53.131351777582978, 0.0 ], [ -111.545265335904702, 53.131312724357159, 0.0 ], [ -111.545330424614377, 53.13122160016362, 0.0 ], [ -111.545356460098262, 53.131172783631357, 0.0 ], [ -111.545372732275666, 53.131094677179746, 0.0 ], [ -111.545362968969215, 53.131052369518457, 0.0 ], [ -111.54532391574341, 53.130951482018453, 0.0 ], [ -111.545278353646637, 53.130844085647489, 0.0 ], [ -111.545239300420832, 53.130707399357163, 0.0 ], [ -111.545210010501464, 53.130603257421676, 0.0 ], [ -111.545138412920821, 53.130476334437795, 0.0 ], [ -111.545079833082113, 53.130404736857166, 0.0 ], [ -111.544988708888582, 53.130362429195863, 0.0 ], [ -111.5448617859047, 53.130365683631368, 0.0 ], [ -111.544673028646628, 53.130430772341022, 0.0 ], [ -111.544477762517602, 53.130482843308776, 0.0 ], [ -111.544419182678894, 53.130489352179744, 0.0 ], [ -111.544240188727272, 53.130495861050704, 0.0 ], [ -111.544080721388582, 53.130495861050704, 0.0 ], [ -111.543917999614393, 53.130495861050711, 0.0 ], [ -111.543807348807917, 53.130502369921679, 0.0 ], [ -111.54367717138858, 53.130531659841033, 0.0 ], [ -111.543576283888584, 53.130567458631347, 0.0 ], [ -111.54351770404989, 53.130655328389423, 0.0 ], [ -111.543501431872443, 53.130752961453929, 0.0 ], [ -111.5435730294531, 53.130857103389424, 0.0 ], [ -111.543703206872436, 53.131000298550696, 0.0 ], [ -111.543830129856303, 53.131084913873273, 0.0 ], [ -111.544022141549888, 53.13120207355071, 0.0 ], [ -111.544253206469222, 53.131328996534577, 0.0 ], [ -111.544402910501489, 53.131433138470058, 0.0 ], [ -111.544474508082118, 53.131504736050729, 0.0 ] ] ] } },
{ "type": "Feature", "properties": { "fid": 10, "grazing_regime": "AMP", "Block": "KB1", "catg_subpasture": "K1-08", "catg_pasture": "K1" }, "geometry": { "type": "Polygon", "coordinates": [ [ [ -111.556555057431268, 53.128832863555076, 0.0 ], [ -111.556585, 53.127475, 0.0 ], [ -111.557485, 53.127154, 0.0 ], [ -111.557481999398803, 53.1250388934778, 0.0 ], [ -111.559070982649303, 53.125029925671107, 0.0 ], [ -111.559178, 53.127706, 0.0 ], [ -111.559846, 53.128153, 0.0 ], [ -111.559854, 53.128393, 0.0 ], [ -111.5598340322734, 53.128863551635, 0.0 ], [ -111.556555057431268, 53.128832863555076, 0.0 ] ], [ [ -111.559205812000982, 53.128506383958992, 0.0 ], [ -111.559437690529194, 53.128442922467066, 0.0 ], [ -111.559405959783234, 53.128328203616263, 0.0 ], [ -111.559196048694545, 53.128208603112235, 0.0 ], [ -111.558988578432462, 53.128103647567862, 0.0 ], [ -111.558800634783253, 53.128052390208985, 0.0 ], [ -111.558646862706624, 53.128132937487223, 0.0 ], [ -111.558576078734859, 53.128272064604168, 0.0 ], [ -111.558612691134059, 53.128381901801745, 0.0 ], [ -111.558744495771151, 53.12849173899933, 0.0 ], [ -111.558805516436479, 53.128533233051748, 0.0 ], [ -111.558954406859854, 53.128540555531586, 0.0 ], [ -111.559205812000982, 53.128506383958992, 0.0 ] ] ] } },
{ "type": "Feature", "properties": { "fid": 11, "grazing_regime": "CON", "Block": "KB1", "catg_subpasture": "K2-03", "catg_pasture": "K2" }, "geometry": { "type": "Polygon", "coordinates": [ [ [ -111.548460381060352, 53.128843451554552, 0.0 ], [ -111.548480260725256, 53.131391803705249, 0.0 ], [ -111.548050859964135, 53.131433330116295, 0.0 ], [ -111.547845878530836, 53.131518150019716, 0.0 ], [ -111.547778729440623, 53.13168072150129, 0.0 ], [ -111.547835276042917, 53.131836224657576, 0.0 ], [ -111.548019052500351, 53.131935181211581, 0.0 ], [ -111.548114474891705, 53.132005864464425, 0.0 ], [ -111.54825937556005, 53.13205180857878, 0.0 ], [ -111.548251795342011, 53.132238056846205, 0.0 ], [ -111.545950662776875, 53.132226837282275, 0.0 ], [ -111.545923294053125, 53.132027952980948, 0.0 ], [ -111.545753654246283, 53.132049157956807, 0.0 ], [ -111.545852610800281, 53.131851244848797, 0.0 ], [ -111.545972772330131, 53.131603853463787, 0.0 ], [ -111.546149480462276, 53.131511965235099, 0.0 ], [ -111.546432213473707, 53.131342325428243, 0.0 ], [ -111.546488760075988, 53.131229232223646, 0.0 ], [ -111.546269641992112, 53.131024250790382, 0.0 ], [ -111.546064660558827, 53.130946499212236, 0.0 ], [ -111.546155444361716, 53.130928386628689, 0.0 ], [ -111.54613070522322, 53.129065882915917, 0.0 ], [ -111.546191890413965, 53.128928492343164, 0.0 ], [ -111.546432213473693, 53.128822467463856, 0.0 ], [ -111.546456952612203, 53.128824234545178, 0.0 ], [ -111.548460381060352, 53.128843451554552, 0.0 ] ] ] } },
{ "type": "Feature", "properties": { "fid": 12, "grazing_regime": "AMP", "Block": "KB1", "catg_subpasture": "K1-09", "catg_pasture": "K1" }, "geometry": { "type": "Polygon", "coordinates": [ [ [ -111.561992114076617, 53.128877002997584, 0.0 ], [ -111.562016, 53.127968, 0.0 ], [ -111.561751, 53.127702, 0.0 ], [ -111.561769, 53.126756, 0.0 ], [ -111.560236, 53.126214, 0.0 ], [ -111.560241927273111, 53.125014751029134, 0.0 ], [ -111.560235926923681, 53.125014835939758, 0.0 ], [ -111.559070982649303, 53.125029925671107, 0.0 ], [ -111.559178, 53.127706, 0.0 ], [ -111.559846, 53.128153, 0.0 ], [ -111.559854, 53.128393, 0.0 ], [ -111.5598340322734, 53.128863551635, 0.0 ], [ -111.561992114076617, 53.128877002997584, 0.0 ] ] ] } },
{ "type": "Feature", "properties": { "fid": 13, "grazing_regime": "CON", "Block": "KB1", "catg_subpasture": "K2-02", "catg_pasture": "K2" }, "geometry": { "type": "Polygon", "coordinates": [ [ [ -111.550482805632697, 53.128871503970487, 0.0 ], [ -111.550538910464709, 53.129224478464515, 0.0 ], [ -111.550708550271565, 53.129482472337436, 0.0 ], [ -111.550669674482506, 53.129726329559794, 0.0 ], [ -111.550545978789998, 53.129846491089651, 0.0 ], [ -111.550560115440575, 53.131645379874854, 0.0 ], [ -111.550401078121638, 53.131698392314497, 0.0 ], [ -111.550270314103884, 53.131751404754141, 0.0 ], [ -111.550291519079749, 53.131956386187433, 0.0 ], [ -111.550408146446927, 53.132115423506363, 0.0 ], [ -111.550566615775182, 53.13226072036538, 0.0 ], [ -111.548265483210031, 53.132249500801443, 0.0 ], [ -111.548273512210628, 53.132062411066713, 0.0 ], [ -111.548043791638847, 53.131931647048923, 0.0 ], [ -111.547888288482568, 53.131850361308139, 0.0 ], [ -111.547785797765911, 53.131716063127719, 0.0 ], [ -111.547856481018783, 53.131542889158212, 0.0 ], [ -111.547969574223359, 53.131489876718575, 0.0 ], [ -111.548118009054349, 53.131422727628369, 0.0 ], [ -111.548467007615315, 53.131393570786564, 0.0 ], [ -111.548426287610283, 53.12882700086891, 0.0 ], [ -111.550482805632697, 53.128871503970487, 0.0 ] ] ] } },
{ "type": "Feature", "properties": { "fid": 14, "grazing_regime": "AMP", "Block": "KB1", "catg_subpasture": "K1-05", "catg_pasture": "K1" }, "geometry": { "type": "Polygon", "coordinates": [ [ [ -111.555086029498909, 53.132192932111678, 0.0 ], [ -111.552889, 53.132197, 0.0 ], [ -111.552919937966593, 53.128988365801582, 0.0 ], [ -111.555608, 53.128824, 0.0 ], [ -111.555608053285738, 53.128874000213123, 0.0 ], [ -111.555086029498909, 53.132192932111678, 0.0 ] ], [ [ -111.553924575118486, 53.131941915217666, 0.0 ], [ -111.554000511946455, 53.131941915217666, 0.0 ], [ -111.554065600656116, 53.131931067099394, 0.0 ], [ -111.554072109527098, 53.131852960647791, 0.0 ], [ -111.554043904419572, 53.131774854196173, 0.0 ], [ -111.553963628344306, 53.131707595862835, 0.0 ], [ -111.553900709258258, 53.131696747744556, 0.0 ], [ -111.553824772430318, 53.131694578120907, 0.0 ], [ -111.553731478613102, 53.131727122475716, 0.0 ], [ -111.553681577269032, 53.131813907421979, 0.0 ], [ -111.553690255763655, 53.131876826508012, 0.0 ], [ -111.553794397699136, 53.131920218981129, 0.0 ], [ -111.553924575118486, 53.131941915217666, 0.0 ] ], [ [ -111.554824968935705, 53.132182743443472, 0.0 ], [ -111.554859682914184, 53.132152368712298, 0.0 ], [ -111.554853174043217, 53.132108976239195, 0.0 ], [ -111.554770728344295, 53.132052566024129, 0.0 ], [ -111.554683943398061, 53.132026530540251, 0.0 ], [ -111.554562444473333, 53.132015682421965, 0.0 ], [ -111.554447454419574, 53.132017852045642, 0.0 ], [ -111.554371517591619, 53.132052566024129, 0.0 ], [ -111.554343312484079, 53.132113315486492, 0.0 ], [ -111.554356330226028, 53.132148029464993, 0.0 ], [ -111.554391044204507, 53.132171895325214, 0.0 ], [ -111.554482168398081, 53.132184913067128, 0.0 ], [ -111.554512543129235, 53.132189252314447, 0.0 ], [ -111.554824968935705, 53.132182743443472, 0.0 ] ] ] } },
{ "type": "Feature", "properties": { "fid": 15, "grazing_regime": "CON", "Block": "KB1", "catg_subpasture": "K2-01", "catg_pasture": "K2" }, "geometry": { "type": "Polygon", "coordinates": [ [ [ -111.552776042429556, 53.128875742862007, 0.0 ], [ -111.55282758230139, 53.1322718838315, 0.0 ], [ -111.550564147471093, 53.132246527616978, 0.0 ], [ -111.550411680609571, 53.132111889343719, 0.0 ], [ -111.55029858740501, 53.131942249536863, 0.0 ], [ -111.550305655730298, 53.131754938916792, 0.0 ], [ -111.550464693049236, 53.131684255663927, 0.0 ], [ -111.550591922904374, 53.131645379874854, 0.0 ], [ -111.55059192290436, 53.129828820276444, 0.0 ], [ -111.5506873452957, 53.129726329559794, 0.0 ], [ -111.55071208443421, 53.129503677313302, 0.0 ], [ -111.550556581277931, 53.129220944301871, 0.0 ], [ -111.550542444627354, 53.129044236169712, 0.0 ], [ -111.550512607599273, 53.128850386647514, 0.0 ], [ -111.552776042429556, 53.128875742862007, 0.0 ] ] ] } },
{ "type": "Feature", "properties": { "fid": 16, "grazing_regime": "AMP", "Block": "KB3", "catg_subpasture": "K3-01", "catg_pasture": "K3" }, "geometry": { "type": "Polygon", "coordinates": [ [ [ -111.558162995845834, 53.124952652876239, 0.0 ], [ -111.558972, 53.123449, 0.0 ], [ -111.552930059080595, 53.123552858874149, 0.0 ], [ -111.552889, 53.124954, 0.0 ], [ -111.55606398321072, 53.124959025808316, 0.0 ], [ -111.558162995845834, 53.124952652876239, 0.0 ] ] ] } },
{ "type": "Feature", "properties": { "fid": 17, "grazing_regime": "AMP", "Block": "KB3", "catg_subpasture": "K3-02", "catg_pasture": "K3" }, "geometry": { "type": "Polygon", "coordinates": [ [ [ -111.552930059080595, 53.123552858874149, 0.0 ], [ -111.552927033742762, 53.123207720767695, 0.0 ], [ -111.55285667647496, 53.122443318368546, 0.0 ], [ -111.552844565781044, 53.122162630586764, 0.0 ], [ -111.552850053404612, 53.12199277557152, 0.0 ], [ -111.558832855792829, 53.122042073880408, 0.0 ], [ -111.558859957592901, 53.123161989695127, 0.0 ], [ -111.558867, 53.123453, 0.0 ], [ -111.552930059080595, 53.123552858874149, 0.0 ] ], [ [ -111.556330416549812, 53.122988691998309, 0.0 ], [ -111.556541954856257, 53.122959402078948, 0.0 ], [ -111.556743729856265, 53.122874786756363, 0.0 ], [ -111.556808818565955, 53.122734846030546, 0.0 ], [ -111.556639587920785, 53.122614431917654, 0.0 ], [ -111.556258818969184, 53.122484254498282, 0.0 ], [ -111.556040771791743, 53.122419165788621, 0.0 ], [ -111.55582272461433, 53.122399639175718, 0.0 ], [ -111.555731600420785, 53.122523307724101, 0.0 ], [ -111.555809706872395, 53.122679520627337, 0.0 ], [ -111.555978937517551, 53.122832479095067, 0.0 ], [ -111.556053789533692, 53.122874786756363, 0.0 ], [ -111.556330416549812, 53.122988691998309, 0.0 ] ], [ [ -111.553778125521589, 53.123183958127335, 0.0 ], [ -111.554142622295799, 53.123125378288613, 0.0 ], [ -111.554490846892548, 53.123037508530544, 0.0 ], [ -111.554621024311913, 53.122933366595063, 0.0 ], [ -111.554552681166768, 53.122865023449911, 0.0 ], [ -111.554344397295793, 53.122783662562803, 0.0 ], [ -111.554250018666764, 53.122650230707968, 0.0 ], [ -111.55419469326354, 53.122454964578928, 0.0 ], [ -111.554204456569977, 53.122315023853119, 0.0 ], [ -111.554171912215139, 53.122243426272497, 0.0 ], [ -111.553934338424824, 53.122214136353129, 0.0 ], [ -111.553716291247412, 53.122249935143472, 0.0 ], [ -111.553426646489328, 53.122266207320862, 0.0 ], [ -111.553163037215157, 53.122269461756368, 0.0 ], [ -111.552984043263535, 53.12228898836927, 0.0 ], [ -111.552896173505474, 53.122337804901512, 0.0 ], [ -111.552879901328041, 53.122516798853134, 0.0 ], [ -111.552928717860311, 53.122663248449904, 0.0 ], [ -111.553081676328034, 53.12283898796602, 0.0 ], [ -111.55331274124741, 53.122991946433771, 0.0 ], [ -111.553407119876425, 53.123060289578923, 0.0 ], [ -111.553778125521589, 53.123183958127335, 0.0 ] ] ] } },
{ "type": "Feature", "properties": { "fid": 18, "grazing_regime": "CON", "Block": "KB2", "catg_subpasture": "K4-10", "catg_pasture": "K4" }, "geometry": { "type": "Polygon", "coordinates": [ [ [ -111.552664709294334, 53.123656405220693, 0.0 ], [ -111.552675311782266, 53.123863153735293, 0.0 ], [ -111.552484466999573, 53.124435688083437, 0.0 ], [ -111.552033861262601, 53.124949908747972, 0.0 ], [ -111.548423714122933, 53.125005571809581, 0.0 ], [ -111.548423714122933, 53.123542428475446, 0.0 ], [ -111.549273238467947, 53.123564296106743, 0.0 ], [ -111.549408751516779, 53.123732113611005, 0.0 ], [ -111.549644656873213, 53.123854042222185, 0.0 ], [ -111.549885863473563, 53.123750667964892, 0.0 ], [ -111.54998393648691, 53.123652594951544, 0.0 ], [ -111.550026015110859, 53.123544416441881, 0.0 ], [ -111.550040593532017, 53.123545079097433, 0.0 ], [ -111.551084938592979, 53.123550380341413, 0.0 ], [ -111.551259879643823, 53.12360339278105, 0.0 ], [ -111.551683979160956, 53.123741225124121, 0.0 ], [ -111.552399647096124, 53.123788936319784, 0.0 ], [ -111.552664709294334, 53.123656405220693, 0.0 ] ] ] } },
{ "type": "Feature", "properties": { "fid": 19, "grazing_regime": "CON", "Block": "KB2", "catg_subpasture": "K4-07", "catg_pasture": "K4" }, "geometry": { "type": "Polygon", "coordinates": [ [ [ -111.551429519450664, 53.120621443051135, 0.0 ], [ -111.55128108461966, 53.120833492809702, 0.0 ], [ -111.550989516201639, 53.120865300273486, 0.0 ], [ -111.550740357735307, 53.120769877882147, 0.0 ], [ -111.55058132041637, 53.120632045539061, 0.0 ], [ -111.550371921279549, 53.120651262548385, 0.0 ], [ -111.549767579467868, 53.120639997405021, 0.0 ], [ -111.548357448573356, 53.120677106112737, 0.0 ], [ -111.548354797951362, 53.119219264022576, 0.0 ], [ -111.550021447043207, 53.119219264022561, 0.0 ], [ -111.550022506973306, 53.119154695795316, 0.0 ], [ -111.550039863962553, 53.119284873214681, 0.0 ], [ -111.550100613424902, 53.119367318913618, 0.0 ], [ -111.5502481478335, 53.119462782354475, 0.0 ], [ -111.55033927202706, 53.119497496332961, 0.0 ], [ -111.550499824177621, 53.119540888806071, 0.0 ], [ -111.550682072564697, 53.119553906548028, 0.0 ], [ -111.550816589231388, 53.119553906548028, 0.0 ], [ -111.550946766650725, 53.119562585042651, 0.0 ], [ -111.55095978439266, 53.119540888806071, 0.0 ], [ -111.551020533855024, 53.119575602784586, 0.0 ], [ -111.551129015037816, 53.119605977515754, 0.0 ], [ -111.551306924177595, 53.11961465601037, 0.0 ], [ -111.551454458586193, 53.119614656010377, 0.0 ], [ -111.551562939768999, 53.119584281279202, 0.0 ], [ -111.551667081704494, 53.119519192569541, 0.0 ], [ -111.551697456435676, 53.119423729128656, 0.0 ], [ -111.551701795682987, 53.119310908698566, 0.0 ], [ -111.551675760199103, 53.119241480741557, 0.0 ], [ -111.551662742457168, 53.11917205278457, 0.0 ], [ -111.551677929300951, 53.119206010912663, 0.0 ], [ -111.552347959967221, 53.119214625434054, 0.0 ], [ -111.55237976743102, 53.119214625434068, 0.0 ], [ -111.552583865323626, 53.119384265240903, 0.0 ], [ -111.55259049187886, 53.120605539319236, 0.0 ], [ -111.551429519450664, 53.120621443051135, 0.0 ] ], [ [ -111.548648592793214, 53.11953166790569, 0.0 ], [ -111.548687646019005, 53.11953166790569, 0.0 ], [ -111.548722359997512, 53.119518650163776, 0.0 ], [ -111.548757073975992, 53.119479596937957, 0.0 ], [ -111.548774430965253, 53.119444882959463, 0.0 ], [ -111.548683306771693, 53.119388472744397, 0.0 ], [ -111.548596521825473, 53.119388472744411, 0.0 ], [ -111.548505397631899, 53.119401490486347, 0.0 ], [ -111.548405594943731, 53.119470918443341, 0.0 ], [ -111.548388237954498, 53.119505632421834, 0.0 ], [ -111.548405594943731, 53.119536007152995, 0.0 ], [ -111.548466344406108, 53.119557703389574, 0.0 ], [ -111.548492379889964, 53.119570721131488, 0.0 ], [ -111.548648592793214, 53.11953166790569, 0.0 ] ], [ [ -111.549529459997515, 53.120408195862694, 0.0 ], [ -111.549572852470646, 53.120386499626143, 0.0 ], [ -111.549598887954502, 53.120369142636896, 0.0 ], [ -111.549624923438387, 53.120334428658396, 0.0 ], [ -111.549603227201828, 53.120269339948713, 0.0 ], [ -111.549542477739465, 53.120238965217524, 0.0 ], [ -111.549429657309332, 53.120234625970234, 0.0 ], [ -111.549342872363098, 53.120247643712148, 0.0 ], [ -111.54932117612654, 53.120325750163772, 0.0 ], [ -111.54932117612654, 53.120369142636896, 0.0 ], [ -111.549355890105048, 53.120421213604637, 0.0 ], [ -111.549529459997515, 53.120408195862694, 0.0 ] ] ] } },
{ "type": "Feature", "properties": { "fid": 20, "grazing_regime": "AMP", "Block": "KB3", "catg_subpasture": "K3-04", "catg_pasture": "K3" }, "geometry": { "type": "Polygon", "coordinates": [ [ [ -111.554895, 53.120522, 0.0 ], [ -111.553956, 53.120182, 0.0 ], [ -111.552922596389735, 53.120151041123655, 0.0 ], [ -111.552921, 53.118643, 0.0 ], [ -111.554344, 53.118572, 0.0 ], [ -111.555799, 53.118614, 0.0 ], [ -111.557205, 53.119081, 0.0 ], [ -111.558065511483207, 53.119091739268356, 0.0 ], [ -111.558059456303752, 53.119404993885411, 0.0 ], [ -111.558053, 53.119739, 0.0 ], [ -111.558777, 53.120552, 0.0 ], [ -111.554895, 53.120522, 0.0 ] ], [ [ -111.555635594574042, 53.119771682522526, 0.0 ], [ -111.555837369574022, 53.119641505103154, 0.0 ], [ -111.555882931670808, 53.119465765587037, 0.0 ], [ -111.555987073606303, 53.119306298248326, 0.0 ], [ -111.556153049815961, 53.119205410748307, 0.0 ], [ -111.556192103041766, 53.119088251070892, 0.0 ], [ -111.556097724412751, 53.11897434582896, 0.0 ], [ -111.555882931670808, 53.118906002683801, 0.0 ], [ -111.555655121186945, 53.118896239377342, 0.0 ], [ -111.555443582880486, 53.118974345828967, 0.0 ], [ -111.555258080057911, 53.119084996635415, 0.0 ], [ -111.555059559493401, 53.119163103087047, 0.0 ], [ -111.554844766751444, 53.119215174054759, 0.0 ], [ -111.554639737315981, 53.119312807119286, 0.0 ], [ -111.554571394170821, 53.119426712361225, 0.0 ], [ -111.554607192961143, 53.119582925264439, 0.0 ], [ -111.554727607074042, 53.119726120425739, 0.0 ], [ -111.554913109896603, 53.11984328010314, 0.0 ], [ -111.55518322804177, 53.119892096635425, 0.0 ], [ -111.555345949815958, 53.119840025667678, 0.0 ], [ -111.555635594574042, 53.119771682522526, 0.0 ] ] ] } },
{ "type": "Feature", "properties": { "fid": 21, "grazing_regime": "CON", "Block": "KB2", "catg_subpasture": "K4-08", "catg_pasture": "K4" }, "geometry": { "type": "Polygon", "coordinates": [ [ [ -111.552644498301419, 53.122802407950779, 0.0 ], [ -111.55252124437925, 53.122741443645197, 0.0 ], [ -111.552382086725189, 53.122659274363762, 0.0 ], [ -111.552209796296353, 53.122561201350415, 0.0 ], [ -111.552140880124824, 53.122476381446987, 0.0 ], [ -111.551686049959088, 53.122456294702253, 0.0 ], [ -111.551656230461788, 53.122358884344408, 0.0 ], [ -111.55138586701959, 53.122213762790885, 0.0 ], [ -111.549908807920005, 53.122098460734669, 0.0 ], [ -111.549284586443193, 53.121927495616838, 0.0 ], [ -111.548688776321143, 53.121929524999324, 0.0 ], [ -111.548370701683268, 53.122047477677526, 0.0 ], [ -111.54835479795139, 53.120682407356725, 0.0 ], [ -111.55033746319404, 53.120659877069876, 0.0 ], [ -111.550560115440533, 53.120625418984098, 0.0 ], [ -111.550766863955147, 53.120810962522853, 0.0 ], [ -111.550989516201653, 53.120874577450429, 0.0 ], [ -111.551296988351581, 53.120837468742671, 0.0 ], [ -111.551408314474827, 53.120630720228085, 0.0 ], [ -111.552601094366793, 53.120584334343377, 0.0 ], [ -111.552601094366793, 53.122047477677519, 0.0 ], [ -111.552644498301419, 53.122802407950779, 0.0 ] ], [ [ -111.551055247833517, 53.121769092300703, 0.0 ], [ -111.551102979553932, 53.121751735311463, 0.0 ], [ -111.551137693532439, 53.121673628859838, 0.0 ], [ -111.551107318801257, 53.121578165418988, 0.0 ], [ -111.5510118553604, 53.121491380472747, 0.0 ], [ -111.550946766650725, 53.121417613268449, 0.0 ], [ -111.55093374890879, 53.121330828322208, 0.0 ], [ -111.55095978439266, 53.12122234713943, 0.0 ], [ -111.55095978439266, 53.121126883698551, 0.0 ], [ -111.550864320951817, 53.121087830472746, 0.0 ], [ -111.550690751059321, 53.12109216972005, 0.0 ], [ -111.550569252134594, 53.121157258429747, 0.0 ], [ -111.55048246718836, 53.121204990150169, 0.0 ], [ -111.550395682242112, 53.12123536488135, 0.0 ], [ -111.550352289769009, 53.121330828322208, 0.0 ], [ -111.550395682242126, 53.121400256279216, 0.0 ], [ -111.550491145682983, 53.121456666494261, 0.0 ], [ -111.55056057363997, 53.121495719720059, 0.0 ], [ -111.550643019338892, 53.121552129935118, 0.0 ], [ -111.550677733317372, 53.121578165418988, 0.0 ], [ -111.550925070414181, 53.121721360580288, 0.0 ], [ -111.550968462887283, 53.121747396064158, 0.0 ], [ -111.551055247833517, 53.121769092300703, 0.0 ] ] ] } },
{ "type": "Feature", "properties": { "fid": 22, "grazing_regime": "AMP", "Block": "KB3", "catg_subpasture": "K3-03", "catg_pasture": "K3" }, "geometry": { "type": "Polygon", "coordinates": [ [ [ -111.552850053404612, 53.12199277557152, 0.0 ], [ -111.552862, 53.121623, 0.0 ], [ -111.552927, 53.121158, 0.0 ], [ -111.552922596389735, 53.120151041123655, 0.0 ], [ -111.553956, 53.120182, 0.0 ], [ -111.554895, 53.120522, 0.0 ], [ -111.558777, 53.120552, 0.0 ], [ -111.558832855792829, 53.122042073880408, 0.0 ], [ -111.552850053404612, 53.12199277557152, 0.0 ] ], [ [ -111.554406231569985, 53.12186103010314, 0.0 ], [ -111.554764219473199, 53.121825231312819, 0.0 ], [ -111.554979012215142, 53.121695053893454, 0.0 ], [ -111.555008302134496, 53.121424935748294, 0.0 ], [ -111.554900905763517, 53.121073456716033, 0.0 ], [ -111.554738183989329, 53.120917243812812, 0.0 ], [ -111.554630787618379, 53.120734995425707, 0.0 ], [ -111.554468065844176, 53.120666652280541, 0.0 ], [ -111.554188184392558, 53.120744758732158, 0.0 ], [ -111.553898539634517, 53.120839137361202, 0.0 ], [ -111.553586113828047, 53.121001859135397, 0.0 ], [ -111.553491735199017, 53.121167835345076, 0.0 ], [ -111.55356658721513, 53.121359847038612, 0.0 ], [ -111.553693510199011, 53.121594166393464, 0.0 ], [ -111.55393108398934, 53.121740615990248, 0.0 ], [ -111.554243509795782, 53.121831740183779, 0.0 ], [ -111.554406231569985, 53.12186103010314, 0.0 ] ] ] } },
{ "type": "Feature", "properties": { "fid": 23, "grazing_regime": "AMP", "Block": "KB3", "catg_subpasture": "K3-10", "catg_pasture": "K3" }, "geometry": { "type": "Polygon", "coordinates": [ [ [ -111.558967972568652, 53.123243502553173, 0.0 ], [ -111.56255996732871, 53.123557404697763, 0.0 ], [ -111.563728, 53.123555, 0.0 ], [ -111.564145970946356, 53.123561017906283, 0.0 ], [ -111.56563, 53.123574, 0.0 ], [ -111.565276, 53.123839, 0.0 ], [ -111.564959, 53.124406, 0.0 ], [ -111.56494, 53.125591, 0.0 ], [ -111.564095, 53.12566, 0.0 ], [ -111.562245, 53.124945, 0.0 ], [ -111.558162995845834, 53.124952652876239, 0.0 ], [ -111.558972, 53.123449, 0.0 ], [ -111.558967972568652, 53.123243502553173, 0.0 ] ], [ [ -111.56108704521273, 53.124372098282102, 0.0 ], [ -111.561202035266504, 53.12436775903479, 0.0 ], [ -111.561295329083705, 53.124346062798232, 0.0 ], [ -111.561319194943906, 53.124304839948763, 0.0 ], [ -111.561323534191231, 53.124196358765971, 0.0 ], [ -111.561282311341756, 53.124111743443386, 0.0 ], [ -111.561208544137457, 53.124050993981022, 0.0 ], [ -111.561121759191238, 53.123977226776724, 0.0 ], [ -111.561017617255757, 53.123907798819722, 0.0 ], [ -111.560948189298756, 53.123873084841243, 0.0 ], [ -111.560818011879405, 53.123857897475638, 0.0 ], [ -111.560707361072943, 53.123875254464892, 0.0 ], [ -111.560676986341775, 53.123946852045542, 0.0 ], [ -111.56068783446004, 53.124037976239087, 0.0 ], [ -111.560700852201975, 53.124116082690698, 0.0 ], [ -111.560716039567566, 53.12418117140038, 0.0 ], [ -111.560755092793357, 53.124237581615425, 0.0 ], [ -111.560850556234243, 53.124291822206828, 0.0 ], [ -111.560959037417021, 53.124352571669206, 0.0 ], [ -111.560995921019185, 53.124363419787485, 0.0 ], [ -111.56108704521273, 53.124372098282102, 0.0 ] ], [ [ -111.564040174211044, 53.125459622139452, 0.0 ], [ -111.564333073404597, 53.125320495022521, 0.0 ], [ -111.564508812920735, 53.125088616494295, 0.0 ], [ -111.564616209291685, 53.124800598953989, 0.0 ], [ -111.56454786614654, 53.124512581413654, 0.0 ], [ -111.564286697698947, 53.12439054008302, 0.0 ], [ -111.563847348908638, 53.124392980909626, 0.0 ], [ -111.563456816650572, 53.124507699760436, 0.0 ], [ -111.563173680763484, 53.124724933328977, 0.0 ], [ -111.563054080259434, 53.124900672845108, 0.0 ], [ -111.5632176156425, 53.125078853187844, 0.0 ], [ -111.563495869876391, 53.125237506917685, 0.0 ], [ -111.563735070884448, 53.125401042300751, 0.0 ], [ -111.563849789735244, 53.125444977179761, 0.0 ], [ -111.564040174211044, 53.125459622139452, 0.0 ] ] ] } },
{ "type": "Feature", "properties": { "fid": 24, "grazing_regime": "CON", "Block": "KB2", "catg_subpasture": "K4-09", "catg_pasture": "K4" }, "geometry": { "type": "Polygon", "coordinates": [ [ [ -111.552126301703893, 53.12247240551401, 0.0 ], [ -111.552309194620662, 53.122634093454927, 0.0 ], [ -111.552515943135276, 53.122761323310066, 0.0 ], [ -111.552690884186092, 53.122835540725568, 0.0 ], [ -111.552696185430065, 53.123180121583246, 0.0 ], [ -111.552675311782266, 53.123529175365547, 0.0 ], [ -111.552680613026254, 53.123640501488786, 0.0 ], [ -111.552389044608191, 53.123773032587906, 0.0 ], [ -111.551901330163489, 53.123746526368073, 0.0 ], [ -111.551519640598073, 53.123693513928451, 0.0 ], [ -111.551228072180052, 53.12358748904915, 0.0 ], [ -111.551097860374895, 53.123567112392628, 0.0 ], [ -111.55004755141448, 53.123541268828298, 0.0 ], [ -111.54995477964512, 53.123687053037294, 0.0 ], [ -111.549782489216298, 53.12381958413642, 0.0 ], [ -111.549636705007259, 53.123824885380373, 0.0 ], [ -111.549406100894814, 53.123718860501093, 0.0 ], [ -111.549281521661641, 53.12355982318217, 0.0 ], [ -111.548875976498408, 53.123543919450277, 0.0 ], [ -111.548406816407535, 53.123533316962344, 0.0 ], [ -111.548414768273446, 53.122865360222839, 0.0 ], [ -111.548027446136345, 53.122777061378059, 0.0 ], [ -111.547804793889838, 53.122660434010832, 0.0 ], [ -111.547900216281178, 53.122485492960024, 0.0 ], [ -111.548202387187146, 53.122305250665228, 0.0 ], [ -111.548402509147067, 53.122068682653378, 0.0 ], [ -111.54867287258925, 53.121944103420219, 0.0 ], [ -111.548985645983137, 53.121928199688334, 0.0 ], [ -111.549478661671813, 53.121981212127977, 0.0 ], [ -111.549857120791344, 53.122122316332522, 0.0 ], [ -111.549962731511016, 53.122157726985556, 0.0 ], [ -111.55004597760761, 53.12210044870114, 0.0 ], [ -111.550572788726569, 53.122158099729269, 0.0 ], [ -111.55107599274352, 53.122177606650446, 0.0 ], [ -111.551576960298135, 53.122328692103409, 0.0 ], [ -111.551672382689503, 53.122463873824493, 0.0 ], [ -111.552126301703893, 53.12247240551401, 0.0 ] ] ] } },
{ "type": "Feature", "properties": { "fid": 25, "grazing_regime": "NA", "Block": "KB3", "catg_subpasture": "KA-03", "catg_pasture": "K3" }, "geometry": { "type": "Polygon", "coordinates": [ [ [ -111.558156, 53.119735, 0.0 ], [ -111.558157479046571, 53.119352912969148, 0.0 ], [ -111.558159, 53.11896, 0.0 ], [ -111.558068, 53.118963, 0.0 ], [ -111.558053, 53.119739, 0.0 ], [ -111.558421817281754, 53.120153155317766, 0.0 ], [ -111.558777, 53.120552, 0.0 ], [ -111.558795802574423, 53.121053599272436, 0.0 ], [ -111.558830757533485, 53.12198609828193, 0.0 ], [ -111.558867, 53.123453, 0.0 ], [ -111.558972, 53.123449, 0.0 ], [ -111.558967972568652, 53.123243502553173, 0.0 ], [ -111.558938371265796, 53.121770858200406, 0.0 ], [ -111.558914, 53.120554, 0.0 ], [ -111.558726755485864, 53.120342091166194, 0.0 ], [ -111.558526532044311, 53.120146060241524, 0.0 ], [ -111.558156, 53.119735, 0.0 ] ] ] } },
{ "type": "Feature", "properties": { "fid": 26, "grazing_regime": "AMP", "Block": "KB3", "catg_subpasture": "K3-06", "catg_pasture": "K3" }, "geometry": { "type": "Polygon", "coordinates": [ [ [ -111.558068, 53.118963, 0.0 ], [ -111.559307491302562, 53.117416682677806, 0.0 ], [ -111.560171, 53.117439, 0.0 ], [ -111.561241, 53.117412, 0.0 ], [ -111.561915, 53.117412, 0.0 ], [ -111.562199, 53.117444, 0.0 ], [ -111.563599, 53.11747, 0.0 ], [ -111.564881, 53.117452, 0.0 ], [ -111.564943, 53.118031, 0.0 ], [ -111.56491583455869, 53.118675330310779, 0.0 ], [ -111.558068, 53.118963, 0.0 ] ], [ [ -111.563173680763541, 53.118611476272534, 0.0 ], [ -111.56337220132805, 53.118526860949935, 0.0 ], [ -111.563434035602256, 53.118390174659623, 0.0 ], [ -111.563554449715156, 53.118279523853168, 0.0 ], [ -111.563717171489344, 53.118211180707988, 0.0 ], [ -111.563889656569984, 53.118185145224125, 0.0 ], [ -111.564071904957089, 53.118162364175731, 0.0 ], [ -111.56413699366675, 53.118061476675734, 0.0 ], [ -111.564013325118381, 53.117944316998333, 0.0 ], [ -111.563899419876435, 53.117846683933791, 0.0 ], [ -111.563756224715149, 53.117801121837033, 0.0 ], [ -111.563655337215138, 53.117674198853159, 0.0 ], [ -111.563544686408704, 53.117560293611227, 0.0 ], [ -111.563473088828061, 53.117570056917671, 0.0 ], [ -111.563515396489365, 53.117739287562848, 0.0 ], [ -111.563573976328058, 53.117820648449936, 0.0 ], [ -111.563473088828047, 53.117918281514449, 0.0 ], [ -111.563421017860307, 53.118038695627355, 0.0 ], [ -111.563378710199018, 53.11820467183702, 0.0 ], [ -111.563225751731281, 53.118308813772508, 0.0 ], [ -111.563056521086111, 53.118419464578956, 0.0 ], [ -111.563017467860305, 53.118549641998321, 0.0 ], [ -111.563089065440963, 53.118604967401552, 0.0 ], [ -111.563173680763541, 53.118611476272534, 0.0 ] ], [ [ -111.559335074110308, 53.118673310546704, 0.0 ], [ -111.559517322497413, 53.118614730708003, 0.0 ], [ -111.559771168465161, 53.118565914175747, 0.0 ], [ -111.560031523303863, 53.118533369820895, 0.0 ], [ -111.56018122733613, 53.118507334337039, 0.0 ], [ -111.560174718465149, 53.11842271901444, 0.0 ], [ -111.559946907981285, 53.118354375869288, 0.0 ], [ -111.559689807578067, 53.118328340385411, 0.0 ], [ -111.559484778142561, 53.118338103691869, 0.0 ], [ -111.559240695481293, 53.11842271901444, 0.0 ], [ -111.559038920481271, 53.118517097643476, 0.0 ], [ -111.559058447094188, 53.118608221837029, 0.0 ], [ -111.559159334594185, 53.118663547240239, 0.0 ], [ -111.559335074110308, 53.118673310546704, 0.0 ] ] ] } },
{ "type": "Feature", "properties": { "fid": 27, "grazing_regime": "CON", "Block": "KB2", "catg_subpasture": "K4-06", "catg_pasture": "K4" }, "geometry": { "type": "Polygon", "coordinates": [ [ [ -111.552373140876327, 53.119206010912663, 0.0 ], [ -111.552349285278481, 53.11920866153465, 0.0 ], [ -111.551669606597827, 53.11920866153465, 0.0 ], [ -111.551667407595701, 53.119196933523398, 0.0 ], [ -111.551697456435676, 53.119067910849097, 0.0 ], [ -111.551697456435676, 53.118989804397486, 0.0 ], [ -111.551632367725986, 53.118872644720071, 0.0 ], [ -111.551554261274362, 53.118764163537264, 0.0 ], [ -111.551454458586207, 53.118681717838335, 0.0 ], [ -111.551324281166856, 53.118651343107175, 0.0 ], [ -111.5511550505217, 53.118651343107175, 0.0 ], [ -111.550955445145348, 53.118660021601784, 0.0 ], [ -111.550786214500192, 53.118686057085654, 0.0 ], [ -111.550608305360399, 53.118733788806075, 0.0 ], [ -111.550495484930295, 53.118777181279199, 0.0 ], [ -111.550343611274386, 53.118833591494266, 0.0 ], [ -111.550170041381904, 53.11893339418242, 0.0 ], [ -111.550065899446423, 53.119028857623277, 0.0 ], [ -111.550022506973306, 53.119154695795316, 0.0 ], [ -111.550025077104948, 53.119173971782601, 0.0 ], [ -111.550010844555274, 53.119224565266549, 0.0 ], [ -111.548354797951376, 53.119224565266549, 0.0 ], [ -111.548349496707445, 53.117915158007371, 0.0 ], [ -111.552643504318496, 53.117679252650944, 0.0 ], [ -111.552595793122833, 53.119396855695385, 0.0 ], [ -111.552373140876327, 53.119206010912663, 0.0 ] ] ] } },
{ "type": "Feature", "properties": { "fid": 28, "grazing_regime": "AMP", "Block": "KB3", "catg_subpasture": "K3-05", "catg_pasture": "K3" }, "geometry": { "type": "Polygon", "coordinates": [ [ [ -111.557205, 53.119081, 0.0 ], [ -111.555799, 53.118614, 0.0 ], [ -111.554344, 53.118572, 0.0 ], [ -111.552921, 53.118643, 0.0 ], [ -111.552924, 53.117642, 0.0 ], [ -111.55607, 53.117521, 0.0 ], [ -111.556561, 53.117357, 0.0 ], [ -111.557926, 53.117338, 0.0 ], [ -111.559307491302562, 53.117416682677806, 0.0 ], [ -111.558068, 53.118963, 0.0 ], [ -111.558065511483207, 53.119091739268356, 0.0 ], [ -111.557205, 53.119081, 0.0 ] ], [ [ -111.557130194069998, 53.117994760748338, 0.0 ], [ -111.557325460199039, 53.117945944216061, 0.0 ], [ -111.557367767860327, 53.117822275667677, 0.0 ], [ -111.557371022295797, 53.117721388167674, 0.0 ], [ -111.557231081570009, 53.117627009538644, 0.0 ], [ -111.557042324311922, 53.117561920828969, 0.0 ], [ -111.55682102269904, 53.11755215752251, 0.0 ], [ -111.556645283182903, 53.117587956312818, 0.0 ], [ -111.556612738828065, 53.117679080506385, 0.0 ], [ -111.556645283182903, 53.117770204699944, 0.0 ], [ -111.556765697295816, 53.117867837764457, 0.0 ], [ -111.556843803747427, 53.117932926474133, 0.0 ], [ -111.557013034392583, 53.11799150631284, 0.0 ], [ -111.557130194069998, 53.117994760748338, 0.0 ] ] ] } },
{ "type": "Feature", "properties": { "fid": 29, "grazing_regime": "AMP", "Block": "KB1", "catg_subpasture": "K1-04", "catg_pasture": "K1" }, "geometry": { "type": "Polygon", "coordinates": [ [ [ -111.555086029498909, 53.132192932111678, 0.0 ], [ -111.555608053285738, 53.128874000213123, 0.0 ], [ -111.558397150406861, 53.128904439246668, 0.0 ], [ -111.558386, 53.129332, 0.0 ], [ -111.558156, 53.129766, 0.0 ], [ -111.557245, 53.130129, 0.0 ], [ -111.557287029359628, 53.132188856872062, 0.0 ], [ -111.555086029498909, 53.132192932111678, 0.0 ] ], [ [ -111.557805489432866, 53.129329959538602, 0.0 ], [ -111.558072353142521, 53.129232326474089, 0.0 ], [ -111.558152086811887, 53.129149338369245, 0.0 ], [ -111.558077234795761, 53.129043569216002, 0.0 ], [ -111.55799912834415, 53.128978480506362, 0.0 ], [ -111.557890104755444, 53.128984989377322, 0.0 ], [ -111.557753418465111, 53.12909238574828, 0.0 ], [ -111.557623241045761, 53.129209545425688, 0.0 ], [ -111.557528862416717, 53.12928277022408, 0.0 ], [ -111.5574621464893, 53.129341350062781, 0.0 ], [ -111.55748818197317, 53.129391793812808, 0.0 ], [ -111.557602087215102, 53.129380403288607, 0.0 ], [ -111.557805489432866, 53.129329959538602, 0.0 ] ] ] } },
{ "type": "Feature", "properties": { "fid": 30, "grazing_regime": "AMP", "Block": "KB3", "catg_subpasture": "K3-07", "catg_pasture": "K3" }, "geometry": { "type": "Polygon", "coordinates": [ [ [ -111.558726755485864, 53.120342091166194, 0.0 ], [ -111.558504, 53.120124, 0.0 ], [ -111.558156, 53.119735, 0.0 ], [ -111.558159, 53.11896, 0.0 ], [ -111.56491583455869, 53.118675330310779, 0.0 ], [ -111.564878, 53.119678, 0.0 ], [ -111.564947464518454, 53.120199341952912, 0.0 ], [ -111.558726755485864, 53.120342091166194, 0.0 ] ], [ [ -111.562069613525637, 53.119966948651545, 0.0 ], [ -111.562342986106287, 53.11980748131284, 0.0 ], [ -111.562463400219173, 53.119550380909608, 0.0 ], [ -111.562404820380465, 53.119371386957994, 0.0 ], [ -111.562264879654663, 53.119254227280578, 0.0 ], [ -111.562033814735315, 53.119257481716062, 0.0 ], [ -111.561727897799827, 53.119316061554763, 0.0 ], [ -111.561500087315963, 53.119394168006394, 0.0 ], [ -111.56133736554176, 53.119517836554778, 0.0 ], [ -111.561282040138536, 53.119576416393478, 0.0 ], [ -111.561177898203042, 53.119592688570883, 0.0 ], [ -111.56103795747724, 53.119537363167673, 0.0 ], [ -111.560884999009517, 53.119478783328965, 0.0 ], [ -111.560774348203068, 53.119501564377337, 0.0 ], [ -111.560657188525639, 53.119586179699922, 0.0 ], [ -111.560553046590158, 53.119638250667677, 0.0 ], [ -111.560455413525645, 53.119670795022522, 0.0 ], [ -111.560234111912735, 53.119576416393478, 0.0 ], [ -111.56002257360629, 53.119550380909615, 0.0 ], [ -111.559833816348217, 53.119530854296713, 0.0 ], [ -111.559547426025659, 53.119540617603171, 0.0 ], [ -111.559355414332089, 53.119582925264439, 0.0 ], [ -111.559303343364334, 53.119661031716063, 0.0 ], [ -111.559400976428861, 53.119748901474118, 0.0 ], [ -111.559573461509501, 53.119784700264454, 0.0 ], [ -111.559811035299845, 53.119797718006382, 0.0 ], [ -111.560012810299824, 53.119849788974115, 0.0 ], [ -111.560198313122399, 53.119901859941855, 0.0 ], [ -111.560387070380472, 53.119911623248314, 0.0 ], [ -111.560452159090147, 53.119986475264454, 0.0 ], [ -111.560455413525631, 53.120051563974116, 0.0 ], [ -111.560657188525639, 53.120087362764451, 0.0 ], [ -111.560888253445, 53.120067836151549, 0.0 ], [ -111.561015176428853, 53.119979966393466, 0.0 ], [ -111.561080265138543, 53.119872570022508, 0.0 ], [ -111.561099791751445, 53.119807481312826, 0.0 ], [ -111.561145353848218, 53.119726120425739, 0.0 ], [ -111.561262513525648, 53.119696830506385, 0.0 ], [ -111.561356892154677, 53.119810735748324, 0.0 ], [ -111.561373164332096, 53.119872570022508, 0.0 ], [ -111.561451270783692, 53.119924640990256, 0.0 ], [ -111.561623755864346, 53.119963694216054, 0.0 ], [ -111.561802749815953, 53.119999493006368, 0.0 ], [ -111.562069613525637, 53.119966948651545, 0.0 ] ] ] } },
{ "type": "Feature", "properties": { "fid": 31, "grazing_regime": "CON", "Block": "KB2", "catg_subpasture": "K4-05", "catg_pasture": "K4" }, "geometry": { "type": "Polygon", "coordinates": [ [ [ -111.545033568607835, 53.119407458183318, 0.0 ], [ -111.544777452258529, 53.119385093560297, 0.0 ], [ -111.544568562628626, 53.119364638611763, 0.0 ], [ -111.544668960602294, 53.11930439982757, 0.0 ], [ -111.544877244473255, 53.119243650365206, 0.0 ], [ -111.545007421892606, 53.119139508429718, 0.0 ], [ -111.545033457376491, 53.119087437461999, 0.0 ], [ -111.54501610038723, 53.118905189074901, 0.0 ], [ -111.544998743397969, 53.118905189074901, 0.0 ], [ -111.544825173505515, 53.118827082623255, 0.0 ], [ -111.544816495010892, 53.118827082623255, 0.0 ], [ -111.544729710064658, 53.118827082623255, 0.0 ], [ -111.544573497161423, 53.118853118107147, 0.0 ], [ -111.544443319742072, 53.11887915359101, 0.0 ], [ -111.544347856301215, 53.118905189074894, 0.0 ], [ -111.54419164339798, 53.118922546064134, 0.0 ], [ -111.544018073505512, 53.118913867569511, 0.0 ], [ -111.543827146623769, 53.118861796601777, 0.0 ], [ -111.543696969204447, 53.118792368644769, 0.0 ], [ -111.543610184258185, 53.118705583698556, 0.0 ], [ -111.54357547027972, 53.118523335311444, 0.0 ], [ -111.543584148774329, 53.118488621332943, 0.0 ], [ -111.543618862752822, 53.118419193375978, 0.0 ], [ -111.54371432619368, 53.118315051440483, 0.0 ], [ -111.543809789634537, 53.118245623483489, 0.0 ], [ -111.543905253075394, 53.118184874021111, 0.0 ], [ -111.543983359527004, 53.118158838537248, 0.0 ], [ -111.54413957243024, 53.118158838537248, 0.0 ], [ -111.544313142322707, 53.118158838537255, 0.0 ], [ -111.544399927268955, 53.118158838537248, 0.0 ], [ -111.544469355225942, 53.118167517031871, 0.0 ], [ -111.544677639096889, 53.118236944988865, 0.0 ], [ -111.544859887484009, 53.118297694451243, 0.0 ], [ -111.544929315440996, 53.118341086924339, 0.0 ], [ -111.545050814365723, 53.118401836386688, 0.0 ], [ -111.545094206838854, 53.118419193375978, 0.0 ], [ -111.545267776731322, 53.118419193375978, 0.0 ], [ -111.545441346623775, 53.11833240842973, 0.0 ], [ -111.545528131570023, 53.118228266494235, 0.0 ], [ -111.545588881032387, 53.118124124558754, 0.0 ], [ -111.545588881032387, 53.118037339612506, 0.0 ], [ -111.545537056063083, 53.117899139694408, 0.0 ], [ -111.54553329368278, 53.117804453123398, 0.0 ], [ -111.545921526971824, 53.118010580398732, 0.0 ], [ -111.548349496707445, 53.117936362983237, 0.0 ], [ -111.548346846085465, 53.119420711293216, 0.0 ], [ -111.545033568607835, 53.119407458183318, 0.0 ] ] ] } },
{ "type": "Feature", "properties": { "fid": 32, "grazing_regime": "AMP", "Block": "KB3", "catg_subpasture": "K3-08", "catg_pasture": "K3" }, "geometry": { "type": "Polygon", "coordinates": [ [ [ -111.558938371265796, 53.121770858200406, 0.0 ], [ -111.563887023820328, 53.121816615230934, 0.0 ], [ -111.563847, 53.121623, 0.0 ], [ -111.563758, 53.121214, 0.0 ], [ -111.563888, 53.120806, 0.0 ], [ -111.564991, 53.1208, 0.0 ], [ -111.564947464518454, 53.120199341952912, 0.0 ], [ -111.558726755485864, 53.120342091166194, 0.0 ], [ -111.558914, 53.120554, 0.0 ], [ -111.558938371265796, 53.121770858200406, 0.0 ] ] ] } },
{ "type": "Feature", "properties": { "fid": 33, "grazing_regime": "CON", "Block": "KB2", "catg_subpasture": "K4-04", "catg_pasture": "K4" }, "geometry": { "type": "Polygon", "coordinates": [ [ [ -111.545555161314113, 53.121067700111205, 0.0 ], [ -111.545581843565884, 53.121052061267044, 0.0 ], [ -111.545675665978635, 53.121022741763049, 0.0 ], [ -111.545762450924869, 53.120979349289954, 0.0 ], [ -111.54591866382809, 53.120901242838322, 0.0 ], [ -111.545953377806583, 53.120779743913602, 0.0 ], [ -111.545970734795816, 53.120666923483498, 0.0 ], [ -111.545909985333452, 53.120528067569509, 0.0 ], [ -111.545857914365726, 53.120519389074893, 0.0 ], [ -111.545710379957129, 53.120510710580263, 0.0 ], [ -111.545510774580777, 53.120484675096392, 0.0 ], [ -111.545406632645282, 53.120475996601762, 0.0 ], [ -111.545224384258205, 53.120475996601762, 0.0 ], [ -111.545076849849579, 53.120475996601762, 0.0 ], [ -111.544911958451749, 53.120458639612515, 0.0 ], [ -111.544790459527022, 53.120406568644775, 0.0 ], [ -111.544547461677567, 53.120337140687788, 0.0 ], [ -111.544382570279694, 53.120276391225424, 0.0 ], [ -111.544339177806577, 53.120241677246938, 0.0 ], [ -111.544287106838837, 53.120172249289951, 0.0 ], [ -111.544226357376459, 53.120068107354456, 0.0 ], [ -111.544148250924863, 53.119990000902853, 0.0 ], [ -111.544104858451732, 53.119937929935091, 0.0 ], [ -111.544087501462499, 53.119816431010378, 0.0 ], [ -111.544113536946355, 53.119642861117882, 0.0 ], [ -111.54421767888185, 53.119556076171669, 0.0 ], [ -111.544330499311968, 53.119486648214661, 0.0 ], [ -111.544538783182929, 53.11938250627918, 0.0 ], [ -111.544557643396118, 53.119371190151263, 0.0 ], [ -111.544709281574029, 53.119380910547292, 0.0 ], [ -111.544847445244841, 53.119393832329457, 0.0 ], [ -111.5450203983292, 53.119409736061343, 0.0 ], [ -111.548336243597532, 53.119415410049257, 0.0 ], [ -111.548344858118938, 53.121094579074935, 0.0 ], [ -111.545555161314113, 53.121067700111205, 0.0 ] ] ] } },
{ "type": "Feature", "properties": { "fid": 34, "grazing_regime": "AMP", "Block": "KB3", "catg_subpasture": "K3-09", "catg_pasture": "K3" }, "geometry": { "type": "Polygon", "coordinates": [ [ [ -111.563887023820328, 53.121816615230934, 0.0 ], [ -111.558938371265796, 53.121770858200406, 0.0 ], [ -111.558967972568652, 53.123243502553173, 0.0 ], [ -111.562525674095454, 53.123557417145278, 0.0 ], [ -111.563728, 53.123555, 0.0 ], [ -111.563669077885208, 53.123313084000216, 0.0 ], [ -111.563605, 53.12305, 0.0 ], [ -111.563648, 53.122667, 0.0 ], [ -111.563884, 53.122339, 0.0 ], [ -111.563887023820328, 53.121816615230934, 0.0 ] ] ] } },
{ "type": "Feature", "properties": { "fid": 35, "grazing_regime": "CON", "Block": "KB2", "catg_subpasture": "K4-03", "catg_pasture": "K4" }, "geometry": { "type": "Polygon", "coordinates": [ [ [ -111.544275159392924, 53.1222186084592, 0.0 ], [ -111.544273834081949, 53.122233186880095, 0.0 ], [ -111.544320551294618, 53.12231386518674, 0.0 ], [ -111.544251635123089, 53.122552421165125, 0.0 ], [ -111.544066091584341, 53.122600132360809, 0.0 ], [ -111.543979552396848, 53.122593776946815, 0.0 ], [ -111.543905253075394, 53.122524121332958, 0.0 ], [ -111.54374036167755, 53.122393943913607, 0.0 ], [ -111.543688290709795, 53.122333194451237, 0.0 ], [ -111.543618862752822, 53.122124910580276, 0.0 ], [ -111.54357547027972, 53.122081518107144, 0.0 ], [ -111.543462649849587, 53.121994733160925, 0.0 ], [ -111.543237008989379, 53.121907948214684, 0.0 ], [ -111.542994011139896, 53.12183852025769, 0.0 ], [ -111.542924583182909, 53.121821163268429, 0.0 ], [ -111.542898547699039, 53.121777770795326, 0.0 ], [ -111.542881190709807, 53.121725699827579, 0.0 ], [ -111.542881190709807, 53.121569486924358, 0.0 ], [ -111.542933261677547, 53.121482701978124, 0.0 ], [ -111.543054760602274, 53.121421952515753, 0.0 ], [ -111.543254365978612, 53.121326489074896, 0.0 ], [ -111.543306436946366, 53.121309132085635, 0.0 ], [ -111.543410578881833, 53.121248382623286, 0.0 ], [ -111.543566791785082, 53.121135562193174, 0.0 ], [ -111.543618862752822, 53.121118205203928, 0.0 ], [ -111.54376639716142, 53.120979349289954, 0.0 ], [ -111.543835825118407, 53.120979349289954, 0.0 ], [ -111.544052787484006, 53.120953313806076, 0.0 ], [ -111.544261071354967, 53.120953313806076, 0.0 ], [ -111.54459085415067, 53.120953313806076, 0.0 ], [ -111.544703674580774, 53.120953313806076, 0.0 ], [ -111.545024778881853, 53.120953313806076, 0.0 ], [ -111.545137599311957, 53.120979349289954, 0.0 ], [ -111.545180991785074, 53.12098802778457, 0.0 ], [ -111.545371918666802, 53.121057455741564, 0.0 ], [ -111.545406632645282, 53.12106613423618, 0.0 ], [ -111.545505436464296, 53.12106613423618, 0.0 ], [ -111.545924923080776, 53.121088573759437, 0.0 ], [ -111.548325641109599, 53.121105181562868, 0.0 ], [ -111.548349496707417, 53.122211816240416, 0.0 ], [ -111.544275159392924, 53.1222186084592, 0.0 ] ], [ [ -111.546797903814706, 53.121516873550881, 0.0 ], [ -111.546862992524368, 53.121506025432595, 0.0 ], [ -111.546904215373829, 53.121451784841199, 0.0 ], [ -111.546882519137284, 53.121356321400356, 0.0 ], [ -111.546826108922218, 53.12132377704549, 0.0 ], [ -111.546728475857719, 53.121310759303569, 0.0 ], [ -111.54663952128783, 53.12130208080896, 0.0 ], [ -111.546544057846958, 53.12130208080896, 0.0 ], [ -111.546465951395348, 53.121308589679906, 0.0 ], [ -111.546387844943737, 53.121356321400363, 0.0 ], [ -111.546394353814705, 53.121393205002491, 0.0 ], [ -111.546452933653399, 53.121453954464876, 0.0 ], [ -111.546528870481367, 53.121488668443355, 0.0 ], [ -111.546611316180275, 53.121506025432602, 0.0 ], [ -111.54671762773944, 53.121516873550881, 0.0 ], [ -111.546797903814706, 53.121516873550881, 0.0 ] ] ] } },
{ "type": "Feature", "properties": { "fid": 36, "grazing_regime": "CON", "Block": "KB2", "catg_subpasture": "K4-02", "catg_pasture": "K4" }, "geometry": { "type": "Polygon", "coordinates": [ [ [ -111.548042024557546, 53.12352122349958, 0.0 ], [ -111.547700094321584, 53.123602730125484, 0.0 ], [ -111.547591418820588, 53.123651103976727, 0.0 ], [ -111.546515266295856, 53.123651103976727, 0.0 ], [ -111.54643574763611, 53.123650441321182, 0.0 ], [ -111.546335024001053, 53.123632549622855, 0.0 ], [ -111.546048756826991, 53.12364315211078, 0.0 ], [ -111.545950683813629, 53.123656405220693, 0.0 ], [ -111.544985857412129, 53.123651103976727, 0.0 ], [ -111.544842723824857, 53.1236862247179, 0.0 ], [ -111.544662481530068, 53.12374718902349, 0.0 ], [ -111.544578735143247, 53.123772022794469, 0.0 ], [ -111.544556140172162, 53.123765146064144, 0.0 ], [ -111.544382570279694, 53.123713075096397, 0.0 ], [ -111.544026752000121, 53.123652325634048, 0.0 ], [ -111.543853182107654, 53.12362629015017, 0.0 ], [ -111.543801111139899, 53.123608933160916, 0.0 ], [ -111.54379243264529, 53.123513469720045, 0.0 ], [ -111.543801111139899, 53.123331221332947, 0.0 ], [ -111.543861860602277, 53.123175008429733, 0.0 ], [ -111.543983359527004, 53.122984081548019, 0.0 ], [ -111.544018073505512, 53.122958046064134, 0.0 ], [ -111.544026752000121, 53.122897296601785, 0.0 ], [ -111.544052787483992, 53.122810511655544, 0.0 ], [ -111.544044108989382, 53.122654298752302, 0.0 ], [ -111.544003086283965, 53.122615839965981, 0.0 ], [ -111.544004547454534, 53.122612847062932, 0.0 ], [ -111.54407669407226, 53.122610734848728, 0.0 ], [ -111.544246333879116, 53.122589529872862, 0.0 ], [ -111.54433645502651, 53.122308563942774, 0.0 ], [ -111.54429768967978, 53.122225732005774, 0.0 ], [ -111.548338894219512, 53.122222418728356, 0.0 ], [ -111.548175880967335, 53.12227874444541, 0.0 ], [ -111.547879011305341, 53.122448384252287, 0.0 ], [ -111.547778287670013, 53.122676337742739, 0.0 ], [ -111.548006241160465, 53.12280356759787, 0.0 ], [ -111.548393563297594, 53.122902468930619, 0.0 ], [ -111.548388262053635, 53.123522714474419, 0.0 ], [ -111.548042024557546, 53.12352122349958, 0.0 ] ] ] } },
{ "type": "Feature", "properties": { "fid": 37, "grazing_regime": "AMP", "Block": "KB2", "catg_subpasture": "K5-01", "catg_pasture": "K5" }, "geometry": { "type": "Polygon", "coordinates": [ [ [ -111.552583, 53.116193, 0.0 ], [ -111.552588807829864, 53.11657710874757, 0.0 ], [ -111.552605, 53.117648, 0.0 ], [ -111.550527, 53.117751, 0.0 ], [ -111.550437, 53.116731, 0.0 ], [ -111.550504, 53.11574, 0.0 ], [ -111.551896, 53.114742, 0.0 ], [ -111.551937, 53.114542, 0.0 ], [ -111.551926, 53.113765, 0.0 ], [ -111.552575682831531, 53.11375860409742, 0.0 ], [ -111.5525898183257, 53.114425664798347, 0.0 ], [ -111.552551, 53.115293, 0.0 ], [ -111.552648, 53.115456, 0.0 ], [ -111.552694048536836, 53.115869822850975, 0.0 ], [ -111.552677583922289, 53.115851986185227, 0.0 ], [ -111.552612495212614, 53.115851986185227, 0.0 ], [ -111.552547406502924, 53.115851986185227, 0.0 ], [ -111.552469300051314, 53.115856325432532, 0.0 ], [ -111.552373836610457, 53.115899717905648, 0.0 ], [ -111.552308747900767, 53.115969145862636, 0.0 ], [ -111.552321765642716, 53.116042913066963, 0.0 ], [ -111.552347801126572, 53.116090644787356, 0.0 ], [ -111.55238251510508, 53.116116680271247, 0.0 ], [ -111.552438925320146, 53.116129698013182, 0.0 ], [ -111.552538728008301, 53.116168751238973, 0.0 ], [ -111.552588498326344, 53.116190525753126, 0.0 ], [ -111.552583, 53.116193, 0.0 ] ], [ [ -111.551535277067458, 53.117199322475564, 0.0 ], [ -111.55158734803517, 53.117199322475564, 0.0 ], [ -111.55163941900291, 53.117194983228245, 0.0 ], [ -111.551661115239469, 53.117121216023953, 0.0 ], [ -111.551648097497548, 53.117073484303511, 0.0 ], [ -111.551491884594313, 53.117051788066959, 0.0 ], [ -111.551370385669586, 53.11706480580888, 0.0 ], [ -111.551326993196483, 53.1171038590347, 0.0 ], [ -111.551353028680325, 53.117168947744396, 0.0 ], [ -111.551448492121196, 53.117212340217492, 0.0 ], [ -111.551509241583574, 53.117234036454057, 0.0 ], [ -111.551535277067458, 53.117199322475564, 0.0 ] ] ] } },
{ "type": "Feature", "properties": { "fid": 37, "grazing_regime": "AMP", "Block": "KB2", "catg_subpasture": "K5-01", "catg_pasture": "K5" }, "geometry": { "type": "Polygon", "coordinates": [ [ [ -111.552723, 53.11613, 0.0 ], [ -111.552713786941354, 53.11613414587638, 0.0 ], [ -111.552720976395406, 53.116125358765878, 0.0 ], [ -111.552722209182946, 53.116122893190798, 0.0 ], [ -111.552723, 53.11613, 0.0 ] ] ] } },
{ "type": "Feature", "properties": { "fid": 38, "grazing_regime": "CON", "Block": "KB2", "catg_subpasture": "K4-01", "catg_pasture": "K4" }, "geometry": { "type": "Polygon", "coordinates": [ [ [ -111.543362434279317, 53.1249740542574, 0.0 ], [ -111.543434001072839, 53.124735498279009, 0.0 ], [ -111.543509934533958, 53.124710503692711, 0.0 ], [ -111.543584148774315, 53.124719780472766, 0.0 ], [ -111.543757718666797, 53.124719780472766, 0.0 ], [ -111.544052787484006, 53.124685066494258, 0.0 ], [ -111.544182964903356, 53.124598281548025, 0.0 ], [ -111.544235035871097, 53.124520175096393, 0.0 ], [ -111.544339177806577, 53.124407354666289, 0.0 ], [ -111.544686317591527, 53.124173035311465, 0.0 ], [ -111.544703674580774, 53.124164356816834, 0.0 ], [ -111.544721031570006, 53.124146999827573, 0.0 ], [ -111.544807816516268, 53.124034179397484, 0.0 ], [ -111.544816495010892, 53.123877966494248, 0.0 ], [ -111.544755745548514, 53.123825895526515, 0.0 ], [ -111.544713708745391, 53.123813101716856, 0.0 ], [ -111.54471814459194, 53.123796888185744, 0.0 ], [ -111.544742000189515, 53.123752490267456, 0.0 ], [ -111.544967303058272, 53.123653754598706, 0.0 ], [ -111.545969238167515, 53.123659055842658, 0.0 ], [ -111.546038154339058, 53.123653754598706, 0.0 ], [ -111.54637743395277, 53.12364315211078, 0.0 ], [ -111.546509965051882, 53.123653754598706, 0.0 ], [ -111.547580816332641, 53.123659055842651, 0.0 ], [ -111.547718648675726, 53.123600742159063, 0.0 ], [ -111.548004915849802, 53.123531825987541, 0.0 ], [ -111.548370701683282, 53.123531825987534, 0.0 ], [ -111.548370701683282, 53.124994969321669, 0.0 ], [ -111.543362434279317, 53.1249740542574, 0.0 ] ] ] } },
{ "type": "Feature", "properties": { "fid": 39, "grazing_regime": "AMP", "Block": "KB2", "catg_subpasture": "K5-10", "catg_pasture": "K5" }, "geometry": { "type": "Polygon", "coordinates": [ [ [ -111.552575682831531, 53.11375860409742, 0.0 ], [ -111.552621, 53.11029, 0.0 ], [ -111.551241978532303, 53.110427803495263, 0.0 ], [ -111.551233954325639, 53.11091878613648, 0.0 ], [ -111.551225, 53.111465, 0.0 ], [ -111.551072, 53.112172, 0.0 ], [ -111.550373, 53.112583, 0.0 ], [ -111.550037809369996, 53.113006020158366, 0.0 ], [ -111.549786, 53.113312, 0.0 ], [ -111.549768040719613, 53.113786153903142, 0.0 ], [ -111.552575682831531, 53.11375860409742, 0.0 ] ] ] } },
{ "type": "Feature", "properties": { "fid": 40, "grazing_regime": "AMP", "Block": "KB2", "catg_subpasture": "K5-02", "catg_pasture": "K5" }, "geometry": { "type": "Polygon", "coordinates": [ [ [ -111.549264, 53.116749, 0.0 ], [ -111.548969, 53.116369, 0.0 ], [ -111.549012, 53.115526, 0.0 ], [ -111.549473200366961, 53.114901147889888, 0.0 ], [ -111.549725, 53.11456, 0.0 ], [ -111.549714013327886, 53.113875670629795, 0.0 ], [ -111.551929, 53.113858, 0.0 ], [ -111.551937, 53.114542, 0.0 ], [ -111.551896, 53.114742, 0.0 ], [ -111.551037795142449, 53.115357293425149, 0.0 ], [ -111.550504, 53.11574, 0.0 ], [ -111.550437, 53.116731, 0.0 ], [ -111.550527, 53.117751, 0.0 ], [ -111.54936, 53.117802, 0.0 ], [ -111.549264, 53.116749, 0.0 ] ], [ [ -111.550992871153454, 53.11481273645402, 0.0 ], [ -111.551088334594297, 53.114760665486266, 0.0 ], [ -111.551175119540559, 53.114747647744338, 0.0 ], [ -111.551292279217975, 53.114730290755091, 0.0 ], [ -111.551409438895377, 53.114708594518525, 0.0 ], [ -111.551457170615805, 53.114682559034655, 0.0 ], [ -111.551457170615805, 53.114643505808864, 0.0 ], [ -111.5512271905083, 53.114604452583052, 0.0 ], [ -111.551049281368492, 53.114600113335754, 0.0 ], [ -111.550923443196453, 53.114600113335747, 0.0 ], [ -111.550819301260958, 53.114665202045423, 0.0 ], [ -111.550801944271726, 53.11474330849704, 0.0 ], [ -111.55082797975561, 53.114808397206723, 0.0 ], [ -111.55088005072335, 53.114838771937897, 0.0 ], [ -111.550992871153454, 53.11481273645402, 0.0 ] ], [ [ -111.550072950723333, 53.11584981656155, 0.0 ], [ -111.550155396422255, 53.115836798819636, 0.0 ], [ -111.550255199110424, 53.115754353120707, 0.0 ], [ -111.550341984056686, 53.115689264411017, 0.0 ], [ -111.550359341045919, 53.115589461722855, 0.0 ], [ -111.550341984056686, 53.115502676776615, 0.0 ], [ -111.550216145884633, 53.115463623550824, 0.0 ], [ -111.550077289970645, 53.115441927314251, 0.0 ], [ -111.549964469540541, 53.115433248819627, 0.0 ], [ -111.549838631368473, 53.115459284303498, 0.0 ], [ -111.549686757712564, 53.115550408497043, 0.0 ], [ -111.549612990508294, 53.115624175701328, 0.0 ], [ -111.54957393728246, 53.115710960647583, 0.0 ], [ -111.549599972766345, 53.115763031615302, 0.0 ], [ -111.549630347497526, 53.115810763335752, 0.0 ], [ -111.549652043734085, 53.11583245957231, 0.0 ], [ -111.549764864164175, 53.115854155808869, 0.0 ], [ -111.549882023841619, 53.115854155808869, 0.0 ], [ -111.550072950723333, 53.11584981656155, 0.0 ] ] ] } },
{ "type": "Feature", "properties": { "fid": 41, "grazing_regime": "AMP", "Block": "KB2", "catg_subpasture": "K5-03", "catg_pasture": "K5" }, "geometry": { "type": "Polygon", "coordinates": [ [ [ -111.547397, 53.117921, 0.0 ], [ -111.54936, 53.117802, 0.0 ], [ -111.549264, 53.116749, 0.0 ], [ -111.548969, 53.116369, 0.0 ], [ -111.549012, 53.115526, 0.0 ], [ -111.549725, 53.11456, 0.0 ], [ -111.549714013327886, 53.113875670629795, 0.0 ], [ -111.547754034359173, 53.113891306869604, 0.0 ], [ -111.547673085380424, 53.115361839557806, 0.0 ], [ -111.547652767740303, 53.115596766895322, 0.0 ], [ -111.547397, 53.117921, 0.0 ] ] ] } },
{ "type": "Feature", "properties": { "fid": 42, "grazing_regime": "CON", "Block": "KB3", "catg_subpasture": "K6-10", "catg_pasture": "K6" }, "geometry": { "type": "Polygon", "coordinates": [ [ [ -111.550719152759385, 53.10338577361226, 0.0 ], [ -111.550771785152492, 53.103954861362624, 0.0 ], [ -111.550738482779749, 53.103923937730791, 0.0 ], [ -111.550716786543191, 53.103793760311433, 0.0 ], [ -111.550686411812009, 53.103689618375945, 0.0 ], [ -111.550630001596943, 53.103624529666277, 0.0 ], [ -111.550582269876514, 53.103550762461971, 0.0 ], [ -111.55048246718836, 53.103520387730782, 0.0 ], [ -111.550343611274357, 53.103516048483463, 0.0 ], [ -111.550200416113071, 53.103516048483456, 0.0 ], [ -111.550074577941061, 53.103516048483456, 0.0 ], [ -111.549874972564695, 53.103494352246905, 0.0 ], [ -111.549749134392641, 53.103485673752289, 0.0 ], [ -111.549553868263615, 53.103476995257672, 0.0 ], [ -111.549410673102329, 53.103490012999593, 0.0 ], [ -111.549336905898016, 53.103503030741528, 0.0 ], [ -111.549267477941044, 53.103533405472724, 0.0 ], [ -111.549232763962536, 53.103607172677023, 0.0 ], [ -111.549250120951783, 53.103693957623257, 0.0 ], [ -111.549271817188355, 53.103802438806063, 0.0 ], [ -111.549345584392668, 53.10388922375229, 0.0 ], [ -111.54946274407007, 53.10394129472003, 0.0 ], [ -111.549475761811991, 53.103971669451219, 0.0 ], [ -111.5494367085862, 53.1040758113867, 0.0 ], [ -111.549393316113097, 53.104145239343687, 0.0 ], [ -111.549345584392668, 53.104249381279168, 0.0 ], [ -111.549319548908784, 53.10433182697809, 0.0 ], [ -111.549302191919537, 53.104435968913577, 0.0 ], [ -111.549289174177588, 53.10454445009637, 0.0 ], [ -111.549293513424914, 53.104644252784553, 0.0 ], [ -111.549323888156096, 53.104722359236163, 0.0 ], [ -111.549454065575446, 53.104921964612515, 0.0 ], [ -111.549484440306614, 53.104961017838299, 0.0 ], [ -111.549662349446422, 53.10510421299962, 0.0 ], [ -111.549705741919524, 53.105151944720049, 0.0 ], [ -111.549770830629228, 53.105260425902856, 0.0 ], [ -111.549853276328136, 53.105438335042621, 0.0 ], [ -111.54988799030663, 53.105503423752303, 0.0 ], [ -111.549866294070071, 53.105581530203899, 0.0 ], [ -111.549809883855019, 53.105759439343707, 0.0 ], [ -111.549809883855005, 53.105824528053368, 0.0 ], [ -111.549801205360396, 53.105924330741523, 0.0 ], [ -111.549840258586201, 53.106002437193141, 0.0 ], [ -111.549922704285123, 53.106045829666279, 0.0 ], [ -111.55003118546793, 53.10605016891359, 0.0 ], [ -111.550240011744805, 53.105996470728094, 0.0 ], [ -111.550257368734052, 53.105966638402826, 0.0 ], [ -111.550277980158796, 53.105929754800677, 0.0 ], [ -111.550295879553929, 53.105889616763037, 0.0 ], [ -111.550287201059319, 53.105798492569491, 0.0 ], [ -111.550256826328138, 53.10571170762325, 0.0 ], [ -111.550178719876513, 53.105642279666277, 0.0 ], [ -111.550083256435656, 53.105594547945849, 0.0 ], [ -111.550026846220618, 53.105555494720043, 0.0 ], [ -111.550000810736748, 53.105473049021121, 0.0 ], [ -111.550000810736748, 53.105386264074866, 0.0 ], [ -111.550013828478683, 53.105308157623263, 0.0 ], [ -111.550139666650722, 53.105243068913587, 0.0 ], [ -111.550269844070073, 53.10519099794584, 0.0 ], [ -111.550352289768995, 53.105138926978093, 0.0 ], [ -111.550460770951787, 53.105095534504969, 0.0 ], [ -111.550564912887282, 53.105052142031866, 0.0 ], [ -111.550625662349631, 53.104965357085625, 0.0 ], [ -111.550643019338892, 53.104843858160891, 0.0 ], [ -111.550656037080827, 53.104748394720033, 0.0 ], [ -111.550660376328139, 53.104648592031864, 0.0 ], [ -111.550690751059321, 53.104574824827537, 0.0 ], [ -111.55067339407006, 53.104492379128629, 0.0 ], [ -111.550703768801256, 53.104470682892085, 0.0 ], [ -111.550849033236389, 53.104442709127632, 0.0 ], [ -111.550973612469562, 53.105730911410959, 0.0 ], [ -111.551082287970814, 53.107050921158063, 0.0 ], [ -111.548426364744856, 53.107040981325653, 0.0 ], [ -111.548415762256923, 53.103361918014436, 0.0 ], [ -111.550719152759385, 53.10338577361226, 0.0 ] ] ] } },
{ "type": "Feature", "properties": { "fid": 43, "grazing_regime": "AMP", "Block": "KB2", "catg_subpasture": "K5-04", "catg_pasture": "K5" }, "geometry": { "type": "Polygon", "coordinates": [ [ [ -111.547397, 53.117921, 0.0 ], [ -111.547647, 53.115652, 0.0 ], [ -111.547668386717206, 53.115447196259822, 0.0 ], [ -111.547754034359173, 53.113891306869604, 0.0 ], [ -111.54627599280667, 53.113903098328848, 0.0 ], [ -111.546281, 53.115784, 0.0 ], [ -111.546281, 53.116028, 0.0 ], [ -111.545874, 53.116213, 0.0 ], [ -111.545008568000839, 53.117485856458792, 0.0 ], [ -111.545846, 53.117982, 0.0 ], [ -111.547397, 53.117921, 0.0 ] ] ] } },
{ "type": "Feature", "properties": { "fid": 44, "grazing_regime": "CON", "Block": "KB3", "catg_subpasture": "K6-09", "catg_pasture": "K6" }, "geometry": { "type": "Polygon", "coordinates": [ [ [ -111.548398450381583, 53.107076888969942, 0.0 ], [ -111.546684823270112, 53.107128576098596, 0.0 ], [ -111.546584182467257, 53.103369869880396, 0.0 ], [ -111.548434316610795, 53.103364568636422, 0.0 ], [ -111.548398450381583, 53.107076888969942, 0.0 ] ] ] } },
{ "type": "Feature", "properties": { "fid": 45, "grazing_regime": "AMP", "Block": "KB2", "catg_subpasture": "K5-05", "catg_pasture": "K5" }, "geometry": { "type": "Polygon", "coordinates": [ [ [ -111.541260034139768, 53.115592557174097, 0.0 ], [ -111.541243, 53.115221, 0.0 ], [ -111.54135, 53.115156, 0.0 ], [ -111.541987205649491, 53.114944146667547, 0.0 ], [ -111.542269, 53.114854, 0.0 ], [ -111.542983, 53.114761, 0.0 ], [ -111.543656, 53.113924, 0.0 ], [ -111.54627599280667, 53.113903098328848, 0.0 ], [ -111.546281, 53.115784, 0.0 ], [ -111.546281, 53.116028, 0.0 ], [ -111.545874, 53.116213, 0.0 ], [ -111.5457570976385, 53.116384747124791, 0.0 ], [ -111.545649447534771, 53.116542901293478, 0.0 ], [ -111.545343934681242, 53.116991745555602, 0.0 ], [ -111.545008568000839, 53.117485856458792, 0.0 ], [ -111.544467, 53.117165, 0.0 ], [ -111.542874150911842, 53.117103115660413, 0.0 ], [ -111.54215, 53.117026, 0.0 ], [ -111.541216, 53.116988, 0.0 ], [ -111.541201547798224, 53.116417138030421, 0.0 ], [ -111.541337, 53.116325, 0.0 ], [ -111.541668, 53.116369, 0.0 ], [ -111.542194, 53.116201, 0.0 ], [ -111.542453870188254, 53.116229167747683, 0.0 ], [ -111.542481979957131, 53.116245230472749, 0.0 ], [ -111.542505271782943, 53.116259687468073, 0.0 ], [ -111.542752, 53.11653, 0.0 ], [ -111.542787275194897, 53.116587672144036, 0.0 ], [ -111.542816102000145, 53.116661798214672, 0.0 ], [ -111.542872512215212, 53.116761600902848, 0.0 ], [ -111.542933261677575, 53.116865742838336, 0.0 ], [ -111.543007028881874, 53.116974224021142, 0.0 ], [ -111.543067778344252, 53.117043651978115, 0.0 ], [ -111.543180598774327, 53.117082705203927, 0.0 ], [ -111.543279498057075, 53.117100365790122, 0.0 ], [ -111.54331401062413, 53.117120204804635, 0.0 ], [ -111.543378093501545, 53.117110247271441, 0.0 ], [ -111.543471328344225, 53.117117419182414, 0.0 ], [ -111.543601505763604, 53.117117419182414, 0.0 ], [ -111.54374036167755, 53.117108740687797, 0.0 ], [ -111.543822807376486, 53.117078365956615, 0.0 ], [ -111.543922610064655, 53.11698724176307, 0.0 ], [ -111.543961590577737, 53.116950117464896, 0.0 ], [ -111.544098, 53.116871, 0.0 ], [ -111.544190794872662, 53.116683733238851, 0.0 ], [ -111.544217678881878, 53.116644441225439, 0.0 ], [ -111.544243389739535, 53.116577592995469, 0.0 ], [ -111.544264, 53.116536, 0.0 ], [ -111.544361, 53.116114, 0.0 ], [ -111.54454, 53.115932, 0.0 ], [ -111.544888, 53.115778, 0.0 ], [ -111.544875102633284, 53.115628390546178, 0.0 ], [ -111.54487724447327, 53.115576986386728, 0.0 ], [ -111.544864226731335, 53.115481522945856, 0.0 ], [ -111.544861971870617, 53.115476073699121, 0.0 ], [ -111.544758732240282, 53.115048510333402, 0.0 ], [ -111.544750780374358, 53.114927244377718, 0.0 ], [ -111.544808, 53.11485, 0.0 ], [ -111.544917769559234, 53.114803990455549, 0.0 ], [ -111.545057, 53.114817, 0.0 ], [ -111.545131829765864, 53.114808760825163, 0.0 ], [ -111.545133260064674, 53.114808939612523, 0.0 ], [ -111.545207027268972, 53.114821957354458, 0.0 ], [ -111.545341543935621, 53.114821957354458, 0.0 ], [ -111.54545870361305, 53.114813278859835, 0.0 ], [ -111.545562845548545, 53.114791582623283, 0.0 ], [ -111.545629776173357, 53.114753934146833, 0.0 ], [ -111.54572, 53.114744, 0.0 ], [ -111.545732595426429, 53.114627492305416, 0.0 ], [ -111.545745093935622, 53.114604994988838, 0.0 ], [ -111.545745093935636, 53.114511881095389, 0.0 ], [ -111.545748, 53.114485, 0.0 ], [ -111.54571947901286, 53.11445396245518, 0.0 ], [ -111.545719058451766, 53.114453121332971, 0.0 ], [ -111.545653969742091, 53.114375014881325, 0.0 ], [ -111.545638482783474, 53.11436581949966, 0.0 ], [ -111.545578, 53.1143, 0.0 ], [ -111.545463840554575, 53.114271205318445, 0.0 ], [ -111.545410971892622, 53.114249176709286, 0.0 ], [ -111.545298151462504, 53.114223141225416, 0.0 ], [ -111.545196590753932, 53.114203796328553, 0.0 ], [ -111.54513, 53.114187, 0.0 ], [ -111.545057070073241, 53.11417739605902, 0.0 ], [ -111.544977047161424, 53.114162391763053, 0.0 ], [ -111.544929508757079, 53.114160597861002, 0.0 ], [ -111.544644, 53.114123, 0.0 ], [ -111.544357, 53.114155, 0.0 ], [ -111.54389, 53.11431, 0.0 ], [ -111.543796556460762, 53.11455151871175, 0.0 ], [ -111.543915, 53.114839, 0.0 ], [ -111.544039489132359, 53.115201947188709, 0.0 ], [ -111.54401815838591, 53.115280159925625, 0.0 ], [ -111.543924, 53.115346, 0.0 ], [ -111.543239, 53.115507, 0.0 ], [ -111.542684289211508, 53.115519161399106, 0.0 ], [ -111.542104, 53.115379, 0.0 ], [ -111.541782, 53.115427, 0.0 ], [ -111.541574850750308, 53.115492703615907, 0.0 ], [ -111.541536024043154, 53.115503219182422, 0.0 ], [ -111.541528769119992, 53.115507319791163, 0.0 ], [ -111.541260034139768, 53.115592557174097, 0.0 ] ], [ [ -111.545586169002803, 53.115923583765863, 0.0 ], [ -111.545642579217869, 53.115919244518523, 0.0 ], [ -111.545785774379141, 53.115836798819615, 0.0 ], [ -111.545863880830765, 53.115767370862621, 0.0 ], [ -111.545898594809273, 53.115641532690582, 0.0 ], [ -111.545859541583454, 53.11555040849705, 0.0 ], [ -111.545716346422168, 53.115472302045411, 0.0 ], [ -111.545603525992064, 53.115467962798114, 0.0 ], [ -111.545495044809257, 53.115524373013152, 0.0 ], [ -111.545395242121089, 53.1156111579594, 0.0 ], [ -111.545369206637218, 53.115728317636808, 0.0 ], [ -111.545412599110335, 53.11585849505618, 0.0 ], [ -111.545447313088829, 53.115901887529276, 0.0 ], [ -111.545477687819997, 53.115927923013153, 0.0 ], [ -111.545586169002803, 53.115923583765863, 0.0 ] ] ] } },
{ "type": "Feature", "properties": { "fid": 46, "grazing_regime": "CON", "Block": "KB3", "catg_subpasture": "K6-06", "catg_pasture": "K6" }, "geometry": { "type": "Polygon", "coordinates": [ [ [ -111.541569785500087, 53.107203000593948, 0.0 ], [ -111.543081137021503, 53.107203994577219, 0.0 ], [ -111.543074758962888, 53.103343363660557, 0.0 ], [ -111.541293540990907, 53.103300953708853, 0.0 ], [ -111.541353097153063, 53.107201509619088, 0.0 ], [ -111.541569785500087, 53.107203000593948, 0.0 ] ] ] } },
{ "type": "Feature", "properties": { "fid": 47, "grazing_regime": "AMP", "Block": "KB2", "catg_subpasture": "K5-06", "catg_pasture": "K5" }, "geometry": { "type": "Polygon", "coordinates": [ [ [ -111.543717119305754, 53.111374114639709, 0.0 ], [ -111.543656, 53.113924, 0.0 ], [ -111.542983, 53.114761, 0.0 ], [ -111.542269, 53.114854, 0.0 ], [ -111.541575323056662, 53.115075908866103, 0.0 ], [ -111.54135, 53.115156, 0.0 ], [ -111.541243, 53.115221, 0.0 ], [ -111.540942, 53.115124, 0.0 ], [ -111.540942, 53.113682, 0.0 ], [ -111.541248, 53.113479, 0.0 ], [ -111.541238, 53.112938, 0.0 ], [ -111.540996, 53.112758, 0.0 ], [ -111.540985, 53.11175, 0.0 ], [ -111.541103438347434, 53.111687396873492, 0.0 ], [ -111.541678902080335, 53.111598255684662, 0.0 ], [ -111.541622808989388, 53.111615253590998, 0.0 ], [ -111.54147527458079, 53.111645628322201, 0.0 ], [ -111.541353775656063, 53.111706377784571, 0.0 ], [ -111.541284347699076, 53.11175844875229, 0.0 ], [ -111.541258312215206, 53.111849572945843, 0.0 ], [ -111.54125397296788, 53.111962393375954, 0.0 ], [ -111.541240955225945, 53.11210124928995, 0.0 ], [ -111.541232276731321, 53.112218408967358, 0.0 ], [ -111.54118888425819, 53.112344247139411, 0.0 ], [ -111.541149831032399, 53.112426692838326, 0.0 ], [ -111.541110777806608, 53.11252649552651, 0.0 ], [ -111.541119456301203, 53.112661012193144, 0.0 ], [ -111.541136813290464, 53.11272610090284, 0.0 ], [ -111.54116284877432, 53.112812885849095, 0.0 ], [ -111.541258312215206, 53.112899670795308, 0.0 ], [ -111.541349436408751, 53.112925706279192, 0.0 ], [ -111.541705254688324, 53.112947402515744, 0.0 ], [ -111.541826753613051, 53.112947402515744, 0.0 ], [ -111.541965609527011, 53.11292136703188, 0.0 ], [ -111.542191250387248, 53.112838921332944, 0.0 ], [ -111.54229973157004, 53.112773832623269, 0.0 ], [ -111.542364820279701, 53.112708743913601, 0.0 ], [ -111.542486319204428, 53.112621958967345, 0.0 ], [ -111.542694603075404, 53.112565548752315, 0.0 ], [ -111.542820441247443, 53.112535174021133, 0.0 ], [ -111.542950618666808, 53.112457067569508, 0.0 ], [ -111.543080796086173, 53.112383300365217, 0.0 ], [ -111.543158902537783, 53.112335568644781, 0.0 ], [ -111.543215312752821, 53.11224878369854, 0.0 ], [ -111.54322833049477, 53.112214069720046, 0.0 ], [ -111.543271722967887, 53.112118606279182, 0.0 ], [ -111.54328907995712, 53.112070874558761, 0.0 ], [ -111.543250026731329, 53.111962393375954, 0.0 ], [ -111.543206634258212, 53.11188428692433, 0.0 ], [ -111.5432022950109, 53.111797501978103, 0.0 ], [ -111.543232669742082, 53.111693360042629, 0.0 ], [ -111.543284740709822, 53.111606575096395, 0.0 ], [ -111.543293419204446, 53.111563182623264, 0.0 ], [ -111.543276062215185, 53.11145036219316, 0.0 ], [ -111.543204491827041, 53.111430842996391, 0.0 ], [ -111.543717119305754, 53.111374114639709, 0.0 ] ], [ [ -111.541232276731321, 53.115104008429725, 0.0 ], [ -111.541271329957127, 53.115095329935116, 0.0 ], [ -111.541440560602283, 53.114978170257686, 0.0 ], [ -111.54150131006466, 53.114921760042634, 0.0 ], [ -111.541509988559284, 53.114774225634036, 0.0 ], [ -111.541553381032401, 53.11467442294586, 0.0 ], [ -111.541601112752829, 53.114574620257685, 0.0 ], [ -111.541666201462519, 53.114492174558777, 0.0 ], [ -111.541800718129167, 53.114440103591022, 0.0 ], [ -111.541939574043141, 53.114379354128658, 0.0 ], [ -111.542056733720571, 53.114331622408223, 0.0 ], [ -111.542165214903363, 53.114275212193164, 0.0 ], [ -111.542308410064663, 53.11426653369854, 0.0 ], [ -111.542416891247441, 53.114253515956605, 0.0 ], [ -111.542481979957131, 53.114249176709286, 0.0 ], [ -111.542525372430248, 53.114253515956605, 0.0 ], [ -111.542568764903379, 53.114262194451229, 0.0 ], [ -111.542586121892626, 53.114240498214691, 0.0 ], [ -111.542508015441001, 53.114205784236177, 0.0 ], [ -111.542455944473261, 53.114123338537262, 0.0 ], [ -111.542408212752818, 53.114053910580267, 0.0 ], [ -111.542317088559273, 53.114036553591014, 0.0 ], [ -111.542178232645313, 53.114027875096397, 0.0 ], [ -111.542056733720571, 53.11401051810715, 0.0 ], [ -111.541909199311974, 53.113993161117897, 0.0 ], [ -111.541831092860363, 53.113967125634019, 0.0 ], [ -111.541731290172194, 53.11392373316091, 0.0 ], [ -111.541644505225946, 53.113871662193162, 0.0 ], [ -111.541514327806581, 53.113836948214676, 0.0 ], [ -111.541384150387245, 53.11381525197811, 0.0 ], [ -111.541240955225959, 53.11380657348348, 0.0 ], [ -111.541110777806594, 53.113819591225422, 0.0 ], [ -111.541089081570021, 53.113910715418974, 0.0 ], [ -111.541089081570021, 53.113993161117897, 0.0 ], [ -111.541141152537762, 53.114049571332941, 0.0 ], [ -111.541219258989386, 53.114105981547993, 0.0 ], [ -111.541249633720568, 53.114227480472742, 0.0 ], [ -111.541249633720568, 53.114335961655534, 0.0 ], [ -111.541271329957127, 53.114565941763054, 0.0 ], [ -111.541271329957141, 53.114704797677042, 0.0 ], [ -111.541227937483995, 53.1148002611179, 0.0 ], [ -111.541184545010879, 53.114891385311452, 0.0 ], [ -111.541132474043152, 53.115056276709304, 0.0 ], [ -111.541132474043152, 53.115073633698557, 0.0 ], [ -111.541232276731321, 53.115104008429725, 0.0 ] ] ] } },
{ "type": "Feature", "properties": { "fid": 47, "grazing_regime": "AMP", "Block": "KB2", "catg_subpasture": "K5-06", "catg_pasture": "K5" }, "geometry": { "type": "Polygon", "coordinates": [ [ [ -111.542707, 53.111439, 0.0 ], [ -111.542784329364395, 53.111438029338515, 0.0 ], [ -111.542755352537782, 53.11144602294587, 0.0 ], [ -111.542633853613054, 53.111472058429733, 0.0 ], [ -111.542425569742079, 53.111493754666284, 0.0 ], [ -111.542273696086156, 53.111506772408227, 0.0 ], [ -111.542265882528568, 53.111507330519487, 0.0 ], [ -111.542707, 53.111439, 0.0 ] ] ] } },
{ "type": "Feature", "properties": { "fid": 48, "grazing_regime": "CON", "Block": "KB3", "catg_subpasture": "K6-07", "catg_pasture": "K6" }, "geometry": { "type": "Polygon", "coordinates": [ [ [ -111.544879749700272, 53.10718821509321, 0.0 ], [ -111.543102507661231, 53.107192191026179, 0.0 ], [ -111.543082710828855, 53.103327459928671, 0.0 ], [ -111.544808265739221, 53.103369869880389, 0.0 ], [ -111.544879749700272, 53.10718821509321, 0.0 ] ] ] } },
{ "type": "Feature", "properties": { "fid": 49, "grazing_regime": "AMP", "Block": "KB2", "catg_subpasture": "K5-07", "catg_pasture": "K5" }, "geometry": { "type": "Polygon", "coordinates": [ [ [ -111.543663, 53.113846, 0.0 ], [ -111.543717119305754, 53.111374114639709, 0.0 ], [ -111.546311364993073, 53.111061230813704, 0.0 ], [ -111.54618, 53.111352, 0.0 ], [ -111.54623, 53.112331, 0.0 ], [ -111.545306, 53.113304, 0.0 ], [ -111.545068, 53.113395, 0.0 ], [ -111.545414988488844, 53.113828825720972, 0.0 ], [ -111.543663, 53.113846, 0.0 ] ], [ [ -111.544839276059278, 53.113190400365212, 0.0 ], [ -111.544900025521642, 53.113147007892088, 0.0 ], [ -111.544969453478643, 53.113103615418964, 0.0 ], [ -111.544999828209825, 53.113003812730796, 0.0 ], [ -111.544982471220564, 53.112951741763069, 0.0 ], [ -111.544887007779707, 53.112904010042612, 0.0 ], [ -111.544670045414122, 53.112904010042634, 0.0 ], [ -111.544565903478642, 53.112995134236193, 0.0 ], [ -111.544544207242083, 53.113090597677022, 0.0 ], [ -111.544557224984004, 53.113160025634016, 0.0 ], [ -111.544674384661434, 53.113233792838336, 0.0 ], [ -111.544743812618421, 53.113251149827569, 0.0 ], [ -111.544769848102291, 53.11326850681683, 0.0 ], [ -111.544839276059278, 53.113190400365212, 0.0 ] ] ] } },
{ "type": "Feature", "properties": { "fid": 50, "grazing_regime": "CON", "Block": "KB3", "catg_subpasture": "K6-01", "catg_pasture": "K6" }, "geometry": { "type": "Polygon", "coordinates": [ [ [ -111.549759627601702, 53.11058287494928, 0.0 ], [ -111.549794157460383, 53.109842949406485, 0.0 ], [ -111.54980120536041, 53.109838331816803, 0.0 ], [ -111.549803963358855, 53.10976386585849, 0.0 ], [ -111.549902745385126, 53.10943825103115, 0.0 ], [ -111.549918365037826, 53.109417424827569, 0.0 ], [ -111.549926119994183, 53.109361201393867, 0.0 ], [ -111.549939869896505, 53.109315877641819, 0.0 ], [ -111.549579302474655, 53.107057009305088, 0.0 ], [ -111.551058432373054, 53.107066162234467, 0.0 ], [ -111.55261169685464, 53.110229679570153, 0.0 ], [ -111.549759627601702, 53.11058287494928, 0.0 ] ], [ [ -111.550682072564712, 53.10898783934369, 0.0 ], [ -111.55076451826362, 53.108944446870581, 0.0 ], [ -111.550886017188347, 53.108862001171651, 0.0 ], [ -111.550981480629233, 53.10879257321465, 0.0 ], [ -111.550977141381921, 53.108684092031865, 0.0 ], [ -111.550942427403413, 53.108575610849073, 0.0 ], [ -111.550794892994816, 53.108553914612514, 0.0 ], [ -111.550616983855022, 53.10860164633295, 0.0 ], [ -111.550456431704475, 53.108653717300683, 0.0 ], [ -111.550287201059319, 53.108718806010351, 0.0 ], [ -111.550144005898048, 53.108818608698527, 0.0 ], [ -111.55008759568301, 53.108866340418949, 0.0 ], [ -111.550061560199111, 53.108953125365197, 0.0 ], [ -111.550096274177605, 53.109005196332937, 0.0 ], [ -111.550213433855021, 53.109078963537243, 0.0 ], [ -111.550326254285125, 53.109100659773787, 0.0 ], [ -111.550365307510944, 53.109100659773787, 0.0 ], [ -111.550478127941034, 53.109109338268418, 0.0 ], [ -111.550534538156114, 53.109057267300692, 0.0 ], [ -111.550682072564712, 53.10898783934369, 0.0 ] ] ] } },
{ "type": "Feature", "properties": { "fid": 51, "grazing_regime": "AMP", "Block": "KB2", "catg_subpasture": "K5-08", "catg_pasture": "K5" }, "geometry": { "type": "Polygon", "coordinates": [ [ [ -111.545414988488844, 53.113828825720972, 0.0 ], [ -111.545068, 53.113395, 0.0 ], [ -111.545306, 53.113304, 0.0 ], [ -111.54623, 53.112331, 0.0 ], [ -111.54618, 53.111352, 0.0 ], [ -111.546311364993073, 53.111061230813704, 0.0 ], [ -111.548698175677174, 53.110738755416349, 0.0 ], [ -111.548648020910804, 53.113797133160624, 0.0 ], [ -111.545414988488844, 53.113828825720972, 0.0 ] ], [ [ -111.546819057645322, 53.111613083967363, 0.0 ], [ -111.546858110871142, 53.111621762461979, 0.0 ], [ -111.547127144204481, 53.111613083967363, 0.0 ], [ -111.547283357107702, 53.111587048483507, 0.0 ], [ -111.547361463559312, 53.111574030741551, 0.0 ], [ -111.547478623236742, 53.11149592428994, 0.0 ], [ -111.547495980225989, 53.11139178235446, 0.0 ], [ -111.547426552269002, 53.111296318913588, 0.0 ], [ -111.547331088828116, 53.111235569451232, 0.0 ], [ -111.54708375173135, 53.111192176978093, 0.0 ], [ -111.546988288290493, 53.111222551709282, 0.0 ], [ -111.546788682914155, 53.111213873214652, 0.0 ], [ -111.546645487752869, 53.111170480741549, 0.0 ], [ -111.546550024311983, 53.111157462999607, 0.0 ], [ -111.546424186139944, 53.111157462999614, 0.0 ], [ -111.546280990978673, 53.111287640418965, 0.0 ], [ -111.546276651731361, 53.111383103859829, 0.0 ], [ -111.546337401193725, 53.111530638268455, 0.0 ], [ -111.546406829150698, 53.1115870484835, 0.0 ], [ -111.546619452268999, 53.111617423214661, 0.0 ], [ -111.546819057645322, 53.111613083967363, 0.0 ] ], [ [ -111.545460873236721, 53.113680735311455, 0.0 ], [ -111.545599729150695, 53.11367205681681, 0.0 ], [ -111.545751602806632, 53.113624325096389, 0.0 ], [ -111.545916494204462, 53.113537540150141, 0.0 ], [ -111.546124778075423, 53.113476790687777, 0.0 ], [ -111.546215902268997, 53.113381327246941, 0.0 ], [ -111.546280990978659, 53.113411701978116, 0.0 ], [ -111.546432864634582, 53.113446415956609, 0.0 ], [ -111.54657172054857, 53.113476790687784, 0.0 ], [ -111.546784343666829, 53.113511504666292, 0.0 ], [ -111.546983949043181, 53.113533200902836, 0.0 ], [ -111.547161858182974, 53.113541879397452, 0.0 ], [ -111.547391838290494, 53.113533200902836, 0.0 ], [ -111.547613139903405, 53.113476790687777, 0.0 ], [ -111.547712942591559, 53.113429058967355, 0.0 ], [ -111.547804066785119, 53.113359631010383, 0.0 ], [ -111.5479082087206, 53.113277185311432, 0.0 ], [ -111.547964618935666, 53.113220775096401, 0.0 ], [ -111.547951601193731, 53.113129650902842, 0.0 ], [ -111.547903869473302, 53.113047205203912, 0.0 ], [ -111.54779538829051, 53.112956081010381, 0.0 ], [ -111.547621818398028, 53.112890992300684, 0.0 ], [ -111.547435230763611, 53.112864956816821, 0.0 ], [ -111.547274678613064, 53.112825903590995, 0.0 ], [ -111.547005645279754, 53.112795528859827, 0.0 ], [ -111.546845093129207, 53.112795528859827, 0.0 ], [ -111.54663247001092, 53.112812885849095, 0.0 ], [ -111.546463239365764, 53.112890992300684, 0.0 ], [ -111.546350418935674, 53.112951741763069, 0.0 ], [ -111.546250616247491, 53.113073240687797, 0.0 ], [ -111.546168170548569, 53.113186061117901, 0.0 ], [ -111.546059689365762, 53.113251149827555, 0.0 ], [ -111.545920833451788, 53.113264167569518, 0.0 ], [ -111.545725567322762, 53.113324917031861, 0.0 ], [ -111.545617086139941, 53.113350952515752, 0.0 ], [ -111.545443516247474, 53.113355291763071, 0.0 ], [ -111.545352392053942, 53.113381327246941, 0.0 ], [ -111.54529598183889, 53.113459433698537, 0.0 ], [ -111.545282964096927, 53.113524522408213, 0.0 ], [ -111.545300321086202, 53.113624325096389, 0.0 ], [ -111.545335035064682, 53.113659039074903, 0.0 ], [ -111.545378427537813, 53.11367205681681, 0.0 ], [ -111.545460873236721, 53.113680735311455, 0.0 ] ] ] } },
{ "type": "Feature", "properties": { "fid": 52, "grazing_regime": "CON", "Block": "KB3", "catg_subpasture": "K6-02", "catg_pasture": "K6" }, "geometry": { "type": "Polygon", "coordinates": [ [ [ -111.548146724125573, 53.110767093177046, 0.0 ], [ -111.548118892594758, 53.110299258397198, 0.0 ], [ -111.548026949144244, 53.110105555912178, 0.0 ], [ -111.547285189149079, 53.109243772440372, 0.0 ], [ -111.54687964398579, 53.107136527964542, 0.0 ], [ -111.549569114146209, 53.107038372119128, 0.0 ], [ -111.549932214933591, 53.109286841764344, 0.0 ], [ -111.549861954822774, 53.109191783967368, 0.0 ], [ -111.549727438156111, 53.109074624289931, 0.0 ], [ -111.549571225252876, 53.108961803859835, 0.0 ], [ -111.54942803009159, 53.108853322677028, 0.0 ], [ -111.549354262887292, 53.108770876978106, 0.0 ], [ -111.549267477941044, 53.10868843127917, 0.0 ], [ -111.549106925790497, 53.108579950096384, 0.0 ], [ -111.549028819338901, 53.108462790418962, 0.0 ], [ -111.548920338156108, 53.108393362461968, 0.0 ], [ -111.548664322564704, 53.108376005472728, 0.0 ], [ -111.548538484392665, 53.108376005472728, 0.0 ], [ -111.548395289231379, 53.108415058698533, 0.0 ], [ -111.548247754822768, 53.108501843644767, 0.0 ], [ -111.548191344607716, 53.108597307085617, 0.0 ], [ -111.548169648371157, 53.108692770526496, 0.0 ], [ -111.548169648371143, 53.108801251709288, 0.0 ], [ -111.548256433317391, 53.108957464612509, 0.0 ], [ -111.548364914500183, 53.109018214074879, 0.0 ], [ -111.548416985467938, 53.109196123214666, 0.0 ], [ -111.548408306973315, 53.109239515687776, 0.0 ], [ -111.548360575252872, 53.109347996870582, 0.0 ], [ -111.548325861274364, 53.10943478181683, 0.0 ], [ -111.548317182779755, 53.109560619988862, 0.0 ], [ -111.548425663962547, 53.109669101171647, 0.0 ], [ -111.548534145145339, 53.109686458160894, 0.0 ], [ -111.548859588693745, 53.109712493644771, 0.0 ], [ -111.548889963424926, 53.109760225365207, 0.0 ], [ -111.548881284930303, 53.109842671064122, 0.0 ], [ -111.548902981166862, 53.110020580203908, 0.0 ], [ -111.54892467740342, 53.110059633429728, 0.0 ], [ -111.549202389231354, 53.110081329666258, 0.0 ], [ -111.549245781704485, 53.110046615687779, 0.0 ], [ -111.549289174177616, 53.110046615687779, 0.0 ], [ -111.54937595912385, 53.110029258698546, 0.0 ], [ -111.549532172027057, 53.110007562461966, 0.0 ], [ -111.549610278478667, 53.109977187730806, 0.0 ], [ -111.549675367188371, 53.10992077751574, 0.0 ], [ -111.549797673632767, 53.109840645707344, 0.0 ], [ -111.549797564628832, 53.109841943273331, 0.0 ], [ -111.549717217649999, 53.110588176193232, 0.0 ], [ -111.548519136514216, 53.110727996502789, 0.0 ], [ -111.548146724125573, 53.110767093177046, 0.0 ] ] ] } },
{ "type": "Feature", "properties": { "fid": 52, "grazing_regime": "CON", "Block": "KB3", "catg_subpasture": "K6-02", "catg_pasture": "K6" }, "geometry": { "type": "Polygon", "coordinates": [ [ [ -111.549935893963038, 53.109309623830107, 0.0 ], [ -111.549927161716823, 53.109353648904737, 0.0 ], [ -111.549934459420598, 53.10930074055242, 0.0 ], [ -111.549935893963038, 53.109309623830107, 0.0 ] ] ] } },
{ "type": "Feature", "properties": { "fid": 52, "grazing_regime": "CON", "Block": "KB3", "catg_subpasture": "K6-02", "catg_pasture": "K6" }, "geometry": { "type": "Polygon", "coordinates": [ [ [ -111.549912038365207, 53.109429895802563, 0.0 ], [ -111.549868303102485, 53.109503450562549, 0.0 ], [ -111.549812640040855, 53.109662487881494, 0.0 ], [ -111.549803836974732, 53.10976727823013, 0.0 ], [ -111.549805544607707, 53.10972117213938, 0.0 ], [ -111.549818562349657, 53.109612690956595, 0.0 ], [ -111.54987931181202, 53.109469495795295, 0.0 ], [ -111.549913126566068, 53.109424409456579, 0.0 ], [ -111.549912038365207, 53.109429895802563, 0.0 ] ] ] } },
{ "type": "Feature", "properties": { "fid": 53, "grazing_regime": "AMP", "Block": "KB2", "catg_subpasture": "K5-09", "catg_pasture": "K5" }, "geometry": { "type": "Polygon", "coordinates": [ [ [ -111.548648020910804, 53.113797133160624, 0.0 ], [ -111.548698175677174, 53.110738755416349, 0.0 ], [ -111.548919927153676, 53.110708211135851, 0.0 ], [ -111.549490733832812, 53.110629587626327, 0.0 ], [ -111.549858, 53.110579, 0.0 ], [ -111.551241978532303, 53.110427803495263, 0.0 ], [ -111.551225, 53.111465, 0.0 ], [ -111.551072, 53.112172, 0.0 ], [ -111.550373, 53.112583, 0.0 ], [ -111.550083659138025, 53.112950306962496, 0.0 ], [ -111.549786, 53.113312, 0.0 ], [ -111.549768040719613, 53.113786153903142, 0.0 ], [ -111.548648020910804, 53.113797133160624, 0.0 ] ], [ [ -111.550341984056686, 53.112289464142179, 0.0 ], [ -111.550472161476009, 53.112259089410983, 0.0 ], [ -111.550537250185712, 53.11223305392712, 0.0 ], [ -111.550602338895374, 53.112176643712047, 0.0 ], [ -111.550628374379258, 53.112133251238951, 0.0 ], [ -111.55063271362657, 53.112076841023878, 0.0 ], [ -111.550584981906141, 53.11202910930345, 0.0 ], [ -111.550506875454531, 53.112007413066884, 0.0 ], [ -111.550411412013659, 53.111998734572282, 0.0 ], [ -111.550307270078164, 53.111998734572275, 0.0 ], [ -111.550198788895372, 53.111998734572275, 0.0 ], [ -111.550098986207217, 53.1120160915615, 0.0 ], [ -111.550020879755579, 53.112055144787341, 0.0 ], [ -111.549955791045903, 53.112107215755074, 0.0 ], [ -111.549877684594307, 53.112237393174425, 0.0 ], [ -111.549882023841619, 53.112306821131398, 0.0 ], [ -111.549934094809359, 53.112358892099159, 0.0 ], [ -111.550090307712566, 53.112363231346471, 0.0 ], [ -111.550194449648075, 53.112324178120659, 0.0 ], [ -111.550220485131945, 53.112324178120652, 0.0 ], [ -111.550242181368503, 53.112315499626021, 0.0 ], [ -111.550341984056686, 53.112289464142179, 0.0 ] ] ] } },
{ "type": "Feature", "properties": { "fid": 54, "grazing_regime": "CON", "Block": "KB3", "catg_subpasture": "K6-03", "catg_pasture": "K6" }, "geometry": { "type": "Polygon", "coordinates": [ [ [ -111.545566343625964, 53.111109023412716, 0.0 ], [ -111.545523933674261, 53.110631911455933, 0.0 ], [ -111.545391402575135, 53.110451669161158, 0.0 ], [ -111.545046821717477, 53.109990460936253, 0.0 ], [ -111.544808265739064, 53.109576963907031, 0.0 ], [ -111.544935495594189, 53.109400697545247, 0.0 ], [ -111.544935495594245, 53.109280094245044, 0.0 ], [ -111.544744650811552, 53.107203994577532, 0.0 ], [ -111.546875668052834, 53.107136527964542, 0.0 ], [ -111.547273344182614, 53.109243648192802, 0.0 ], [ -111.547675824563555, 53.109691064899707, 0.0 ], [ -111.548028688614963, 53.110139351342454, 0.0 ], [ -111.548096840269324, 53.110271111207531, 0.0 ], [ -111.548025368398029, 53.110148587999596, 0.0 ], [ -111.547921226462549, 53.110040106816832, 0.0 ], [ -111.547825763021663, 53.109940304128642, 0.0 ], [ -111.547725960333494, 53.109831822945836, 0.0 ], [ -111.547604461408767, 53.109758055741558, 0.0 ], [ -111.547452587752872, 53.109675610042622, 0.0 ], [ -111.547344106570065, 53.109610521332947, 0.0 ], [ -111.547213929150715, 53.109571468107127, 0.0 ], [ -111.546992627537804, 53.109545432623278, 0.0 ], [ -111.546762647430285, 53.109541093375952, 0.0 ], [ -111.546584738290491, 53.109541093375938, 0.0 ], [ -111.546437203881894, 53.109580146601772, 0.0 ], [ -111.546280990978659, 53.109645235311433, 0.0 ], [ -111.546172509795881, 53.109710324021094, 0.0 ], [ -111.546037993129204, 53.109801448214661, 0.0 ], [ -111.545964225924905, 53.109862197677025, 0.0 ], [ -111.54587310173136, 53.110001053591013, 0.0 ], [ -111.545855744742113, 53.110074820795305, 0.0 ], [ -111.545916494204462, 53.110239712193156, 0.0 ], [ -111.545929511946397, 53.110300461655527, 0.0 ], [ -111.545998939903384, 53.110487049289944, 0.0 ], [ -111.546046671623827, 53.110556477246924, 0.0 ], [ -111.546202884527062, 53.110638922945846, 0.0 ], [ -111.546354758182972, 53.110695333160898, 0.0 ], [ -111.546589077537803, 53.110751743375957, 0.0 ], [ -111.546641148505557, 53.11076042187058, 0.0 ], [ -111.546988288290493, 53.11076042187058, 0.0 ], [ -111.547062055494806, 53.110756082623261, 0.0 ], [ -111.547287696355014, 53.110704011655542, 0.0 ], [ -111.547409195279741, 53.110695333160898, 0.0 ], [ -111.547621818398028, 53.110625905203918, 0.0 ], [ -111.547721621086197, 53.110569494988852, 0.0 ], [ -111.547847459258236, 53.110539120257677, 0.0 ], [ -111.547977636677601, 53.110474031547994, 0.0 ], [ -111.548090457107705, 53.110378568107144, 0.0 ], [ -111.54811558948785, 53.110307359696712, 0.0 ], [ -111.548118147106862, 53.11031230442677, 0.0 ], [ -111.548142748192603, 53.110761791933065, 0.0 ], [ -111.546292614049207, 53.111024866164797, 0.0 ], [ -111.545566343625964, 53.111109023412716, 0.0 ] ] ] } },
{ "type": "Feature", "properties": { "fid": 55, "grazing_regime": "CON", "Block": "KB3", "catg_subpasture": "K6-04", "catg_pasture": "K6" }, "geometry": { "type": "Polygon", "coordinates": [ [ [ -111.543648695078048, 53.110395382690498, 0.0 ], [ -111.543765854755478, 53.110360668712019, 0.0 ], [ -111.543874335938256, 53.110317276238895, 0.0 ], [ -111.544039227336128, 53.110230491292668, 0.0 ], [ -111.544082619809231, 53.11018275957224, 0.0 ], [ -111.544078280561934, 53.110104653120608, 0.0 ], [ -111.544017531099556, 53.110048242905563, 0.0 ], [ -111.54395244238988, 53.110013528927077, 0.0 ], [ -111.543826604217827, 53.109987493443207, 0.0 ], [ -111.543696426798491, 53.109970136453938, 0.0 ], [ -111.543596624110293, 53.109970136453953, 0.0 ], [ -111.543483803680203, 53.10994844021738, 0.0 ], [ -111.543414375723216, 53.109874673013081, 0.0 ], [ -111.543362304755476, 53.109831280539957, 0.0 ], [ -111.543288537551149, 53.109783548819529, 0.0 ], [ -111.54316269937911, 53.109731477851803, 0.0 ], [ -111.543080253680202, 53.109705442367925, 0.0 ], [ -111.542948484604082, 53.109701881041538, 0.0 ], [ -111.542955398141231, 53.107204118825102, 0.0 ], [ -111.544760554543458, 53.107219898309424, 0.0 ], [ -111.544908989374377, 53.10929069673297, 0.0 ], [ -111.544877181910579, 53.109379492569389, 0.0 ], [ -111.544930194350243, 53.109412625344142, 0.0 ], [ -111.544793273157921, 53.109607570307269, 0.0 ], [ -111.545029841169836, 53.109997211738651, 0.0 ], [ -111.545481523722685, 53.110539802342075, 0.0 ], [ -111.545555741138031, 53.111119625900642, 0.0 ], [ -111.544066091584199, 53.111308482716886, 0.0 ], [ -111.543308759184242, 53.111415874322823, 0.0 ], [ -111.543216318742623, 53.110831660671579, 0.0 ], [ -111.54328887951938, 53.110664919982511, 0.0 ], [ -111.543410145475065, 53.110602547533979, 0.0 ], [ -111.543439467980747, 53.110599565584252, 0.0 ], [ -111.543475996865226, 53.110594719916271, 0.0 ], [ -111.54354632117942, 53.110584158843984, 0.0 ], [ -111.543637022150648, 53.11054203880439, 0.0 ], [ -111.543657647302666, 53.110467365812895, 0.0 ], [ -111.54365292588254, 53.110417790898971, 0.0 ], [ -111.543645449999019, 53.110395382690498, 0.0 ], [ -111.543648695078048, 53.110395382690498, 0.0 ] ], [ [ -111.544134690776986, 53.109379998819549, 0.0 ], [ -111.544247511207089, 53.109314910109845, 0.0 ], [ -111.544290903680206, 53.109275856884054, 0.0 ], [ -111.54432995690604, 53.109167375701247, 0.0 ], [ -111.544295242927504, 53.109058894518469, 0.0 ], [ -111.544243171959792, 53.10901984129265, 0.0 ], [ -111.544134690777, 53.108998145056098, 0.0 ], [ -111.543956781637192, 53.108989466561461, 0.0 ], [ -111.543813586475906, 53.108989466561461, 0.0 ], [ -111.543718123035049, 53.108998145056091, 0.0 ], [ -111.543687748303853, 53.10901984129265, 0.0 ], [ -111.543653034325345, 53.109128322475435, 0.0 ], [ -111.543644355830722, 53.109232464410923, 0.0 ], [ -111.543683409056555, 53.10930189236791, 0.0 ], [ -111.543744158518919, 53.109353963335664, 0.0 ], [ -111.543922067658684, 53.109397355808788, 0.0 ], [ -111.543982817121062, 53.109414712798028, 0.0 ], [ -111.544069602067296, 53.109393016561462, 0.0 ], [ -111.544134690776986, 53.109379998819549, 0.0 ] ] ] } },
{ "type": "Feature", "properties": { "fid": 56, "grazing_regime": "CON", "Block": "KB3", "catg_subpasture": "K6-05", "catg_pasture": "K6" }, "geometry": { "type": "Polygon", "coordinates": [ [ [ -111.543180598774342, 53.111424326709276, 0.0 ], [ -111.543002689634548, 53.111411308967348, 0.0 ], [ -111.542908311005505, 53.111411308967341, 0.0 ], [ -111.542943024984012, 53.111404800096373, 0.0 ], [ -111.543021131435609, 53.111331032892075, 0.0 ], [ -111.543103577134545, 53.111196516225405, 0.0 ], [ -111.543112255629168, 53.111066338806054, 0.0 ], [ -111.543120934123806, 53.110923143644783, 0.0 ], [ -111.543047166919493, 53.110849376440477, 0.0 ], [ -111.542834543801206, 53.110832019451237, 0.0 ], [ -111.54275643734961, 53.110840697945847, 0.0 ], [ -111.542617581435621, 53.110858054935086, 0.0 ], [ -111.542439672295842, 53.110862394182419, 0.0 ], [ -111.542300816381868, 53.110884090418971, 0.0 ], [ -111.542153281973242, 53.11090144740821, 0.0 ], [ -111.542075175521646, 53.110923143644783, 0.0 ], [ -111.541988390575398, 53.110988232354458, 0.0 ], [ -111.54195801584423, 53.111044642569517, 0.0 ], [ -111.541975372833477, 53.111140106010353, 0.0 ], [ -111.54201008681197, 53.111218212461978, 0.0 ], [ -111.542075175521646, 53.111309336655516, 0.0 ], [ -111.542144603478633, 53.111417817838323, 0.0 ], [ -111.542166299715191, 53.111443853322193, 0.0 ], [ -111.542274780897998, 53.111469888806063, 0.0 ], [ -111.542444011543154, 53.111478567300686, 0.0 ], [ -111.542687009392608, 53.111417817838323, 0.0 ], [ -111.542857596052571, 53.111417817838323, 0.0 ], [ -111.542755352537782, 53.11144602294587, 0.0 ], [ -111.542633853613054, 53.111472058429733, 0.0 ], [ -111.542425569742079, 53.111493754666284, 0.0 ], [ -111.542273696086156, 53.111506772408227, 0.0 ], [ -111.542152197161442, 53.111515450902836, 0.0 ], [ -111.541969948774337, 53.111537147139401, 0.0 ], [ -111.541766004150688, 53.111571861117895, 0.0 ], [ -111.541622808989388, 53.111615253590998, 0.0 ], [ -111.541482829887428, 53.111644072817874, 0.0 ], [ -111.541182214867632, 53.11167956979439, 0.0 ], [ -111.541139804915915, 53.110534501098108, 0.0 ], [ -111.541209466574387, 53.109950991518005, 0.0 ], [ -111.541328744563572, 53.109523578723369, 0.0 ], [ -111.541351606178182, 53.107207473518571, 0.0 ], [ -111.542953907166392, 53.107203994577219, 0.0 ], [ -111.542951422208247, 53.109427535092493, 0.0 ], [ -111.542945282953113, 53.109701794510443, 0.0 ], [ -111.542919701529655, 53.109701103120614, 0.0 ], [ -111.542837255830719, 53.109701103120614, 0.0 ], [ -111.542785184863007, 53.109701103120621, 0.0 ], [ -111.542655007443614, 53.10968374613136, 0.0 ], [ -111.542555204755459, 53.109649032152852, 0.0 ], [ -111.542468419809225, 53.109627335916308, 0.0 ], [ -111.542407670346861, 53.109627335916301, 0.0 ], [ -111.542338242389846, 53.109627335916308, 0.0 ], [ -111.542281832174808, 53.109675067636744, 0.0 ], [ -111.542277492927482, 53.109766191830275, 0.0 ], [ -111.542299189164041, 53.109844298281899, 0.0 ], [ -111.54233824238986, 53.109883351507712, 0.0 ], [ -111.542381634862977, 53.109896369249633, 0.0 ], [ -111.542468419809225, 53.109900708496951, 0.0 ], [ -111.542546526260821, 53.109900708496951, 0.0 ], [ -111.542694060669419, 53.109835619787283, 0.0 ], [ -111.542711417658694, 53.109822602045334, 0.0 ], [ -111.542728774647941, 53.109800905808775, 0.0 ], [ -111.542806881099551, 53.109757513335673, 0.0 ], [ -111.542841595078031, 53.109757513335673, 0.0 ], [ -111.542928380024279, 53.109757513335673, 0.0 ], [ -111.542984790239331, 53.10975751333568, 0.0 ], [ -111.543036861207085, 53.109757513335666, 0.0 ], [ -111.543097610669435, 53.109761852582984, 0.0 ], [ -111.543145342389863, 53.109770531077608, 0.0 ], [ -111.543223448841474, 53.109809584303406, 0.0 ], [ -111.543340608518903, 53.109870333765784, 0.0 ], [ -111.543370983250099, 53.109909386991589, 0.0 ], [ -111.543405697228593, 53.109974475701257, 0.0 ], [ -111.543444750454384, 53.110035225163628, 0.0 ], [ -111.543457768196333, 53.110095974625992, 0.0 ], [ -111.543492482174827, 53.110156724088355, 0.0 ], [ -111.543514178411399, 53.11021747355074, 0.0 ], [ -111.543531535400632, 53.11027822301309, 0.0 ], [ -111.543583606368372, 53.110347650970077, 0.0 ], [ -111.543628860892923, 53.110392905494642, 0.0 ], [ -111.543632797721543, 53.110400396191899, 0.0 ], [ -111.543644228528834, 53.110398905217004, 0.0 ], [ -111.543653671369697, 53.110462395896676, 0.0 ], [ -111.543636276662923, 53.110532968706949, 0.0 ], [ -111.543548806137522, 53.110582667869124, 0.0 ], [ -111.543473263411016, 53.110594098676408, 0.0 ], [ -111.543410642466696, 53.110601553550751, 0.0 ], [ -111.543290867485879, 53.110660198562108, 0.0 ], [ -111.543212591305831, 53.110833358726609, 0.0 ], [ -111.543304783251273, 53.111416868306073, 0.0 ], [ -111.543228246541545, 53.111427802121753, 0.0 ], [ -111.543180598774342, 53.111424326709276, 0.0 ] ] ] } },
{ "type": "Feature", "properties": { "fid": 57, "grazing_regime": "CON", "Block": "KB3", "catg_subpasture": "K6-08", "catg_pasture": "K6" }, "geometry": { "type": "Polygon", "coordinates": [ [ [ -111.54666891953822, 53.107136527964542, 0.0 ], [ -111.544891677499194, 53.107188215093203, 0.0 ], [ -111.544813566983166, 53.10332745992865, 0.0 ], [ -111.546605387443122, 53.103364568636415, 0.0 ], [ -111.54666891953822, 53.107136527964542, 0.0 ] ] ] } },
{ "type": "Feature", "properties": { "fid": 58, "grazing_regime": "AMP", "Block": "KB1", "catg_subpasture": "K1-10", "catg_pasture": "K1" }, "geometry": { "type": "Polygon", "coordinates": [ [ [ -111.56266, 53.12889, 0.0 ], [ -111.561992114076617, 53.128877002997584, 0.0 ], [ -111.562016, 53.127968, 0.0 ], [ -111.561751, 53.127702, 0.0 ], [ -111.561769, 53.126756, 0.0 ], [ -111.560236, 53.126214, 0.0 ], [ -111.560235926923681, 53.125014835939758, 0.0 ], [ -111.560241927273111, 53.125014751029134, 0.0 ], [ -111.562223, 53.125019, 0.0 ], [ -111.563204, 53.125386, 0.0 ], [ -111.563202159480284, 53.127011670888535, 0.0 ], [ -111.56324, 53.128305, 0.0 ], [ -111.563508, 53.128785, 0.0 ], [ -111.563688, 53.128897, 0.0 ], [ -111.56266, 53.12889, 0.0 ] ], [ [ -111.561619687819984, 53.126309843409608, 0.0 ], [ -111.561619687819984, 53.126049488570892, 0.0 ], [ -111.561531818061923, 53.125847713570892, 0.0 ], [ -111.56122590112642, 53.125815169216054, 0.0 ], [ -111.56097530959417, 53.125922565587025, 0.0 ], [ -111.560933001932895, 53.126033216393466, 0.0 ], [ -111.56106317935226, 53.12615688494185, 0.0 ], [ -111.561212883384499, 53.126225228087023, 0.0 ], [ -111.561440693868363, 53.126306588974103, 0.0 ], [ -111.561619687819984, 53.126309843409608, 0.0 ] ] ] } },
{ "type": "Feature", "properties": { "fid": 59, "grazing_regime": "CON", "Block": "KB1", "catg_subpasture": "K2-10", "catg_pasture": "K2" }, "geometry": { "type": "Polygon", "coordinates": [ [ [ -111.552823663780885, 53.128866989629927, 0.0 ], [ -111.552453902014349, 53.128849097931564, 0.0 ], [ -111.552183538572194, 53.128849097931557, 0.0 ], [ -111.551945231089519, 53.128858416524324, 0.0 ], [ -111.551943792942794, 53.128860304803339, 0.0 ], [ -111.550538076009346, 53.128853450990889, 0.0 ], [ -111.549777105140052, 53.12883816411582, 0.0 ], [ -111.549817858453125, 53.128445540734759, 0.0 ], [ -111.549775531333779, 53.128226077517887, 0.0 ], [ -111.549934568652731, 53.128127120963896, 0.0 ], [ -111.550174891712444, 53.128095313500111, 0.0 ], [ -111.550397543958951, 53.128035232735165, 0.0 ], [ -111.550584854579014, 53.12797161780761, 0.0 ], [ -111.550601117248831, 53.127236857110795, 0.0 ], [ -111.550835697294218, 53.127213001512956, 0.0 ], [ -111.550980818847762, 53.127103663356181, 0.0 ], [ -111.550982806814261, 53.126688178360496, 0.0 ], [ -111.551010638345062, 53.126267226456946, 0.0 ], [ -111.551012626311532, 53.126209575428831, 0.0 ], [ -111.551054898210495, 53.126120600123386, 0.0 ], [ -111.551228072179995, 53.126042848545239, 0.0 ], [ -111.551298755432853, 53.125950960316537, 0.0 ], [ -111.55125484436104, 53.125916964648063, 0.0 ], [ -111.551253768397999, 53.125915243107187, 0.0 ], [ -111.551252119598303, 53.125914855154313, 0.0 ], [ -111.551189196390922, 53.125866140413109, 0.0 ], [ -111.551261122122511, 53.125840807645702, 0.0 ], [ -111.551206032748837, 53.125049335121297, 0.0 ], [ -111.552878967904221, 53.125038687053888, 0.0 ], [ -111.552878967904221, 53.128673825772118, 0.0 ], [ -111.552823663780885, 53.128866989629927, 0.0 ] ], [ [ -111.551587890441013, 53.126670272139435, 0.0 ], [ -111.551722407107675, 53.126709325365255, 0.0 ], [ -111.551843906032417, 53.12672234310719, 0.0 ], [ -111.55189163775286, 53.126731021601813, 0.0 ], [ -111.552000118935652, 53.126696307623327, 0.0 ], [ -111.55199577968834, 53.126605183429767, 0.0 ], [ -111.551930690978665, 53.126527076978149, 0.0 ], [ -111.551787495817351, 53.126461988268488, 0.0 ], [ -111.551626943666832, 53.126405578053422, 0.0 ], [ -111.551492427000156, 53.12640123880611, 0.0 ], [ -111.551405642053922, 53.126435952784597, 0.0 ], [ -111.551414320548545, 53.126535755472766, 0.0 ], [ -111.55149242700017, 53.12661386192439, 0.0 ], [ -111.551522801731352, 53.126631218913637, 0.0 ], [ -111.551587890441013, 53.126670272139435, 0.0 ] ], [ [ -111.552007712618405, 53.128675818006371, 0.0 ], [ -111.55216717995711, 53.128672563570895, 0.0 ], [ -111.552310375118424, 53.128604220425736, 0.0 ], [ -111.552287594070023, 53.128454516393475, 0.0 ], [ -111.552189961005496, 53.128321084538634, 0.0 ], [ -111.552089073505499, 53.128207179296702, 0.0 ], [ -111.55194262390873, 53.128093274054777, 0.0 ], [ -111.551851499715184, 53.128031439780571, 0.0 ], [ -111.551718067860335, 53.128063984135409, 0.0 ], [ -111.551724576731303, 53.128233214780572, 0.0 ], [ -111.551773393263574, 53.128399190990258, 0.0 ], [ -111.551828718666798, 53.128568421635414, 0.0 ], [ -111.551884044070022, 53.12864327365152, 0.0 ], [ -111.552007712618405, 53.128675818006371, 0.0 ] ] ] } },
{ "type": "Feature", "properties": { "fid": 60, "grazing_regime": "AMP", "Block": "KB1", "catg_subpasture": "K1-02", "catg_pasture": "K1" }, "geometry": { "type": "Polygon", "coordinates": [ [ [ -111.559948031346423, 53.132183929920075, 0.0 ], [ -111.559807, 53.131094, 0.0 ], [ -111.559821, 53.130292, 0.0 ], [ -111.560236, 53.129949, 0.0 ], [ -111.560279707581728, 53.128925032486023, 0.0 ], [ -111.562657, 53.128951, 0.0 ], [ -111.562625, 53.131415, 0.0 ], [ -111.561944, 53.131655, 0.0 ], [ -111.561740025203108, 53.132180611971506, 0.0 ], [ -111.559948031346423, 53.132183929920075, 0.0 ] ], [ [ -111.5604207334476, 53.130859340813799, 0.0 ], [ -111.560446362127024, 53.130708009563804, 0.0 ], [ -111.560456125433504, 53.130572543686775, 0.0 ], [ -111.560397545594768, 53.130483453515417, 0.0 ], [ -111.560263300131055, 53.130473690208966, 0.0 ], [ -111.560127834254061, 53.130491996408566, 0.0 ], [ -111.560071695241945, 53.130573764100085, 0.0 ], [ -111.560019217469772, 53.130692144190824, 0.0 ], [ -111.560007013336715, 53.130780013948879, 0.0 ], [ -111.560041184909281, 53.130876426600075, 0.0 ], [ -111.560159565000021, 53.130904496106147, 0.0 ], [ -111.560291369637099, 53.130904496106147, 0.0 ], [ -111.560371916915344, 53.130897173626295, 0.0 ], [ -111.5604207334476, 53.130859340813799, 0.0 ] ] ] } },
{ "type": "Feature", "properties": { "fid": 61, "grazing_regime": "AMP", "Block": "KB1", "catg_subpasture": "K1-03", "catg_pasture": "K1" }, "geometry": { "type": "Polygon", "coordinates": [ [ [ -111.559948031346423, 53.132183929920075, 0.0 ], [ -111.559825, 53.130989, 0.0 ], [ -111.559821, 53.130292, 0.0 ], [ -111.560236, 53.129949, 0.0 ], [ -111.560279707581728, 53.128925032486023, 0.0 ], [ -111.560215533201969, 53.128924331458578, 0.0 ], [ -111.558397150406861, 53.128904439246668, 0.0 ], [ -111.558386, 53.129332, 0.0 ], [ -111.558156, 53.129766, 0.0 ], [ -111.557245, 53.130129, 0.0 ], [ -111.557287029359628, 53.132188856872062, 0.0 ], [ -111.559948031346423, 53.132183929920075, 0.0 ] ] ] } },
{ "type": "Feature", "properties": { "fid": 62, "grazing_regime": "CON", "Block": "KB1", "catg_subpasture": "K2-08", "catg_pasture": "K2" }, "geometry": { "type": "Polygon", "coordinates": [ [ [ -111.548522698287002, 53.126553990622689, 0.0 ], [ -111.548422015409486, 53.126528127131209, 0.0 ], [ -111.548397730057943, 53.12651812728059, 0.0 ], [ -111.548385772861309, 53.126518817118829, 0.0 ], [ -111.548306009939949, 53.126498327561073, 0.0 ], [ -111.548210158426741, 53.12653220611314, 0.0 ], [ -111.548117848606324, 53.126553926070891, 0.0 ], [ -111.548102466386979, 53.126570269678908, 0.0 ], [ -111.548075405827504, 53.126579834187005, 0.0 ], [ -111.548061622271589, 53.126613666551513, 0.0 ], [ -111.548013706670815, 53.126664576877332, 0.0 ], [ -111.548019062201021, 53.126718132179292, 0.0 ], [ -111.54800980293345, 53.126740859472434, 0.0 ], [ -111.548024255566631, 53.126770065835309, 0.0 ], [ -111.548026724412765, 53.126794754296704, 0.0 ], [ -111.548078795380505, 53.126882624054758, 0.0 ], [ -111.54809181312244, 53.126921677280578, 0.0 ], [ -111.548100138024267, 53.126923411635119, 0.0 ], [ -111.54810522532479, 53.12693369222162, 0.0 ], [ -111.548178780084811, 53.126947607987034, 0.0 ], [ -111.548300046040481, 53.126947607987034, 0.0 ], [ -111.548572397449178, 53.12689393289191, 0.0 ], [ -111.548918646074952, 53.12698770856138, 0.0 ], [ -111.548964001832104, 53.127016055909593, 0.0 ], [ -111.548974855995709, 53.127030857041767, 0.0 ], [ -111.54903161770757, 53.127122549037871, 0.0 ], [ -111.549042452958588, 53.127175370886583, 0.0 ], [ -111.549045362719212, 53.127201558732182, 0.0 ], [ -111.54903074014058, 53.127240552275204, 0.0 ], [ -111.549013726009193, 53.127281586356801, 0.0 ], [ -111.549007614491799, 53.127298482904834, 0.0 ], [ -111.548983528445021, 53.127357771635403, 0.0 ], [ -111.548941220783732, 53.127393570425731, 0.0 ], [ -111.548883944600618, 53.12743748216613, 0.0 ], [ -111.548857753472504, 53.127454525635933, 0.0 ], [ -111.548807069802336, 53.127485276865031, 0.0 ], [ -111.548716664735338, 53.127527002280551, 0.0 ], [ -111.548651576025676, 53.12755629219992, 0.0 ], [ -111.548599163401221, 53.1275592040124, 0.0 ], [ -111.548363191587654, 53.127521674726147, 0.0 ], [ -111.548308125293303, 53.127527422023647, 0.0 ], [ -111.548202463928902, 53.127520493409605, 0.0 ], [ -111.548118480786385, 53.127547215318593, 0.0 ], [ -111.548024574629466, 53.127557016352583, 0.0 ], [ -111.547821110170133, 53.127660668058269, 0.0 ], [ -111.547789150622435, 53.127673451877349, 0.0 ], [ -111.547719984437194, 53.127712184941082, 0.0 ], [ -111.547649953389325, 53.127747861135298, 0.0 ], [ -111.547373626047687, 53.127854769555242, 0.0 ], [ -111.547350361699614, 53.127916393755733, 0.0 ], [ -111.54733027521921, 53.127927297845076, 0.0 ], [ -111.547291221993419, 53.12799564099025, 0.0 ], [ -111.547310513203257, 53.128021947185495, 0.0 ], [ -111.54730407483072, 53.128039001588199, 0.0 ], [ -111.54731202669663, 53.128577740506067, 0.0 ], [ -111.547278203656333, 53.128806784617133, 0.0 ], [ -111.546456952612203, 53.12880965612429, 0.0 ], [ -111.546475948736443, 53.128529794620015, 0.0 ], [ -111.546285103953736, 53.128342483999951, 0.0 ], [ -111.546221489026166, 53.128130434241363, 0.0 ], [ -111.545945824340009, 53.127999670223588, 0.0 ], [ -111.545938756014706, 53.126186644787822, 0.0 ], [ -111.546136669122703, 53.125967526703974, 0.0 ], [ -111.54653956366397, 53.125755476945393, 0.0 ], [ -111.54670920347084, 53.125027439441006, 0.0 ], [ -111.548538609469844, 53.125027439441055, 0.0 ], [ -111.548522698287002, 53.126553990622689, 0.0 ] ] ] } },
{ "type": "Feature", "properties": { "fid": 63, "grazing_regime": "CON", "Block": "KB1", "catg_subpasture": "K2-09", "catg_pasture": "K2" }, "geometry": { "type": "Polygon", "coordinates": [ [ [ -111.551243230424092, 53.125823909930546, 0.0 ], [ -111.551241177566169, 53.125912280558516, 0.0 ], [ -111.551106233989415, 53.125880529128686, 0.0 ], [ -111.550958699580818, 53.125854493644816, 0.0 ], [ -111.5508458791507, 53.125871850634063, 0.0 ], [ -111.550711362484023, 53.125910903859882, 0.0 ], [ -111.550589863559296, 53.125910903859875, 0.0 ], [ -111.550320830225971, 53.125910903859882, 0.0 ], [ -111.550199331301243, 53.125910903859875, 0.0 ], [ -111.550086510871125, 53.125928260849108, 0.0 ], [ -111.54999538667758, 53.125949957085673, 0.0 ], [ -111.549899923236723, 53.125949957085673, 0.0 ], [ -111.549761067322748, 53.125923921601803, 0.0 ], [ -111.549613532914151, 53.125897886117926, 0.0 ], [ -111.549470337752851, 53.125850154397511, 0.0 ], [ -111.549309785602318, 53.125798083429785, 0.0 ], [ -111.549149233451772, 53.12577638719322, 0.0 ], [ -111.548988681301225, 53.125754690956661, 0.0 ], [ -111.548880200118447, 53.125754690956661, 0.0 ], [ -111.548815111408771, 53.125832797408265, 0.0 ], [ -111.548780397430264, 53.125932600096434, 0.0 ], [ -111.548767379688357, 53.125989010311493, 0.0 ], [ -111.548841146892627, 53.126101830741597, 0.0 ], [ -111.548893217860368, 53.126145223214706, 0.0 ], [ -111.54905810925824, 53.126184276440519, 0.0 ], [ -111.549231679150708, 53.126192954935135, 0.0 ], [ -111.549357517322747, 53.126197294182454, 0.0 ], [ -111.549548444204461, 53.126197294182447, 0.0 ], [ -111.549722014096929, 53.126162580203953, 0.0 ], [ -111.549860870010917, 53.12615390170933, 0.0 ], [ -111.549986708182942, 53.126197294182447, 0.0 ], [ -111.550121224849633, 53.126275400634057, 0.0 ], [ -111.550264420010905, 53.126301436117949, 0.0 ], [ -111.550368561946399, 53.126305775365246, 0.0 ], [ -111.550429311408763, 53.126301436117949, 0.0 ], [ -111.550572506570049, 53.126284079128709, 0.0 ], [ -111.550663630763594, 53.126266722139448, 0.0 ], [ -111.550815504419504, 53.126227668913636, 0.0 ], [ -111.550915307107687, 53.126175597945895, 0.0 ], [ -111.551045484527037, 53.126110509236213, 0.0 ], [ -111.551171322699091, 53.126045420526545, 0.0 ], [ -111.551245089903389, 53.125989010311493, 0.0 ], [ -111.551275464634557, 53.125949957085673, 0.0 ], [ -111.551259587690041, 53.12592455397445, 0.0 ], [ -111.551295221270209, 53.125948309694571, 0.0 ], [ -111.551196264716225, 53.126040197923281, 0.0 ], [ -111.550998710546125, 53.126209575428838, 0.0 ], [ -111.550978471943353, 53.126286484882442, 0.0 ], [ -111.550957266967515, 53.126927935402122, 0.0 ], [ -111.550974854948279, 53.127112112213766, 0.0 ], [ -111.550748226768775, 53.127211013546486, 0.0 ], [ -111.550605093181758, 53.127230893211326, 0.0 ], [ -111.550580878646059, 53.127967641874605, 0.0 ], [ -111.550321117691794, 53.128020654314234, 0.0 ], [ -111.550024248029814, 53.128073666753878, 0.0 ], [ -111.549775089563482, 53.128169089145231, 0.0 ], [ -111.549790026922309, 53.128835182166135, 0.0 ], [ -111.547328924411872, 53.128799398769388, 0.0 ], [ -111.547329918395036, 53.128090688716838, 0.0 ], [ -111.547327020783726, 53.128044457522499, 0.0 ], [ -111.54740838167082, 53.128093274054777, 0.0 ], [ -111.547551576832106, 53.128090019619279, 0.0 ], [ -111.547727316348244, 53.128083510748318, 0.0 ], [ -111.547925836912754, 53.128073747441846, 0.0 ], [ -111.548134120783729, 53.128073747441867, 0.0 ], [ -111.548241517154693, 53.128057475264448, 0.0 ], [ -111.54843352884825, 53.128015167603159, 0.0 ], [ -111.548570215138568, 53.127953333328954, 0.0 ], [ -111.548654830461146, 53.127836173651517, 0.0 ], [ -111.548775244574045, 53.12767996074831, 0.0 ], [ -111.548846842154703, 53.127582327683797, 0.0 ], [ -111.548996546186942, 53.127513984538631, 0.0 ], [ -111.549146250219209, 53.127432623651544, 0.0 ], [ -111.549256901025672, 53.127400079296699, 0.0 ], [ -111.549396841751474, 53.127357771635403, 0.0 ], [ -111.549481457074037, 53.12733173615154, 0.0 ], [ -111.549624652235352, 53.127253629699922, 0.0 ], [ -111.54969624981598, 53.127178777683788, 0.0 ], [ -111.549790628445024, 53.127084399054773, 0.0 ], [ -111.54986873489662, 53.126999783732181, 0.0 ], [ -111.549917551428877, 53.126947712764455, 0.0 ], [ -111.54994684134823, 53.126840316393491, 0.0 ], [ -111.549904533686956, 53.126798008732173, 0.0 ], [ -111.549780865138572, 53.126762209941873, 0.0 ], [ -111.549618143364398, 53.126771973248296, 0.0 ], [ -111.549361042961138, 53.126824044216058, 0.0 ], [ -111.549198321186964, 53.126866351877339, 0.0 ], [ -111.549090924815985, 53.126928186151545, 0.0 ], [ -111.549019327235328, 53.126902150667675, 0.0 ], [ -111.548898913122443, 53.126866351877339, 0.0 ], [ -111.548762226832125, 53.126817535345097, 0.0 ], [ -111.548703646993417, 53.126749192199931, 0.0 ], [ -111.54863204941276, 53.126645050264429, 0.0 ], [ -111.548508380864362, 53.126563689377342, 0.0 ], [ -111.548516734387547, 53.126555978589167, 0.0 ], [ -111.548542550341807, 53.126520402272369, 0.0 ], [ -111.548557584557329, 53.125042123045361, 0.0 ], [ -111.551194683458704, 53.12500496875812, 0.0 ], [ -111.551243230424092, 53.125823909930546, 0.0 ] ] ] } }
]
}
