name,date,m,y,value
Athabasca County,2012-01,1,2012,18.83
Athabasca County,2012-02,2,2012,9.59
Athabasca County,2012-03,3,2012,15.03
Athabasca County,2012-04,4,2012,41.67
Athabasca County,2012-05,5,2012,46.44
Athabasca County,2012-06,6,2012,37.02
Athabasca County,2012-07,7,2012,117.02
Athabasca County,2012-08,8,2012,55.94
Athabasca County,2012-09,9,2012,25.01
Athabasca County,2012-10,10,2012,30.46
Athabasca County,2012-11,11,2012,24.14
Athabasca County,2012-12,12,2012,12.81
Athabasca County,2013-01,1,2013,28.45
Athabasca County,2013-02,2,2013,15.96
Athabasca County,2013-03,3,2013,18.49
Athabasca County,2013-04,4,2013,28.16
Athabasca County,2013-05,5,2013,19.64
Athabasca County,2013-06,6,2013,81.52
Athabasca County,2013-07,7,2013,102.47
Athabasca County,2013-08,8,2013,44.24
Athabasca County,2013-09,9,2013,10
Athabasca County,2013-10,10,2013,29.18
Athabasca County,2013-11,11,2013,19.61
Athabasca County,2013-12,12,2013,39.2
Athabasca County,2014-01,1,2014,12.03
Athabasca County,2014-02,2,2014,10.26
Athabasca County,2014-03,3,2014,2.31
Athabasca County,2014-04,4,2014,44.78
Athabasca County,2014-05,5,2014,41.81
Athabasca County,2014-06,6,2014,87.89
Athabasca County,2014-07,7,2014,67.49
Athabasca County,2014-08,8,2014,25.16
Athabasca County,2014-09,9,2014,35.76
Athabasca County,2014-10,10,2014,12.78
Athabasca County,2014-11,11,2014,39.67
Athabasca County,2014-12,12,2014,6.29
Athabasca County,2015-01,1,2015,19.59
Athabasca County,2015-02,2,2015,20.84
Athabasca County,2015-03,3,2015,19.22
Athabasca County,2015-04,4,2015,23.78
Athabasca County,2015-05,5,2015,20.61
Athabasca County,2015-06,6,2015,29.65
Athabasca County,2015-07,7,2015,67.72
Athabasca County,2015-08,8,2015,40.57
Athabasca County,2015-09,9,2015,34.87
Athabasca County,2015-10,10,2015,19.13
Athabasca County,2015-11,11,2015,12.89
Athabasca County,2015-12,12,2015,8.84
Athabasca County,2016-01,1,2016,20.81
Athabasca County,2016-02,2,2016,14.7
Athabasca County,2016-03,3,2016,24.74
Athabasca County,2016-04,4,2016,25.74
Athabasca County,2016-05,5,2016,73.78
Athabasca County,2016-06,6,2016,104.82
Athabasca County,2016-07,7,2016,71.4
Athabasca County,2016-08,8,2016,75.69
Athabasca County,2016-09,9,2016,29.4
Athabasca County,2016-10,10,2016,61.46
Athabasca County,2016-11,11,2016,5.09
Athabasca County,2016-12,12,2016,8.92
Athabasca County,2017-01,1,2017,5.38
Athabasca County,2017-02,2,2017,6.89
Athabasca County,2017-03,3,2017,13.21
Athabasca County,2017-04,4,2017,58.19
Athabasca County,2017-05,5,2017,44.21
Athabasca County,2017-06,6,2017,84.02
Athabasca County,2017-07,7,2017,162.61
Athabasca County,2017-08,8,2017,44.21
Athabasca County,2017-09,9,2017,39.04
Athabasca County,2017-10,10,2017,49.57
Athabasca County,2017-11,11,2017,17.05
Athabasca County,2017-12,12,2017,1.66
Athabasca County,2018-01,1,2018,17
Athabasca County,2018-02,2,2018,8.75
Athabasca County,2018-03,3,2018,17.65
Athabasca County,2018-04,4,2018,19.44
Athabasca County,2018-05,5,2018,15.05
Athabasca County,2018-06,6,2018,117.59
Athabasca County,2018-07,7,2018,62.85
Athabasca County,2018-08,8,2018,42.65
Athabasca County,2018-09,9,2018,31.79
Athabasca County,2018-10,10,2018,24.35
Athabasca County,2018-11,11,2018,18.35
Athabasca County,2018-12,12,2018,26.75
Athabasca County,2019-01,1,2019,17.26
Athabasca County,2019-02,2,2019,17.49
Athabasca County,2019-03,3,2019,0.63
Athabasca County,2019-04,4,2019,14.48
Athabasca County,2019-05,5,2019,6.36
Athabasca County,2019-06,6,2019,117.58
Athabasca County,2019-07,7,2019,136.9
Athabasca County,2019-08,8,2019,55.66
Athabasca County,2019-09,9,2019,43.54
Athabasca County,2019-10,10,2019,31.44
Athabasca County,2019-11,11,2019,22.48
Athabasca County,2019-12,12,2019,10.34
Athabasca County,2020-01,1,2020,14.29
Athabasca County,2020-02,2,2020,17.4
Athabasca County,2020-03,3,2020,19.49
Athabasca County,2020-04,4,2020,6.08
Athabasca County,2020-05,5,2020,68.81
Athabasca County,2020-06,6,2020,148.62
Athabasca County,2020-07,7,2020,87.58
Athabasca County,2020-08,8,2020,74.63
Athabasca County,2020-09,9,2020,16
Athabasca County,2020-10,10,2020,31.44
Athabasca County,2020-11,11,2020,19.5
Athabasca County,2020-12,12,2020,5.89
Athabasca County,2021-01,1,2021,15.43
Athabasca County,2021-02,2,2021,13.6
Athabasca County,2021-03,3,2021,6.58
Athabasca County,2021-04,4,2021,13.37
Athabasca County,2021-05,5,2021,59.68
Athabasca County,2021-06,6,2021,37.73
Athabasca County,2021-07,7,2021,36.48
Athabasca County,2021-08,8,2021,39
Athabasca County,2021-09,9,2021,17.94
Athabasca County,2021-10,10,2021,17.81
Athabasca County,2021-11,11,2021,16.63
Athabasca County,2021-12,12,2021,22.58
Athabasca County,2022-01,1,2022,32.91
Athabasca County,2022-02,2,2022,27.7
Athabasca County,2022-03,3,2022,18.68
Athabasca County,2022-04,4,2022,20.83
Athabasca County,2022-05,5,2022,54.49
Athabasca County,2022-06,6,2022,94.07
Athabasca County,2022-07,7,2022,44.75
Athabasca County,2022-08,8,2022,72.38
Athabasca County,2022-09,9,2022,14.06
Athabasca County,2022-10,10,2022,6.4
Athabasca County,2022-11,11,2022,16.67
Athabasca County,2022-12,12,2022,25.75
Athabasca County,2023-01,1,2023,7.79
Athabasca County,2023-02,2,2023,10.73
Athabasca County,2023-03,3,2023,7.98
Athabasca County,2023-04,4,2023,12.48
Athabasca County,2023-05,5,2023,54.19
Athabasca County,2023-06,6,2023,114.96
Athabasca County,2023-07,7,2023,155.31
Athabasca County,2023-08,8,2023,101.98
Athabasca County,2023-09,9,2023,9.22
Athabasca County,2023-10,10,2023,10.14
Athabasca County,2023-11,11,2023,1.8
Athabasca County,2023-12,12,2023,2.02
Athabasca County,2024-01,1,2024,7.36
Athabasca County,2024-02,2,2024,7.69
Athabasca County,2024-03,3,2024,6.8
Athabasca County,2024-04,4,2024,35.77
Athabasca County,2024-05,5,2024,60.22
Athabasca County,2024-06,6,2024,67.78
Beaver County,2012-01,1,2012,5.15
Beaver County,2012-02,2,2012,6.17
Beaver County,2012-03,3,2012,16.88
Beaver County,2012-04,4,2012,38.09
Beaver County,2012-05,5,2012,57.15
Beaver County,2012-06,6,2012,57.97
Beaver County,2012-07,7,2012,103.48
Beaver County,2012-08,8,2012,69.22
Beaver County,2012-09,9,2012,9.43
Beaver County,2012-10,10,2012,19.15
Beaver County,2012-11,11,2012,17.15
Beaver County,2012-12,12,2012,14.31
Beaver County,2013-01,1,2013,14.91
Beaver County,2013-02,2,2013,6.33
Beaver County,2013-03,3,2013,13.03
Beaver County,2013-04,4,2013,23.74
Beaver County,2013-05,5,2013,21.89
Beaver County,2013-06,6,2013,82.82
Beaver County,2013-07,7,2013,65.96
Beaver County,2013-08,8,2013,49.57
Beaver County,2013-09,9,2013,4.4
Beaver County,2013-10,10,2013,8.13
Beaver County,2013-11,11,2013,20.78
Beaver County,2013-12,12,2013,20.07
Beaver County,2014-01,1,2014,4.69
Beaver County,2014-02,2,2014,4.72
Beaver County,2014-03,3,2014,8.31
Beaver County,2014-04,4,2014,34.97
Beaver County,2014-05,5,2014,37
Beaver County,2014-06,6,2014,87.38
Beaver County,2014-07,7,2014,97.79
Beaver County,2014-08,8,2014,25.09
Beaver County,2014-09,9,2014,33.25
Beaver County,2014-10,10,2014,8.22
Beaver County,2014-11,11,2014,26.53
Beaver County,2014-12,12,2014,3.54
Beaver County,2015-01,1,2015,11.19
Beaver County,2015-02,2,2015,20.77
Beaver County,2015-03,3,2015,28.07
Beaver County,2015-04,4,2015,11.56
Beaver County,2015-05,5,2015,13.95
Beaver County,2015-06,6,2015,30.61
Beaver County,2015-07,7,2015,90.59
Beaver County,2015-08,8,2015,39.7
Beaver County,2015-09,9,2015,72.82
Beaver County,2015-10,10,2015,15.33
Beaver County,2015-11,11,2015,9.74
Beaver County,2015-12,12,2015,4.86
Beaver County,2016-01,1,2016,13.46
Beaver County,2016-02,2,2016,6.76
Beaver County,2016-03,3,2016,17.97
Beaver County,2016-04,4,2016,17.63
Beaver County,2016-05,5,2016,111
Beaver County,2016-06,6,2016,88.68
Beaver County,2016-07,7,2016,91.55
Beaver County,2016-08,8,2016,50.06
Beaver County,2016-09,9,2016,25.93
Beaver County,2016-10,10,2016,41.92
Beaver County,2016-11,11,2016,15.83
Beaver County,2016-12,12,2016,8.63
Beaver County,2017-01,1,2017,8.35
Beaver County,2017-02,2,2017,10.27
Beaver County,2017-03,3,2017,22.49
Beaver County,2017-04,4,2017,56.77
Beaver County,2017-05,5,2017,45
Beaver County,2017-06,6,2017,99.64
Beaver County,2017-07,7,2017,56.83
Beaver County,2017-08,8,2017,35.75
Beaver County,2017-09,9,2017,32.22
Beaver County,2017-10,10,2017,35.47
Beaver County,2017-11,11,2017,13.24
Beaver County,2017-12,12,2017,1.37
Beaver County,2018-01,1,2018,11.33
Beaver County,2018-02,2,2018,9.3
Beaver County,2018-03,3,2018,15.06
Beaver County,2018-04,4,2018,13.15
Beaver County,2018-05,5,2018,19.69
Beaver County,2018-06,6,2018,48.12
Beaver County,2018-07,7,2018,65.56
Beaver County,2018-08,8,2018,28.69
Beaver County,2018-09,9,2018,56.41
Beaver County,2018-10,10,2018,19.5
Beaver County,2018-11,11,2018,15.31
Beaver County,2018-12,12,2018,15.36
Beaver County,2019-01,1,2019,8.97
Beaver County,2019-02,2,2019,12.11
Beaver County,2019-03,3,2019,3.37
Beaver County,2019-04,4,2019,11.43
Beaver County,2019-05,5,2019,24.46
Beaver County,2019-06,6,2019,115.97
Beaver County,2019-07,7,2019,115.67
Beaver County,2019-08,8,2019,53.24
Beaver County,2019-09,9,2019,44.33
Beaver County,2019-10,10,2019,14.47
Beaver County,2019-11,11,2019,15.25
Beaver County,2019-12,12,2019,10.97
Beaver County,2020-01,1,2020,12.14
Beaver County,2020-02,2,2020,13.75
Beaver County,2020-03,3,2020,13.96
Beaver County,2020-04,4,2020,4.7
Beaver County,2020-05,5,2020,64.89
Beaver County,2020-06,6,2020,102.59
Beaver County,2020-07,7,2020,110.34
Beaver County,2020-08,8,2020,88.06
Beaver County,2020-09,9,2020,5.47
Beaver County,2020-10,10,2020,9.09
Beaver County,2020-11,11,2020,18.42
Beaver County,2020-12,12,2020,1.9
Beaver County,2021-01,1,2021,4.52
Beaver County,2021-02,2,2021,3.98
Beaver County,2021-03,3,2021,2.95
Beaver County,2021-04,4,2021,6.42
Beaver County,2021-05,5,2021,80.12
Beaver County,2021-06,6,2021,40.41
Beaver County,2021-07,7,2021,34.23
Beaver County,2021-08,8,2021,41.52
Beaver County,2021-09,9,2021,20.5
Beaver County,2021-10,10,2021,7.19
Beaver County,2021-11,11,2021,6.76
Beaver County,2021-12,12,2021,19.04
Beaver County,2022-01,1,2022,20.24
Beaver County,2022-02,2,2022,9.1
Beaver County,2022-03,3,2022,21.21
Beaver County,2022-04,4,2022,16.94
Beaver County,2022-05,5,2022,23.61
Beaver County,2022-06,6,2022,115.68
Beaver County,2022-07,7,2022,89.12
Beaver County,2022-08,8,2022,19.07
Beaver County,2022-09,9,2022,8.58
Beaver County,2022-10,10,2022,5.71
Beaver County,2022-11,11,2022,18.85
Beaver County,2022-12,12,2022,19.51
Beaver County,2023-01,1,2023,4.82
Beaver County,2023-02,2,2023,4.33
Beaver County,2023-03,3,2023,2.37
Beaver County,2023-04,4,2023,33.05
Beaver County,2023-05,5,2023,23.71
Beaver County,2023-06,6,2023,91.65
Beaver County,2023-07,7,2023,111.52
Beaver County,2023-08,8,2023,71.72
Beaver County,2023-09,9,2023,22.23
Beaver County,2023-10,10,2023,3.75
Beaver County,2023-11,11,2023,1.4
Beaver County,2023-12,12,2023,8.32
Beaver County,2024-01,1,2024,7.78
Beaver County,2024-02,2,2024,14.08
Beaver County,2024-03,3,2024,8
Beaver County,2024-04,4,2024,26.39
Beaver County,2024-05,5,2024,79.32
Beaver County,2024-06,6,2024,54.73
Birch Hills County,2012-01,1,2012,18.82
Birch Hills County,2012-02,2,2012,6.92
Birch Hills County,2012-03,3,2012,14.96
Birch Hills County,2012-04,4,2012,36.64
Birch Hills County,2012-05,5,2012,54.37
Birch Hills County,2012-06,6,2012,78.56
Birch Hills County,2012-07,7,2012,46.46
Birch Hills County,2012-08,8,2012,19.72
Birch Hills County,2012-09,9,2012,19.98
Birch Hills County,2012-10,10,2012,78.77
Birch Hills County,2012-11,11,2012,26.12
Birch Hills County,2012-12,12,2012,31.71
Birch Hills County,2013-01,1,2013,36.87
Birch Hills County,2013-02,2,2013,5.8
Birch Hills County,2013-03,3,2013,19.33
Birch Hills County,2013-04,4,2013,16.84
Birch Hills County,2013-05,5,2013,20.05
Birch Hills County,2013-06,6,2013,110.34
Birch Hills County,2013-07,7,2013,66.69
Birch Hills County,2013-08,8,2013,38.05
Birch Hills County,2013-09,9,2013,35.76
Birch Hills County,2013-10,10,2013,9.97
Birch Hills County,2013-11,11,2013,24.16
Birch Hills County,2013-12,12,2013,74.96
Birch Hills County,2014-01,1,2014,6.91
Birch Hills County,2014-02,2,2014,15.81
Birch Hills County,2014-03,3,2014,10.63
Birch Hills County,2014-04,4,2014,25.75
Birch Hills County,2014-05,5,2014,11.25
Birch Hills County,2014-06,6,2014,41.92
Birch Hills County,2014-07,7,2014,34.43
Birch Hills County,2014-08,8,2014,2.66
Birch Hills County,2014-09,9,2014,40.89
Birch Hills County,2014-10,10,2014,30.61
Birch Hills County,2014-11,11,2014,34.84
Birch Hills County,2014-12,12,2014,11.77
Birch Hills County,2015-01,1,2015,19.88
Birch Hills County,2015-02,2,2015,19.18
Birch Hills County,2015-03,3,2015,30.73
Birch Hills County,2015-04,4,2015,23.37
Birch Hills County,2015-05,5,2015,21.31
Birch Hills County,2015-06,6,2015,40.67
Birch Hills County,2015-07,7,2015,24.89
Birch Hills County,2015-08,8,2015,44.24
Birch Hills County,2015-09,9,2015,38.51
Birch Hills County,2015-10,10,2015,33.76
Birch Hills County,2015-11,11,2015,11.44
Birch Hills County,2015-12,12,2015,8.6
Birch Hills County,2016-01,1,2016,18.92
Birch Hills County,2016-02,2,2016,14.41
Birch Hills County,2016-03,3,2016,21.94
Birch Hills County,2016-04,4,2016,11.23
Birch Hills County,2016-05,5,2016,82.79
Birch Hills County,2016-06,6,2016,108.89
Birch Hills County,2016-07,7,2016,87.65
Birch Hills County,2016-08,8,2016,88.09
Birch Hills County,2016-09,9,2016,52.46
Birch Hills County,2016-10,10,2016,44.03
Birch Hills County,2016-11,11,2016,12.75
Birch Hills County,2016-12,12,2016,4.78
Birch Hills County,2017-01,1,2017,12.68
Birch Hills County,2017-02,2,2017,11.91
Birch Hills County,2017-03,3,2017,11.35
Birch Hills County,2017-04,4,2017,40.3
Birch Hills County,2017-05,5,2017,52.8
Birch Hills County,2017-06,6,2017,41.24
Birch Hills County,2017-07,7,2017,50.56
Birch Hills County,2017-08,8,2017,49.62
Birch Hills County,2017-09,9,2017,52.38
Birch Hills County,2017-10,10,2017,37.12
Birch Hills County,2017-11,11,2017,40.54
Birch Hills County,2017-12,12,2017,3.26
Birch Hills County,2018-01,1,2018,24.61
Birch Hills County,2018-02,2,2018,16.06
Birch Hills County,2018-03,3,2018,26.58
Birch Hills County,2018-04,4,2018,12.32
Birch Hills County,2018-05,5,2018,6.69
Birch Hills County,2018-06,6,2018,60.77
Birch Hills County,2018-07,7,2018,135.62
Birch Hills County,2018-08,8,2018,38.2
Birch Hills County,2018-09,9,2018,32.08
Birch Hills County,2018-10,10,2018,18.83
Birch Hills County,2018-11,11,2018,30.09
Birch Hills County,2018-12,12,2018,18.14
Birch Hills County,2019-01,1,2019,17.44
Birch Hills County,2019-02,2,2019,14.41
Birch Hills County,2019-03,3,2019,0.1
Birch Hills County,2019-04,4,2019,16.34
Birch Hills County,2019-05,5,2019,13.51
Birch Hills County,2019-06,6,2019,56.49
Birch Hills County,2019-07,7,2019,73.69
Birch Hills County,2019-08,8,2019,48.46
Birch Hills County,2019-09,9,2019,28.17
Birch Hills County,2019-10,10,2019,39.52
Birch Hills County,2019-11,11,2019,35.87
Birch Hills County,2019-12,12,2019,9.03
Birch Hills County,2020-01,1,2020,25.41
Birch Hills County,2020-02,2,2020,21.52
Birch Hills County,2020-03,3,2020,32.12
Birch Hills County,2020-04,4,2020,7.59
Birch Hills County,2020-05,5,2020,38.72
Birch Hills County,2020-06,6,2020,79.84
Birch Hills County,2020-07,7,2020,90.45
Birch Hills County,2020-08,8,2020,38.78
Birch Hills County,2020-09,9,2020,14.84
Birch Hills County,2020-10,10,2020,27
Birch Hills County,2020-11,11,2020,19.6
Birch Hills County,2020-12,12,2020,21.17
Birch Hills County,2021-01,1,2021,10.75
Birch Hills County,2021-02,2,2021,21.21
Birch Hills County,2021-03,3,2021,18.46
Birch Hills County,2021-04,4,2021,18.25
Birch Hills County,2021-05,5,2021,21.62
Birch Hills County,2021-06,6,2021,28.85
Birch Hills County,2021-07,7,2021,28.85
Birch Hills County,2021-08,8,2021,54.96
Birch Hills County,2021-09,9,2021,41.75
Birch Hills County,2021-10,10,2021,15.4
Birch Hills County,2021-11,11,2021,36.77
Birch Hills County,2021-12,12,2021,20.3
Birch Hills County,2022-01,1,2022,30.87
Birch Hills County,2022-02,2,2022,27.83
Birch Hills County,2022-03,3,2022,14.45
Birch Hills County,2022-04,4,2022,49.26
Birch Hills County,2022-05,5,2022,46.71
Birch Hills County,2022-06,6,2022,46.68
Birch Hills County,2022-07,7,2022,16.13
Birch Hills County,2022-08,8,2022,34.36
Birch Hills County,2022-09,9,2022,41.18
Birch Hills County,2022-10,10,2022,8.39
Birch Hills County,2022-11,11,2022,13.93
Birch Hills County,2022-12,12,2022,30.37
Birch Hills County,2023-01,1,2023,12.92
Birch Hills County,2023-02,2,2023,18.73
Birch Hills County,2023-03,3,2023,8.34
Birch Hills County,2023-04,4,2023,13.17
Birch Hills County,2023-05,5,2023,82.17
Birch Hills County,2023-06,6,2023,57.9
Birch Hills County,2023-07,7,2023,85.11
Birch Hills County,2023-08,8,2023,54.04
Birch Hills County,2023-09,9,2023,7.94
Birch Hills County,2023-10,10,2023,12.58
Birch Hills County,2023-11,11,2023,10.39
Birch Hills County,2023-12,12,2023,4.61
Birch Hills County,2024-01,1,2024,13.48
Birch Hills County,2024-02,2,2024,10.22
Birch Hills County,2024-03,3,2024,5.72
Birch Hills County,2024-04,4,2024,11.95
Birch Hills County,2024-05,5,2024,51
Birch Hills County,2024-06,6,2024,83.17
Brazeau County,2012-01,1,2012,8.6
Brazeau County,2012-02,2,2012,11.2
Brazeau County,2012-03,3,2012,26.98
Brazeau County,2012-04,4,2012,62.18
Brazeau County,2012-05,5,2012,54.4
Brazeau County,2012-06,6,2012,87.72
Brazeau County,2012-07,7,2012,180.26
Brazeau County,2012-08,8,2012,68.67
Brazeau County,2012-09,9,2012,14.17
Brazeau County,2012-10,10,2012,32.96
Brazeau County,2012-11,11,2012,24.04
Brazeau County,2012-12,12,2012,17.33
Brazeau County,2013-01,1,2013,25.56
Brazeau County,2013-02,2,2013,7.33
Brazeau County,2013-03,3,2013,31.99
Brazeau County,2013-04,4,2013,33.79
Brazeau County,2013-05,5,2013,74.8
Brazeau County,2013-06,6,2013,93.1
Brazeau County,2013-07,7,2013,100.38
Brazeau County,2013-08,8,2013,69.5
Brazeau County,2013-09,9,2013,8.75
Brazeau County,2013-10,10,2013,20.64
Brazeau County,2013-11,11,2013,41.04
Brazeau County,2013-12,12,2013,46.25
Brazeau County,2014-01,1,2014,24.18
Brazeau County,2014-02,2,2014,5.49
Brazeau County,2014-03,3,2014,29.22
Brazeau County,2014-04,4,2014,22.4
Brazeau County,2014-05,5,2014,68.75
Brazeau County,2014-06,6,2014,90.61
Brazeau County,2014-07,7,2014,53.15
Brazeau County,2014-08,8,2014,56.46
Brazeau County,2014-09,9,2014,51.96
Brazeau County,2014-10,10,2014,6.62
Brazeau County,2014-11,11,2014,34.9
Brazeau County,2014-12,12,2014,5.56
Brazeau County,2015-01,1,2015,31.54
Brazeau County,2015-02,2,2015,22.09
Brazeau County,2015-03,3,2015,20.95
Brazeau County,2015-04,4,2015,23.74
Brazeau County,2015-05,5,2015,35.54
Brazeau County,2015-06,6,2015,56.3
Brazeau County,2015-07,7,2015,85.78
Brazeau County,2015-08,8,2015,42.31
Brazeau County,2015-09,9,2015,96.2
Brazeau County,2015-10,10,2015,32.35
Brazeau County,2015-11,11,2015,24.99
Brazeau County,2015-12,12,2015,8.93
Brazeau County,2016-01,1,2016,7.58
Brazeau County,2016-02,2,2016,13.84
Brazeau County,2016-03,3,2016,22.83
Brazeau County,2016-04,4,2016,8.46
Brazeau County,2016-05,5,2016,115.67
Brazeau County,2016-06,6,2016,77.82
Brazeau County,2016-07,7,2016,95.59
Brazeau County,2016-08,8,2016,140.84
Brazeau County,2016-09,9,2016,65.46
Brazeau County,2016-10,10,2016,56.16
Brazeau County,2016-11,11,2016,15.9
Brazeau County,2016-12,12,2016,17.41
Brazeau County,2017-01,1,2017,9.88
Brazeau County,2017-02,2,2017,18.4
Brazeau County,2017-03,3,2017,22.84
Brazeau County,2017-04,4,2017,57.41
Brazeau County,2017-05,5,2017,57.8
Brazeau County,2017-06,6,2017,103.8
Brazeau County,2017-07,7,2017,82.04
Brazeau County,2017-08,8,2017,55.99
Brazeau County,2017-09,9,2017,86.31
Brazeau County,2017-10,10,2017,20.49
Brazeau County,2017-11,11,2017,20.46
Brazeau County,2017-12,12,2017,4.52
Brazeau County,2018-01,1,2018,12.79
Brazeau County,2018-02,2,2018,25.82
Brazeau County,2018-03,3,2018,30.51
Brazeau County,2018-04,4,2018,19.09
Brazeau County,2018-05,5,2018,36.09
Brazeau County,2018-06,6,2018,75.07
Brazeau County,2018-07,7,2018,108.59
Brazeau County,2018-08,8,2018,62.16
Brazeau County,2018-09,9,2018,85.18
Brazeau County,2018-10,10,2018,18
Brazeau County,2018-11,11,2018,27.79
Brazeau County,2018-12,12,2018,17.33
Brazeau County,2019-01,1,2019,22.05
Brazeau County,2019-02,2,2019,19.16
Brazeau County,2019-03,3,2019,6.33
Brazeau County,2019-04,4,2019,31.68
Brazeau County,2019-05,5,2019,40.3
Brazeau County,2019-06,6,2019,188.58
Brazeau County,2019-07,7,2019,140.4
Brazeau County,2019-08,8,2019,58.54
Brazeau County,2019-09,9,2019,48.8
Brazeau County,2019-10,10,2019,28.85
Brazeau County,2019-11,11,2019,45.18
Brazeau County,2019-12,12,2019,28.62
Brazeau County,2020-01,1,2020,10.96
Brazeau County,2020-02,2,2020,16.15
Brazeau County,2020-03,3,2020,24.89
Brazeau County,2020-04,4,2020,14.33
Brazeau County,2020-05,5,2020,148.73
Brazeau County,2020-06,6,2020,137.3
Brazeau County,2020-07,7,2020,169.33
Brazeau County,2020-08,8,2020,34.59
Brazeau County,2020-09,9,2020,21.52
Brazeau County,2020-10,10,2020,25.07
Brazeau County,2020-11,11,2020,20.63
Brazeau County,2020-12,12,2020,4.57
Brazeau County,2021-01,1,2021,6.86
Brazeau County,2021-02,2,2021,12.54
Brazeau County,2021-03,3,2021,4.7
Brazeau County,2021-04,4,2021,16.3
Brazeau County,2021-05,5,2021,81.58
Brazeau County,2021-06,6,2021,50.03
Brazeau County,2021-07,7,2021,46.01
Brazeau County,2021-08,8,2021,68.75
Brazeau County,2021-09,9,2021,47.51
Brazeau County,2021-10,10,2021,20.73
Brazeau County,2021-11,11,2021,16.95
Brazeau County,2021-12,12,2021,30.33
Brazeau County,2022-01,1,2022,21.45
Brazeau County,2022-02,2,2022,22.76
Brazeau County,2022-03,3,2022,18.23
Brazeau County,2022-04,4,2022,33.9
Brazeau County,2022-05,5,2022,29.42
Brazeau County,2022-06,6,2022,166.89
Brazeau County,2022-07,7,2022,89.45
Brazeau County,2022-08,8,2022,48.54
Brazeau County,2022-09,9,2022,11.43
Brazeau County,2022-10,10,2022,12.96
Brazeau County,2022-11,11,2022,28.34
Brazeau County,2022-12,12,2022,11.35
Brazeau County,2023-01,1,2023,6.93
Brazeau County,2023-02,2,2023,15.67
Brazeau County,2023-03,3,2023,3.46
Brazeau County,2023-04,4,2023,20.44
Brazeau County,2023-05,5,2023,56.11
Brazeau County,2023-06,6,2023,194.6
Brazeau County,2023-07,7,2023,82.85
Brazeau County,2023-08,8,2023,110.76
Brazeau County,2023-09,9,2023,30.94
Brazeau County,2023-10,10,2023,16.92
Brazeau County,2023-11,11,2023,2.5
Brazeau County,2023-12,12,2023,2.05
Brazeau County,2024-01,1,2024,19.2
Brazeau County,2024-02,2,2024,20.67
Brazeau County,2024-03,3,2024,17.53
Brazeau County,2024-04,4,2024,19.64
Brazeau County,2024-05,5,2024,76.18
Brazeau County,2024-06,6,2024,67.18
Calgary,2012-01,1,2012,5.29
Calgary,2012-02,2,2012,10.39
Calgary,2012-03,3,2012,15.44
Calgary,2012-04,4,2012,54.94
Calgary,2012-05,5,2012,53.4
Calgary,2012-06,6,2012,154.51
Calgary,2012-07,7,2012,34.28
Calgary,2012-08,8,2012,31.62
Calgary,2012-09,9,2012,7.13
Calgary,2012-10,10,2012,34.09
Calgary,2012-11,11,2012,13.46
Calgary,2012-12,12,2012,11.09
Calgary,2013-01,1,2013,8.96
Calgary,2013-02,2,2013,4.19
Calgary,2013-03,3,2013,12.92
Calgary,2013-04,4,2013,18.38
Calgary,2013-05,5,2013,113.78
Calgary,2013-06,6,2013,134.69
Calgary,2013-07,7,2013,55.81
Calgary,2013-08,8,2013,23.74
Calgary,2013-09,9,2013,48.85
Calgary,2013-10,10,2013,28.88
Calgary,2013-11,11,2013,17.04
Calgary,2013-12,12,2013,22.58
Calgary,2014-01,1,2014,14.02
Calgary,2014-02,2,2014,4.17
Calgary,2014-03,3,2014,14.4
Calgary,2014-04,4,2014,22.27
Calgary,2014-05,5,2014,62.76
Calgary,2014-06,6,2014,96.21
Calgary,2014-07,7,2014,18.36
Calgary,2014-08,8,2014,53.92
Calgary,2014-09,9,2014,52.46
Calgary,2014-10,10,2014,5.54
Calgary,2014-11,11,2014,39.55
Calgary,2014-12,12,2014,5.27
Calgary,2015-01,1,2015,17.18
Calgary,2015-02,2,2015,5.32
Calgary,2015-03,3,2015,10.68
Calgary,2015-04,4,2015,10.3
Calgary,2015-05,5,2015,32.27
Calgary,2015-06,6,2015,45.95
Calgary,2015-07,7,2015,67.63
Calgary,2015-08,8,2015,99.47
Calgary,2015-09,9,2015,65.82
Calgary,2015-10,10,2015,4.02
Calgary,2015-11,11,2015,11.22
Calgary,2015-12,12,2015,16.55
Calgary,2016-01,1,2016,8.41
Calgary,2016-02,2,2016,1.74
Calgary,2016-03,3,2016,5.76
Calgary,2016-04,4,2016,3.8
Calgary,2016-05,5,2016,61.92
Calgary,2016-06,6,2016,42.75
Calgary,2016-07,7,2016,154.74
Calgary,2016-08,8,2016,69.25
Calgary,2016-09,9,2016,22.7
Calgary,2016-10,10,2016,26.32
Calgary,2016-11,11,2016,1.69
Calgary,2016-12,12,2016,19.62
Calgary,2017-01,1,2017,9.23
Calgary,2017-02,2,2017,24.14
Calgary,2017-03,3,2017,11.13
Calgary,2017-04,4,2017,62.8
Calgary,2017-05,5,2017,35.84
Calgary,2017-06,6,2017,41.71
Calgary,2017-07,7,2017,41.04
Calgary,2017-08,8,2017,19.07
Calgary,2017-09,9,2017,17.36
Calgary,2017-10,10,2017,9.73
Calgary,2017-11,11,2017,13.48
Calgary,2017-12,12,2017,22.38
Calgary,2018-01,1,2018,4.31
Calgary,2018-02,2,2018,20.87
Calgary,2018-03,3,2018,26.66
Calgary,2018-04,4,2018,23.57
Calgary,2018-05,5,2018,30.7
Calgary,2018-06,6,2018,73.99
Calgary,2018-07,7,2018,33.54
Calgary,2018-08,8,2018,35.44
Calgary,2018-09,9,2018,32.54
Calgary,2018-10,10,2018,34.42
Calgary,2018-11,11,2018,18.14
Calgary,2018-12,12,2018,8.32
Calgary,2019-01,1,2019,5.76
Calgary,2019-02,2,2019,17.15
Calgary,2019-03,3,2019,4.92
Calgary,2019-04,4,2019,15.18
Calgary,2019-05,5,2019,41.01
Calgary,2019-06,6,2019,116.43
Calgary,2019-07,7,2019,71.14
Calgary,2019-08,8,2019,55.29
Calgary,2019-09,9,2019,58.72
Calgary,2019-10,10,2019,6.57
Calgary,2019-11,11,2019,32.98
Calgary,2019-12,12,2019,13.43
Calgary,2020-01,1,2020,3.33
Calgary,2020-02,2,2020,17.52
Calgary,2020-03,3,2020,15.77
Calgary,2020-04,4,2020,19.15
Calgary,2020-05,5,2020,92.55
Calgary,2020-06,6,2020,141.9
Calgary,2020-07,7,2020,59.77
Calgary,2020-08,8,2020,11.08
Calgary,2020-09,9,2020,18.71
Calgary,2020-10,10,2020,23.34
Calgary,2020-11,11,2020,10.6
Calgary,2020-12,12,2020,27.35
Calgary,2021-01,1,2021,1.05
Calgary,2021-02,2,2021,16.26
Calgary,2021-03,3,2021,6.95
Calgary,2021-04,4,2021,13.18
Calgary,2021-05,5,2021,42.81
Calgary,2021-06,6,2021,32.13
Calgary,2021-07,7,2021,55.55
Calgary,2021-08,8,2021,67.72
Calgary,2021-09,9,2021,12.47
Calgary,2021-10,10,2021,32.36
Calgary,2021-11,11,2021,5.76
Calgary,2021-12,12,2021,15.21
Calgary,2022-01,1,2022,2.55
Calgary,2022-02,2,2022,14.27
Calgary,2022-03,3,2022,6.43
Calgary,2022-04,4,2022,18.92
Calgary,2022-05,5,2022,18.86
Calgary,2022-06,6,2022,141.01
Calgary,2022-07,7,2022,46.63
Calgary,2022-08,8,2022,36.22
Calgary,2022-09,9,2022,12.75
Calgary,2022-10,10,2022,24.03
Calgary,2022-11,11,2022,19.48
Calgary,2022-12,12,2022,9.04
Calgary,2023-01,1,2023,10.64
Calgary,2023-02,2,2023,16.81
Calgary,2023-03,3,2023,7.96
Calgary,2023-04,4,2023,5.91
Calgary,2023-05,5,2023,22.03
Calgary,2023-06,6,2023,67.65
Calgary,2023-07,7,2023,54.8
Calgary,2023-08,8,2023,42.22
Calgary,2023-09,9,2023,19.42
Calgary,2023-10,10,2023,31.36
Calgary,2023-11,11,2023,5.9
Calgary,2023-12,12,2023,13.66
Calgary,2024-01,1,2024,13.96
Calgary,2024-02,2,2024,14.83
Calgary,2024-03,3,2024,27.83
Calgary,2024-04,4,2024,43.69
Calgary,2024-05,5,2024,53.12
Calgary,2024-06,6,2024,74.75
Camrose County,2012-01,1,2012,3.98
Camrose County,2012-02,2,2012,6.79
Camrose County,2012-03,3,2012,14.15
Camrose County,2012-04,4,2012,33.85
Camrose County,2012-05,5,2012,43.86
Camrose County,2012-06,6,2012,56.87
Camrose County,2012-07,7,2012,96.03
Camrose County,2012-08,8,2012,61.84
Camrose County,2012-09,9,2012,13.82
Camrose County,2012-10,10,2012,18
Camrose County,2012-11,11,2012,17.02
Camrose County,2012-12,12,2012,20.21
Camrose County,2013-01,1,2013,11.95
Camrose County,2013-02,2,2013,4.81
Camrose County,2013-03,3,2013,13.45
Camrose County,2013-04,4,2013,20.2
Camrose County,2013-05,5,2013,35.35
Camrose County,2013-06,6,2013,81.92
Camrose County,2013-07,7,2013,60.81
Camrose County,2013-08,8,2013,47.92
Camrose County,2013-09,9,2013,8.64
Camrose County,2013-10,10,2013,6.55
Camrose County,2013-11,11,2013,20.65
Camrose County,2013-12,12,2013,15.47
Camrose County,2014-01,1,2014,8.98
Camrose County,2014-02,2,2014,5.68
Camrose County,2014-03,3,2014,10.44
Camrose County,2014-04,4,2014,21.92
Camrose County,2014-05,5,2014,29.9
Camrose County,2014-06,6,2014,75.53
Camrose County,2014-07,7,2014,87.84
Camrose County,2014-08,8,2014,46.74
Camrose County,2014-09,9,2014,41.14
Camrose County,2014-10,10,2014,9.42
Camrose County,2014-11,11,2014,20.99
Camrose County,2014-12,12,2014,3.73
Camrose County,2015-01,1,2015,12.94
Camrose County,2015-02,2,2015,15.55
Camrose County,2015-03,3,2015,17.41
Camrose County,2015-04,4,2015,13.33
Camrose County,2015-05,5,2015,15.67
Camrose County,2015-06,6,2015,40.19
Camrose County,2015-07,7,2015,88.78
Camrose County,2015-08,8,2015,46.96
Camrose County,2015-09,9,2015,68.61
Camrose County,2015-10,10,2015,7.75
Camrose County,2015-11,11,2015,7.19
Camrose County,2015-12,12,2015,5.79
Camrose County,2016-01,1,2016,7.47
Camrose County,2016-02,2,2016,5.33
Camrose County,2016-03,3,2016,13.25
Camrose County,2016-04,4,2016,11.67
Camrose County,2016-05,5,2016,101.32
Camrose County,2016-06,6,2016,75.52
Camrose County,2016-07,7,2016,109.05
Camrose County,2016-08,8,2016,55.37
Camrose County,2016-09,9,2016,24.08
Camrose County,2016-10,10,2016,35.12
Camrose County,2016-11,11,2016,20.84
Camrose County,2016-12,12,2016,7.78
Camrose County,2017-01,1,2017,7.35
Camrose County,2017-02,2,2017,12.26
Camrose County,2017-03,3,2017,18.63
Camrose County,2017-04,4,2017,53.46
Camrose County,2017-05,5,2017,49.15
Camrose County,2017-06,6,2017,86.61
Camrose County,2017-07,7,2017,48.43
Camrose County,2017-08,8,2017,42.23
Camrose County,2017-09,9,2017,47.47
Camrose County,2017-10,10,2017,29.59
Camrose County,2017-11,11,2017,15.66
Camrose County,2017-12,12,2017,2.63
Camrose County,2018-01,1,2018,9.1
Camrose County,2018-02,2,2018,10.36
Camrose County,2018-03,3,2018,19.08
Camrose County,2018-04,4,2018,10.62
Camrose County,2018-05,5,2018,28.32
Camrose County,2018-06,6,2018,43.21
Camrose County,2018-07,7,2018,62.1
Camrose County,2018-08,8,2018,24.12
Camrose County,2018-09,9,2018,57.06
Camrose County,2018-10,10,2018,16.61
Camrose County,2018-11,11,2018,18.32
Camrose County,2018-12,12,2018,15.8
Camrose County,2019-01,1,2019,7.99
Camrose County,2019-02,2,2019,14.52
Camrose County,2019-03,3,2019,3.8
Camrose County,2019-04,4,2019,4.35
Camrose County,2019-05,5,2019,28.15
Camrose County,2019-06,6,2019,105.2
Camrose County,2019-07,7,2019,127.2
Camrose County,2019-08,8,2019,59.65
Camrose County,2019-09,9,2019,44.61
Camrose County,2019-10,10,2019,13.18
Camrose County,2019-11,11,2019,17.89
Camrose County,2019-12,12,2019,10.26
Camrose County,2020-01,1,2020,12.47
Camrose County,2020-02,2,2020,13.51
Camrose County,2020-03,3,2020,15.76
Camrose County,2020-04,4,2020,4.95
Camrose County,2020-05,5,2020,92.09
Camrose County,2020-06,6,2020,99.15
Camrose County,2020-07,7,2020,100.1
Camrose County,2020-08,8,2020,92.79
Camrose County,2020-09,9,2020,10
Camrose County,2020-10,10,2020,9.62
Camrose County,2020-11,11,2020,20.22
Camrose County,2020-12,12,2020,1.94
Camrose County,2021-01,1,2021,3.57
Camrose County,2021-02,2,2021,4.65
Camrose County,2021-03,3,2021,2.29
Camrose County,2021-04,4,2021,10.87
Camrose County,2021-05,5,2021,85.64
Camrose County,2021-06,6,2021,44.05
Camrose County,2021-07,7,2021,54.28
Camrose County,2021-08,8,2021,46.41
Camrose County,2021-09,9,2021,22.74
Camrose County,2021-10,10,2021,14.78
Camrose County,2021-11,11,2021,5.28
Camrose County,2021-12,12,2021,17.66
Camrose County,2022-01,1,2022,15.36
Camrose County,2022-02,2,2022,8.97
Camrose County,2022-03,3,2022,18.99
Camrose County,2022-04,4,2022,20.73
Camrose County,2022-05,5,2022,29.03
Camrose County,2022-06,6,2022,140.29
Camrose County,2022-07,7,2022,74.69
Camrose County,2022-08,8,2022,21.91
Camrose County,2022-09,9,2022,8.87
Camrose County,2022-10,10,2022,7.86
Camrose County,2022-11,11,2022,17.45
Camrose County,2022-12,12,2022,12.05
Camrose County,2023-01,1,2023,3.26
Camrose County,2023-02,2,2023,4.45
Camrose County,2023-03,3,2023,2.19
Camrose County,2023-04,4,2023,27.9
Camrose County,2023-05,5,2023,25.26
Camrose County,2023-06,6,2023,100.49
Camrose County,2023-07,7,2023,100.25
Camrose County,2023-08,8,2023,56.75
Camrose County,2023-09,9,2023,27.29
Camrose County,2023-10,10,2023,5.12
Camrose County,2023-11,11,2023,0.63
Camrose County,2023-12,12,2023,8.95
Camrose County,2024-01,1,2024,6.79
Camrose County,2024-02,2,2024,13.22
Camrose County,2024-03,3,2024,8.97
Camrose County,2024-04,4,2024,18.56
Camrose County,2024-05,5,2024,73.54
Camrose County,2024-06,6,2024,42.63
Cardston County,2012-01,1,2012,16.52
Cardston County,2012-02,2,2012,11.93
Cardston County,2012-03,3,2012,23.95
Cardston County,2012-04,4,2012,40.88
Cardston County,2012-05,5,2012,57.11
Cardston County,2012-06,6,2012,107.59
Cardston County,2012-07,7,2012,43.41
Cardston County,2012-08,8,2012,23.51
Cardston County,2012-09,9,2012,10.89
Cardston County,2012-10,10,2012,50.61
Cardston County,2012-11,11,2012,16.12
Cardston County,2012-12,12,2012,8.98
Cardston County,2013-01,1,2013,13.18
Cardston County,2013-02,2,2013,12.04
Cardston County,2013-03,3,2013,20.73
Cardston County,2013-04,4,2013,45.5
Cardston County,2013-05,5,2013,59.64
Cardston County,2013-06,6,2013,91.83
Cardston County,2013-07,7,2013,46.22
Cardston County,2013-08,8,2013,52.32
Cardston County,2013-09,9,2013,48.86
Cardston County,2013-10,10,2013,26.24
Cardston County,2013-11,11,2013,17.89
Cardston County,2013-12,12,2013,24.66
Cardston County,2014-01,1,2014,26.99
Cardston County,2014-02,2,2014,13.52
Cardston County,2014-03,3,2014,26.66
Cardston County,2014-04,4,2014,35.88
Cardston County,2014-05,5,2014,39.99
Cardston County,2014-06,6,2014,193.68
Cardston County,2014-07,7,2014,20.03
Cardston County,2014-08,8,2014,73.04
Cardston County,2014-09,9,2014,50.33
Cardston County,2014-10,10,2014,22.14
Cardston County,2014-11,11,2014,46.34
Cardston County,2014-12,12,2014,33.77
Cardston County,2015-01,1,2015,16.46
Cardston County,2015-02,2,2015,16.43
Cardston County,2015-03,3,2015,36.93
Cardston County,2015-04,4,2015,21.83
Cardston County,2015-05,5,2015,59.57
Cardston County,2015-06,6,2015,32.98
Cardston County,2015-07,7,2015,61.92
Cardston County,2015-08,8,2015,24.63
Cardston County,2015-09,9,2015,58.5
Cardston County,2015-10,10,2015,21.57
Cardston County,2015-11,11,2015,34.04
Cardston County,2015-12,12,2015,23.47
Cardston County,2016-01,1,2016,23.18
Cardston County,2016-02,2,2016,7.16
Cardston County,2016-03,3,2016,29.97
Cardston County,2016-04,4,2016,26.8
Cardston County,2016-05,5,2016,101.37
Cardston County,2016-06,6,2016,33.27
Cardston County,2016-07,7,2016,72.86
Cardston County,2016-08,8,2016,52.91
Cardston County,2016-09,9,2016,51.33
Cardston County,2016-10,10,2016,43.92
Cardston County,2016-11,11,2016,15.8
Cardston County,2016-12,12,2016,29.31
Cardston County,2017-01,1,2017,19.15
Cardston County,2017-02,2,2017,42.42
Cardston County,2017-03,3,2017,25.82
Cardston County,2017-04,4,2017,56.89
Cardston County,2017-05,5,2017,68.06
Cardston County,2017-06,6,2017,71.59
Cardston County,2017-07,7,2017,17.37
Cardston County,2017-08,8,2017,12.04
Cardston County,2017-09,9,2017,13.98
Cardston County,2017-10,10,2017,50.4
Cardston County,2017-11,11,2017,33.5
Cardston County,2017-12,12,2017,42.5
Cardston County,2018-01,1,2018,12.9
Cardston County,2018-02,2,2018,38.4
Cardston County,2018-03,3,2018,28.76
Cardston County,2018-04,4,2018,38.99
Cardston County,2018-05,5,2018,43.12
Cardston County,2018-06,6,2018,66.02
Cardston County,2018-07,7,2018,27.08
Cardston County,2018-08,8,2018,45.45
Cardston County,2018-09,9,2018,33.3
Cardston County,2018-10,10,2018,35.77
Cardston County,2018-11,11,2018,27.64
Cardston County,2018-12,12,2018,23.52
Cardston County,2019-01,1,2019,18.59
Cardston County,2019-02,2,2019,26.91
Cardston County,2019-03,3,2019,12.35
Cardston County,2019-04,4,2019,24.86
Cardston County,2019-05,5,2019,83.02
Cardston County,2019-06,6,2019,41.29
Cardston County,2019-07,7,2019,28.45
Cardston County,2019-08,8,2019,40.12
Cardston County,2019-09,9,2019,74.88
Cardston County,2019-10,10,2019,29.57
Cardston County,2019-11,11,2019,39.32
Cardston County,2019-12,12,2019,8.01
Cardston County,2020-01,1,2020,8.3
Cardston County,2020-02,2,2020,17.66
Cardston County,2020-03,3,2020,25.23
Cardston County,2020-04,4,2020,30.27
Cardston County,2020-05,5,2020,67.23
Cardston County,2020-06,6,2020,133.95
Cardston County,2020-07,7,2020,15.33
Cardston County,2020-08,8,2020,6.68
Cardston County,2020-09,9,2020,26.69
Cardston County,2020-10,10,2020,32.06
Cardston County,2020-11,11,2020,36.46
Cardston County,2020-12,12,2020,18.08
Cardston County,2021-01,1,2021,3.43
Cardston County,2021-02,2,2021,18.47
Cardston County,2021-03,3,2021,14.41
Cardston County,2021-04,4,2021,30.35
Cardston County,2021-05,5,2021,59.29
Cardston County,2021-06,6,2021,27.17
Cardston County,2021-07,7,2021,27.27
Cardston County,2021-08,8,2021,65.79
Cardston County,2021-09,9,2021,11.76
Cardston County,2021-10,10,2021,33.9
Cardston County,2021-11,11,2021,4.86
Cardston County,2021-12,12,2021,18.65
Cardston County,2022-01,1,2022,15.45
Cardston County,2022-02,2,2022,13.7
Cardston County,2022-03,3,2022,17.77
Cardston County,2022-04,4,2022,15.79
Cardston County,2022-05,5,2022,26.81
Cardston County,2022-06,6,2022,118.51
Cardston County,2022-07,7,2022,48.73
Cardston County,2022-08,8,2022,55.29
Cardston County,2022-09,9,2022,27.59
Cardston County,2022-10,10,2022,36.02
Cardston County,2022-11,11,2022,27.62
Cardston County,2022-12,12,2022,22.14
Cardston County,2023-01,1,2023,9.61
Cardston County,2023-02,2,2023,14.39
Cardston County,2023-03,3,2023,13.97
Cardston County,2023-04,4,2023,20.91
Cardston County,2023-05,5,2023,33.39
Cardston County,2023-06,6,2023,47.08
Cardston County,2023-07,7,2023,26.7
Cardston County,2023-08,8,2023,46.48
Cardston County,2023-09,9,2023,32.53
Cardston County,2023-10,10,2023,28.13
Cardston County,2023-11,11,2023,13.46
Cardston County,2023-12,12,2023,10.31
Cardston County,2024-01,1,2024,19.71
Cardston County,2024-02,2,2024,36.27
Cardston County,2024-03,3,2024,24.09
Cardston County,2024-04,4,2024,33.61
Cardston County,2024-05,5,2024,100.72
Cardston County,2024-06,6,2024,50.27
Clear Hills County,2012-01,1,2012,40.01
Clear Hills County,2012-02,2,2012,6.96
Clear Hills County,2012-03,3,2012,19.16
Clear Hills County,2012-04,4,2012,35.22
Clear Hills County,2012-05,5,2012,32.93
Clear Hills County,2012-06,6,2012,82.97
Clear Hills County,2012-07,7,2012,48.47
Clear Hills County,2012-08,8,2012,26.8
Clear Hills County,2012-09,9,2012,14.06
Clear Hills County,2012-10,10,2012,86.4
Clear Hills County,2012-11,11,2012,27.48
Clear Hills County,2012-12,12,2012,32.52
Clear Hills County,2013-01,1,2013,33.46
Clear Hills County,2013-02,2,2013,15.1
Clear Hills County,2013-03,3,2013,19.85
Clear Hills County,2013-04,4,2013,36.25
Clear Hills County,2013-05,5,2013,25.09
Clear Hills County,2013-06,6,2013,91.41
Clear Hills County,2013-07,7,2013,85.78
Clear Hills County,2013-08,8,2013,54.13
Clear Hills County,2013-09,9,2013,36.19
Clear Hills County,2013-10,10,2013,16.45
Clear Hills County,2013-11,11,2013,18.07
Clear Hills County,2013-12,12,2013,85.2
Clear Hills County,2014-01,1,2014,9.64
Clear Hills County,2014-02,2,2014,14.06
Clear Hills County,2014-03,3,2014,21.98
Clear Hills County,2014-04,4,2014,52.21
Clear Hills County,2014-05,5,2014,22.92
Clear Hills County,2014-06,6,2014,53.58
Clear Hills County,2014-07,7,2014,72.47
Clear Hills County,2014-08,8,2014,19.29
Clear Hills County,2014-09,9,2014,45.21
Clear Hills County,2014-10,10,2014,43.5
Clear Hills County,2014-11,11,2014,30.3
Clear Hills County,2014-12,12,2014,18.78
Clear Hills County,2015-01,1,2015,23.99
Clear Hills County,2015-02,2,2015,24.95
Clear Hills County,2015-03,3,2015,39.7
Clear Hills County,2015-04,4,2015,28.73
Clear Hills County,2015-05,5,2015,27.59
Clear Hills County,2015-06,6,2015,47.9
Clear Hills County,2015-07,7,2015,48.82
Clear Hills County,2015-08,8,2015,60.95
Clear Hills County,2015-09,9,2015,43.58
Clear Hills County,2015-10,10,2015,22.87
Clear Hills County,2015-11,11,2015,11.68
Clear Hills County,2015-12,12,2015,7.78
Clear Hills County,2016-01,1,2016,18.33
Clear Hills County,2016-02,2,2016,19.28
Clear Hills County,2016-03,3,2016,21.55
Clear Hills County,2016-04,4,2016,11.24
Clear Hills County,2016-05,5,2016,74.2
Clear Hills County,2016-06,6,2016,125.43
Clear Hills County,2016-07,7,2016,91.67
Clear Hills County,2016-08,8,2016,108.82
Clear Hills County,2016-09,9,2016,56.16
Clear Hills County,2016-10,10,2016,56.61
Clear Hills County,2016-11,11,2016,16.91
Clear Hills County,2016-12,12,2016,16.63
Clear Hills County,2017-01,1,2017,19.95
Clear Hills County,2017-02,2,2017,13.22
Clear Hills County,2017-03,3,2017,16.94
Clear Hills County,2017-04,4,2017,37
Clear Hills County,2017-05,5,2017,57.26
Clear Hills County,2017-06,6,2017,76.58
Clear Hills County,2017-07,7,2017,68.2
Clear Hills County,2017-08,8,2017,45.84
Clear Hills County,2017-09,9,2017,22.93
Clear Hills County,2017-10,10,2017,40.15
Clear Hills County,2017-11,11,2017,40.56
Clear Hills County,2017-12,12,2017,4.22
Clear Hills County,2018-01,1,2018,24.76
Clear Hills County,2018-02,2,2018,22.23
Clear Hills County,2018-03,3,2018,35.71
Clear Hills County,2018-04,4,2018,18.91
Clear Hills County,2018-05,5,2018,9.78
Clear Hills County,2018-06,6,2018,114.75
Clear Hills County,2018-07,7,2018,78.29
Clear Hills County,2018-08,8,2018,37.86
Clear Hills County,2018-09,9,2018,51.77
Clear Hills County,2018-10,10,2018,8.23
Clear Hills County,2018-11,11,2018,29.4
Clear Hills County,2018-12,12,2018,21.83
Clear Hills County,2019-01,1,2019,18.98
Clear Hills County,2019-02,2,2019,16.39
Clear Hills County,2019-03,3,2019,0.31
Clear Hills County,2019-04,4,2019,13.39
Clear Hills County,2019-05,5,2019,10.41
Clear Hills County,2019-06,6,2019,68.12
Clear Hills County,2019-07,7,2019,125.81
Clear Hills County,2019-08,8,2019,72.45
Clear Hills County,2019-09,9,2019,57.84
Clear Hills County,2019-10,10,2019,30.21
Clear Hills County,2019-11,11,2019,28.38
Clear Hills County,2019-12,12,2019,9.43
Clear Hills County,2020-01,1,2020,20.34
Clear Hills County,2020-02,2,2020,23.97
Clear Hills County,2020-03,3,2020,23.23
Clear Hills County,2020-04,4,2020,6.36
Clear Hills County,2020-05,5,2020,48.92
Clear Hills County,2020-06,6,2020,101
Clear Hills County,2020-07,7,2020,143.29
Clear Hills County,2020-08,8,2020,51.27
Clear Hills County,2020-09,9,2020,21.57
Clear Hills County,2020-10,10,2020,34.27
Clear Hills County,2020-11,11,2020,28.11
Clear Hills County,2020-12,12,2020,23.83
Clear Hills County,2021-01,1,2021,19.13
Clear Hills County,2021-02,2,2021,16.7
Clear Hills County,2021-03,3,2021,23.26
Clear Hills County,2021-04,4,2021,22.31
Clear Hills County,2021-05,5,2021,17.9
Clear Hills County,2021-06,6,2021,68.77
Clear Hills County,2021-07,7,2021,38.66
Clear Hills County,2021-08,8,2021,55.53
Clear Hills County,2021-09,9,2021,34.92
Clear Hills County,2021-10,10,2021,17.32
Clear Hills County,2021-11,11,2021,44.85
Clear Hills County,2021-12,12,2021,14.04
Clear Hills County,2022-01,1,2022,33.85
Clear Hills County,2022-02,2,2022,32.08
Clear Hills County,2022-03,3,2022,15.51
Clear Hills County,2022-04,4,2022,58.32
Clear Hills County,2022-05,5,2022,121.67
Clear Hills County,2022-06,6,2022,85.88
Clear Hills County,2022-07,7,2022,41.23
Clear Hills County,2022-08,8,2022,70.41
Clear Hills County,2022-09,9,2022,12.99
Clear Hills County,2022-10,10,2022,17.43
Clear Hills County,2022-11,11,2022,22.99
Clear Hills County,2022-12,12,2022,38.76
Clear Hills County,2023-01,1,2023,17.22
Clear Hills County,2023-02,2,2023,14.88
Clear Hills County,2023-03,3,2023,8.39
Clear Hills County,2023-04,4,2023,20.75
Clear Hills County,2023-05,5,2023,24.01
Clear Hills County,2023-06,6,2023,31.72
Clear Hills County,2023-07,7,2023,91.99
Clear Hills County,2023-08,8,2023,66.83
Clear Hills County,2023-09,9,2023,14.82
Clear Hills County,2023-10,10,2023,18.4
Clear Hills County,2023-11,11,2023,18.05
Clear Hills County,2023-12,12,2023,6.17
Clear Hills County,2024-01,1,2024,13.94
Clear Hills County,2024-02,2,2024,9.06
Clear Hills County,2024-03,3,2024,4.98
Clear Hills County,2024-04,4,2024,24.93
Clear Hills County,2024-05,5,2024,33.22
Clear Hills County,2024-06,6,2024,98.38
Clearwater County,2012-01,1,2012,13.68
Clearwater County,2012-02,2,2012,11.01
Clearwater County,2012-03,3,2012,34.42
Clearwater County,2012-04,4,2012,58.24
Clearwater County,2012-05,5,2012,49.1
Clearwater County,2012-06,6,2012,180.64
Clearwater County,2012-07,7,2012,108.45
Clearwater County,2012-08,8,2012,58.59
Clearwater County,2012-09,9,2012,17.86
Clearwater County,2012-10,10,2012,44.55
Clearwater County,2012-11,11,2012,18.63
Clearwater County,2012-12,12,2012,8.55
Clearwater County,2013-01,1,2013,20.81
Clearwater County,2013-02,2,2013,11.25
Clearwater County,2013-03,3,2013,25.71
Clearwater County,2013-04,4,2013,54.83
Clearwater County,2013-05,5,2013,104.64
Clearwater County,2013-06,6,2013,163.41
Clearwater County,2013-07,7,2013,95.94
Clearwater County,2013-08,8,2013,60.94
Clearwater County,2013-09,9,2013,30.67
Clearwater County,2013-10,10,2013,31.53
Clearwater County,2013-11,11,2013,33.18
Clearwater County,2013-12,12,2013,43.79
Clearwater County,2014-01,1,2014,33.15
Clearwater County,2014-02,2,2014,6.66
Clearwater County,2014-03,3,2014,32.71
Clearwater County,2014-04,4,2014,28.13
Clearwater County,2014-05,5,2014,87.77
Clearwater County,2014-06,6,2014,106.76
Clearwater County,2014-07,7,2014,40.26
Clearwater County,2014-08,8,2014,72.88
Clearwater County,2014-09,9,2014,58.7
Clearwater County,2014-10,10,2014,10.37
Clearwater County,2014-11,11,2014,38.84
Clearwater County,2014-12,12,2014,5.43
Clearwater County,2015-01,1,2015,29.62
Clearwater County,2015-02,2,2015,23.9
Clearwater County,2015-03,3,2015,16.8
Clearwater County,2015-04,4,2015,21.88
Clearwater County,2015-05,5,2015,39.68
Clearwater County,2015-06,6,2015,80.53
Clearwater County,2015-07,7,2015,90.72
Clearwater County,2015-08,8,2015,77.61
Clearwater County,2015-09,9,2015,96.44
Clearwater County,2015-10,10,2015,20.67
Clearwater County,2015-11,11,2015,22.14
Clearwater County,2015-12,12,2015,7.57
Clearwater County,2016-01,1,2016,13.28
Clearwater County,2016-02,2,2016,8
Clearwater County,2016-03,3,2016,19.35
Clearwater County,2016-04,4,2016,16.62
Clearwater County,2016-05,5,2016,92.95
Clearwater County,2016-06,6,2016,58.61
Clearwater County,2016-07,7,2016,151.87
Clearwater County,2016-08,8,2016,140.04
Clearwater County,2016-09,9,2016,65.22
Clearwater County,2016-10,10,2016,37.15
Clearwater County,2016-11,11,2016,10.82
Clearwater County,2016-12,12,2016,22.37
Clearwater County,2017-01,1,2017,11.77
Clearwater County,2017-02,2,2017,27.53
Clearwater County,2017-03,3,2017,30.81
Clearwater County,2017-04,4,2017,68.09
Clearwater County,2017-05,5,2017,71.33
Clearwater County,2017-06,6,2017,95.23
Clearwater County,2017-07,7,2017,46.26
Clearwater County,2017-08,8,2017,33.64
Clearwater County,2017-09,9,2017,75.58
Clearwater County,2017-10,10,2017,39.22
Clearwater County,2017-11,11,2017,22.61
Clearwater County,2017-12,12,2017,22.19
Clearwater County,2018-01,1,2018,13.81
Clearwater County,2018-02,2,2018,31.8
Clearwater County,2018-03,3,2018,46.09
Clearwater County,2018-04,4,2018,30.35
Clearwater County,2018-05,5,2018,44.82
Clearwater County,2018-06,6,2018,70.03
Clearwater County,2018-07,7,2018,124.91
Clearwater County,2018-08,8,2018,58.15
Clearwater County,2018-09,9,2018,77.48
Clearwater County,2018-10,10,2018,31.73
Clearwater County,2018-11,11,2018,20.47
Clearwater County,2018-12,12,2018,13.15
Clearwater County,2019-01,1,2019,10.69
Clearwater County,2019-02,2,2019,22.81
Clearwater County,2019-03,3,2019,21.95
Clearwater County,2019-04,4,2019,44.58
Clearwater County,2019-05,5,2019,50.02
Clearwater County,2019-06,6,2019,152.25
Clearwater County,2019-07,7,2019,96.53
Clearwater County,2019-08,8,2019,61.44
Clearwater County,2019-09,9,2019,58.24
Clearwater County,2019-10,10,2019,39.6
Clearwater County,2019-11,11,2019,42.02
Clearwater County,2019-12,12,2019,25.9
Clearwater County,2020-01,1,2020,11.92
Clearwater County,2020-02,2,2020,26.29
Clearwater County,2020-03,3,2020,30.64
Clearwater County,2020-04,4,2020,38.41
Clearwater County,2020-05,5,2020,114.27
Clearwater County,2020-06,6,2020,109.48
Clearwater County,2020-07,7,2020,96.36
Clearwater County,2020-08,8,2020,32.86
Clearwater County,2020-09,9,2020,34.13
Clearwater County,2020-10,10,2020,41.39
Clearwater County,2020-11,11,2020,23.33
Clearwater County,2020-12,12,2020,21.43
Clearwater County,2021-01,1,2021,7.12
Clearwater County,2021-02,2,2021,15.7
Clearwater County,2021-03,3,2021,17.07
Clearwater County,2021-04,4,2021,24.08
Clearwater County,2021-05,5,2021,84.48
Clearwater County,2021-06,6,2021,78.54
Clearwater County,2021-07,7,2021,58.89
Clearwater County,2021-08,8,2021,90.64
Clearwater County,2021-09,9,2021,32.16
Clearwater County,2021-10,10,2021,20.54
Clearwater County,2021-11,11,2021,20.65
Clearwater County,2021-12,12,2021,29.34
Clearwater County,2022-01,1,2022,11.17
Clearwater County,2022-02,2,2022,24.03
Clearwater County,2022-03,3,2022,20.41
Clearwater County,2022-04,4,2022,38.55
Clearwater County,2022-05,5,2022,31.16
Clearwater County,2022-06,6,2022,188.69
Clearwater County,2022-07,7,2022,65.93
Clearwater County,2022-08,8,2022,53.24
Clearwater County,2022-09,9,2022,11.13
Clearwater County,2022-10,10,2022,25.65
Clearwater County,2022-11,11,2022,45.47
Clearwater County,2022-12,12,2022,12.62
Clearwater County,2023-01,1,2023,17.54
Clearwater County,2023-02,2,2023,26.86
Clearwater County,2023-03,3,2023,12.58
Clearwater County,2023-04,4,2023,21.14
Clearwater County,2023-05,5,2023,64.66
Clearwater County,2023-06,6,2023,161.56
Clearwater County,2023-07,7,2023,78.39
Clearwater County,2023-08,8,2023,81.21
Clearwater County,2023-09,9,2023,22.33
Clearwater County,2023-10,10,2023,31.81
Clearwater County,2023-11,11,2023,15.18
Clearwater County,2023-12,12,2023,19.46
Clearwater County,2024-01,1,2024,16.27
Clearwater County,2024-02,2,2024,35.68
Clearwater County,2024-03,3,2024,25.36
Clearwater County,2024-04,4,2024,39.53
Clearwater County,2024-05,5,2024,98.82
Clearwater County,2024-06,6,2024,68.29
County of  Northern Lights,2012-01,1,2012,21.55
County of  Northern Lights,2012-02,2,2012,3.42
County of  Northern Lights,2012-03,3,2012,20.04
County of  Northern Lights,2012-04,4,2012,40.9
County of  Northern Lights,2012-05,5,2012,15.72
County of  Northern Lights,2012-06,6,2012,89.1
County of  Northern Lights,2012-07,7,2012,54.48
County of  Northern Lights,2012-08,8,2012,17.94
County of  Northern Lights,2012-09,9,2012,17.9
County of  Northern Lights,2012-10,10,2012,60.63
County of  Northern Lights,2012-11,11,2012,17.23
County of  Northern Lights,2012-12,12,2012,23.23
County of  Northern Lights,2013-01,1,2013,29.49
County of  Northern Lights,2013-02,2,2013,16
County of  Northern Lights,2013-03,3,2013,11.04
County of  Northern Lights,2013-04,4,2013,35.79
County of  Northern Lights,2013-05,5,2013,31.75
County of  Northern Lights,2013-06,6,2013,69.17
County of  Northern Lights,2013-07,7,2013,97.29
County of  Northern Lights,2013-08,8,2013,43.94
County of  Northern Lights,2013-09,9,2013,32.06
County of  Northern Lights,2013-10,10,2013,15.1
County of  Northern Lights,2013-11,11,2013,17.45
County of  Northern Lights,2013-12,12,2013,47.54
County of  Northern Lights,2014-01,1,2014,11.09
County of  Northern Lights,2014-02,2,2014,12.03
County of  Northern Lights,2014-03,3,2014,12.53
County of  Northern Lights,2014-04,4,2014,53.76
County of  Northern Lights,2014-05,5,2014,32.25
County of  Northern Lights,2014-06,6,2014,59.03
County of  Northern Lights,2014-07,7,2014,49.82
County of  Northern Lights,2014-08,8,2014,19.58
County of  Northern Lights,2014-09,9,2014,38.14
County of  Northern Lights,2014-10,10,2014,29.72
County of  Northern Lights,2014-11,11,2014,24.91
County of  Northern Lights,2014-12,12,2014,10.47
County of  Northern Lights,2015-01,1,2015,17.04
County of  Northern Lights,2015-02,2,2015,24.45
County of  Northern Lights,2015-03,3,2015,25.44
County of  Northern Lights,2015-04,4,2015,12.08
County of  Northern Lights,2015-05,5,2015,18.5
County of  Northern Lights,2015-06,6,2015,49.39
County of  Northern Lights,2015-07,7,2015,65.68
County of  Northern Lights,2015-08,8,2015,70.96
County of  Northern Lights,2015-09,9,2015,34.06
County of  Northern Lights,2015-10,10,2015,22.95
County of  Northern Lights,2015-11,11,2015,10.14
County of  Northern Lights,2015-12,12,2015,10.1
County of  Northern Lights,2016-01,1,2016,13.73
County of  Northern Lights,2016-02,2,2016,17.7
County of  Northern Lights,2016-03,3,2016,16.83
County of  Northern Lights,2016-04,4,2016,8.28
County of  Northern Lights,2016-05,5,2016,81.66
County of  Northern Lights,2016-06,6,2016,128.41
County of  Northern Lights,2016-07,7,2016,54.41
County of  Northern Lights,2016-08,8,2016,73.38
County of  Northern Lights,2016-09,9,2016,41.09
County of  Northern Lights,2016-10,10,2016,39.83
County of  Northern Lights,2016-11,11,2016,8.9
County of  Northern Lights,2016-12,12,2016,11.39
County of  Northern Lights,2017-01,1,2017,16.35
County of  Northern Lights,2017-02,2,2017,13.68
County of  Northern Lights,2017-03,3,2017,8.28
County of  Northern Lights,2017-04,4,2017,20.27
County of  Northern Lights,2017-05,5,2017,44.4
County of  Northern Lights,2017-06,6,2017,73.43
County of  Northern Lights,2017-07,7,2017,70.52
County of  Northern Lights,2017-08,8,2017,46.92
County of  Northern Lights,2017-09,9,2017,21.33
County of  Northern Lights,2017-10,10,2017,22.54
County of  Northern Lights,2017-11,11,2017,32.42
County of  Northern Lights,2017-12,12,2017,5.83
County of  Northern Lights,2018-01,1,2018,20.76
County of  Northern Lights,2018-02,2,2018,10.35
County of  Northern Lights,2018-03,3,2018,22.66
County of  Northern Lights,2018-04,4,2018,12.61
County of  Northern Lights,2018-05,5,2018,7.3
County of  Northern Lights,2018-06,6,2018,130.94
County of  Northern Lights,2018-07,7,2018,66.35
County of  Northern Lights,2018-08,8,2018,57.62
County of  Northern Lights,2018-09,9,2018,42.42
County of  Northern Lights,2018-10,10,2018,3.7
County of  Northern Lights,2018-11,11,2018,19.09
County of  Northern Lights,2018-12,12,2018,16.38
County of  Northern Lights,2019-01,1,2019,15.8
County of  Northern Lights,2019-02,2,2019,10.72
County of  Northern Lights,2019-03,3,2019,0.3
County of  Northern Lights,2019-04,4,2019,12.69
County of  Northern Lights,2019-05,5,2019,7.18
County of  Northern Lights,2019-06,6,2019,59.52
County of  Northern Lights,2019-07,7,2019,130.87
County of  Northern Lights,2019-08,8,2019,69.73
County of  Northern Lights,2019-09,9,2019,56.91
County of  Northern Lights,2019-10,10,2019,19.52
County of  Northern Lights,2019-11,11,2019,21.22
County of  Northern Lights,2019-12,12,2019,11.95
County of  Northern Lights,2020-01,1,2020,18.9
County of  Northern Lights,2020-02,2,2020,14.14
County of  Northern Lights,2020-03,3,2020,12.2
County of  Northern Lights,2020-04,4,2020,10.07
County of  Northern Lights,2020-05,5,2020,48.08
County of  Northern Lights,2020-06,6,2020,105.86
County of  Northern Lights,2020-07,7,2020,165.46
County of  Northern Lights,2020-08,8,2020,72.46
County of  Northern Lights,2020-09,9,2020,23.22
County of  Northern Lights,2020-10,10,2020,32.23
County of  Northern Lights,2020-11,11,2020,25.06
County of  Northern Lights,2020-12,12,2020,22.86
County of  Northern Lights,2021-01,1,2021,14.58
County of  Northern Lights,2021-02,2,2021,13.27
County of  Northern Lights,2021-03,3,2021,16.26
County of  Northern Lights,2021-04,4,2021,9.97
County of  Northern Lights,2021-05,5,2021,19.2
County of  Northern Lights,2021-06,6,2021,79.79
County of  Northern Lights,2021-07,7,2021,73.86
County of  Northern Lights,2021-08,8,2021,63.76
County of  Northern Lights,2021-09,9,2021,47.42
County of  Northern Lights,2021-10,10,2021,18.45
County of  Northern Lights,2021-11,11,2021,32.09
County of  Northern Lights,2021-12,12,2021,8.78
County of  Northern Lights,2022-01,1,2022,32.97
County of  Northern Lights,2022-02,2,2022,30.39
County of  Northern Lights,2022-03,3,2022,12.97
County of  Northern Lights,2022-04,4,2022,44.75
County of  Northern Lights,2022-05,5,2022,100.24
County of  Northern Lights,2022-06,6,2022,78.54
County of  Northern Lights,2022-07,7,2022,36.91
County of  Northern Lights,2022-08,8,2022,67.9
County of  Northern Lights,2022-09,9,2022,20.39
County of  Northern Lights,2022-10,10,2022,12.6
County of  Northern Lights,2022-11,11,2022,20.34
County of  Northern Lights,2022-12,12,2022,26.1
County of  Northern Lights,2023-01,1,2023,11.42
County of  Northern Lights,2023-02,2,2023,11.98
County of  Northern Lights,2023-03,3,2023,8.04
County of  Northern Lights,2023-04,4,2023,9.17
County of  Northern Lights,2023-05,5,2023,18.83
County of  Northern Lights,2023-06,6,2023,26.44
County of  Northern Lights,2023-07,7,2023,76.97
County of  Northern Lights,2023-08,8,2023,53.24
County of  Northern Lights,2023-09,9,2023,14.19
County of  Northern Lights,2023-10,10,2023,7.63
County of  Northern Lights,2023-11,11,2023,12.96
County of  Northern Lights,2023-12,12,2023,3.21
County of  Northern Lights,2024-01,1,2024,18.17
County of  Northern Lights,2024-02,2,2024,5.66
County of  Northern Lights,2024-03,3,2024,5.75
County of  Northern Lights,2024-04,4,2024,22.49
County of  Northern Lights,2024-05,5,2024,49
County of  Northern Lights,2024-06,6,2024,105
County of Barrhead No. 11,2012-01,1,2012,15.96
County of Barrhead No. 11,2012-02,2,2012,12.36
County of Barrhead No. 11,2012-03,3,2012,16.27
County of Barrhead No. 11,2012-04,4,2012,48.37
County of Barrhead No. 11,2012-05,5,2012,47.45
County of Barrhead No. 11,2012-06,6,2012,54.86
County of Barrhead No. 11,2012-07,7,2012,143.88
County of Barrhead No. 11,2012-08,8,2012,42.05
County of Barrhead No. 11,2012-09,9,2012,24.48
County of Barrhead No. 11,2012-10,10,2012,28.33
County of Barrhead No. 11,2012-11,11,2012,22.01
County of Barrhead No. 11,2012-12,12,2012,20.58
County of Barrhead No. 11,2013-01,1,2013,26.75
County of Barrhead No. 11,2013-02,2,2013,4.74
County of Barrhead No. 11,2013-03,3,2013,28.38
County of Barrhead No. 11,2013-04,4,2013,21.61
County of Barrhead No. 11,2013-05,5,2013,32.35
County of Barrhead No. 11,2013-06,6,2013,79.78
County of Barrhead No. 11,2013-07,7,2013,86.74
County of Barrhead No. 11,2013-08,8,2013,55.36
County of Barrhead No. 11,2013-09,9,2013,2.99
County of Barrhead No. 11,2013-10,10,2013,15.54
County of Barrhead No. 11,2013-11,11,2013,33.52
County of Barrhead No. 11,2013-12,12,2013,47.02
County of Barrhead No. 11,2014-01,1,2014,6.41
County of Barrhead No. 11,2014-02,2,2014,10.74
County of Barrhead No. 11,2014-03,3,2014,6.78
County of Barrhead No. 11,2014-04,4,2014,51.6
County of Barrhead No. 11,2014-05,5,2014,47.36
County of Barrhead No. 11,2014-06,6,2014,59.57
County of Barrhead No. 11,2014-07,7,2014,76.94
County of Barrhead No. 11,2014-08,8,2014,33.16
County of Barrhead No. 11,2014-09,9,2014,37.5
County of Barrhead No. 11,2014-10,10,2014,12.46
County of Barrhead No. 11,2014-11,11,2014,35.44
County of Barrhead No. 11,2014-12,12,2014,8.3
County of Barrhead No. 11,2015-01,1,2015,20.43
County of Barrhead No. 11,2015-02,2,2015,17.73
County of Barrhead No. 11,2015-03,3,2015,19.9
County of Barrhead No. 11,2015-04,4,2015,17.34
County of Barrhead No. 11,2015-05,5,2015,23.85
County of Barrhead No. 11,2015-06,6,2015,42.53
County of Barrhead No. 11,2015-07,7,2015,57.05
County of Barrhead No. 11,2015-08,8,2015,28.23
County of Barrhead No. 11,2015-09,9,2015,38.89
County of Barrhead No. 11,2015-10,10,2015,22.89
County of Barrhead No. 11,2015-11,11,2015,28
County of Barrhead No. 11,2015-12,12,2015,11.23
County of Barrhead No. 11,2016-01,1,2016,8.39
County of Barrhead No. 11,2016-02,2,2016,13.9
County of Barrhead No. 11,2016-03,3,2016,21.64
County of Barrhead No. 11,2016-04,4,2016,5.39
County of Barrhead No. 11,2016-05,5,2016,106.63
County of Barrhead No. 11,2016-06,6,2016,90.7
County of Barrhead No. 11,2016-07,7,2016,70.16
County of Barrhead No. 11,2016-08,8,2016,132.14
County of Barrhead No. 11,2016-09,9,2016,34.72
County of Barrhead No. 11,2016-10,10,2016,60.81
County of Barrhead No. 11,2016-11,11,2016,7.3
County of Barrhead No. 11,2016-12,12,2016,10.05
County of Barrhead No. 11,2017-01,1,2017,7.13
County of Barrhead No. 11,2017-02,2,2017,12.38
County of Barrhead No. 11,2017-03,3,2017,12.39
County of Barrhead No. 11,2017-04,4,2017,65.77
County of Barrhead No. 11,2017-05,5,2017,34.14
County of Barrhead No. 11,2017-06,6,2017,116.66
County of Barrhead No. 11,2017-07,7,2017,100.92
County of Barrhead No. 11,2017-08,8,2017,40.88
County of Barrhead No. 11,2017-09,9,2017,59.66
County of Barrhead No. 11,2017-10,10,2017,29.58
County of Barrhead No. 11,2017-11,11,2017,18.14
County of Barrhead No. 11,2017-12,12,2017,1.85
County of Barrhead No. 11,2018-01,1,2018,20.03
County of Barrhead No. 11,2018-02,2,2018,12.9
County of Barrhead No. 11,2018-03,3,2018,21.54
County of Barrhead No. 11,2018-04,4,2018,14.03
County of Barrhead No. 11,2018-05,5,2018,12.94
County of Barrhead No. 11,2018-06,6,2018,71.05
County of Barrhead No. 11,2018-07,7,2018,95.82
County of Barrhead No. 11,2018-08,8,2018,59.14
County of Barrhead No. 11,2018-09,9,2018,53.91
County of Barrhead No. 11,2018-10,10,2018,24.36
County of Barrhead No. 11,2018-11,11,2018,22.14
County of Barrhead No. 11,2018-12,12,2018,25.82
County of Barrhead No. 11,2019-01,1,2019,21.12
County of Barrhead No. 11,2019-02,2,2019,18.87
County of Barrhead No. 11,2019-03,3,2019,4.03
County of Barrhead No. 11,2019-04,4,2019,14.26
County of Barrhead No. 11,2019-05,5,2019,29.64
County of Barrhead No. 11,2019-06,6,2019,130.03
County of Barrhead No. 11,2019-07,7,2019,124.44
County of Barrhead No. 11,2019-08,8,2019,30.57
County of Barrhead No. 11,2019-09,9,2019,53.21
County of Barrhead No. 11,2019-10,10,2019,17.52
County of Barrhead No. 11,2019-11,11,2019,29.99
County of Barrhead No. 11,2019-12,12,2019,14.31
County of Barrhead No. 11,2020-01,1,2020,19.8
County of Barrhead No. 11,2020-02,2,2020,16.23
County of Barrhead No. 11,2020-03,3,2020,16.26
County of Barrhead No. 11,2020-04,4,2020,3.12
County of Barrhead No. 11,2020-05,5,2020,70.91
County of Barrhead No. 11,2020-06,6,2020,92.62
County of Barrhead No. 11,2020-07,7,2020,90.31
County of Barrhead No. 11,2020-08,8,2020,40.46
County of Barrhead No. 11,2020-09,9,2020,7.85
County of Barrhead No. 11,2020-10,10,2020,8.77
County of Barrhead No. 11,2020-11,11,2020,20.51
County of Barrhead No. 11,2020-12,12,2020,4.63
County of Barrhead No. 11,2021-01,1,2021,12.29
County of Barrhead No. 11,2021-02,2,2021,9.68
County of Barrhead No. 11,2021-03,3,2021,7.85
County of Barrhead No. 11,2021-04,4,2021,6.69
County of Barrhead No. 11,2021-05,5,2021,62.76
County of Barrhead No. 11,2021-06,6,2021,38.82
County of Barrhead No. 11,2021-07,7,2021,41.12
County of Barrhead No. 11,2021-08,8,2021,30.6
County of Barrhead No. 11,2021-09,9,2021,37.04
County of Barrhead No. 11,2021-10,10,2021,24.44
County of Barrhead No. 11,2021-11,11,2021,21.1
County of Barrhead No. 11,2021-12,12,2021,26.1
County of Barrhead No. 11,2022-01,1,2022,27.13
County of Barrhead No. 11,2022-02,2,2022,13.34
County of Barrhead No. 11,2022-03,3,2022,18.71
County of Barrhead No. 11,2022-04,4,2022,28.97
County of Barrhead No. 11,2022-05,5,2022,28.45
County of Barrhead No. 11,2022-06,6,2022,117.46
County of Barrhead No. 11,2022-07,7,2022,49.86
County of Barrhead No. 11,2022-08,8,2022,33.67
County of Barrhead No. 11,2022-09,9,2022,20.95
County of Barrhead No. 11,2022-10,10,2022,5.85
County of Barrhead No. 11,2022-11,11,2022,16.57
County of Barrhead No. 11,2022-12,12,2022,21.86
County of Barrhead No. 11,2023-01,1,2023,4.17
County of Barrhead No. 11,2023-02,2,2023,8.74
County of Barrhead No. 11,2023-03,3,2023,3.25
County of Barrhead No. 11,2023-04,4,2023,4.44
County of Barrhead No. 11,2023-05,5,2023,51.66
County of Barrhead No. 11,2023-06,6,2023,131.17
County of Barrhead No. 11,2023-07,7,2023,147.11
County of Barrhead No. 11,2023-08,8,2023,76.95
County of Barrhead No. 11,2023-09,9,2023,12.24
County of Barrhead No. 11,2023-10,10,2023,5.47
County of Barrhead No. 11,2023-11,11,2023,0.76
County of Barrhead No. 11,2023-12,12,2023,1.4
County of Barrhead No. 11,2024-01,1,2024,14
County of Barrhead No. 11,2024-02,2,2024,14.81
County of Barrhead No. 11,2024-03,3,2024,6.58
County of Barrhead No. 11,2024-04,4,2024,27.68
County of Barrhead No. 11,2024-05,5,2024,40.03
County of Barrhead No. 11,2024-06,6,2024,79.68
County of Forty Mile No. 8,2012-01,1,2012,4.52
County of Forty Mile No. 8,2012-02,2,2012,10.49
County of Forty Mile No. 8,2012-03,3,2012,13.89
County of Forty Mile No. 8,2012-04,4,2012,41.41
County of Forty Mile No. 8,2012-05,5,2012,72.89
County of Forty Mile No. 8,2012-06,6,2012,111.03
County of Forty Mile No. 8,2012-07,7,2012,21.96
County of Forty Mile No. 8,2012-08,8,2012,25.18
County of Forty Mile No. 8,2012-09,9,2012,4.37
County of Forty Mile No. 8,2012-10,10,2012,36.08
County of Forty Mile No. 8,2012-11,11,2012,15.48
County of Forty Mile No. 8,2012-12,12,2012,9.88
County of Forty Mile No. 8,2013-01,1,2013,12.3
County of Forty Mile No. 8,2013-02,2,2013,6.7
County of Forty Mile No. 8,2013-03,3,2013,7.33
County of Forty Mile No. 8,2013-04,4,2013,27.03
County of Forty Mile No. 8,2013-05,5,2013,49.66
County of Forty Mile No. 8,2013-06,6,2013,89.31
County of Forty Mile No. 8,2013-07,7,2013,66.01
County of Forty Mile No. 8,2013-08,8,2013,31.91
County of Forty Mile No. 8,2013-09,9,2013,70.12
County of Forty Mile No. 8,2013-10,10,2013,14.83
County of Forty Mile No. 8,2013-11,11,2013,12.44
County of Forty Mile No. 8,2013-12,12,2013,18.67
County of Forty Mile No. 8,2014-01,1,2014,10.73
County of Forty Mile No. 8,2014-02,2,2014,3.12
County of Forty Mile No. 8,2014-03,3,2014,15.81
County of Forty Mile No. 8,2014-04,4,2014,30.49
County of Forty Mile No. 8,2014-05,5,2014,36.64
County of Forty Mile No. 8,2014-06,6,2014,102.11
County of Forty Mile No. 8,2014-07,7,2014,19.02
County of Forty Mile No. 8,2014-08,8,2014,73.95
County of Forty Mile No. 8,2014-09,9,2014,45.54
County of Forty Mile No. 8,2014-10,10,2014,19.52
County of Forty Mile No. 8,2014-11,11,2014,28.13
County of Forty Mile No. 8,2014-12,12,2014,9.92
County of Forty Mile No. 8,2015-01,1,2015,19.17
County of Forty Mile No. 8,2015-02,2,2015,8.06
County of Forty Mile No. 8,2015-03,3,2015,17.34
County of Forty Mile No. 8,2015-04,4,2015,11.33
County of Forty Mile No. 8,2015-05,5,2015,15.99
County of Forty Mile No. 8,2015-06,6,2015,21.44
County of Forty Mile No. 8,2015-07,7,2015,54.52
County of Forty Mile No. 8,2015-08,8,2015,14.08
County of Forty Mile No. 8,2015-09,9,2015,48.06
County of Forty Mile No. 8,2015-10,10,2015,24.04
County of Forty Mile No. 8,2015-11,11,2015,19.18
County of Forty Mile No. 8,2015-12,12,2015,11.48
County of Forty Mile No. 8,2016-01,1,2016,8.24
County of Forty Mile No. 8,2016-02,2,2016,7.23
County of Forty Mile No. 8,2016-03,3,2016,10.24
County of Forty Mile No. 8,2016-04,4,2016,60.38
County of Forty Mile No. 8,2016-05,5,2016,66.92
County of Forty Mile No. 8,2016-06,6,2016,48.74
County of Forty Mile No. 8,2016-07,7,2016,68.57
County of Forty Mile No. 8,2016-08,8,2016,69.39
County of Forty Mile No. 8,2016-09,9,2016,33.99
County of Forty Mile No. 8,2016-10,10,2016,41.39
County of Forty Mile No. 8,2016-11,11,2016,1.45
County of Forty Mile No. 8,2016-12,12,2016,17.62
County of Forty Mile No. 8,2017-01,1,2017,9.08
County of Forty Mile No. 8,2017-02,2,2017,17.81
County of Forty Mile No. 8,2017-03,3,2017,11.52
County of Forty Mile No. 8,2017-04,4,2017,33.54
County of Forty Mile No. 8,2017-05,5,2017,31.56
County of Forty Mile No. 8,2017-06,6,2017,61.22
County of Forty Mile No. 8,2017-07,7,2017,14.63
County of Forty Mile No. 8,2017-08,8,2017,13.51
County of Forty Mile No. 8,2017-09,9,2017,4.8
County of Forty Mile No. 8,2017-10,10,2017,31.08
County of Forty Mile No. 8,2017-11,11,2017,15.28
County of Forty Mile No. 8,2017-12,12,2017,18.45
County of Forty Mile No. 8,2018-01,1,2018,8.23
County of Forty Mile No. 8,2018-02,2,2018,21.8
County of Forty Mile No. 8,2018-03,3,2018,22.13
County of Forty Mile No. 8,2018-04,4,2018,11.78
County of Forty Mile No. 8,2018-05,5,2018,30.72
County of Forty Mile No. 8,2018-06,6,2018,40.52
County of Forty Mile No. 8,2018-07,7,2018,20.14
County of Forty Mile No. 8,2018-08,8,2018,15.12
County of Forty Mile No. 8,2018-09,9,2018,20.17
County of Forty Mile No. 8,2018-10,10,2018,13.9
County of Forty Mile No. 8,2018-11,11,2018,18.04
County of Forty Mile No. 8,2018-12,12,2018,8.01
County of Forty Mile No. 8,2019-01,1,2019,8.71
County of Forty Mile No. 8,2019-02,2,2019,20.01
County of Forty Mile No. 8,2019-03,3,2019,8.17
County of Forty Mile No. 8,2019-04,4,2019,6.91
County of Forty Mile No. 8,2019-05,5,2019,37.61
County of Forty Mile No. 8,2019-06,6,2019,31.39
County of Forty Mile No. 8,2019-07,7,2019,21.78
County of Forty Mile No. 8,2019-08,8,2019,35.1
County of Forty Mile No. 8,2019-09,9,2019,46
County of Forty Mile No. 8,2019-10,10,2019,9.79
County of Forty Mile No. 8,2019-11,11,2019,32.47
County of Forty Mile No. 8,2019-12,12,2019,10.31
County of Forty Mile No. 8,2020-01,1,2020,7.78
County of Forty Mile No. 8,2020-02,2,2020,10.65
County of Forty Mile No. 8,2020-03,3,2020,7.64
County of Forty Mile No. 8,2020-04,4,2020,12.82
County of Forty Mile No. 8,2020-05,5,2020,80.3
County of Forty Mile No. 8,2020-06,6,2020,81.9
County of Forty Mile No. 8,2020-07,7,2020,21.84
County of Forty Mile No. 8,2020-08,8,2020,5.73
County of Forty Mile No. 8,2020-09,9,2020,42.32
County of Forty Mile No. 8,2020-10,10,2020,23.82
County of Forty Mile No. 8,2020-11,11,2020,19.52
County of Forty Mile No. 8,2020-12,12,2020,6.04
County of Forty Mile No. 8,2021-01,1,2021,2.36
County of Forty Mile No. 8,2021-02,2,2021,9.71
County of Forty Mile No. 8,2021-03,3,2021,5.71
County of Forty Mile No. 8,2021-04,4,2021,10.13
County of Forty Mile No. 8,2021-05,5,2021,55.83
County of Forty Mile No. 8,2021-06,6,2021,11.59
County of Forty Mile No. 8,2021-07,7,2021,14.1
County of Forty Mile No. 8,2021-08,8,2021,31.49
County of Forty Mile No. 8,2021-09,9,2021,13.25
County of Forty Mile No. 8,2021-10,10,2021,12.02
County of Forty Mile No. 8,2021-11,11,2021,7.94
County of Forty Mile No. 8,2021-12,12,2021,12.02
County of Forty Mile No. 8,2022-01,1,2022,4.49
County of Forty Mile No. 8,2022-02,2,2022,7.73
County of Forty Mile No. 8,2022-03,3,2022,14.42
County of Forty Mile No. 8,2022-04,4,2022,8.23
County of Forty Mile No. 8,2022-05,5,2022,19.91
County of Forty Mile No. 8,2022-06,6,2022,105.98
County of Forty Mile No. 8,2022-07,7,2022,53.2
County of Forty Mile No. 8,2022-08,8,2022,28.51
County of Forty Mile No. 8,2022-09,9,2022,8.05
County of Forty Mile No. 8,2022-10,10,2022,27.07
County of Forty Mile No. 8,2022-11,11,2022,17.35
County of Forty Mile No. 8,2022-12,12,2022,20.56
County of Forty Mile No. 8,2023-01,1,2023,5.48
County of Forty Mile No. 8,2023-02,2,2023,10.28
County of Forty Mile No. 8,2023-03,3,2023,10.23
County of Forty Mile No. 8,2023-04,4,2023,10.07
County of Forty Mile No. 8,2023-05,5,2023,27.03
County of Forty Mile No. 8,2023-06,6,2023,40.3
County of Forty Mile No. 8,2023-07,7,2023,27.24
County of Forty Mile No. 8,2023-08,8,2023,31.87
County of Forty Mile No. 8,2023-09,9,2023,11.7
County of Forty Mile No. 8,2023-10,10,2023,35.42
County of Forty Mile No. 8,2023-11,11,2023,6.8
County of Forty Mile No. 8,2023-12,12,2023,4.13
County of Forty Mile No. 8,2024-01,1,2024,13.54
County of Forty Mile No. 8,2024-02,2,2024,12.31
County of Forty Mile No. 8,2024-03,3,2024,19.88
County of Forty Mile No. 8,2024-04,4,2024,24.66
County of Forty Mile No. 8,2024-05,5,2024,98.39
County of Forty Mile No. 8,2024-06,6,2024,46.74
County of Grande Prairie No. 1,2012-01,1,2012,16.15
County of Grande Prairie No. 1,2012-02,2,2012,7.56
County of Grande Prairie No. 1,2012-03,3,2012,13.87
County of Grande Prairie No. 1,2012-04,4,2012,33.44
County of Grande Prairie No. 1,2012-05,5,2012,32.68
County of Grande Prairie No. 1,2012-06,6,2012,91.89
County of Grande Prairie No. 1,2012-07,7,2012,56.32
County of Grande Prairie No. 1,2012-08,8,2012,27.16
County of Grande Prairie No. 1,2012-09,9,2012,12.61
County of Grande Prairie No. 1,2012-10,10,2012,89.59
County of Grande Prairie No. 1,2012-11,11,2012,31.94
County of Grande Prairie No. 1,2012-12,12,2012,28.28
County of Grande Prairie No. 1,2013-01,1,2013,20.1
County of Grande Prairie No. 1,2013-02,2,2013,5.94
County of Grande Prairie No. 1,2013-03,3,2013,28.3
County of Grande Prairie No. 1,2013-04,4,2013,19.72
County of Grande Prairie No. 1,2013-05,5,2013,32.75
County of Grande Prairie No. 1,2013-06,6,2013,88.98
County of Grande Prairie No. 1,2013-07,7,2013,72.5
County of Grande Prairie No. 1,2013-08,8,2013,62
County of Grande Prairie No. 1,2013-09,9,2013,30.67
County of Grande Prairie No. 1,2013-10,10,2013,23.19
County of Grande Prairie No. 1,2013-11,11,2013,32.65
County of Grande Prairie No. 1,2013-12,12,2013,80.27
County of Grande Prairie No. 1,2014-01,1,2014,12.41
County of Grande Prairie No. 1,2014-02,2,2014,15.79
County of Grande Prairie No. 1,2014-03,3,2014,11.96
County of Grande Prairie No. 1,2014-04,4,2014,28.05
County of Grande Prairie No. 1,2014-05,5,2014,15.35
County of Grande Prairie No. 1,2014-06,6,2014,60.99
County of Grande Prairie No. 1,2014-07,7,2014,57.15
County of Grande Prairie No. 1,2014-08,8,2014,11.25
County of Grande Prairie No. 1,2014-09,9,2014,45.33
County of Grande Prairie No. 1,2014-10,10,2014,38.65
County of Grande Prairie No. 1,2014-11,11,2014,38.06
County of Grande Prairie No. 1,2014-12,12,2014,15.87
County of Grande Prairie No. 1,2015-01,1,2015,37.59
County of Grande Prairie No. 1,2015-02,2,2015,24.53
County of Grande Prairie No. 1,2015-03,3,2015,38.98
County of Grande Prairie No. 1,2015-04,4,2015,33.17
County of Grande Prairie No. 1,2015-05,5,2015,29.17
County of Grande Prairie No. 1,2015-06,6,2015,86.62
County of Grande Prairie No. 1,2015-07,7,2015,28.87
County of Grande Prairie No. 1,2015-08,8,2015,49.54
County of Grande Prairie No. 1,2015-09,9,2015,25.92
County of Grande Prairie No. 1,2015-10,10,2015,37.82
County of Grande Prairie No. 1,2015-11,11,2015,19.14
County of Grande Prairie No. 1,2015-12,12,2015,10.31
County of Grande Prairie No. 1,2016-01,1,2016,17.64
County of Grande Prairie No. 1,2016-02,2,2016,11.97
County of Grande Prairie No. 1,2016-03,3,2016,29.93
County of Grande Prairie No. 1,2016-04,4,2016,13.89
County of Grande Prairie No. 1,2016-05,5,2016,69.02
County of Grande Prairie No. 1,2016-06,6,2016,145.32
County of Grande Prairie No. 1,2016-07,7,2016,69.22
County of Grande Prairie No. 1,2016-08,8,2016,115.03
County of Grande Prairie No. 1,2016-09,9,2016,35.79
County of Grande Prairie No. 1,2016-10,10,2016,59.69
County of Grande Prairie No. 1,2016-11,11,2016,21.31
County of Grande Prairie No. 1,2016-12,12,2016,6.52
County of Grande Prairie No. 1,2017-01,1,2017,18.51
County of Grande Prairie No. 1,2017-02,2,2017,14.39
County of Grande Prairie No. 1,2017-03,3,2017,16.43
County of Grande Prairie No. 1,2017-04,4,2017,49.68
County of Grande Prairie No. 1,2017-05,5,2017,69.9
County of Grande Prairie No. 1,2017-06,6,2017,73.39
County of Grande Prairie No. 1,2017-07,7,2017,38.19
County of Grande Prairie No. 1,2017-08,8,2017,43.39
County of Grande Prairie No. 1,2017-09,9,2017,82.95
County of Grande Prairie No. 1,2017-10,10,2017,38.81
County of Grande Prairie No. 1,2017-11,11,2017,50.34
County of Grande Prairie No. 1,2017-12,12,2017,2.28
County of Grande Prairie No. 1,2018-01,1,2018,32.5
County of Grande Prairie No. 1,2018-02,2,2018,28.58
County of Grande Prairie No. 1,2018-03,3,2018,30.13
County of Grande Prairie No. 1,2018-04,4,2018,14.28
County of Grande Prairie No. 1,2018-05,5,2018,11.44
County of Grande Prairie No. 1,2018-06,6,2018,54.53
County of Grande Prairie No. 1,2018-07,7,2018,162.45
County of Grande Prairie No. 1,2018-08,8,2018,65.46
County of Grande Prairie No. 1,2018-09,9,2018,39.73
County of Grande Prairie No. 1,2018-10,10,2018,24.63
County of Grande Prairie No. 1,2018-11,11,2018,36.7
County of Grande Prairie No. 1,2018-12,12,2018,17.74
County of Grande Prairie No. 1,2019-01,1,2019,26.84
County of Grande Prairie No. 1,2019-02,2,2019,18.94
County of Grande Prairie No. 1,2019-03,3,2019,2.1
County of Grande Prairie No. 1,2019-04,4,2019,20.93
County of Grande Prairie No. 1,2019-05,5,2019,31.51
County of Grande Prairie No. 1,2019-06,6,2019,87.88
County of Grande Prairie No. 1,2019-07,7,2019,86.46
County of Grande Prairie No. 1,2019-08,8,2019,56.99
County of Grande Prairie No. 1,2019-09,9,2019,36.96
County of Grande Prairie No. 1,2019-10,10,2019,51.89
County of Grande Prairie No. 1,2019-11,11,2019,59.55
County of Grande Prairie No. 1,2019-12,12,2019,8.68
County of Grande Prairie No. 1,2020-01,1,2020,26.68
County of Grande Prairie No. 1,2020-02,2,2020,14.11
County of Grande Prairie No. 1,2020-03,3,2020,32.64
County of Grande Prairie No. 1,2020-04,4,2020,6.13
County of Grande Prairie No. 1,2020-05,5,2020,50.17
County of Grande Prairie No. 1,2020-06,6,2020,69.03
County of Grande Prairie No. 1,2020-07,7,2020,88.89
County of Grande Prairie No. 1,2020-08,8,2020,35.18
County of Grande Prairie No. 1,2020-09,9,2020,19.63
County of Grande Prairie No. 1,2020-10,10,2020,29.64
County of Grande Prairie No. 1,2020-11,11,2020,26.28
County of Grande Prairie No. 1,2020-12,12,2020,10.16
County of Grande Prairie No. 1,2021-01,1,2021,6.22
County of Grande Prairie No. 1,2021-02,2,2021,26.77
County of Grande Prairie No. 1,2021-03,3,2021,13.69
County of Grande Prairie No. 1,2021-04,4,2021,13.51
County of Grande Prairie No. 1,2021-05,5,2021,45.95
County of Grande Prairie No. 1,2021-06,6,2021,14.27
County of Grande Prairie No. 1,2021-07,7,2021,38.24
County of Grande Prairie No. 1,2021-08,8,2021,59.39
County of Grande Prairie No. 1,2021-09,9,2021,26.78
County of Grande Prairie No. 1,2021-10,10,2021,28.45
County of Grande Prairie No. 1,2021-11,11,2021,30.99
County of Grande Prairie No. 1,2021-12,12,2021,26.14
County of Grande Prairie No. 1,2022-01,1,2022,33.27
County of Grande Prairie No. 1,2022-02,2,2022,34.47
County of Grande Prairie No. 1,2022-03,3,2022,11.38
County of Grande Prairie No. 1,2022-04,4,2022,26.87
County of Grande Prairie No. 1,2022-05,5,2022,50.91
County of Grande Prairie No. 1,2022-06,6,2022,50.03
County of Grande Prairie No. 1,2022-07,7,2022,28.27
County of Grande Prairie No. 1,2022-08,8,2022,32.69
County of Grande Prairie No. 1,2022-09,9,2022,50.55
County of Grande Prairie No. 1,2022-10,10,2022,6.57
County of Grande Prairie No. 1,2022-11,11,2022,19.55
County of Grande Prairie No. 1,2022-12,12,2022,25.14
County of Grande Prairie No. 1,2023-01,1,2023,15.29
County of Grande Prairie No. 1,2023-02,2,2023,21.39
County of Grande Prairie No. 1,2023-03,3,2023,7.88
County of Grande Prairie No. 1,2023-04,4,2023,8.37
County of Grande Prairie No. 1,2023-05,5,2023,59.48
County of Grande Prairie No. 1,2023-06,6,2023,62.72
County of Grande Prairie No. 1,2023-07,7,2023,56.98
County of Grande Prairie No. 1,2023-08,8,2023,82
County of Grande Prairie No. 1,2023-09,9,2023,8.52
County of Grande Prairie No. 1,2023-10,10,2023,22.99
County of Grande Prairie No. 1,2023-11,11,2023,5.26
County of Grande Prairie No. 1,2023-12,12,2023,5.22
County of Grande Prairie No. 1,2024-01,1,2024,15.65
County of Grande Prairie No. 1,2024-02,2,2024,13.33
County of Grande Prairie No. 1,2024-03,3,2024,6.05
County of Grande Prairie No. 1,2024-04,4,2024,6.17
County of Grande Prairie No. 1,2024-05,5,2024,42.91
County of Grande Prairie No. 1,2024-06,6,2024,53.45
County of Lethbridge,2012-01,1,2012,4.5
County of Lethbridge,2012-02,2,2012,7.52
County of Lethbridge,2012-03,3,2012,10.17
County of Lethbridge,2012-04,4,2012,44.5
County of Lethbridge,2012-05,5,2012,57.88
County of Lethbridge,2012-06,6,2012,106.93
County of Lethbridge,2012-07,7,2012,27.43
County of Lethbridge,2012-08,8,2012,25.74
County of Lethbridge,2012-09,9,2012,6.61
County of Lethbridge,2012-10,10,2012,37.88
County of Lethbridge,2012-11,11,2012,18.31
County of Lethbridge,2012-12,12,2012,8.74
County of Lethbridge,2013-01,1,2013,7.7
County of Lethbridge,2013-02,2,2013,3.22
County of Lethbridge,2013-03,3,2013,15.29
County of Lethbridge,2013-04,4,2013,21.08
County of Lethbridge,2013-05,5,2013,47.91
County of Lethbridge,2013-06,6,2013,109.57
County of Lethbridge,2013-07,7,2013,49.28
County of Lethbridge,2013-08,8,2013,28.88
County of Lethbridge,2013-09,9,2013,57.01
County of Lethbridge,2013-10,10,2013,25.07
County of Lethbridge,2013-11,11,2013,10.97
County of Lethbridge,2013-12,12,2013,14.44
County of Lethbridge,2014-01,1,2014,13.87
County of Lethbridge,2014-02,2,2014,4.3
County of Lethbridge,2014-03,3,2014,16.54
County of Lethbridge,2014-04,4,2014,32.42
County of Lethbridge,2014-05,5,2014,47.56
County of Lethbridge,2014-06,6,2014,156.98
County of Lethbridge,2014-07,7,2014,19.78
County of Lethbridge,2014-08,8,2014,49.2
County of Lethbridge,2014-09,9,2014,65.92
County of Lethbridge,2014-10,10,2014,13.86
County of Lethbridge,2014-11,11,2014,36.06
County of Lethbridge,2014-12,12,2014,14.48
County of Lethbridge,2015-01,1,2015,13.97
County of Lethbridge,2015-02,2,2015,4.63
County of Lethbridge,2015-03,3,2015,22.43
County of Lethbridge,2015-04,4,2015,15.56
County of Lethbridge,2015-05,5,2015,30.35
County of Lethbridge,2015-06,6,2015,23.52
County of Lethbridge,2015-07,7,2015,38.65
County of Lethbridge,2015-08,8,2015,21.22
County of Lethbridge,2015-09,9,2015,56.27
County of Lethbridge,2015-10,10,2015,7.3
County of Lethbridge,2015-11,11,2015,17.94
County of Lethbridge,2015-12,12,2015,15.35
County of Lethbridge,2016-01,1,2016,8.93
County of Lethbridge,2016-02,2,2016,3.05
County of Lethbridge,2016-03,3,2016,17.1
County of Lethbridge,2016-04,4,2016,15.89
County of Lethbridge,2016-05,5,2016,60.36
County of Lethbridge,2016-06,6,2016,40.74
County of Lethbridge,2016-07,7,2016,76.29
County of Lethbridge,2016-08,8,2016,44.08
County of Lethbridge,2016-09,9,2016,29.5
County of Lethbridge,2016-10,10,2016,30.26
County of Lethbridge,2016-11,11,2016,3.52
County of Lethbridge,2016-12,12,2016,16.6
County of Lethbridge,2017-01,1,2017,7.1
County of Lethbridge,2017-02,2,2017,16.95
County of Lethbridge,2017-03,3,2017,13.57
County of Lethbridge,2017-04,4,2017,36.6
County of Lethbridge,2017-05,5,2017,40
County of Lethbridge,2017-06,6,2017,57.67
County of Lethbridge,2017-07,7,2017,5.01
County of Lethbridge,2017-08,8,2017,12.04
County of Lethbridge,2017-09,9,2017,3.52
County of Lethbridge,2017-10,10,2017,30.46
County of Lethbridge,2017-11,11,2017,14.01
County of Lethbridge,2017-12,12,2017,22.92
County of Lethbridge,2018-01,1,2018,7.61
County of Lethbridge,2018-02,2,2018,23.2
County of Lethbridge,2018-03,3,2018,21.02
County of Lethbridge,2018-04,4,2018,28.03
County of Lethbridge,2018-05,5,2018,23.04
County of Lethbridge,2018-06,6,2018,49.86
County of Lethbridge,2018-07,7,2018,26.8
County of Lethbridge,2018-08,8,2018,22.16
County of Lethbridge,2018-09,9,2018,25.69
County of Lethbridge,2018-10,10,2018,16.36
County of Lethbridge,2018-11,11,2018,16.59
County of Lethbridge,2018-12,12,2018,8.02
County of Lethbridge,2019-01,1,2019,10.59
County of Lethbridge,2019-02,2,2019,17.83
County of Lethbridge,2019-03,3,2019,5.32
County of Lethbridge,2019-04,4,2019,6.95
County of Lethbridge,2019-05,5,2019,51.15
County of Lethbridge,2019-06,6,2019,29.25
County of Lethbridge,2019-07,7,2019,39.15
County of Lethbridge,2019-08,8,2019,37.51
County of Lethbridge,2019-09,9,2019,53.38
County of Lethbridge,2019-10,10,2019,12.95
County of Lethbridge,2019-11,11,2019,28.49
County of Lethbridge,2019-12,12,2019,8.29
County of Lethbridge,2020-01,1,2020,6.49
County of Lethbridge,2020-02,2,2020,12.74
County of Lethbridge,2020-03,3,2020,10.28
County of Lethbridge,2020-04,4,2020,19.17
County of Lethbridge,2020-05,5,2020,72.09
County of Lethbridge,2020-06,6,2020,121.3
County of Lethbridge,2020-07,7,2020,20
County of Lethbridge,2020-08,8,2020,14.83
County of Lethbridge,2020-09,9,2020,28.75
County of Lethbridge,2020-10,10,2020,19.35
County of Lethbridge,2020-11,11,2020,19.17
County of Lethbridge,2020-12,12,2020,10.63
County of Lethbridge,2021-01,1,2021,1.61
County of Lethbridge,2021-02,2,2021,11.4
County of Lethbridge,2021-03,3,2021,4.96
County of Lethbridge,2021-04,4,2021,14.3
County of Lethbridge,2021-05,5,2021,44.1
County of Lethbridge,2021-06,6,2021,25.21
County of Lethbridge,2021-07,7,2021,33.12
County of Lethbridge,2021-08,8,2021,46.17
County of Lethbridge,2021-09,9,2021,14.6
County of Lethbridge,2021-10,10,2021,34.75
County of Lethbridge,2021-11,11,2021,9.38
County of Lethbridge,2021-12,12,2021,12.74
County of Lethbridge,2022-01,1,2022,5.45
County of Lethbridge,2022-02,2,2022,10.05
County of Lethbridge,2022-03,3,2022,11.25
County of Lethbridge,2022-04,4,2022,5.35
County of Lethbridge,2022-05,5,2022,8.45
County of Lethbridge,2022-06,6,2022,101.36
County of Lethbridge,2022-07,7,2022,68.06
County of Lethbridge,2022-08,8,2022,39.86
County of Lethbridge,2022-09,9,2022,15.78
County of Lethbridge,2022-10,10,2022,34.17
County of Lethbridge,2022-11,11,2022,17.64
County of Lethbridge,2022-12,12,2022,19.08
County of Lethbridge,2023-01,1,2023,6.57
County of Lethbridge,2023-02,2,2023,9.23
County of Lethbridge,2023-03,3,2023,8.72
County of Lethbridge,2023-04,4,2023,11.04
County of Lethbridge,2023-05,5,2023,13.4
County of Lethbridge,2023-06,6,2023,31.03
County of Lethbridge,2023-07,7,2023,29.68
County of Lethbridge,2023-08,8,2023,26.83
County of Lethbridge,2023-09,9,2023,22.35
County of Lethbridge,2023-10,10,2023,30.02
County of Lethbridge,2023-11,11,2023,2.4
County of Lethbridge,2023-12,12,2023,5.87
County of Lethbridge,2024-01,1,2024,25.01
County of Lethbridge,2024-02,2,2024,21.33
County of Lethbridge,2024-03,3,2024,26.17
County of Lethbridge,2024-04,4,2024,27.25
County of Lethbridge,2024-05,5,2024,101.06
County of Lethbridge,2024-06,6,2024,58.98
County of Minburn No. 27,2012-01,1,2012,6.17
County of Minburn No. 27,2012-02,2,2012,4.8
County of Minburn No. 27,2012-03,3,2012,19.92
County of Minburn No. 27,2012-04,4,2012,41.2
County of Minburn No. 27,2012-05,5,2012,68.4
County of Minburn No. 27,2012-06,6,2012,60.45
County of Minburn No. 27,2012-07,7,2012,113.71
County of Minburn No. 27,2012-08,8,2012,87.94
County of Minburn No. 27,2012-09,9,2012,14.25
County of Minburn No. 27,2012-10,10,2012,19.93
County of Minburn No. 27,2012-11,11,2012,16.88
County of Minburn No. 27,2012-12,12,2012,14.18
County of Minburn No. 27,2013-01,1,2013,15.95
County of Minburn No. 27,2013-02,2,2013,8.48
County of Minburn No. 27,2013-03,3,2013,12.83
County of Minburn No. 27,2013-04,4,2013,23.36
County of Minburn No. 27,2013-05,5,2013,10.31
County of Minburn No. 27,2013-06,6,2013,82.44
County of Minburn No. 27,2013-07,7,2013,65.02
County of Minburn No. 27,2013-08,8,2013,50.93
County of Minburn No. 27,2013-09,9,2013,2.56
County of Minburn No. 27,2013-10,10,2013,10.75
County of Minburn No. 27,2013-11,11,2013,18.94
County of Minburn No. 27,2013-12,12,2013,21.13
County of Minburn No. 27,2014-01,1,2014,3.57
County of Minburn No. 27,2014-02,2,2014,7.29
County of Minburn No. 27,2014-03,3,2014,5.2
County of Minburn No. 27,2014-04,4,2014,45.04
County of Minburn No. 27,2014-05,5,2014,43.7
County of Minburn No. 27,2014-06,6,2014,107.88
County of Minburn No. 27,2014-07,7,2014,83.77
County of Minburn No. 27,2014-08,8,2014,25.59
County of Minburn No. 27,2014-09,9,2014,26.56
County of Minburn No. 27,2014-10,10,2014,8.44
County of Minburn No. 27,2014-11,11,2014,30.77
County of Minburn No. 27,2014-12,12,2014,2.65
County of Minburn No. 27,2015-01,1,2015,12.31
County of Minburn No. 27,2015-02,2,2015,21.09
County of Minburn No. 27,2015-03,3,2015,28.72
County of Minburn No. 27,2015-04,4,2015,9.32
County of Minburn No. 27,2015-05,5,2015,9.76
County of Minburn No. 27,2015-06,6,2015,47.18
County of Minburn No. 27,2015-07,7,2015,98.03
County of Minburn No. 27,2015-08,8,2015,37.08
County of Minburn No. 27,2015-09,9,2015,73.49
County of Minburn No. 27,2015-10,10,2015,17.36
County of Minburn No. 27,2015-11,11,2015,14.16
County of Minburn No. 27,2015-12,12,2015,4.74
County of Minburn No. 27,2016-01,1,2016,17.07
County of Minburn No. 27,2016-02,2,2016,7.58
County of Minburn No. 27,2016-03,3,2016,23.09
County of Minburn No. 27,2016-04,4,2016,22.69
County of Minburn No. 27,2016-05,5,2016,83.05
County of Minburn No. 27,2016-06,6,2016,62.35
County of Minburn No. 27,2016-07,7,2016,106.82
County of Minburn No. 27,2016-08,8,2016,50.92
County of Minburn No. 27,2016-09,9,2016,22.67
County of Minburn No. 27,2016-10,10,2016,42.08
County of Minburn No. 27,2016-11,11,2016,10.42
County of Minburn No. 27,2016-12,12,2016,8.8
County of Minburn No. 27,2017-01,1,2017,8.34
County of Minburn No. 27,2017-02,2,2017,9.54
County of Minburn No. 27,2017-03,3,2017,27.11
County of Minburn No. 27,2017-04,4,2017,69.55
County of Minburn No. 27,2017-05,5,2017,65.33
County of Minburn No. 27,2017-06,6,2017,95.85
County of Minburn No. 27,2017-07,7,2017,55.73
County of Minburn No. 27,2017-08,8,2017,27.15
County of Minburn No. 27,2017-09,9,2017,23.13
County of Minburn No. 27,2017-10,10,2017,32.93
County of Minburn No. 27,2017-11,11,2017,16.36
County of Minburn No. 27,2017-12,12,2017,2.27
County of Minburn No. 27,2018-01,1,2018,13
County of Minburn No. 27,2018-02,2,2018,8.14
County of Minburn No. 27,2018-03,3,2018,14.65
County of Minburn No. 27,2018-04,4,2018,12.77
County of Minburn No. 27,2018-05,5,2018,15.47
County of Minburn No. 27,2018-06,6,2018,42.73
County of Minburn No. 27,2018-07,7,2018,74.02
County of Minburn No. 27,2018-08,8,2018,33.14
County of Minburn No. 27,2018-09,9,2018,58.83
County of Minburn No. 27,2018-10,10,2018,19.99
County of Minburn No. 27,2018-11,11,2018,17.82
County of Minburn No. 27,2018-12,12,2018,16.53
County of Minburn No. 27,2019-01,1,2019,15.73
County of Minburn No. 27,2019-02,2,2019,13.95
County of Minburn No. 27,2019-03,3,2019,1.16
County of Minburn No. 27,2019-04,4,2019,8.88
County of Minburn No. 27,2019-05,5,2019,7.62
County of Minburn No. 27,2019-06,6,2019,127.22
County of Minburn No. 27,2019-07,7,2019,110.16
County of Minburn No. 27,2019-08,8,2019,37.8
County of Minburn No. 27,2019-09,9,2019,49.49
County of Minburn No. 27,2019-10,10,2019,18.54
County of Minburn No. 27,2019-11,11,2019,13.69
County of Minburn No. 27,2019-12,12,2019,9.2
County of Minburn No. 27,2020-01,1,2020,12.76
County of Minburn No. 27,2020-02,2,2020,14.3
County of Minburn No. 27,2020-03,3,2020,17.78
County of Minburn No. 27,2020-04,4,2020,4.41
County of Minburn No. 27,2020-05,5,2020,48.59
County of Minburn No. 27,2020-06,6,2020,108.26
County of Minburn No. 27,2020-07,7,2020,81.25
County of Minburn No. 27,2020-08,8,2020,109.77
County of Minburn No. 27,2020-09,9,2020,5.41
County of Minburn No. 27,2020-10,10,2020,8.92
County of Minburn No. 27,2020-11,11,2020,17.89
County of Minburn No. 27,2020-12,12,2020,1.29
County of Minburn No. 27,2021-01,1,2021,6.07
County of Minburn No. 27,2021-02,2,2021,3.53
County of Minburn No. 27,2021-03,3,2021,4.22
County of Minburn No. 27,2021-04,4,2021,4.01
County of Minburn No. 27,2021-05,5,2021,61.63
County of Minburn No. 27,2021-06,6,2021,45.06
County of Minburn No. 27,2021-07,7,2021,14.67
County of Minburn No. 27,2021-08,8,2021,36.29
County of Minburn No. 27,2021-09,9,2021,10.49
County of Minburn No. 27,2021-10,10,2021,4.25
County of Minburn No. 27,2021-11,11,2021,10.88
County of Minburn No. 27,2021-12,12,2021,22.36
County of Minburn No. 27,2022-01,1,2022,23.06
County of Minburn No. 27,2022-02,2,2022,12.72
County of Minburn No. 27,2022-03,3,2022,17.1
County of Minburn No. 27,2022-04,4,2022,12.38
County of Minburn No. 27,2022-05,5,2022,38.15
County of Minburn No. 27,2022-06,6,2022,127.81
County of Minburn No. 27,2022-07,7,2022,63.07
County of Minburn No. 27,2022-08,8,2022,28.99
County of Minburn No. 27,2022-09,9,2022,4.89
County of Minburn No. 27,2022-10,10,2022,3.5
County of Minburn No. 27,2022-11,11,2022,19.32
County of Minburn No. 27,2022-12,12,2022,19.24
County of Minburn No. 27,2023-01,1,2023,5.86
County of Minburn No. 27,2023-02,2,2023,3.91
County of Minburn No. 27,2023-03,3,2023,2.18
County of Minburn No. 27,2023-04,4,2023,20.95
County of Minburn No. 27,2023-05,5,2023,28.35
County of Minburn No. 27,2023-06,6,2023,66.69
County of Minburn No. 27,2023-07,7,2023,69.57
County of Minburn No. 27,2023-08,8,2023,72.92
County of Minburn No. 27,2023-09,9,2023,15.45
County of Minburn No. 27,2023-10,10,2023,3.49
County of Minburn No. 27,2023-11,11,2023,1.11
County of Minburn No. 27,2023-12,12,2023,6.71
County of Minburn No. 27,2024-01,1,2024,8.71
County of Minburn No. 27,2024-02,2,2024,14.12
County of Minburn No. 27,2024-03,3,2024,7.1
County of Minburn No. 27,2024-04,4,2024,28.92
County of Minburn No. 27,2024-05,5,2024,72.37
County of Minburn No. 27,2024-06,6,2024,62.27
County of Newell,2012-01,1,2012,4.59
County of Newell,2012-02,2,2012,8.68
County of Newell,2012-03,3,2012,11.14
County of Newell,2012-04,4,2012,33.89
County of Newell,2012-05,5,2012,59.28
County of Newell,2012-06,6,2012,130.75
County of Newell,2012-07,7,2012,24.84
County of Newell,2012-08,8,2012,38.5
County of Newell,2012-09,9,2012,3.91
County of Newell,2012-10,10,2012,28
County of Newell,2012-11,11,2012,14.4
County of Newell,2012-12,12,2012,10.44
County of Newell,2013-01,1,2013,6.09
County of Newell,2013-02,2,2013,2.29
County of Newell,2013-03,3,2013,8.98
County of Newell,2013-04,4,2013,18.99
County of Newell,2013-05,5,2013,50.78
County of Newell,2013-06,6,2013,78.96
County of Newell,2013-07,7,2013,52.57
County of Newell,2013-08,8,2013,13.87
County of Newell,2013-09,9,2013,29.87
County of Newell,2013-10,10,2013,12.99
County of Newell,2013-11,11,2013,16.04
County of Newell,2013-12,12,2013,14.8
County of Newell,2014-01,1,2014,5.37
County of Newell,2014-02,2,2014,1.87
County of Newell,2014-03,3,2014,11.5
County of Newell,2014-04,4,2014,18.62
County of Newell,2014-05,5,2014,30.01
County of Newell,2014-06,6,2014,77.98
County of Newell,2014-07,7,2014,35.74
County of Newell,2014-08,8,2014,79.35
County of Newell,2014-09,9,2014,34.96
County of Newell,2014-10,10,2014,11.77
County of Newell,2014-11,11,2014,39.3
County of Newell,2014-12,12,2014,12.03
County of Newell,2015-01,1,2015,10.71
County of Newell,2015-02,2,2015,5.43
County of Newell,2015-03,3,2015,8.11
County of Newell,2015-04,4,2015,5.06
County of Newell,2015-05,5,2015,8.52
County of Newell,2015-06,6,2015,27.63
County of Newell,2015-07,7,2015,37.41
County of Newell,2015-08,8,2015,71.09
County of Newell,2015-09,9,2015,55.34
County of Newell,2015-10,10,2015,4.57
County of Newell,2015-11,11,2015,8.48
County of Newell,2015-12,12,2015,12.53
County of Newell,2016-01,1,2016,9.67
County of Newell,2016-02,2,2016,6.89
County of Newell,2016-03,3,2016,2.93
County of Newell,2016-04,4,2016,20.74
County of Newell,2016-05,5,2016,66.52
County of Newell,2016-06,6,2016,44.78
County of Newell,2016-07,7,2016,121.22
County of Newell,2016-08,8,2016,46.43
County of Newell,2016-09,9,2016,24.1
County of Newell,2016-10,10,2016,11.4
County of Newell,2016-11,11,2016,1.48
County of Newell,2016-12,12,2016,11.41
County of Newell,2017-01,1,2017,8.93
County of Newell,2017-02,2,2017,16.68
County of Newell,2017-03,3,2017,15.15
County of Newell,2017-04,4,2017,20.03
County of Newell,2017-05,5,2017,30.67
County of Newell,2017-06,6,2017,65.22
County of Newell,2017-07,7,2017,28.67
County of Newell,2017-08,8,2017,12.82
County of Newell,2017-09,9,2017,5.59
County of Newell,2017-10,10,2017,20.51
County of Newell,2017-11,11,2017,17.35
County of Newell,2017-12,12,2017,12.96
County of Newell,2018-01,1,2018,6.41
County of Newell,2018-02,2,2018,12.72
County of Newell,2018-03,3,2018,24.68
County of Newell,2018-04,4,2018,10.5
County of Newell,2018-05,5,2018,15.14
County of Newell,2018-06,6,2018,60.41
County of Newell,2018-07,7,2018,39.22
County of Newell,2018-08,8,2018,24.54
County of Newell,2018-09,9,2018,17.04
County of Newell,2018-10,10,2018,9.98
County of Newell,2018-11,11,2018,11.52
County of Newell,2018-12,12,2018,7.12
County of Newell,2019-01,1,2019,4.31
County of Newell,2019-02,2,2019,17.36
County of Newell,2019-03,3,2019,3.53
County of Newell,2019-04,4,2019,13.64
County of Newell,2019-05,5,2019,9.28
County of Newell,2019-06,6,2019,33.04
County of Newell,2019-07,7,2019,37.8
County of Newell,2019-08,8,2019,31.51
County of Newell,2019-09,9,2019,40.98
County of Newell,2019-10,10,2019,5.72
County of Newell,2019-11,11,2019,19.93
County of Newell,2019-12,12,2019,7.15
County of Newell,2020-01,1,2020,7.01
County of Newell,2020-02,2,2020,13.93
County of Newell,2020-03,3,2020,8.54
County of Newell,2020-04,4,2020,6.22
County of Newell,2020-05,5,2020,62.29
County of Newell,2020-06,6,2020,127.21
County of Newell,2020-07,7,2020,36.75
County of Newell,2020-08,8,2020,6.8
County of Newell,2020-09,9,2020,21.96
County of Newell,2020-10,10,2020,12.1
County of Newell,2020-11,11,2020,16.04
County of Newell,2020-12,12,2020,13.99
County of Newell,2021-01,1,2021,1.73
County of Newell,2021-02,2,2021,7.4
County of Newell,2021-03,3,2021,2.72
County of Newell,2021-04,4,2021,8.98
County of Newell,2021-05,5,2021,44.29
County of Newell,2021-06,6,2021,25.89
County of Newell,2021-07,7,2021,20.34
County of Newell,2021-08,8,2021,33.99
County of Newell,2021-09,9,2021,12.59
County of Newell,2021-10,10,2021,11.11
County of Newell,2021-11,11,2021,4.14
County of Newell,2021-12,12,2021,11.37
County of Newell,2022-01,1,2022,1.47
County of Newell,2022-02,2,2022,7.85
County of Newell,2022-03,3,2022,9.45
County of Newell,2022-04,4,2022,8.63
County of Newell,2022-05,5,2022,12.37
County of Newell,2022-06,6,2022,106.77
County of Newell,2022-07,7,2022,87.23
County of Newell,2022-08,8,2022,22.21
County of Newell,2022-09,9,2022,4.07
County of Newell,2022-10,10,2022,6.67
County of Newell,2022-11,11,2022,18.04
County of Newell,2022-12,12,2022,16.52
County of Newell,2023-01,1,2023,4.04
County of Newell,2023-02,2,2023,6.43
County of Newell,2023-03,3,2023,9.14
County of Newell,2023-04,4,2023,7.71
County of Newell,2023-05,5,2023,12.75
County of Newell,2023-06,6,2023,23.29
County of Newell,2023-07,7,2023,32.63
County of Newell,2023-08,8,2023,16.24
County of Newell,2023-09,9,2023,12.54
County of Newell,2023-10,10,2023,16.55
County of Newell,2023-11,11,2023,1.87
County of Newell,2023-12,12,2023,3.23
County of Newell,2024-01,1,2024,11.93
County of Newell,2024-02,2,2024,11.33
County of Newell,2024-03,3,2024,20.64
County of Newell,2024-04,4,2024,31.88
County of Newell,2024-05,5,2024,69.26
County of Newell,2024-06,6,2024,41.49
County of Paintearth No. 18,2012-01,1,2012,4.88
County of Paintearth No. 18,2012-02,2,2012,5.61
County of Paintearth No. 18,2012-03,3,2012,26.83
County of Paintearth No. 18,2012-04,4,2012,42.54
County of Paintearth No. 18,2012-05,5,2012,66.55
County of Paintearth No. 18,2012-06,6,2012,107.57
County of Paintearth No. 18,2012-07,7,2012,88.6
County of Paintearth No. 18,2012-08,8,2012,21.1
County of Paintearth No. 18,2012-09,9,2012,14.28
County of Paintearth No. 18,2012-10,10,2012,24.28
County of Paintearth No. 18,2012-11,11,2012,12.5
County of Paintearth No. 18,2012-12,12,2012,21.25
County of Paintearth No. 18,2013-01,1,2013,8.58
County of Paintearth No. 18,2013-02,2,2013,5.23
County of Paintearth No. 18,2013-03,3,2013,8.22
County of Paintearth No. 18,2013-04,4,2013,20.31
County of Paintearth No. 18,2013-05,5,2013,35.4
County of Paintearth No. 18,2013-06,6,2013,93.87
County of Paintearth No. 18,2013-07,7,2013,49.45
County of Paintearth No. 18,2013-08,8,2013,37.48
County of Paintearth No. 18,2013-09,9,2013,12.72
County of Paintearth No. 18,2013-10,10,2013,5.55
County of Paintearth No. 18,2013-11,11,2013,14.87
County of Paintearth No. 18,2013-12,12,2013,11.71
County of Paintearth No. 18,2014-01,1,2014,7.23
County of Paintearth No. 18,2014-02,2,2014,7.55
County of Paintearth No. 18,2014-03,3,2014,8.98
County of Paintearth No. 18,2014-04,4,2014,22
County of Paintearth No. 18,2014-05,5,2014,27.71
County of Paintearth No. 18,2014-06,6,2014,97.59
County of Paintearth No. 18,2014-07,7,2014,54.41
County of Paintearth No. 18,2014-08,8,2014,62.72
County of Paintearth No. 18,2014-09,9,2014,37.85
County of Paintearth No. 18,2014-10,10,2014,8.5
County of Paintearth No. 18,2014-11,11,2014,37.49
County of Paintearth No. 18,2014-12,12,2014,4.62
County of Paintearth No. 18,2015-01,1,2015,10.44
County of Paintearth No. 18,2015-02,2,2015,16.37
County of Paintearth No. 18,2015-03,3,2015,13.91
County of Paintearth No. 18,2015-04,4,2015,12.26
County of Paintearth No. 18,2015-05,5,2015,11.84
County of Paintearth No. 18,2015-06,6,2015,59.9
County of Paintearth No. 18,2015-07,7,2015,66.51
County of Paintearth No. 18,2015-08,8,2015,105.04
County of Paintearth No. 18,2015-09,9,2015,66.31
County of Paintearth No. 18,2015-10,10,2015,9.36
County of Paintearth No. 18,2015-11,11,2015,7.31
County of Paintearth No. 18,2015-12,12,2015,6.43
County of Paintearth No. 18,2016-01,1,2016,8
County of Paintearth No. 18,2016-02,2,2016,6.76
County of Paintearth No. 18,2016-03,3,2016,15.17
County of Paintearth No. 18,2016-04,4,2016,26.48
County of Paintearth No. 18,2016-05,5,2016,87.05
County of Paintearth No. 18,2016-06,6,2016,50.53
County of Paintearth No. 18,2016-07,7,2016,80.18
County of Paintearth No. 18,2016-08,8,2016,72.35
County of Paintearth No. 18,2016-09,9,2016,19.45
County of Paintearth No. 18,2016-10,10,2016,24.5
County of Paintearth No. 18,2016-11,11,2016,17.31
County of Paintearth No. 18,2016-12,12,2016,5.26
County of Paintearth No. 18,2017-01,1,2017,5.35
County of Paintearth No. 18,2017-02,2,2017,12.91
County of Paintearth No. 18,2017-03,3,2017,21.96
County of Paintearth No. 18,2017-04,4,2017,35.47
County of Paintearth No. 18,2017-05,5,2017,38.55
County of Paintearth No. 18,2017-06,6,2017,53.41
County of Paintearth No. 18,2017-07,7,2017,35.69
County of Paintearth No. 18,2017-08,8,2017,27.17
County of Paintearth No. 18,2017-09,9,2017,28.55
County of Paintearth No. 18,2017-10,10,2017,37.18
County of Paintearth No. 18,2017-11,11,2017,13.56
County of Paintearth No. 18,2017-12,12,2017,1.35
County of Paintearth No. 18,2018-01,1,2018,4.64
County of Paintearth No. 18,2018-02,2,2018,7.46
County of Paintearth No. 18,2018-03,3,2018,18.22
County of Paintearth No. 18,2018-04,4,2018,7.36
County of Paintearth No. 18,2018-05,5,2018,33.04
County of Paintearth No. 18,2018-06,6,2018,58.92
County of Paintearth No. 18,2018-07,7,2018,61.65
County of Paintearth No. 18,2018-08,8,2018,12.61
County of Paintearth No. 18,2018-09,9,2018,57.26
County of Paintearth No. 18,2018-10,10,2018,14.38
County of Paintearth No. 18,2018-11,11,2018,17.83
County of Paintearth No. 18,2018-12,12,2018,9.59
County of Paintearth No. 18,2019-01,1,2019,5.85
County of Paintearth No. 18,2019-02,2,2019,11.81
County of Paintearth No. 18,2019-03,3,2019,1.64
County of Paintearth No. 18,2019-04,4,2019,3.65
County of Paintearth No. 18,2019-05,5,2019,22.23
County of Paintearth No. 18,2019-06,6,2019,76.67
County of Paintearth No. 18,2019-07,7,2019,90.04
County of Paintearth No. 18,2019-08,8,2019,27.52
County of Paintearth No. 18,2019-09,9,2019,42.13
County of Paintearth No. 18,2019-10,10,2019,7.01
County of Paintearth No. 18,2019-11,11,2019,17.41
County of Paintearth No. 18,2019-12,12,2019,7.83
County of Paintearth No. 18,2020-01,1,2020,4.86
County of Paintearth No. 18,2020-02,2,2020,6.26
County of Paintearth No. 18,2020-03,3,2020,15.76
County of Paintearth No. 18,2020-04,4,2020,5.5
County of Paintearth No. 18,2020-05,5,2020,57.32
County of Paintearth No. 18,2020-06,6,2020,96.56
County of Paintearth No. 18,2020-07,7,2020,93.11
County of Paintearth No. 18,2020-08,8,2020,46.62
County of Paintearth No. 18,2020-09,9,2020,9.27
County of Paintearth No. 18,2020-10,10,2020,9.46
County of Paintearth No. 18,2020-11,11,2020,17.36
County of Paintearth No. 18,2020-12,12,2020,3.16
County of Paintearth No. 18,2021-01,1,2021,2.99
County of Paintearth No. 18,2021-02,2,2021,5.38
County of Paintearth No. 18,2021-03,3,2021,2.55
County of Paintearth No. 18,2021-04,4,2021,9.82
County of Paintearth No. 18,2021-05,5,2021,52.42
County of Paintearth No. 18,2021-06,6,2021,54.16
County of Paintearth No. 18,2021-07,7,2021,29.12
County of Paintearth No. 18,2021-08,8,2021,20.88
County of Paintearth No. 18,2021-09,9,2021,21.06
County of Paintearth No. 18,2021-10,10,2021,9.85
County of Paintearth No. 18,2021-11,11,2021,4.96
County of Paintearth No. 18,2021-12,12,2021,10.9
County of Paintearth No. 18,2022-01,1,2022,10.3
County of Paintearth No. 18,2022-02,2,2022,11.2
County of Paintearth No. 18,2022-03,3,2022,11.48
County of Paintearth No. 18,2022-04,4,2022,19.1
County of Paintearth No. 18,2022-05,5,2022,39.08
County of Paintearth No. 18,2022-06,6,2022,141.7
County of Paintearth No. 18,2022-07,7,2022,68.02
County of Paintearth No. 18,2022-08,8,2022,34.46
County of Paintearth No. 18,2022-09,9,2022,6.07
County of Paintearth No. 18,2022-10,10,2022,10.57
County of Paintearth No. 18,2022-11,11,2022,16.91
County of Paintearth No. 18,2022-12,12,2022,13.46
County of Paintearth No. 18,2023-01,1,2023,3.96
County of Paintearth No. 18,2023-02,2,2023,2.85
County of Paintearth No. 18,2023-03,3,2023,2.08
County of Paintearth No. 18,2023-04,4,2023,8.28
County of Paintearth No. 18,2023-05,5,2023,10.86
County of Paintearth No. 18,2023-06,6,2023,67.47
County of Paintearth No. 18,2023-07,7,2023,62.03
County of Paintearth No. 18,2023-08,8,2023,23.42
County of Paintearth No. 18,2023-09,9,2023,22.76
County of Paintearth No. 18,2023-10,10,2023,6.03
County of Paintearth No. 18,2023-11,11,2023,2.14
County of Paintearth No. 18,2023-12,12,2023,9.25
County of Paintearth No. 18,2024-01,1,2024,8.44
County of Paintearth No. 18,2024-02,2,2024,13.49
County of Paintearth No. 18,2024-03,3,2024,6.81
County of Paintearth No. 18,2024-04,4,2024,6.16
County of Paintearth No. 18,2024-05,5,2024,71.36
County of Paintearth No. 18,2024-06,6,2024,90.48
County of St. Paul No. 19,2012-01,1,2012,11.43
County of St. Paul No. 19,2012-02,2,2012,4.21
County of St. Paul No. 19,2012-03,3,2012,18.65
County of St. Paul No. 19,2012-04,4,2012,46.68
County of St. Paul No. 19,2012-05,5,2012,59.11
County of St. Paul No. 19,2012-06,6,2012,54.75
County of St. Paul No. 19,2012-07,7,2012,126.55
County of St. Paul No. 19,2012-08,8,2012,69.92
County of St. Paul No. 19,2012-09,9,2012,29.91
County of St. Paul No. 19,2012-10,10,2012,22.86
County of St. Paul No. 19,2012-11,11,2012,16.11
County of St. Paul No. 19,2012-12,12,2012,15.31
County of St. Paul No. 19,2013-01,1,2013,21.32
County of St. Paul No. 19,2013-02,2,2013,14.47
County of St. Paul No. 19,2013-03,3,2013,10.63
County of St. Paul No. 19,2013-04,4,2013,19.12
County of St. Paul No. 19,2013-05,5,2013,9.34
County of St. Paul No. 19,2013-06,6,2013,64.55
County of St. Paul No. 19,2013-07,7,2013,65.66
County of St. Paul No. 19,2013-08,8,2013,71.6
County of St. Paul No. 19,2013-09,9,2013,1.23
County of St. Paul No. 19,2013-10,10,2013,17.23
County of St. Paul No. 19,2013-11,11,2013,16.98
County of St. Paul No. 19,2013-12,12,2013,27.95
County of St. Paul No. 19,2014-01,1,2014,7.15
County of St. Paul No. 19,2014-02,2,2014,10.42
County of St. Paul No. 19,2014-03,3,2014,2.49
County of St. Paul No. 19,2014-04,4,2014,50.5
County of St. Paul No. 19,2014-05,5,2014,52.61
County of St. Paul No. 19,2014-06,6,2014,108.39
County of St. Paul No. 19,2014-07,7,2014,72.37
County of St. Paul No. 19,2014-08,8,2014,20.84
County of St. Paul No. 19,2014-09,9,2014,26.87
County of St. Paul No. 19,2014-10,10,2014,3.4
County of St. Paul No. 19,2014-11,11,2014,32.54
County of St. Paul No. 19,2014-12,12,2014,4.37
County of St. Paul No. 19,2015-01,1,2015,13.86
County of St. Paul No. 19,2015-02,2,2015,16.58
County of St. Paul No. 19,2015-03,3,2015,16.26
County of St. Paul No. 19,2015-04,4,2015,17.1
County of St. Paul No. 19,2015-05,5,2015,17.52
County of St. Paul No. 19,2015-06,6,2015,42.22
County of St. Paul No. 19,2015-07,7,2015,71.09
County of St. Paul No. 19,2015-08,8,2015,37.52
County of St. Paul No. 19,2015-09,9,2015,68.37
County of St. Paul No. 19,2015-10,10,2015,14.85
County of St. Paul No. 19,2015-11,11,2015,12.39
County of St. Paul No. 19,2015-12,12,2015,6.78
County of St. Paul No. 19,2016-01,1,2016,27.49
County of St. Paul No. 19,2016-02,2,2016,14.01
County of St. Paul No. 19,2016-03,3,2016,24.88
County of St. Paul No. 19,2016-04,4,2016,26.81
County of St. Paul No. 19,2016-05,5,2016,56.62
County of St. Paul No. 19,2016-06,6,2016,49.81
County of St. Paul No. 19,2016-07,7,2016,90.79
County of St. Paul No. 19,2016-08,8,2016,60.26
County of St. Paul No. 19,2016-09,9,2016,33.36
County of St. Paul No. 19,2016-10,10,2016,58.9
County of St. Paul No. 19,2016-11,11,2016,7.69
County of St. Paul No. 19,2016-12,12,2016,7.83
County of St. Paul No. 19,2017-01,1,2017,6.89
County of St. Paul No. 19,2017-02,2,2017,11.28
County of St. Paul No. 19,2017-03,3,2017,29
County of St. Paul No. 19,2017-04,4,2017,69.05
County of St. Paul No. 19,2017-05,5,2017,62.82
County of St. Paul No. 19,2017-06,6,2017,98.22
County of St. Paul No. 19,2017-07,7,2017,87.58
County of St. Paul No. 19,2017-08,8,2017,50.41
County of St. Paul No. 19,2017-09,9,2017,18.21
County of St. Paul No. 19,2017-10,10,2017,31.7
County of St. Paul No. 19,2017-11,11,2017,13.8
County of St. Paul No. 19,2017-12,12,2017,4.85
County of St. Paul No. 19,2018-01,1,2018,15.9
County of St. Paul No. 19,2018-02,2,2018,7.32
County of St. Paul No. 19,2018-03,3,2018,12.04
County of St. Paul No. 19,2018-04,4,2018,18.67
County of St. Paul No. 19,2018-05,5,2018,22.95
County of St. Paul No. 19,2018-06,6,2018,90.75
County of St. Paul No. 19,2018-07,7,2018,81.41
County of St. Paul No. 19,2018-08,8,2018,59.79
County of St. Paul No. 19,2018-09,9,2018,49.8
County of St. Paul No. 19,2018-10,10,2018,15.06
County of St. Paul No. 19,2018-11,11,2018,16.72
County of St. Paul No. 19,2018-12,12,2018,19.57
County of St. Paul No. 19,2019-01,1,2019,12.67
County of St. Paul No. 19,2019-02,2,2019,17.45
County of St. Paul No. 19,2019-03,3,2019,2.3
County of St. Paul No. 19,2019-04,4,2019,10.67
County of St. Paul No. 19,2019-05,5,2019,7.67
County of St. Paul No. 19,2019-06,6,2019,123.72
County of St. Paul No. 19,2019-07,7,2019,107.7
County of St. Paul No. 19,2019-08,8,2019,28.63
County of St. Paul No. 19,2019-09,9,2019,31.65
County of St. Paul No. 19,2019-10,10,2019,28.54
County of St. Paul No. 19,2019-11,11,2019,18.43
County of St. Paul No. 19,2019-12,12,2019,7.26
County of St. Paul No. 19,2020-01,1,2020,12.41
County of St. Paul No. 19,2020-02,2,2020,15.17
County of St. Paul No. 19,2020-03,3,2020,21.85
County of St. Paul No. 19,2020-04,4,2020,5.11
County of St. Paul No. 19,2020-05,5,2020,41.9
County of St. Paul No. 19,2020-06,6,2020,119.63
County of St. Paul No. 19,2020-07,7,2020,64.45
County of St. Paul No. 19,2020-08,8,2020,77.12
County of St. Paul No. 19,2020-09,9,2020,10.65
County of St. Paul No. 19,2020-10,10,2020,21.54
County of St. Paul No. 19,2020-11,11,2020,18.66
County of St. Paul No. 19,2020-12,12,2020,3.79
County of St. Paul No. 19,2021-01,1,2021,14.88
County of St. Paul No. 19,2021-02,2,2021,5.7
County of St. Paul No. 19,2021-03,3,2021,6.63
County of St. Paul No. 19,2021-04,4,2021,4.44
County of St. Paul No. 19,2021-05,5,2021,45.04
County of St. Paul No. 19,2021-06,6,2021,68.03
County of St. Paul No. 19,2021-07,7,2021,27.41
County of St. Paul No. 19,2021-08,8,2021,47.91
County of St. Paul No. 19,2021-09,9,2021,11.06
County of St. Paul No. 19,2021-10,10,2021,7.84
County of St. Paul No. 19,2021-11,11,2021,17.81
County of St. Paul No. 19,2021-12,12,2021,18.24
County of St. Paul No. 19,2022-01,1,2022,24.59
County of St. Paul No. 19,2022-02,2,2022,21.33
County of St. Paul No. 19,2022-03,3,2022,21.46
County of St. Paul No. 19,2022-04,4,2022,12.73
County of St. Paul No. 19,2022-05,5,2022,28.68
County of St. Paul No. 19,2022-06,6,2022,140.07
County of St. Paul No. 19,2022-07,7,2022,33.85
County of St. Paul No. 19,2022-08,8,2022,40.32
County of St. Paul No. 19,2022-09,9,2022,12.71
County of St. Paul No. 19,2022-10,10,2022,4.76
County of St. Paul No. 19,2022-11,11,2022,19.57
County of St. Paul No. 19,2022-12,12,2022,27.14
County of St. Paul No. 19,2023-01,1,2023,15.07
County of St. Paul No. 19,2023-02,2,2023,9.3
County of St. Paul No. 19,2023-03,3,2023,6.17
County of St. Paul No. 19,2023-04,4,2023,20.55
County of St. Paul No. 19,2023-05,5,2023,23.78
County of St. Paul No. 19,2023-06,6,2023,75.76
County of St. Paul No. 19,2023-07,7,2023,70.38
County of St. Paul No. 19,2023-08,8,2023,77.02
County of St. Paul No. 19,2023-09,9,2023,10.99
County of St. Paul No. 19,2023-10,10,2023,5.94
County of St. Paul No. 19,2023-11,11,2023,1.87
County of St. Paul No. 19,2023-12,12,2023,2.01
County of St. Paul No. 19,2024-01,1,2024,7.65
County of St. Paul No. 19,2024-02,2,2024,14.08
County of St. Paul No. 19,2024-03,3,2024,9.36
County of St. Paul No. 19,2024-04,4,2024,16.13
County of St. Paul No. 19,2024-05,5,2024,60.65
County of St. Paul No. 19,2024-06,6,2024,46.51
County of Stettler No. 6,2012-01,1,2012,5.38
County of Stettler No. 6,2012-02,2,2012,7.82
County of Stettler No. 6,2012-03,3,2012,23.42
County of Stettler No. 6,2012-04,4,2012,36.19
County of Stettler No. 6,2012-05,5,2012,41.35
County of Stettler No. 6,2012-06,6,2012,89.42
County of Stettler No. 6,2012-07,7,2012,87.94
County of Stettler No. 6,2012-08,8,2012,36.44
County of Stettler No. 6,2012-09,9,2012,13.73
County of Stettler No. 6,2012-10,10,2012,22.91
County of Stettler No. 6,2012-11,11,2012,14.77
County of Stettler No. 6,2012-12,12,2012,19.15
County of Stettler No. 6,2013-01,1,2013,8.92
County of Stettler No. 6,2013-02,2,2013,3.2
County of Stettler No. 6,2013-03,3,2013,9.76
County of Stettler No. 6,2013-04,4,2013,21.61
County of Stettler No. 6,2013-05,5,2013,41.94
County of Stettler No. 6,2013-06,6,2013,94.93
County of Stettler No. 6,2013-07,7,2013,68.24
County of Stettler No. 6,2013-08,8,2013,36.68
County of Stettler No. 6,2013-09,9,2013,17.12
County of Stettler No. 6,2013-10,10,2013,8.83
County of Stettler No. 6,2013-11,11,2013,19.29
County of Stettler No. 6,2013-12,12,2013,13.59
County of Stettler No. 6,2014-01,1,2014,7.42
County of Stettler No. 6,2014-02,2,2014,6.81
County of Stettler No. 6,2014-03,3,2014,12.88
County of Stettler No. 6,2014-04,4,2014,15.11
County of Stettler No. 6,2014-05,5,2014,41.03
County of Stettler No. 6,2014-06,6,2014,86.12
County of Stettler No. 6,2014-07,7,2014,58.11
County of Stettler No. 6,2014-08,8,2014,65.94
County of Stettler No. 6,2014-09,9,2014,47.11
County of Stettler No. 6,2014-10,10,2014,11.27
County of Stettler No. 6,2014-11,11,2014,29.79
County of Stettler No. 6,2014-12,12,2014,4.73
County of Stettler No. 6,2015-01,1,2015,13.88
County of Stettler No. 6,2015-02,2,2015,13.67
County of Stettler No. 6,2015-03,3,2015,14.77
County of Stettler No. 6,2015-04,4,2015,16.62
County of Stettler No. 6,2015-05,5,2015,16.01
County of Stettler No. 6,2015-06,6,2015,44.07
County of Stettler No. 6,2015-07,7,2015,83.26
County of Stettler No. 6,2015-08,8,2015,91.95
County of Stettler No. 6,2015-09,9,2015,74
County of Stettler No. 6,2015-10,10,2015,5.92
County of Stettler No. 6,2015-11,11,2015,7.66
County of Stettler No. 6,2015-12,12,2015,6.81
County of Stettler No. 6,2016-01,1,2016,9.16
County of Stettler No. 6,2016-02,2,2016,7.54
County of Stettler No. 6,2016-03,3,2016,13.06
County of Stettler No. 6,2016-04,4,2016,14.13
County of Stettler No. 6,2016-05,5,2016,93.66
County of Stettler No. 6,2016-06,6,2016,38.1
County of Stettler No. 6,2016-07,7,2016,100.95
County of Stettler No. 6,2016-08,8,2016,87.73
County of Stettler No. 6,2016-09,9,2016,20.87
County of Stettler No. 6,2016-10,10,2016,32.86
County of Stettler No. 6,2016-11,11,2016,16.21
County of Stettler No. 6,2016-12,12,2016,6.99
County of Stettler No. 6,2017-01,1,2017,5.55
County of Stettler No. 6,2017-02,2,2017,15.97
County of Stettler No. 6,2017-03,3,2017,17.36
County of Stettler No. 6,2017-04,4,2017,39.57
County of Stettler No. 6,2017-05,5,2017,40.47
County of Stettler No. 6,2017-06,6,2017,78.72
County of Stettler No. 6,2017-07,7,2017,34.15
County of Stettler No. 6,2017-08,8,2017,30.78
County of Stettler No. 6,2017-09,9,2017,35.21
County of Stettler No. 6,2017-10,10,2017,26.13
County of Stettler No. 6,2017-11,11,2017,11.01
County of Stettler No. 6,2017-12,12,2017,3.21
County of Stettler No. 6,2018-01,1,2018,6.26
County of Stettler No. 6,2018-02,2,2018,10
County of Stettler No. 6,2018-03,3,2018,21.05
County of Stettler No. 6,2018-04,4,2018,11.88
County of Stettler No. 6,2018-05,5,2018,24.07
County of Stettler No. 6,2018-06,6,2018,65.19
County of Stettler No. 6,2018-07,7,2018,69.29
County of Stettler No. 6,2018-08,8,2018,17.92
County of Stettler No. 6,2018-09,9,2018,55.3
County of Stettler No. 6,2018-10,10,2018,12.35
County of Stettler No. 6,2018-11,11,2018,19.53
County of Stettler No. 6,2018-12,12,2018,10.87
County of Stettler No. 6,2019-01,1,2019,5.38
County of Stettler No. 6,2019-02,2,2019,10.86
County of Stettler No. 6,2019-03,3,2019,2.66
County of Stettler No. 6,2019-04,4,2019,5.53
County of Stettler No. 6,2019-05,5,2019,32.8
County of Stettler No. 6,2019-06,6,2019,110.94
County of Stettler No. 6,2019-07,7,2019,89.86
County of Stettler No. 6,2019-08,8,2019,29.07
County of Stettler No. 6,2019-09,9,2019,35.87
County of Stettler No. 6,2019-10,10,2019,7.44
County of Stettler No. 6,2019-11,11,2019,19.23
County of Stettler No. 6,2019-12,12,2019,9.87
County of Stettler No. 6,2020-01,1,2020,6.1
County of Stettler No. 6,2020-02,2,2020,10.11
County of Stettler No. 6,2020-03,3,2020,13
County of Stettler No. 6,2020-04,4,2020,4.39
County of Stettler No. 6,2020-05,5,2020,74.78
County of Stettler No. 6,2020-06,6,2020,103.74
County of Stettler No. 6,2020-07,7,2020,115.8
County of Stettler No. 6,2020-08,8,2020,65.27
County of Stettler No. 6,2020-09,9,2020,9.59
County of Stettler No. 6,2020-10,10,2020,12.14
County of Stettler No. 6,2020-11,11,2020,16.78
County of Stettler No. 6,2020-12,12,2020,5.49
County of Stettler No. 6,2021-01,1,2021,3
County of Stettler No. 6,2021-02,2,2021,6.08
County of Stettler No. 6,2021-03,3,2021,2.87
County of Stettler No. 6,2021-04,4,2021,8.8
County of Stettler No. 6,2021-05,5,2021,57.73
County of Stettler No. 6,2021-06,6,2021,56.54
County of Stettler No. 6,2021-07,7,2021,40.51
County of Stettler No. 6,2021-08,8,2021,34.91
County of Stettler No. 6,2021-09,9,2021,21.13
County of Stettler No. 6,2021-10,10,2021,10.64
County of Stettler No. 6,2021-11,11,2021,5.1
County of Stettler No. 6,2021-12,12,2021,11.42
County of Stettler No. 6,2022-01,1,2022,7.28
County of Stettler No. 6,2022-02,2,2022,11.68
County of Stettler No. 6,2022-03,3,2022,14.27
County of Stettler No. 6,2022-04,4,2022,24.15
County of Stettler No. 6,2022-05,5,2022,34.02
County of Stettler No. 6,2022-06,6,2022,154.85
County of Stettler No. 6,2022-07,7,2022,47.78
County of Stettler No. 6,2022-08,8,2022,30.13
County of Stettler No. 6,2022-09,9,2022,8.35
County of Stettler No. 6,2022-10,10,2022,9.97
County of Stettler No. 6,2022-11,11,2022,19.56
County of Stettler No. 6,2022-12,12,2022,11
County of Stettler No. 6,2023-01,1,2023,4.17
County of Stettler No. 6,2023-02,2,2023,4.45
County of Stettler No. 6,2023-03,3,2023,3.7
County of Stettler No. 6,2023-04,4,2023,9.53
County of Stettler No. 6,2023-05,5,2023,22.83
County of Stettler No. 6,2023-06,6,2023,76.43
County of Stettler No. 6,2023-07,7,2023,59.96
County of Stettler No. 6,2023-08,8,2023,30.62
County of Stettler No. 6,2023-09,9,2023,27.59
County of Stettler No. 6,2023-10,10,2023,7.04
County of Stettler No. 6,2023-11,11,2023,3.22
County of Stettler No. 6,2023-12,12,2023,9.51
County of Stettler No. 6,2024-01,1,2024,8.71
County of Stettler No. 6,2024-02,2,2024,13.36
County of Stettler No. 6,2024-03,3,2024,9.75
County of Stettler No. 6,2024-04,4,2024,10.23
County of Stettler No. 6,2024-05,5,2024,76.29
County of Stettler No. 6,2024-06,6,2024,64.07
County of Thorhild No. 7,2012-01,1,2012,17.38
County of Thorhild No. 7,2012-02,2,2012,9.24
County of Thorhild No. 7,2012-03,3,2012,13.26
County of Thorhild No. 7,2012-04,4,2012,40.83
County of Thorhild No. 7,2012-05,5,2012,60.62
County of Thorhild No. 7,2012-06,6,2012,39
County of Thorhild No. 7,2012-07,7,2012,111.31
County of Thorhild No. 7,2012-08,8,2012,65.66
County of Thorhild No. 7,2012-09,9,2012,16.85
County of Thorhild No. 7,2012-10,10,2012,24.74
County of Thorhild No. 7,2012-11,11,2012,23.18
County of Thorhild No. 7,2012-12,12,2012,14.7
County of Thorhild No. 7,2013-01,1,2013,23.85
County of Thorhild No. 7,2013-02,2,2013,10.09
County of Thorhild No. 7,2013-03,3,2013,16.01
County of Thorhild No. 7,2013-04,4,2013,28.21
County of Thorhild No. 7,2013-05,5,2013,20.77
County of Thorhild No. 7,2013-06,6,2013,95.6
County of Thorhild No. 7,2013-07,7,2013,80.19
County of Thorhild No. 7,2013-08,8,2013,43.67
County of Thorhild No. 7,2013-09,9,2013,3.86
County of Thorhild No. 7,2013-10,10,2013,18.99
County of Thorhild No. 7,2013-11,11,2013,20.03
County of Thorhild No. 7,2013-12,12,2013,36.17
County of Thorhild No. 7,2014-01,1,2014,7.68
County of Thorhild No. 7,2014-02,2,2014,7.46
County of Thorhild No. 7,2014-03,3,2014,2.33
County of Thorhild No. 7,2014-04,4,2014,53.97
County of Thorhild No. 7,2014-05,5,2014,43.97
County of Thorhild No. 7,2014-06,6,2014,66.14
County of Thorhild No. 7,2014-07,7,2014,90.27
County of Thorhild No. 7,2014-08,8,2014,20.59
County of Thorhild No. 7,2014-09,9,2014,26.31
County of Thorhild No. 7,2014-10,10,2014,10.44
County of Thorhild No. 7,2014-11,11,2014,35.78
County of Thorhild No. 7,2014-12,12,2014,4.66
County of Thorhild No. 7,2015-01,1,2015,15.9
County of Thorhild No. 7,2015-02,2,2015,20.12
County of Thorhild No. 7,2015-03,3,2015,15.62
County of Thorhild No. 7,2015-04,4,2015,12.82
County of Thorhild No. 7,2015-05,5,2015,31.37
County of Thorhild No. 7,2015-06,6,2015,34.07
County of Thorhild No. 7,2015-07,7,2015,56.79
County of Thorhild No. 7,2015-08,8,2015,15.77
County of Thorhild No. 7,2015-09,9,2015,44.15
County of Thorhild No. 7,2015-10,10,2015,14.41
County of Thorhild No. 7,2015-11,11,2015,20.03
County of Thorhild No. 7,2015-12,12,2015,9.06
County of Thorhild No. 7,2016-01,1,2016,14.95
County of Thorhild No. 7,2016-02,2,2016,10.06
County of Thorhild No. 7,2016-03,3,2016,24.63
County of Thorhild No. 7,2016-04,4,2016,20.05
County of Thorhild No. 7,2016-05,5,2016,86.16
County of Thorhild No. 7,2016-06,6,2016,74.12
County of Thorhild No. 7,2016-07,7,2016,63.72
County of Thorhild No. 7,2016-08,8,2016,69.56
County of Thorhild No. 7,2016-09,9,2016,28.25
County of Thorhild No. 7,2016-10,10,2016,55.85
County of Thorhild No. 7,2016-11,11,2016,6.29
County of Thorhild No. 7,2016-12,12,2016,9.37
County of Thorhild No. 7,2017-01,1,2017,6.88
County of Thorhild No. 7,2017-02,2,2017,9.39
County of Thorhild No. 7,2017-03,3,2017,12.52
County of Thorhild No. 7,2017-04,4,2017,63.33
County of Thorhild No. 7,2017-05,5,2017,49.11
County of Thorhild No. 7,2017-06,6,2017,96.55
County of Thorhild No. 7,2017-07,7,2017,90.41
County of Thorhild No. 7,2017-08,8,2017,47.73
County of Thorhild No. 7,2017-09,9,2017,38.12
County of Thorhild No. 7,2017-10,10,2017,30.64
County of Thorhild No. 7,2017-11,11,2017,12.7
County of Thorhild No. 7,2017-12,12,2017,1.83
County of Thorhild No. 7,2018-01,1,2018,21.61
County of Thorhild No. 7,2018-02,2,2018,9.85
County of Thorhild No. 7,2018-03,3,2018,17.71
County of Thorhild No. 7,2018-04,4,2018,16.85
County of Thorhild No. 7,2018-05,5,2018,14.09
County of Thorhild No. 7,2018-06,6,2018,113.71
County of Thorhild No. 7,2018-07,7,2018,56.3
County of Thorhild No. 7,2018-08,8,2018,45.69
County of Thorhild No. 7,2018-09,9,2018,41.97
County of Thorhild No. 7,2018-10,10,2018,22.31
County of Thorhild No. 7,2018-11,11,2018,19.25
County of Thorhild No. 7,2018-12,12,2018,26.61
County of Thorhild No. 7,2019-01,1,2019,16.79
County of Thorhild No. 7,2019-02,2,2019,17.26
County of Thorhild No. 7,2019-03,3,2019,3.23
County of Thorhild No. 7,2019-04,4,2019,12.53
County of Thorhild No. 7,2019-05,5,2019,17.36
County of Thorhild No. 7,2019-06,6,2019,125.65
County of Thorhild No. 7,2019-07,7,2019,158.82
County of Thorhild No. 7,2019-08,8,2019,32.63
County of Thorhild No. 7,2019-09,9,2019,26.99
County of Thorhild No. 7,2019-10,10,2019,27.02
County of Thorhild No. 7,2019-11,11,2019,24.6
County of Thorhild No. 7,2019-12,12,2019,10.88
County of Thorhild No. 7,2020-01,1,2020,16.42
County of Thorhild No. 7,2020-02,2,2020,17.95
County of Thorhild No. 7,2020-03,3,2020,14.73
County of Thorhild No. 7,2020-04,4,2020,7.04
County of Thorhild No. 7,2020-05,5,2020,80.12
County of Thorhild No. 7,2020-06,6,2020,141.63
County of Thorhild No. 7,2020-07,7,2020,101.58
County of Thorhild No. 7,2020-08,8,2020,60.58
County of Thorhild No. 7,2020-09,9,2020,11.31
County of Thorhild No. 7,2020-10,10,2020,21.77
County of Thorhild No. 7,2020-11,11,2020,23.36
County of Thorhild No. 7,2020-12,12,2020,3.52
County of Thorhild No. 7,2021-01,1,2021,11.65
County of Thorhild No. 7,2021-02,2,2021,8.33
County of Thorhild No. 7,2021-03,3,2021,6.2
County of Thorhild No. 7,2021-04,4,2021,10.45
County of Thorhild No. 7,2021-05,5,2021,45.5
County of Thorhild No. 7,2021-06,6,2021,33.73
County of Thorhild No. 7,2021-07,7,2021,49.27
County of Thorhild No. 7,2021-08,8,2021,47.4
County of Thorhild No. 7,2021-09,9,2021,16.19
County of Thorhild No. 7,2021-10,10,2021,13.86
County of Thorhild No. 7,2021-11,11,2021,13.74
County of Thorhild No. 7,2021-12,12,2021,24.33
County of Thorhild No. 7,2022-01,1,2022,27.74
County of Thorhild No. 7,2022-02,2,2022,18.76
County of Thorhild No. 7,2022-03,3,2022,26.33
County of Thorhild No. 7,2022-04,4,2022,23.36
County of Thorhild No. 7,2022-05,5,2022,42.07
County of Thorhild No. 7,2022-06,6,2022,98.27
County of Thorhild No. 7,2022-07,7,2022,47.01
County of Thorhild No. 7,2022-08,8,2022,41.02
County of Thorhild No. 7,2022-09,9,2022,10.68
County of Thorhild No. 7,2022-10,10,2022,7.7
County of Thorhild No. 7,2022-11,11,2022,14.8
County of Thorhild No. 7,2022-12,12,2022,25.24
County of Thorhild No. 7,2023-01,1,2023,6.29
County of Thorhild No. 7,2023-02,2,2023,9.61
County of Thorhild No. 7,2023-03,3,2023,6.47
County of Thorhild No. 7,2023-04,4,2023,11.03
County of Thorhild No. 7,2023-05,5,2023,45.14
County of Thorhild No. 7,2023-06,6,2023,113.55
County of Thorhild No. 7,2023-07,7,2023,149.14
County of Thorhild No. 7,2023-08,8,2023,74.48
County of Thorhild No. 7,2023-09,9,2023,7.25
County of Thorhild No. 7,2023-10,10,2023,6.41
County of Thorhild No. 7,2023-11,11,2023,1.88
County of Thorhild No. 7,2023-12,12,2023,2.66
County of Thorhild No. 7,2024-01,1,2024,9.67
County of Thorhild No. 7,2024-02,2,2024,11.29
County of Thorhild No. 7,2024-03,3,2024,6.69
County of Thorhild No. 7,2024-04,4,2024,37.65
County of Thorhild No. 7,2024-05,5,2024,50.67
County of Thorhild No. 7,2024-06,6,2024,60.05
County of Two Hills No. 21,2012-01,1,2012,8.49
County of Two Hills No. 21,2012-02,2,2012,5.06
County of Two Hills No. 21,2012-03,3,2012,17.78
County of Two Hills No. 21,2012-04,4,2012,43.58
County of Two Hills No. 21,2012-05,5,2012,70.42
County of Two Hills No. 21,2012-06,6,2012,45.05
County of Two Hills No. 21,2012-07,7,2012,93.04
County of Two Hills No. 21,2012-08,8,2012,83.39
County of Two Hills No. 21,2012-09,9,2012,23.12
County of Two Hills No. 21,2012-10,10,2012,20.67
County of Two Hills No. 21,2012-11,11,2012,19.15
County of Two Hills No. 21,2012-12,12,2012,14.4
County of Two Hills No. 21,2013-01,1,2013,17.05
County of Two Hills No. 21,2013-02,2,2013,10.33
County of Two Hills No. 21,2013-03,3,2013,12.22
County of Two Hills No. 21,2013-04,4,2013,22.65
County of Two Hills No. 21,2013-05,5,2013,8.68
County of Two Hills No. 21,2013-06,6,2013,71.74
County of Two Hills No. 21,2013-07,7,2013,58.47
County of Two Hills No. 21,2013-08,8,2013,55.07
County of Two Hills No. 21,2013-09,9,2013,1.66
County of Two Hills No. 21,2013-10,10,2013,16.24
County of Two Hills No. 21,2013-11,11,2013,18.38
County of Two Hills No. 21,2013-12,12,2013,25.77
County of Two Hills No. 21,2014-01,1,2014,5.03
County of Two Hills No. 21,2014-02,2,2014,7.27
County of Two Hills No. 21,2014-03,3,2014,3.96
County of Two Hills No. 21,2014-04,4,2014,51.06
County of Two Hills No. 21,2014-05,5,2014,50.52
County of Two Hills No. 21,2014-06,6,2014,104.47
County of Two Hills No. 21,2014-07,7,2014,77.76
County of Two Hills No. 21,2014-08,8,2014,16.63
County of Two Hills No. 21,2014-09,9,2014,29.32
County of Two Hills No. 21,2014-10,10,2014,6.16
County of Two Hills No. 21,2014-11,11,2014,32.59
County of Two Hills No. 21,2014-12,12,2014,2.75
County of Two Hills No. 21,2015-01,1,2015,12.44
County of Two Hills No. 21,2015-02,2,2015,16.61
County of Two Hills No. 21,2015-03,3,2015,23.61
County of Two Hills No. 21,2015-04,4,2015,11.7
County of Two Hills No. 21,2015-05,5,2015,13.75
County of Two Hills No. 21,2015-06,6,2015,46.84
County of Two Hills No. 21,2015-07,7,2015,71.08
County of Two Hills No. 21,2015-08,8,2015,29.68
County of Two Hills No. 21,2015-09,9,2015,67.46
County of Two Hills No. 21,2015-10,10,2015,16.59
County of Two Hills No. 21,2015-11,11,2015,13.94
County of Two Hills No. 21,2015-12,12,2015,4.97
County of Two Hills No. 21,2016-01,1,2016,20.65
County of Two Hills No. 21,2016-02,2,2016,9.93
County of Two Hills No. 21,2016-03,3,2016,20.85
County of Two Hills No. 21,2016-04,4,2016,25.58
County of Two Hills No. 21,2016-05,5,2016,83.14
County of Two Hills No. 21,2016-06,6,2016,46.47
County of Two Hills No. 21,2016-07,7,2016,100.92
County of Two Hills No. 21,2016-08,8,2016,53.82
County of Two Hills No. 21,2016-09,9,2016,27.48
County of Two Hills No. 21,2016-10,10,2016,51.17
County of Two Hills No. 21,2016-11,11,2016,9.03
County of Two Hills No. 21,2016-12,12,2016,7.65
County of Two Hills No. 21,2017-01,1,2017,7.84
County of Two Hills No. 21,2017-02,2,2017,9.15
County of Two Hills No. 21,2017-03,3,2017,25.35
County of Two Hills No. 21,2017-04,4,2017,68.11
County of Two Hills No. 21,2017-05,5,2017,64.57
County of Two Hills No. 21,2017-06,6,2017,98.57
County of Two Hills No. 21,2017-07,7,2017,60.06
County of Two Hills No. 21,2017-08,8,2017,35.06
County of Two Hills No. 21,2017-09,9,2017,21.96
County of Two Hills No. 21,2017-10,10,2017,32.21
County of Two Hills No. 21,2017-11,11,2017,17.02
County of Two Hills No. 21,2017-12,12,2017,3.22
County of Two Hills No. 21,2018-01,1,2018,18.32
County of Two Hills No. 21,2018-02,2,2018,7.04
County of Two Hills No. 21,2018-03,3,2018,10.79
County of Two Hills No. 21,2018-04,4,2018,14.61
County of Two Hills No. 21,2018-05,5,2018,21.34
County of Two Hills No. 21,2018-06,6,2018,63.01
County of Two Hills No. 21,2018-07,7,2018,79.58
County of Two Hills No. 21,2018-08,8,2018,43.44
County of Two Hills No. 21,2018-09,9,2018,55.79
County of Two Hills No. 21,2018-10,10,2018,18.9
County of Two Hills No. 21,2018-11,11,2018,17.96
County of Two Hills No. 21,2018-12,12,2018,18.84
County of Two Hills No. 21,2019-01,1,2019,13.63
County of Two Hills No. 21,2019-02,2,2019,15.6
County of Two Hills No. 21,2019-03,3,2019,1.07
County of Two Hills No. 21,2019-04,4,2019,6.81
County of Two Hills No. 21,2019-05,5,2019,5.87
County of Two Hills No. 21,2019-06,6,2019,124.07
County of Two Hills No. 21,2019-07,7,2019,116.61
County of Two Hills No. 21,2019-08,8,2019,26.93
County of Two Hills No. 21,2019-09,9,2019,37.37
County of Two Hills No. 21,2019-10,10,2019,23.53
County of Two Hills No. 21,2019-11,11,2019,15.82
County of Two Hills No. 21,2019-12,12,2019,8.27
County of Two Hills No. 21,2020-01,1,2020,12
County of Two Hills No. 21,2020-02,2,2020,14.88
County of Two Hills No. 21,2020-03,3,2020,18.5
County of Two Hills No. 21,2020-04,4,2020,4.37
County of Two Hills No. 21,2020-05,5,2020,51.67
County of Two Hills No. 21,2020-06,6,2020,111
County of Two Hills No. 21,2020-07,7,2020,71.57
County of Two Hills No. 21,2020-08,8,2020,82.42
County of Two Hills No. 21,2020-09,9,2020,5.94
County of Two Hills No. 21,2020-10,10,2020,11.2
County of Two Hills No. 21,2020-11,11,2020,19.22
County of Two Hills No. 21,2020-12,12,2020,1.8
County of Two Hills No. 21,2021-01,1,2021,7.73
County of Two Hills No. 21,2021-02,2,2021,4.78
County of Two Hills No. 21,2021-03,3,2021,6.05
County of Two Hills No. 21,2021-04,4,2021,4.48
County of Two Hills No. 21,2021-05,5,2021,49.18
County of Two Hills No. 21,2021-06,6,2021,56.1
County of Two Hills No. 21,2021-07,7,2021,25.7
County of Two Hills No. 21,2021-08,8,2021,49.09
County of Two Hills No. 21,2021-09,9,2021,9.23
County of Two Hills No. 21,2021-10,10,2021,6.05
County of Two Hills No. 21,2021-11,11,2021,12.8
County of Two Hills No. 21,2021-12,12,2021,21.67
County of Two Hills No. 21,2022-01,1,2022,23.63
County of Two Hills No. 21,2022-02,2,2022,14.95
County of Two Hills No. 21,2022-03,3,2022,21.23
County of Two Hills No. 21,2022-04,4,2022,13.26
County of Two Hills No. 21,2022-05,5,2022,42.09
County of Two Hills No. 21,2022-06,6,2022,125.93
County of Two Hills No. 21,2022-07,7,2022,36.72
County of Two Hills No. 21,2022-08,8,2022,43.21
County of Two Hills No. 21,2022-09,9,2022,7.57
County of Two Hills No. 21,2022-10,10,2022,2.21
County of Two Hills No. 21,2022-11,11,2022,21.09
County of Two Hills No. 21,2022-12,12,2022,20.38
County of Two Hills No. 21,2023-01,1,2023,9.57
County of Two Hills No. 21,2023-02,2,2023,5.21
County of Two Hills No. 21,2023-03,3,2023,4.24
County of Two Hills No. 21,2023-04,4,2023,21.17
County of Two Hills No. 21,2023-05,5,2023,29.43
County of Two Hills No. 21,2023-06,6,2023,72.23
County of Two Hills No. 21,2023-07,7,2023,69.77
County of Two Hills No. 21,2023-08,8,2023,71.25
County of Two Hills No. 21,2023-09,9,2023,11.51
County of Two Hills No. 21,2023-10,10,2023,3.73
County of Two Hills No. 21,2023-11,11,2023,1.51
County of Two Hills No. 21,2023-12,12,2023,5.02
County of Two Hills No. 21,2024-01,1,2024,8.6
County of Two Hills No. 21,2024-02,2,2024,14.35
County of Two Hills No. 21,2024-03,3,2024,7.38
County of Two Hills No. 21,2024-04,4,2024,27.37
County of Two Hills No. 21,2024-05,5,2024,68.85
County of Two Hills No. 21,2024-06,6,2024,50.38
County of Vermilion River,2012-01,1,2012,4.81
County of Vermilion River,2012-02,2,2012,3.41
County of Vermilion River,2012-03,3,2012,19.56
County of Vermilion River,2012-04,4,2012,47.39
County of Vermilion River,2012-05,5,2012,68.48
County of Vermilion River,2012-06,6,2012,88.1
County of Vermilion River,2012-07,7,2012,90.53
County of Vermilion River,2012-08,8,2012,62.45
County of Vermilion River,2012-09,9,2012,26.57
County of Vermilion River,2012-10,10,2012,26.91
County of Vermilion River,2012-11,11,2012,13.39
County of Vermilion River,2012-12,12,2012,15.45
County of Vermilion River,2013-01,1,2013,16.11
County of Vermilion River,2013-02,2,2013,9.62
County of Vermilion River,2013-03,3,2013,10.62
County of Vermilion River,2013-04,4,2013,18.88
County of Vermilion River,2013-05,5,2013,13.05
County of Vermilion River,2013-06,6,2013,76.93
County of Vermilion River,2013-07,7,2013,67.24
County of Vermilion River,2013-08,8,2013,47.29
County of Vermilion River,2013-09,9,2013,1.77
County of Vermilion River,2013-10,10,2013,10.78
County of Vermilion River,2013-11,11,2013,15.37
County of Vermilion River,2013-12,12,2013,20.84
County of Vermilion River,2014-01,1,2014,4.63
County of Vermilion River,2014-02,2,2014,7.2
County of Vermilion River,2014-03,3,2014,3.58
County of Vermilion River,2014-04,4,2014,44.49
County of Vermilion River,2014-05,5,2014,36.84
County of Vermilion River,2014-06,6,2014,107.72
County of Vermilion River,2014-07,7,2014,74.32
County of Vermilion River,2014-08,8,2014,48.72
County of Vermilion River,2014-09,9,2014,17.57
County of Vermilion River,2014-10,10,2014,8.06
County of Vermilion River,2014-11,11,2014,39.04
County of Vermilion River,2014-12,12,2014,5.99
County of Vermilion River,2015-01,1,2015,12.17
County of Vermilion River,2015-02,2,2015,17.19
County of Vermilion River,2015-03,3,2015,16.93
County of Vermilion River,2015-04,4,2015,9.38
County of Vermilion River,2015-05,5,2015,8.36
County of Vermilion River,2015-06,6,2015,33.1
County of Vermilion River,2015-07,7,2015,65.89
County of Vermilion River,2015-08,8,2015,65.2
County of Vermilion River,2015-09,9,2015,66.09
County of Vermilion River,2015-10,10,2015,16.39
County of Vermilion River,2015-11,11,2015,13.1
County of Vermilion River,2015-12,12,2015,4.99
County of Vermilion River,2016-01,1,2016,22.44
County of Vermilion River,2016-02,2,2016,11.39
County of Vermilion River,2016-03,3,2016,23.76
County of Vermilion River,2016-04,4,2016,18.41
County of Vermilion River,2016-05,5,2016,58.64
County of Vermilion River,2016-06,6,2016,48.25
County of Vermilion River,2016-07,7,2016,128.3
County of Vermilion River,2016-08,8,2016,62.25
County of Vermilion River,2016-09,9,2016,18.49
County of Vermilion River,2016-10,10,2016,40.95
County of Vermilion River,2016-11,11,2016,10.18
County of Vermilion River,2016-12,12,2016,5.75
County of Vermilion River,2017-01,1,2017,8.8
County of Vermilion River,2017-02,2,2017,10.52
County of Vermilion River,2017-03,3,2017,20.75
County of Vermilion River,2017-04,4,2017,58.67
County of Vermilion River,2017-05,5,2017,69.9
County of Vermilion River,2017-06,6,2017,78.44
County of Vermilion River,2017-07,7,2017,64.3
County of Vermilion River,2017-08,8,2017,64.53
County of Vermilion River,2017-09,9,2017,17.76
County of Vermilion River,2017-10,10,2017,29.97
County of Vermilion River,2017-11,11,2017,13.17
County of Vermilion River,2017-12,12,2017,4.22
County of Vermilion River,2018-01,1,2018,15.09
County of Vermilion River,2018-02,2,2018,5.84
County of Vermilion River,2018-03,3,2018,14.68
County of Vermilion River,2018-04,4,2018,10.92
County of Vermilion River,2018-05,5,2018,26.07
County of Vermilion River,2018-06,6,2018,57.3
County of Vermilion River,2018-07,7,2018,103.38
County of Vermilion River,2018-08,8,2018,39.12
County of Vermilion River,2018-09,9,2018,72.7
County of Vermilion River,2018-10,10,2018,18.66
County of Vermilion River,2018-11,11,2018,14.26
County of Vermilion River,2018-12,12,2018,14.56
County of Vermilion River,2019-01,1,2019,12.11
County of Vermilion River,2019-02,2,2019,13.33
County of Vermilion River,2019-03,3,2019,1
County of Vermilion River,2019-04,4,2019,12.19
County of Vermilion River,2019-05,5,2019,13.91
County of Vermilion River,2019-06,6,2019,99.18
County of Vermilion River,2019-07,7,2019,114.04
County of Vermilion River,2019-08,8,2019,35.13
County of Vermilion River,2019-09,9,2019,47.53
County of Vermilion River,2019-10,10,2019,20.67
County of Vermilion River,2019-11,11,2019,13.16
County of Vermilion River,2019-12,12,2019,6.52
County of Vermilion River,2020-01,1,2020,11.45
County of Vermilion River,2020-02,2,2020,12.38
County of Vermilion River,2020-03,3,2020,19.29
County of Vermilion River,2020-04,4,2020,7.84
County of Vermilion River,2020-05,5,2020,29.56
County of Vermilion River,2020-06,6,2020,83.4
County of Vermilion River,2020-07,7,2020,111.78
County of Vermilion River,2020-08,8,2020,85.94
County of Vermilion River,2020-09,9,2020,13.3
County of Vermilion River,2020-10,10,2020,12.93
County of Vermilion River,2020-11,11,2020,16.15
County of Vermilion River,2020-12,12,2020,1.89
County of Vermilion River,2021-01,1,2021,7.94
County of Vermilion River,2021-02,2,2021,3.06
County of Vermilion River,2021-03,3,2021,5.63
County of Vermilion River,2021-04,4,2021,1.7
County of Vermilion River,2021-05,5,2021,55.21
County of Vermilion River,2021-06,6,2021,65.39
County of Vermilion River,2021-07,7,2021,27.97
County of Vermilion River,2021-08,8,2021,34.22
County of Vermilion River,2021-09,9,2021,13.26
County of Vermilion River,2021-10,10,2021,7.84
County of Vermilion River,2021-11,11,2021,14.48
County of Vermilion River,2021-12,12,2021,17.91
County of Vermilion River,2022-01,1,2022,23.77
County of Vermilion River,2022-02,2,2022,14.26
County of Vermilion River,2022-03,3,2022,11.91
County of Vermilion River,2022-04,4,2022,15.73
County of Vermilion River,2022-05,5,2022,45.4
County of Vermilion River,2022-06,6,2022,120.16
County of Vermilion River,2022-07,7,2022,61.29
County of Vermilion River,2022-08,8,2022,33.33
County of Vermilion River,2022-09,9,2022,3.62
County of Vermilion River,2022-10,10,2022,1.03
County of Vermilion River,2022-11,11,2022,21.62
County of Vermilion River,2022-12,12,2022,19.06
County of Vermilion River,2023-01,1,2023,9.46
County of Vermilion River,2023-02,2,2023,3.63
County of Vermilion River,2023-03,3,2023,2.14
County of Vermilion River,2023-04,4,2023,18.22
County of Vermilion River,2023-05,5,2023,11.59
County of Vermilion River,2023-06,6,2023,91.99
County of Vermilion River,2023-07,7,2023,50.43
County of Vermilion River,2023-08,8,2023,67.28
County of Vermilion River,2023-09,9,2023,17.85
County of Vermilion River,2023-10,10,2023,3.89
County of Vermilion River,2023-11,11,2023,1.45
County of Vermilion River,2023-12,12,2023,3.31
County of Vermilion River,2024-01,1,2024,7.87
County of Vermilion River,2024-02,2,2024,13.81
County of Vermilion River,2024-03,3,2024,8.29
County of Vermilion River,2024-04,4,2024,31.13
County of Vermilion River,2024-05,5,2024,75.61
County of Vermilion River,2024-06,6,2024,41.54
County of Warner No. 5,2012-01,1,2012,6.94
County of Warner No. 5,2012-02,2,2012,8.32
County of Warner No. 5,2012-03,3,2012,12.99
County of Warner No. 5,2012-04,4,2012,47.49
County of Warner No. 5,2012-05,5,2012,54.58
County of Warner No. 5,2012-06,6,2012,118.34
County of Warner No. 5,2012-07,7,2012,33.59
County of Warner No. 5,2012-08,8,2012,12.47
County of Warner No. 5,2012-09,9,2012,7.3
County of Warner No. 5,2012-10,10,2012,43.63
County of Warner No. 5,2012-11,11,2012,15.69
County of Warner No. 5,2012-12,12,2012,8.79
County of Warner No. 5,2013-01,1,2013,11.3
County of Warner No. 5,2013-02,2,2013,7.7
County of Warner No. 5,2013-03,3,2013,10.71
County of Warner No. 5,2013-04,4,2013,21.75
County of Warner No. 5,2013-05,5,2013,59.65
County of Warner No. 5,2013-06,6,2013,126.91
County of Warner No. 5,2013-07,7,2013,46.24
County of Warner No. 5,2013-08,8,2013,35.51
County of Warner No. 5,2013-09,9,2013,58.25
County of Warner No. 5,2013-10,10,2013,19.87
County of Warner No. 5,2013-11,11,2013,13.58
County of Warner No. 5,2013-12,12,2013,15.22
County of Warner No. 5,2014-01,1,2014,15.96
County of Warner No. 5,2014-02,2,2014,6.04
County of Warner No. 5,2014-03,3,2014,19.86
County of Warner No. 5,2014-04,4,2014,28.52
County of Warner No. 5,2014-05,5,2014,39.97
County of Warner No. 5,2014-06,6,2014,134.92
County of Warner No. 5,2014-07,7,2014,11.69
County of Warner No. 5,2014-08,8,2014,74.75
County of Warner No. 5,2014-09,9,2014,43.31
County of Warner No. 5,2014-10,10,2014,19.45
County of Warner No. 5,2014-11,11,2014,30.3
County of Warner No. 5,2014-12,12,2014,13.48
County of Warner No. 5,2015-01,1,2015,17.19
County of Warner No. 5,2015-02,2,2015,9.07
County of Warner No. 5,2015-03,3,2015,18.02
County of Warner No. 5,2015-04,4,2015,12.77
County of Warner No. 5,2015-05,5,2015,28.84
County of Warner No. 5,2015-06,6,2015,22.25
County of Warner No. 5,2015-07,7,2015,54.58
County of Warner No. 5,2015-08,8,2015,16.94
County of Warner No. 5,2015-09,9,2015,55.06
County of Warner No. 5,2015-10,10,2015,16.92
County of Warner No. 5,2015-11,11,2015,20.34
County of Warner No. 5,2015-12,12,2015,14.28
County of Warner No. 5,2016-01,1,2016,9.31
County of Warner No. 5,2016-02,2,2016,4.05
County of Warner No. 5,2016-03,3,2016,17.11
County of Warner No. 5,2016-04,4,2016,55.26
County of Warner No. 5,2016-05,5,2016,74.86
County of Warner No. 5,2016-06,6,2016,37.31
County of Warner No. 5,2016-07,7,2016,68.45
County of Warner No. 5,2016-08,8,2016,50.17
County of Warner No. 5,2016-09,9,2016,38.4
County of Warner No. 5,2016-10,10,2016,38.04
County of Warner No. 5,2016-11,11,2016,4.03
County of Warner No. 5,2016-12,12,2016,18.36
County of Warner No. 5,2017-01,1,2017,9.76
County of Warner No. 5,2017-02,2,2017,18.31
County of Warner No. 5,2017-03,3,2017,13.35
County of Warner No. 5,2017-04,4,2017,45.76
County of Warner No. 5,2017-05,5,2017,52.42
County of Warner No. 5,2017-06,6,2017,72.25
County of Warner No. 5,2017-07,7,2017,20.09
County of Warner No. 5,2017-08,8,2017,7.78
County of Warner No. 5,2017-09,9,2017,6.27
County of Warner No. 5,2017-10,10,2017,32.57
County of Warner No. 5,2017-11,11,2017,17.59
County of Warner No. 5,2017-12,12,2017,25.39
County of Warner No. 5,2018-01,1,2018,10.82
County of Warner No. 5,2018-02,2,2018,28.67
County of Warner No. 5,2018-03,3,2018,25.78
County of Warner No. 5,2018-04,4,2018,23.58
County of Warner No. 5,2018-05,5,2018,42.64
County of Warner No. 5,2018-06,6,2018,56.79
County of Warner No. 5,2018-07,7,2018,15.8
County of Warner No. 5,2018-08,8,2018,27.67
County of Warner No. 5,2018-09,9,2018,22.15
County of Warner No. 5,2018-10,10,2018,19.94
County of Warner No. 5,2018-11,11,2018,22.53
County of Warner No. 5,2018-12,12,2018,10.97
County of Warner No. 5,2019-01,1,2019,12.96
County of Warner No. 5,2019-02,2,2019,21.75
County of Warner No. 5,2019-03,3,2019,5.24
County of Warner No. 5,2019-04,4,2019,9.73
County of Warner No. 5,2019-05,5,2019,55.83
County of Warner No. 5,2019-06,6,2019,24.68
County of Warner No. 5,2019-07,7,2019,28.25
County of Warner No. 5,2019-08,8,2019,26.68
County of Warner No. 5,2019-09,9,2019,54.07
County of Warner No. 5,2019-10,10,2019,14.59
County of Warner No. 5,2019-11,11,2019,35.36
County of Warner No. 5,2019-12,12,2019,8.65
County of Warner No. 5,2020-01,1,2020,7.98
County of Warner No. 5,2020-02,2,2020,10.1
County of Warner No. 5,2020-03,3,2020,10.83
County of Warner No. 5,2020-04,4,2020,18.63
County of Warner No. 5,2020-05,5,2020,77.41
County of Warner No. 5,2020-06,6,2020,98.65
County of Warner No. 5,2020-07,7,2020,22.4
County of Warner No. 5,2020-08,8,2020,5.23
County of Warner No. 5,2020-09,9,2020,31.98
County of Warner No. 5,2020-10,10,2020,28.89
County of Warner No. 5,2020-11,11,2020,19.88
County of Warner No. 5,2020-12,12,2020,7.26
County of Warner No. 5,2021-01,1,2021,2.74
County of Warner No. 5,2021-02,2,2021,14.35
County of Warner No. 5,2021-03,3,2021,4.99
County of Warner No. 5,2021-04,4,2021,15.17
County of Warner No. 5,2021-05,5,2021,49.73
County of Warner No. 5,2021-06,6,2021,8.45
County of Warner No. 5,2021-07,7,2021,17.16
County of Warner No. 5,2021-08,8,2021,45.67
County of Warner No. 5,2021-09,9,2021,9.41
County of Warner No. 5,2021-10,10,2021,19.21
County of Warner No. 5,2021-11,11,2021,3.23
County of Warner No. 5,2021-12,12,2021,12.54
County of Warner No. 5,2022-01,1,2022,6.5
County of Warner No. 5,2022-02,2,2022,10.12
County of Warner No. 5,2022-03,3,2022,15.35
County of Warner No. 5,2022-04,4,2022,8.58
County of Warner No. 5,2022-05,5,2022,23.81
County of Warner No. 5,2022-06,6,2022,124.48
County of Warner No. 5,2022-07,7,2022,58.82
County of Warner No. 5,2022-08,8,2022,31.06
County of Warner No. 5,2022-09,9,2022,19.01
County of Warner No. 5,2022-10,10,2022,37.31
County of Warner No. 5,2022-11,11,2022,16.2
County of Warner No. 5,2022-12,12,2022,15.84
County of Warner No. 5,2023-01,1,2023,4.92
County of Warner No. 5,2023-02,2,2023,11.56
County of Warner No. 5,2023-03,3,2023,10.27
County of Warner No. 5,2023-04,4,2023,10.93
County of Warner No. 5,2023-05,5,2023,24.56
County of Warner No. 5,2023-06,6,2023,45.54
County of Warner No. 5,2023-07,7,2023,22.02
County of Warner No. 5,2023-08,8,2023,26.35
County of Warner No. 5,2023-09,9,2023,14.34
County of Warner No. 5,2023-10,10,2023,24.59
County of Warner No. 5,2023-11,11,2023,7.75
County of Warner No. 5,2023-12,12,2023,5.17
County of Warner No. 5,2024-01,1,2024,16.15
County of Warner No. 5,2024-02,2,2024,16.74
County of Warner No. 5,2024-03,3,2024,19.04
County of Warner No. 5,2024-04,4,2024,28.96
County of Warner No. 5,2024-05,5,2024,106.18
County of Warner No. 5,2024-06,6,2024,44.53
County of Wetaskiwin No. 10,2012-01,1,2012,7.3
County of Wetaskiwin No. 10,2012-02,2,2012,10.53
County of Wetaskiwin No. 10,2012-03,3,2012,24.39
County of Wetaskiwin No. 10,2012-04,4,2012,53.13
County of Wetaskiwin No. 10,2012-05,5,2012,50.12
County of Wetaskiwin No. 10,2012-06,6,2012,89.24
County of Wetaskiwin No. 10,2012-07,7,2012,138.53
County of Wetaskiwin No. 10,2012-08,8,2012,62.88
County of Wetaskiwin No. 10,2012-09,9,2012,14.1
County of Wetaskiwin No. 10,2012-10,10,2012,24.5
County of Wetaskiwin No. 10,2012-11,11,2012,23.18
County of Wetaskiwin No. 10,2012-12,12,2012,18.78
County of Wetaskiwin No. 10,2013-01,1,2013,22.28
County of Wetaskiwin No. 10,2013-02,2,2013,7.28
County of Wetaskiwin No. 10,2013-03,3,2013,25.36
County of Wetaskiwin No. 10,2013-04,4,2013,25.87
County of Wetaskiwin No. 10,2013-05,5,2013,62.64
County of Wetaskiwin No. 10,2013-06,6,2013,75.16
County of Wetaskiwin No. 10,2013-07,7,2013,80.29
County of Wetaskiwin No. 10,2013-08,8,2013,55.81
County of Wetaskiwin No. 10,2013-09,9,2013,11.1
County of Wetaskiwin No. 10,2013-10,10,2013,15.64
County of Wetaskiwin No. 10,2013-11,11,2013,47.47
County of Wetaskiwin No. 10,2013-12,12,2013,38.11
County of Wetaskiwin No. 10,2014-01,1,2014,21.35
County of Wetaskiwin No. 10,2014-02,2,2014,9.43
County of Wetaskiwin No. 10,2014-03,3,2014,22.08
County of Wetaskiwin No. 10,2014-04,4,2014,28.48
County of Wetaskiwin No. 10,2014-05,5,2014,43.29
County of Wetaskiwin No. 10,2014-06,6,2014,75.18
County of Wetaskiwin No. 10,2014-07,7,2014,78.18
County of Wetaskiwin No. 10,2014-08,8,2014,37.15
County of Wetaskiwin No. 10,2014-09,9,2014,48.11
County of Wetaskiwin No. 10,2014-10,10,2014,10.14
County of Wetaskiwin No. 10,2014-11,11,2014,30.88
County of Wetaskiwin No. 10,2014-12,12,2014,4.99
County of Wetaskiwin No. 10,2015-01,1,2015,27.31
County of Wetaskiwin No. 10,2015-02,2,2015,18.58
County of Wetaskiwin No. 10,2015-03,3,2015,21.9
County of Wetaskiwin No. 10,2015-04,4,2015,21.24
County of Wetaskiwin No. 10,2015-05,5,2015,19.24
County of Wetaskiwin No. 10,2015-06,6,2015,48.24
County of Wetaskiwin No. 10,2015-07,7,2015,85.25
County of Wetaskiwin No. 10,2015-08,8,2015,39.28
County of Wetaskiwin No. 10,2015-09,9,2015,76.33
County of Wetaskiwin No. 10,2015-10,10,2015,18.01
County of Wetaskiwin No. 10,2015-11,11,2015,17.77
County of Wetaskiwin No. 10,2015-12,12,2015,8.57
County of Wetaskiwin No. 10,2016-01,1,2016,8.14
County of Wetaskiwin No. 10,2016-02,2,2016,10.82
County of Wetaskiwin No. 10,2016-03,3,2016,16.48
County of Wetaskiwin No. 10,2016-04,4,2016,9.29
County of Wetaskiwin No. 10,2016-05,5,2016,100.81
County of Wetaskiwin No. 10,2016-06,6,2016,82.4
County of Wetaskiwin No. 10,2016-07,7,2016,104.49
County of Wetaskiwin No. 10,2016-08,8,2016,96.98
County of Wetaskiwin No. 10,2016-09,9,2016,41.2
County of Wetaskiwin No. 10,2016-10,10,2016,40.34
County of Wetaskiwin No. 10,2016-11,11,2016,23.07
County of Wetaskiwin No. 10,2016-12,12,2016,14.06
County of Wetaskiwin No. 10,2017-01,1,2017,8.8
County of Wetaskiwin No. 10,2017-02,2,2017,17.4
County of Wetaskiwin No. 10,2017-03,3,2017,21.84
County of Wetaskiwin No. 10,2017-04,4,2017,57.71
County of Wetaskiwin No. 10,2017-05,5,2017,62.06
County of Wetaskiwin No. 10,2017-06,6,2017,81.48
County of Wetaskiwin No. 10,2017-07,7,2017,71.45
County of Wetaskiwin No. 10,2017-08,8,2017,38.96
County of Wetaskiwin No. 10,2017-09,9,2017,66.09
County of Wetaskiwin No. 10,2017-10,10,2017,27.73
County of Wetaskiwin No. 10,2017-11,11,2017,21.22
County of Wetaskiwin No. 10,2017-12,12,2017,5.93
County of Wetaskiwin No. 10,2018-01,1,2018,10.41
County of Wetaskiwin No. 10,2018-02,2,2018,19.17
County of Wetaskiwin No. 10,2018-03,3,2018,27.34
County of Wetaskiwin No. 10,2018-04,4,2018,15.29
County of Wetaskiwin No. 10,2018-05,5,2018,28.65
County of Wetaskiwin No. 10,2018-06,6,2018,71.72
County of Wetaskiwin No. 10,2018-07,7,2018,70.56
County of Wetaskiwin No. 10,2018-08,8,2018,43.81
County of Wetaskiwin No. 10,2018-09,9,2018,83.16
County of Wetaskiwin No. 10,2018-10,10,2018,15.93
County of Wetaskiwin No. 10,2018-11,11,2018,25.79
County of Wetaskiwin No. 10,2018-12,12,2018,22.23
County of Wetaskiwin No. 10,2019-01,1,2019,12.17
County of Wetaskiwin No. 10,2019-02,2,2019,16.18
County of Wetaskiwin No. 10,2019-03,3,2019,11.96
County of Wetaskiwin No. 10,2019-04,4,2019,15.06
County of Wetaskiwin No. 10,2019-05,5,2019,32.35
County of Wetaskiwin No. 10,2019-06,6,2019,119.78
County of Wetaskiwin No. 10,2019-07,7,2019,138.44
County of Wetaskiwin No. 10,2019-08,8,2019,50.2
County of Wetaskiwin No. 10,2019-09,9,2019,49.71
County of Wetaskiwin No. 10,2019-10,10,2019,20.53
County of Wetaskiwin No. 10,2019-11,11,2019,32.36
County of Wetaskiwin No. 10,2019-12,12,2019,17.04
County of Wetaskiwin No. 10,2020-01,1,2020,13.66
County of Wetaskiwin No. 10,2020-02,2,2020,18.27
County of Wetaskiwin No. 10,2020-03,3,2020,20.2
County of Wetaskiwin No. 10,2020-04,4,2020,9.56
County of Wetaskiwin No. 10,2020-05,5,2020,107.76
County of Wetaskiwin No. 10,2020-06,6,2020,116.28
County of Wetaskiwin No. 10,2020-07,7,2020,143.61
County of Wetaskiwin No. 10,2020-08,8,2020,73.98
County of Wetaskiwin No. 10,2020-09,9,2020,12.99
County of Wetaskiwin No. 10,2020-10,10,2020,18.04
County of Wetaskiwin No. 10,2020-11,11,2020,23.4
County of Wetaskiwin No. 10,2020-12,12,2020,3.85
County of Wetaskiwin No. 10,2021-01,1,2021,7.28
County of Wetaskiwin No. 10,2021-02,2,2021,9.78
County of Wetaskiwin No. 10,2021-03,3,2021,5.04
County of Wetaskiwin No. 10,2021-04,4,2021,16.01
County of Wetaskiwin No. 10,2021-05,5,2021,79.16
County of Wetaskiwin No. 10,2021-06,6,2021,41.7
County of Wetaskiwin No. 10,2021-07,7,2021,76.02
County of Wetaskiwin No. 10,2021-08,8,2021,61.66
County of Wetaskiwin No. 10,2021-09,9,2021,33.96
County of Wetaskiwin No. 10,2021-10,10,2021,21.59
County of Wetaskiwin No. 10,2021-11,11,2021,11.07
County of Wetaskiwin No. 10,2021-12,12,2021,28.27
County of Wetaskiwin No. 10,2022-01,1,2022,19.77
County of Wetaskiwin No. 10,2022-02,2,2022,20.63
County of Wetaskiwin No. 10,2022-03,3,2022,19.67
County of Wetaskiwin No. 10,2022-04,4,2022,29.41
County of Wetaskiwin No. 10,2022-05,5,2022,34.29
County of Wetaskiwin No. 10,2022-06,6,2022,166.86
County of Wetaskiwin No. 10,2022-07,7,2022,104.92
County of Wetaskiwin No. 10,2022-08,8,2022,22.25
County of Wetaskiwin No. 10,2022-09,9,2022,10.29
County of Wetaskiwin No. 10,2022-10,10,2022,10.31
County of Wetaskiwin No. 10,2022-11,11,2022,31.58
County of Wetaskiwin No. 10,2022-12,12,2022,10.52
County of Wetaskiwin No. 10,2023-01,1,2023,7.98
County of Wetaskiwin No. 10,2023-02,2,2023,12.2
County of Wetaskiwin No. 10,2023-03,3,2023,3.34
County of Wetaskiwin No. 10,2023-04,4,2023,20.57
County of Wetaskiwin No. 10,2023-05,5,2023,35.72
County of Wetaskiwin No. 10,2023-06,6,2023,132.45
County of Wetaskiwin No. 10,2023-07,7,2023,68.24
County of Wetaskiwin No. 10,2023-08,8,2023,64.03
County of Wetaskiwin No. 10,2023-09,9,2023,34.86
County of Wetaskiwin No. 10,2023-10,10,2023,11.96
County of Wetaskiwin No. 10,2023-11,11,2023,2.55
County of Wetaskiwin No. 10,2023-12,12,2023,5.55
County of Wetaskiwin No. 10,2024-01,1,2024,14.03
County of Wetaskiwin No. 10,2024-02,2,2024,16.56
County of Wetaskiwin No. 10,2024-03,3,2024,15.86
County of Wetaskiwin No. 10,2024-04,4,2024,18.96
County of Wetaskiwin No. 10,2024-05,5,2024,63.53
County of Wetaskiwin No. 10,2024-06,6,2024,59.38
Cypress County,2012-01,1,2012,6.47
Cypress County,2012-02,2,2012,13.68
Cypress County,2012-03,3,2012,19.87
Cypress County,2012-04,4,2012,36.84
Cypress County,2012-05,5,2012,75.05
Cypress County,2012-06,6,2012,93.01
Cypress County,2012-07,7,2012,23.29
Cypress County,2012-08,8,2012,29.48
Cypress County,2012-09,9,2012,2.43
Cypress County,2012-10,10,2012,27.73
Cypress County,2012-11,11,2012,14.68
Cypress County,2012-12,12,2012,12.43
Cypress County,2013-01,1,2013,12.13
Cypress County,2013-02,2,2013,7.03
Cypress County,2013-03,3,2013,10
Cypress County,2013-04,4,2013,30.46
Cypress County,2013-05,5,2013,34.5
Cypress County,2013-06,6,2013,79.84
Cypress County,2013-07,7,2013,73.55
Cypress County,2013-08,8,2013,31.23
Cypress County,2013-09,9,2013,61.86
Cypress County,2013-10,10,2013,11.63
Cypress County,2013-11,11,2013,12.66
Cypress County,2013-12,12,2013,17.88
Cypress County,2014-01,1,2014,6.79
Cypress County,2014-02,2,2014,2.85
Cypress County,2014-03,3,2014,15.57
Cypress County,2014-04,4,2014,30.95
Cypress County,2014-05,5,2014,36
Cypress County,2014-06,6,2014,90.2
Cypress County,2014-07,7,2014,37.75
Cypress County,2014-08,8,2014,82.85
Cypress County,2014-09,9,2014,47.2
Cypress County,2014-10,10,2014,12.3
Cypress County,2014-11,11,2014,23.09
Cypress County,2014-12,12,2014,9.72
Cypress County,2015-01,1,2015,14.53
Cypress County,2015-02,2,2015,9.67
Cypress County,2015-03,3,2015,15
Cypress County,2015-04,4,2015,8.81
Cypress County,2015-05,5,2015,8.87
Cypress County,2015-06,6,2015,28.65
Cypress County,2015-07,7,2015,44.87
Cypress County,2015-08,8,2015,27.61
Cypress County,2015-09,9,2015,48.72
Cypress County,2015-10,10,2015,28.35
Cypress County,2015-11,11,2015,14.39
Cypress County,2015-12,12,2015,10.78
Cypress County,2016-01,1,2016,8.18
Cypress County,2016-02,2,2016,9.09
Cypress County,2016-03,3,2016,8.04
Cypress County,2016-04,4,2016,38.51
Cypress County,2016-05,5,2016,86.18
Cypress County,2016-06,6,2016,58.01
Cypress County,2016-07,7,2016,89.28
Cypress County,2016-08,8,2016,81.87
Cypress County,2016-09,9,2016,30.24
Cypress County,2016-10,10,2016,40.34
Cypress County,2016-11,11,2016,3.18
Cypress County,2016-12,12,2016,13.41
Cypress County,2017-01,1,2017,8.96
Cypress County,2017-02,2,2017,20.4
Cypress County,2017-03,3,2017,12.51
Cypress County,2017-04,4,2017,37.48
Cypress County,2017-05,5,2017,32.06
Cypress County,2017-06,6,2017,61.73
Cypress County,2017-07,7,2017,19.81
Cypress County,2017-08,8,2017,16.2
Cypress County,2017-09,9,2017,7.18
Cypress County,2017-10,10,2017,38.38
Cypress County,2017-11,11,2017,15.38
Cypress County,2017-12,12,2017,14.37
Cypress County,2018-01,1,2018,6.55
Cypress County,2018-02,2,2018,17.85
Cypress County,2018-03,3,2018,22.17
Cypress County,2018-04,4,2018,7.57
Cypress County,2018-05,5,2018,26.63
Cypress County,2018-06,6,2018,45.26
Cypress County,2018-07,7,2018,37.84
Cypress County,2018-08,8,2018,24.74
Cypress County,2018-09,9,2018,19.37
Cypress County,2018-10,10,2018,14.02
Cypress County,2018-11,11,2018,20.24
Cypress County,2018-12,12,2018,8.47
Cypress County,2019-01,1,2019,7.82
Cypress County,2019-02,2,2019,19.55
Cypress County,2019-03,3,2019,6.24
Cypress County,2019-04,4,2019,18.08
Cypress County,2019-05,5,2019,19.47
Cypress County,2019-06,6,2019,46.52
Cypress County,2019-07,7,2019,18.03
Cypress County,2019-08,8,2019,38.23
Cypress County,2019-09,9,2019,44.88
Cypress County,2019-10,10,2019,11.01
Cypress County,2019-11,11,2019,23.3
Cypress County,2019-12,12,2019,9.55
Cypress County,2020-01,1,2020,12.46
Cypress County,2020-02,2,2020,17.31
Cypress County,2020-03,3,2020,7.93
Cypress County,2020-04,4,2020,11.44
Cypress County,2020-05,5,2020,58.04
Cypress County,2020-06,6,2020,77
Cypress County,2020-07,7,2020,41.34
Cypress County,2020-08,8,2020,5.73
Cypress County,2020-09,9,2020,32.61
Cypress County,2020-10,10,2020,22.63
Cypress County,2020-11,11,2020,27.7
Cypress County,2020-12,12,2020,8.31
Cypress County,2021-01,1,2021,3.15
Cypress County,2021-02,2,2021,7.01
Cypress County,2021-03,3,2021,7.18
Cypress County,2021-04,4,2021,7.95
Cypress County,2021-05,5,2021,62.44
Cypress County,2021-06,6,2021,19.32
Cypress County,2021-07,7,2021,17.29
Cypress County,2021-08,8,2021,30.19
Cypress County,2021-09,9,2021,10.85
Cypress County,2021-10,10,2021,10.34
Cypress County,2021-11,11,2021,10.51
Cypress County,2021-12,12,2021,11.44
Cypress County,2022-01,1,2022,7.79
Cypress County,2022-02,2,2022,10.78
Cypress County,2022-03,3,2022,10.83
Cypress County,2022-04,4,2022,17.09
Cypress County,2022-05,5,2022,25.75
Cypress County,2022-06,6,2022,110.06
Cypress County,2022-07,7,2022,47.71
Cypress County,2022-08,8,2022,12.87
Cypress County,2022-09,9,2022,6.52
Cypress County,2022-10,10,2022,17.37
Cypress County,2022-11,11,2022,22.36
Cypress County,2022-12,12,2022,22.73
Cypress County,2023-01,1,2023,8.59
Cypress County,2023-02,2,2023,7.2
Cypress County,2023-03,3,2023,8.65
Cypress County,2023-04,4,2023,10.96
Cypress County,2023-05,5,2023,25.71
Cypress County,2023-06,6,2023,35.96
Cypress County,2023-07,7,2023,28.14
Cypress County,2023-08,8,2023,22.05
Cypress County,2023-09,9,2023,14.12
Cypress County,2023-10,10,2023,24.23
Cypress County,2023-11,11,2023,6.52
Cypress County,2023-12,12,2023,2.97
Cypress County,2024-01,1,2024,14.05
Cypress County,2024-02,2,2024,13.9
Cypress County,2024-03,3,2024,15.92
Cypress County,2024-04,4,2024,28.4
Cypress County,2024-05,5,2024,107.74
Cypress County,2024-06,6,2024,44.39
Drumheller,2012-01,1,2012,2.8
Drumheller,2012-02,2,2012,6.52
Drumheller,2012-03,3,2012,15.74
Drumheller,2012-04,4,2012,35.37
Drumheller,2012-05,5,2012,39.26
Drumheller,2012-06,6,2012,164.66
Drumheller,2012-07,7,2012,63.93
Drumheller,2012-08,8,2012,33.49
Drumheller,2012-09,9,2012,25.99
Drumheller,2012-10,10,2012,28.96
Drumheller,2012-11,11,2012,13.28
Drumheller,2012-12,12,2012,11.62
Drumheller,2013-01,1,2013,6.32
Drumheller,2013-02,2,2013,2.02
Drumheller,2013-03,3,2013,8.54
Drumheller,2013-04,4,2013,17.51
Drumheller,2013-05,5,2013,59.9
Drumheller,2013-06,6,2013,128.06
Drumheller,2013-07,7,2013,76.58
Drumheller,2013-08,8,2013,11.69
Drumheller,2013-09,9,2013,7.99
Drumheller,2013-10,10,2013,17.35
Drumheller,2013-11,11,2013,21.66
Drumheller,2013-12,12,2013,11.1
Drumheller,2014-01,1,2014,5.18
Drumheller,2014-02,2,2014,1.55
Drumheller,2014-03,3,2014,11.76
Drumheller,2014-04,4,2014,17.34
Drumheller,2014-05,5,2014,58.88
Drumheller,2014-06,6,2014,71.57
Drumheller,2014-07,7,2014,64.46
Drumheller,2014-08,8,2014,84.1
Drumheller,2014-09,9,2014,41.83
Drumheller,2014-10,10,2014,7.14
Drumheller,2014-11,11,2014,39.27
Drumheller,2014-12,12,2014,15.75
Drumheller,2015-01,1,2015,12.58
Drumheller,2015-02,2,2015,9.04
Drumheller,2015-03,3,2015,8.93
Drumheller,2015-04,4,2015,14.02
Drumheller,2015-05,5,2015,5.71
Drumheller,2015-06,6,2015,36.74
Drumheller,2015-07,7,2015,63.37
Drumheller,2015-08,8,2015,97.88
Drumheller,2015-09,9,2015,85.48
Drumheller,2015-10,10,2015,4.3
Drumheller,2015-11,11,2015,7.67
Drumheller,2015-12,12,2015,16.7
Drumheller,2016-01,1,2016,24.66
Drumheller,2016-02,2,2016,13.31
Drumheller,2016-03,3,2016,7.25
Drumheller,2016-04,4,2016,7.17
Drumheller,2016-05,5,2016,86.87
Drumheller,2016-06,6,2016,57.22
Drumheller,2016-07,7,2016,145.41
Drumheller,2016-08,8,2016,97.73
Drumheller,2016-09,9,2016,21.11
Drumheller,2016-10,10,2016,24.85
Drumheller,2016-11,11,2016,1.92
Drumheller,2016-12,12,2016,11.5
Drumheller,2017-01,1,2017,16.44
Drumheller,2017-02,2,2017,29.48
Drumheller,2017-03,3,2017,26.6
Drumheller,2017-04,4,2017,30.73
Drumheller,2017-05,5,2017,35.18
Drumheller,2017-06,6,2017,68.37
Drumheller,2017-07,7,2017,23.43
Drumheller,2017-08,8,2017,19.52
Drumheller,2017-09,9,2017,21.3
Drumheller,2017-10,10,2017,29.9
Drumheller,2017-11,11,2017,20.18
Drumheller,2017-12,12,2017,14.5
Drumheller,2018-01,1,2018,12.29
Drumheller,2018-02,2,2018,37.11
Drumheller,2018-03,3,2018,23.38
Drumheller,2018-04,4,2018,17.27
Drumheller,2018-05,5,2018,19.64
Drumheller,2018-06,6,2018,88.55
Drumheller,2018-07,7,2018,70.09
Drumheller,2018-08,8,2018,19.71
Drumheller,2018-09,9,2018,62.94
Drumheller,2018-10,10,2018,12.84
Drumheller,2018-11,11,2018,20.95
Drumheller,2018-12,12,2018,13.93
Drumheller,2019-01,1,2019,6.63
Drumheller,2019-02,2,2019,11.24
Drumheller,2019-03,3,2019,3.87
Drumheller,2019-04,4,2019,18.53
Drumheller,2019-05,5,2019,5.17
Drumheller,2019-06,6,2019,65.76
Drumheller,2019-07,7,2019,79.4
Drumheller,2019-08,8,2019,58.81
Drumheller,2019-09,9,2019,45.34
Drumheller,2019-10,10,2019,6.16
Drumheller,2019-11,11,2019,21.55
Drumheller,2019-12,12,2019,6.8
Drumheller,2020-01,1,2020,3.75
Drumheller,2020-02,2,2020,13
Drumheller,2020-03,3,2020,9.52
Drumheller,2020-04,4,2020,6.04
Drumheller,2020-05,5,2020,82.65
Drumheller,2020-06,6,2020,81.82
Drumheller,2020-07,7,2020,110.27
Drumheller,2020-08,8,2020,38.18
Drumheller,2020-09,9,2020,26.74
Drumheller,2020-10,10,2020,16.28
Drumheller,2020-11,11,2020,14.01
Drumheller,2020-12,12,2020,11.62
Drumheller,2021-01,1,2021,3.2
Drumheller,2021-02,2,2021,9.09
Drumheller,2021-03,3,2021,3.14
Drumheller,2021-04,4,2021,8.88
Drumheller,2021-05,5,2021,43.04
Drumheller,2021-06,6,2021,43.05
Drumheller,2021-07,7,2021,43.05
Drumheller,2021-08,8,2021,56.99
Drumheller,2021-09,9,2021,23.33
Drumheller,2021-10,10,2021,12.28
Drumheller,2021-11,11,2021,4.63
Drumheller,2021-12,12,2021,19.51
Drumheller,2022-01,1,2022,2.51
Drumheller,2022-02,2,2022,8.19
Drumheller,2022-03,3,2022,11.22
Drumheller,2022-04,4,2022,9.01
Drumheller,2022-05,5,2022,14.05
Drumheller,2022-06,6,2022,159.42
Drumheller,2022-07,7,2022,37.78
Drumheller,2022-08,8,2022,18.04
Drumheller,2022-09,9,2022,8.18
Drumheller,2022-10,10,2022,4.09
Drumheller,2022-11,11,2022,15.13
Drumheller,2022-12,12,2022,8.92
Drumheller,2023-01,1,2023,5.42
Drumheller,2023-02,2,2023,3.02
Drumheller,2023-03,3,2023,4.25
Drumheller,2023-04,4,2023,7.38
Drumheller,2023-05,5,2023,15.6
Drumheller,2023-06,6,2023,43.18
Drumheller,2023-07,7,2023,47.93
Drumheller,2023-08,8,2023,9.84
Drumheller,2023-09,9,2023,11.83
Drumheller,2023-10,10,2023,13.05
Drumheller,2023-11,11,2023,4.32
Drumheller,2023-12,12,2023,8.15
Drumheller,2024-01,1,2024,4.65
Drumheller,2024-02,2,2024,9.06
Drumheller,2024-03,3,2024,20.24
Drumheller,2024-04,4,2024,9.53
Drumheller,2024-05,5,2024,74.03
Drumheller,2024-06,6,2024,67.49
Edmonton,2012-01,1,2012,7.87
Edmonton,2012-02,2,2012,11.57
Edmonton,2012-03,3,2012,12.88
Edmonton,2012-04,4,2012,49.1
Edmonton,2012-05,5,2012,41.68
Edmonton,2012-06,6,2012,43.16
Edmonton,2012-07,7,2012,136.72
Edmonton,2012-08,8,2012,57.63
Edmonton,2012-09,9,2012,16.58
Edmonton,2012-10,10,2012,21.09
Edmonton,2012-11,11,2012,33.15
Edmonton,2012-12,12,2012,20.77
Edmonton,2013-01,1,2013,20.61
Edmonton,2013-02,2,2013,6.5
Edmonton,2013-03,3,2013,28.75
Edmonton,2013-04,4,2013,25.55
Edmonton,2013-05,5,2013,30.44
Edmonton,2013-06,6,2013,111.78
Edmonton,2013-07,7,2013,80.47
Edmonton,2013-08,8,2013,76.35
Edmonton,2013-09,9,2013,5.54
Edmonton,2013-10,10,2013,11.86
Edmonton,2013-11,11,2013,29.89
Edmonton,2013-12,12,2013,30.26
Edmonton,2014-01,1,2014,8.28
Edmonton,2014-02,2,2014,5.77
Edmonton,2014-03,3,2014,11.4
Edmonton,2014-04,4,2014,37.07
Edmonton,2014-05,5,2014,47.36
Edmonton,2014-06,6,2014,39.2
Edmonton,2014-07,7,2014,96.74
Edmonton,2014-08,8,2014,18.83
Edmonton,2014-09,9,2014,23.86
Edmonton,2014-10,10,2014,7.4
Edmonton,2014-11,11,2014,25.38
Edmonton,2014-12,12,2014,3.94
Edmonton,2015-01,1,2015,14
Edmonton,2015-02,2,2015,18.92
Edmonton,2015-03,3,2015,19.22
Edmonton,2015-04,4,2015,6.43
Edmonton,2015-05,5,2015,17.05
Edmonton,2015-06,6,2015,33.82
Edmonton,2015-07,7,2015,69.35
Edmonton,2015-08,8,2015,24.69
Edmonton,2015-09,9,2015,58.68
Edmonton,2015-10,10,2015,13.94
Edmonton,2015-11,11,2015,14.56
Edmonton,2015-12,12,2015,8.15
Edmonton,2016-01,1,2016,9.5
Edmonton,2016-02,2,2016,8.69
Edmonton,2016-03,3,2016,14.56
Edmonton,2016-04,4,2016,10.07
Edmonton,2016-05,5,2016,100.42
Edmonton,2016-06,6,2016,72.66
Edmonton,2016-07,7,2016,97.32
Edmonton,2016-08,8,2016,82.74
Edmonton,2016-09,9,2016,23.08
Edmonton,2016-10,10,2016,43.04
Edmonton,2016-11,11,2016,13.01
Edmonton,2016-12,12,2016,11.54
Edmonton,2017-01,1,2017,8.24
Edmonton,2017-02,2,2017,13.09
Edmonton,2017-03,3,2017,18.14
Edmonton,2017-04,4,2017,67.01
Edmonton,2017-05,5,2017,53.55
Edmonton,2017-06,6,2017,59.15
Edmonton,2017-07,7,2017,59.48
Edmonton,2017-08,8,2017,34.51
Edmonton,2017-09,9,2017,47.83
Edmonton,2017-10,10,2017,19.85
Edmonton,2017-11,11,2017,13.66
Edmonton,2017-12,12,2017,2.87
Edmonton,2018-01,1,2018,14.41
Edmonton,2018-02,2,2018,12.15
Edmonton,2018-03,3,2018,21.98
Edmonton,2018-04,4,2018,16.1
Edmonton,2018-05,5,2018,16.88
Edmonton,2018-06,6,2018,61.96
Edmonton,2018-07,7,2018,72.34
Edmonton,2018-08,8,2018,44.12
Edmonton,2018-09,9,2018,60.73
Edmonton,2018-10,10,2018,16.72
Edmonton,2018-11,11,2018,24.11
Edmonton,2018-12,12,2018,25.14
Edmonton,2019-01,1,2019,13.92
Edmonton,2019-02,2,2019,15.28
Edmonton,2019-03,3,2019,5.31
Edmonton,2019-04,4,2019,4.6
Edmonton,2019-05,5,2019,25.57
Edmonton,2019-06,6,2019,117.04
Edmonton,2019-07,7,2019,116.4
Edmonton,2019-08,8,2019,50.4
Edmonton,2019-09,9,2019,27.78
Edmonton,2019-10,10,2019,20.77
Edmonton,2019-11,11,2019,24.37
Edmonton,2019-12,12,2019,10.78
Edmonton,2020-01,1,2020,21.23
Edmonton,2020-02,2,2020,18.65
Edmonton,2020-03,3,2020,14.89
Edmonton,2020-04,4,2020,3.41
Edmonton,2020-05,5,2020,99.15
Edmonton,2020-06,6,2020,106.62
Edmonton,2020-07,7,2020,112.19
Edmonton,2020-08,8,2020,74.39
Edmonton,2020-09,9,2020,5.78
Edmonton,2020-10,10,2020,10.6
Edmonton,2020-11,11,2020,24.07
Edmonton,2020-12,12,2020,3.71
Edmonton,2021-01,1,2021,5.94
Edmonton,2021-02,2,2021,7.95
Edmonton,2021-03,3,2021,4.18
Edmonton,2021-04,4,2021,7.26
Edmonton,2021-05,5,2021,70.63
Edmonton,2021-06,6,2021,28.86
Edmonton,2021-07,7,2021,28.19
Edmonton,2021-08,8,2021,42.19
Edmonton,2021-09,9,2021,34.57
Edmonton,2021-10,10,2021,19.88
Edmonton,2021-11,11,2021,11.8
Edmonton,2021-12,12,2021,28.64
Edmonton,2022-01,1,2022,24.53
Edmonton,2022-02,2,2022,11.73
Edmonton,2022-03,3,2022,23.98
Edmonton,2022-04,4,2022,24.63
Edmonton,2022-05,5,2022,28.15
Edmonton,2022-06,6,2022,127.34
Edmonton,2022-07,7,2022,46.22
Edmonton,2022-08,8,2022,26.04
Edmonton,2022-09,9,2022,11.86
Edmonton,2022-10,10,2022,4.44
Edmonton,2022-11,11,2022,21.64
Edmonton,2022-12,12,2022,16.13
Edmonton,2023-01,1,2023,3.29
Edmonton,2023-02,2,2023,9.71
Edmonton,2023-03,3,2023,3.27
Edmonton,2023-04,4,2023,16.06
Edmonton,2023-05,5,2023,34.48
Edmonton,2023-06,6,2023,142.42
Edmonton,2023-07,7,2023,109.76
Edmonton,2023-08,8,2023,79.22
Edmonton,2023-09,9,2023,14.3
Edmonton,2023-10,10,2023,3.77
Edmonton,2023-11,11,2023,0.36
Edmonton,2023-12,12,2023,4.26
Edmonton,2024-01,1,2024,11.77
Edmonton,2024-02,2,2024,16.65
Edmonton,2024-03,3,2024,11.37
Edmonton,2024-04,4,2024,19.86
Edmonton,2024-05,5,2024,60.72
Edmonton,2024-06,6,2024,60.71
Flagstaff County,2012-01,1,2012,4.2
Flagstaff County,2012-02,2,2012,5.09
Flagstaff County,2012-03,3,2012,19.39
Flagstaff County,2012-04,4,2012,36.1
Flagstaff County,2012-05,5,2012,56.02
Flagstaff County,2012-06,6,2012,94.67
Flagstaff County,2012-07,7,2012,86.58
Flagstaff County,2012-08,8,2012,40.18
Flagstaff County,2012-09,9,2012,10.34
Flagstaff County,2012-10,10,2012,19.19
Flagstaff County,2012-11,11,2012,12.7
Flagstaff County,2012-12,12,2012,17.29
Flagstaff County,2013-01,1,2013,11.71
Flagstaff County,2013-02,2,2013,6
Flagstaff County,2013-03,3,2013,9.84
Flagstaff County,2013-04,4,2013,19.87
Flagstaff County,2013-05,5,2013,29.65
Flagstaff County,2013-06,6,2013,83.99
Flagstaff County,2013-07,7,2013,46.96
Flagstaff County,2013-08,8,2013,60.22
Flagstaff County,2013-09,9,2013,8.3
Flagstaff County,2013-10,10,2013,5.83
Flagstaff County,2013-11,11,2013,16.85
Flagstaff County,2013-12,12,2013,15.35
Flagstaff County,2014-01,1,2014,7.4
Flagstaff County,2014-02,2,2014,6.26
Flagstaff County,2014-03,3,2014,9.51
Flagstaff County,2014-04,4,2014,29.36
Flagstaff County,2014-05,5,2014,26.09
Flagstaff County,2014-06,6,2014,91.76
Flagstaff County,2014-07,7,2014,66.05
Flagstaff County,2014-08,8,2014,35.17
Flagstaff County,2014-09,9,2014,41.95
Flagstaff County,2014-10,10,2014,10.38
Flagstaff County,2014-11,11,2014,31.8
Flagstaff County,2014-12,12,2014,3.68
Flagstaff County,2015-01,1,2015,10.95
Flagstaff County,2015-02,2,2015,17.89
Flagstaff County,2015-03,3,2015,15.64
Flagstaff County,2015-04,4,2015,14.42
Flagstaff County,2015-05,5,2015,14.42
Flagstaff County,2015-06,6,2015,41.82
Flagstaff County,2015-07,7,2015,71.07
Flagstaff County,2015-08,8,2015,79.83
Flagstaff County,2015-09,9,2015,70.34
Flagstaff County,2015-10,10,2015,11.68
Flagstaff County,2015-11,11,2015,7.41
Flagstaff County,2015-12,12,2015,5.24
Flagstaff County,2016-01,1,2016,8.44
Flagstaff County,2016-02,2,2016,6.11
Flagstaff County,2016-03,3,2016,16.46
Flagstaff County,2016-04,4,2016,21.61
Flagstaff County,2016-05,5,2016,106.6
Flagstaff County,2016-06,6,2016,66.83
Flagstaff County,2016-07,7,2016,67.62
Flagstaff County,2016-08,8,2016,65.82
Flagstaff County,2016-09,9,2016,20.61
Flagstaff County,2016-10,10,2016,36.07
Flagstaff County,2016-11,11,2016,19.85
Flagstaff County,2016-12,12,2016,5.61
Flagstaff County,2017-01,1,2017,6.97
Flagstaff County,2017-02,2,2017,9.84
Flagstaff County,2017-03,3,2017,23.5
Flagstaff County,2017-04,4,2017,43.89
Flagstaff County,2017-05,5,2017,36.17
Flagstaff County,2017-06,6,2017,78.31
Flagstaff County,2017-07,7,2017,44.11
Flagstaff County,2017-08,8,2017,25.29
Flagstaff County,2017-09,9,2017,27.79
Flagstaff County,2017-10,10,2017,40.76
Flagstaff County,2017-11,11,2017,13.52
Flagstaff County,2017-12,12,2017,1.23
Flagstaff County,2018-01,1,2018,6.27
Flagstaff County,2018-02,2,2018,7.51
Flagstaff County,2018-03,3,2018,14.16
Flagstaff County,2018-04,4,2018,8.57
Flagstaff County,2018-05,5,2018,31.38
Flagstaff County,2018-06,6,2018,60.23
Flagstaff County,2018-07,7,2018,66.19
Flagstaff County,2018-08,8,2018,21.46
Flagstaff County,2018-09,9,2018,61.13
Flagstaff County,2018-10,10,2018,17.55
Flagstaff County,2018-11,11,2018,15.52
Flagstaff County,2018-12,12,2018,12.7
Flagstaff County,2019-01,1,2019,6.97
Flagstaff County,2019-02,2,2019,13.82
Flagstaff County,2019-03,3,2019,2.05
Flagstaff County,2019-04,4,2019,6.41
Flagstaff County,2019-05,5,2019,32.5
Flagstaff County,2019-06,6,2019,91.42
Flagstaff County,2019-07,7,2019,99.4
Flagstaff County,2019-08,8,2019,40.76
Flagstaff County,2019-09,9,2019,45.5
Flagstaff County,2019-10,10,2019,8.83
Flagstaff County,2019-11,11,2019,14.89
Flagstaff County,2019-12,12,2019,9.3
Flagstaff County,2020-01,1,2020,9.84
Flagstaff County,2020-02,2,2020,11.32
Flagstaff County,2020-03,3,2020,14.85
Flagstaff County,2020-04,4,2020,5.57
Flagstaff County,2020-05,5,2020,56.07
Flagstaff County,2020-06,6,2020,82.66
Flagstaff County,2020-07,7,2020,98.7
Flagstaff County,2020-08,8,2020,79.6
Flagstaff County,2020-09,9,2020,9.01
Flagstaff County,2020-10,10,2020,10.07
Flagstaff County,2020-11,11,2020,17.19
Flagstaff County,2020-12,12,2020,1.87
Flagstaff County,2021-01,1,2021,2.75
Flagstaff County,2021-02,2,2021,3.76
Flagstaff County,2021-03,3,2021,2.76
Flagstaff County,2021-04,4,2021,7.74
Flagstaff County,2021-05,5,2021,66.29
Flagstaff County,2021-06,6,2021,46.79
Flagstaff County,2021-07,7,2021,52.39
Flagstaff County,2021-08,8,2021,27.46
Flagstaff County,2021-09,9,2021,24.63
Flagstaff County,2021-10,10,2021,7.39
Flagstaff County,2021-11,11,2021,3.85
Flagstaff County,2021-12,12,2021,14.61
Flagstaff County,2022-01,1,2022,15.43
Flagstaff County,2022-02,2,2022,8.78
Flagstaff County,2022-03,3,2022,15.23
Flagstaff County,2022-04,4,2022,19.16
Flagstaff County,2022-05,5,2022,31.55
Flagstaff County,2022-06,6,2022,127.62
Flagstaff County,2022-07,7,2022,74.66
Flagstaff County,2022-08,8,2022,22
Flagstaff County,2022-09,9,2022,3.24
Flagstaff County,2022-10,10,2022,8.06
Flagstaff County,2022-11,11,2022,17.58
Flagstaff County,2022-12,12,2022,17.53
Flagstaff County,2023-01,1,2023,3.44
Flagstaff County,2023-02,2,2023,3.73
Flagstaff County,2023-03,3,2023,2.23
Flagstaff County,2023-04,4,2023,20.07
Flagstaff County,2023-05,5,2023,18.58
Flagstaff County,2023-06,6,2023,88.77
Flagstaff County,2023-07,7,2023,92.6
Flagstaff County,2023-08,8,2023,50.56
Flagstaff County,2023-09,9,2023,17.81
Flagstaff County,2023-10,10,2023,5.56
Flagstaff County,2023-11,11,2023,1.46
Flagstaff County,2023-12,12,2023,9.35
Flagstaff County,2024-01,1,2024,7.59
Flagstaff County,2024-02,2,2024,14.42
Flagstaff County,2024-03,3,2024,7.43
Flagstaff County,2024-04,4,2024,9.35
Flagstaff County,2024-05,5,2024,72.28
Flagstaff County,2024-06,6,2024,55.56
Fort Saskatchewan,2012-01,1,2012,10.07
Fort Saskatchewan,2012-02,2,2012,13.41
Fort Saskatchewan,2012-03,3,2012,13.29
Fort Saskatchewan,2012-04,4,2012,49.36
Fort Saskatchewan,2012-05,5,2012,50.55
Fort Saskatchewan,2012-06,6,2012,44.15
Fort Saskatchewan,2012-07,7,2012,142.98
Fort Saskatchewan,2012-08,8,2012,65.74
Fort Saskatchewan,2012-09,9,2012,17.31
Fort Saskatchewan,2012-10,10,2012,23.4
Fort Saskatchewan,2012-11,11,2012,39.94
Fort Saskatchewan,2012-12,12,2012,21.2
Fort Saskatchewan,2013-01,1,2013,23.75
Fort Saskatchewan,2013-02,2,2013,7.93
Fort Saskatchewan,2013-03,3,2013,28.74
Fort Saskatchewan,2013-04,4,2013,30.49
Fort Saskatchewan,2013-05,5,2013,28.71
Fort Saskatchewan,2013-06,6,2013,122.3
Fort Saskatchewan,2013-07,7,2013,77.19
Fort Saskatchewan,2013-08,8,2013,54.97
Fort Saskatchewan,2013-09,9,2013,7.4
Fort Saskatchewan,2013-10,10,2013,14.11
Fort Saskatchewan,2013-11,11,2013,34.01
Fort Saskatchewan,2013-12,12,2013,36.82
Fort Saskatchewan,2014-01,1,2014,7.95
Fort Saskatchewan,2014-02,2,2014,6.01
Fort Saskatchewan,2014-03,3,2014,9.07
Fort Saskatchewan,2014-04,4,2014,45.66
Fort Saskatchewan,2014-05,5,2014,47.56
Fort Saskatchewan,2014-06,6,2014,55.18
Fort Saskatchewan,2014-07,7,2014,120.72
Fort Saskatchewan,2014-08,8,2014,13.57
Fort Saskatchewan,2014-09,9,2014,26.54
Fort Saskatchewan,2014-10,10,2014,7.64
Fort Saskatchewan,2014-11,11,2014,34.65
Fort Saskatchewan,2014-12,12,2014,3.89
Fort Saskatchewan,2015-01,1,2015,18.5
Fort Saskatchewan,2015-02,2,2015,26.15
Fort Saskatchewan,2015-03,3,2015,22.56
Fort Saskatchewan,2015-04,4,2015,8.56
Fort Saskatchewan,2015-05,5,2015,23.13
Fort Saskatchewan,2015-06,6,2015,47.37
Fort Saskatchewan,2015-07,7,2015,73.53
Fort Saskatchewan,2015-08,8,2015,24.58
Fort Saskatchewan,2015-09,9,2015,56.18
Fort Saskatchewan,2015-10,10,2015,17.77
Fort Saskatchewan,2015-11,11,2015,16.8
Fort Saskatchewan,2015-12,12,2015,7.01
Fort Saskatchewan,2016-01,1,2016,11.58
Fort Saskatchewan,2016-02,2,2016,10.13
Fort Saskatchewan,2016-03,3,2016,17.92
Fort Saskatchewan,2016-04,4,2016,11.36
Fort Saskatchewan,2016-05,5,2016,92.23
Fort Saskatchewan,2016-06,6,2016,74.28
Fort Saskatchewan,2016-07,7,2016,87.5
Fort Saskatchewan,2016-08,8,2016,73.77
Fort Saskatchewan,2016-09,9,2016,27.85
Fort Saskatchewan,2016-10,10,2016,46.93
Fort Saskatchewan,2016-11,11,2016,12.55
Fort Saskatchewan,2016-12,12,2016,12.02
Fort Saskatchewan,2017-01,1,2017,8.57
Fort Saskatchewan,2017-02,2,2017,11.57
Fort Saskatchewan,2017-03,3,2017,17.64
Fort Saskatchewan,2017-04,4,2017,62.64
Fort Saskatchewan,2017-05,5,2017,46.74
Fort Saskatchewan,2017-06,6,2017,88.73
Fort Saskatchewan,2017-07,7,2017,51.34
Fort Saskatchewan,2017-08,8,2017,29.46
Fort Saskatchewan,2017-09,9,2017,42.31
Fort Saskatchewan,2017-10,10,2017,23.25
Fort Saskatchewan,2017-11,11,2017,11.84
Fort Saskatchewan,2017-12,12,2017,2.08
Fort Saskatchewan,2018-01,1,2018,17.8
Fort Saskatchewan,2018-02,2,2018,11.73
Fort Saskatchewan,2018-03,3,2018,22.29
Fort Saskatchewan,2018-04,4,2018,17.46
Fort Saskatchewan,2018-05,5,2018,14.08
Fort Saskatchewan,2018-06,6,2018,73.24
Fort Saskatchewan,2018-07,7,2018,71.51
Fort Saskatchewan,2018-08,8,2018,35.65
Fort Saskatchewan,2018-09,9,2018,57.94
Fort Saskatchewan,2018-10,10,2018,19.63
Fort Saskatchewan,2018-11,11,2018,24.95
Fort Saskatchewan,2018-12,12,2018,27.14
Fort Saskatchewan,2019-01,1,2019,19
Fort Saskatchewan,2019-02,2,2019,17.75
Fort Saskatchewan,2019-03,3,2019,5
Fort Saskatchewan,2019-04,4,2019,8.8
Fort Saskatchewan,2019-05,5,2019,40.98
Fort Saskatchewan,2019-06,6,2019,139.19
Fort Saskatchewan,2019-07,7,2019,123.49
Fort Saskatchewan,2019-08,8,2019,38.15
Fort Saskatchewan,2019-09,9,2019,28.64
Fort Saskatchewan,2019-10,10,2019,20.88
Fort Saskatchewan,2019-11,11,2019,23.01
Fort Saskatchewan,2019-12,12,2019,11.25
Fort Saskatchewan,2020-01,1,2020,21.25
Fort Saskatchewan,2020-02,2,2020,22.64
Fort Saskatchewan,2020-03,3,2020,16.17
Fort Saskatchewan,2020-04,4,2020,4.35
Fort Saskatchewan,2020-05,5,2020,104.31
Fort Saskatchewan,2020-06,6,2020,108.19
Fort Saskatchewan,2020-07,7,2020,113.08
Fort Saskatchewan,2020-08,8,2020,63.74
Fort Saskatchewan,2020-09,9,2020,5.81
Fort Saskatchewan,2020-10,10,2020,12.48
Fort Saskatchewan,2020-11,11,2020,27.22
Fort Saskatchewan,2020-12,12,2020,4.14
Fort Saskatchewan,2021-01,1,2021,7.42
Fort Saskatchewan,2021-02,2,2021,9.37
Fort Saskatchewan,2021-03,3,2021,4.46
Fort Saskatchewan,2021-04,4,2021,7.73
Fort Saskatchewan,2021-05,5,2021,66.56
Fort Saskatchewan,2021-06,6,2021,34.78
Fort Saskatchewan,2021-07,7,2021,31.83
Fort Saskatchewan,2021-08,8,2021,47.63
Fort Saskatchewan,2021-09,9,2021,39.87
Fort Saskatchewan,2021-10,10,2021,17.9
Fort Saskatchewan,2021-11,11,2021,15.12
Fort Saskatchewan,2021-12,12,2021,29.34
Fort Saskatchewan,2022-01,1,2022,28.63
Fort Saskatchewan,2022-02,2,2022,13.72
Fort Saskatchewan,2022-03,3,2022,33.01
Fort Saskatchewan,2022-04,4,2022,25.77
Fort Saskatchewan,2022-05,5,2022,30.84
Fort Saskatchewan,2022-06,6,2022,113.78
Fort Saskatchewan,2022-07,7,2022,47.81
Fort Saskatchewan,2022-08,8,2022,32.78
Fort Saskatchewan,2022-09,9,2022,11.55
Fort Saskatchewan,2022-10,10,2022,5.3
Fort Saskatchewan,2022-11,11,2022,23.19
Fort Saskatchewan,2022-12,12,2022,19.41
Fort Saskatchewan,2023-01,1,2023,4.79
Fort Saskatchewan,2023-02,2,2023,9.65
Fort Saskatchewan,2023-03,3,2023,4
Fort Saskatchewan,2023-04,4,2023,12.6
Fort Saskatchewan,2023-05,5,2023,40.74
Fort Saskatchewan,2023-06,6,2023,131.59
Fort Saskatchewan,2023-07,7,2023,91.11
Fort Saskatchewan,2023-08,8,2023,65.97
Fort Saskatchewan,2023-09,9,2023,11.9
Fort Saskatchewan,2023-10,10,2023,4.42
Fort Saskatchewan,2023-11,11,2023,1.08
Fort Saskatchewan,2023-12,12,2023,5.27
Fort Saskatchewan,2024-01,1,2024,12.79
Fort Saskatchewan,2024-02,2,2024,19.62
Fort Saskatchewan,2024-03,3,2024,11.34
Fort Saskatchewan,2024-04,4,2024,26.61
Fort Saskatchewan,2024-05,5,2024,59.32
Fort Saskatchewan,2024-06,6,2024,70.61
I.D. No.  9 Banff,2012-01,1,2012,23.97
I.D. No.  9 Banff,2012-02,2,2012,15.79
I.D. No.  9 Banff,2012-03,3,2012,61.16
I.D. No.  9 Banff,2012-04,4,2012,52.23
I.D. No.  9 Banff,2012-05,5,2012,54.31
I.D. No.  9 Banff,2012-06,6,2012,231.98
I.D. No.  9 Banff,2012-07,7,2012,57.38
I.D. No.  9 Banff,2012-08,8,2012,41.16
I.D. No.  9 Banff,2012-09,9,2012,30.75
I.D. No.  9 Banff,2012-10,10,2012,51.77
I.D. No.  9 Banff,2012-11,11,2012,33.05
I.D. No.  9 Banff,2012-12,12,2012,15.98
I.D. No.  9 Banff,2013-01,1,2013,14.62
I.D. No.  9 Banff,2013-02,2,2013,10.65
I.D. No.  9 Banff,2013-03,3,2013,41.22
I.D. No.  9 Banff,2013-04,4,2013,93.17
I.D. No.  9 Banff,2013-05,5,2013,102.38
I.D. No.  9 Banff,2013-06,6,2013,254.28
I.D. No.  9 Banff,2013-07,7,2013,38.05
I.D. No.  9 Banff,2013-08,8,2013,69.8
I.D. No.  9 Banff,2013-09,9,2013,104.12
I.D. No.  9 Banff,2013-10,10,2013,51.61
I.D. No.  9 Banff,2013-11,11,2013,30.17
I.D. No.  9 Banff,2013-12,12,2013,27.91
I.D. No.  9 Banff,2014-01,1,2014,33.15
I.D. No.  9 Banff,2014-02,2,2014,8.09
I.D. No.  9 Banff,2014-03,3,2014,27.46
I.D. No.  9 Banff,2014-04,4,2014,90.69
I.D. No.  9 Banff,2014-05,5,2014,113.81
I.D. No.  9 Banff,2014-06,6,2014,102.51
I.D. No.  9 Banff,2014-07,7,2014,24.98
I.D. No.  9 Banff,2014-08,8,2014,103.12
I.D. No.  9 Banff,2014-09,9,2014,99.93
I.D. No.  9 Banff,2014-10,10,2014,20.92
I.D. No.  9 Banff,2014-11,11,2014,55.97
I.D. No.  9 Banff,2014-12,12,2014,8.51
I.D. No.  9 Banff,2015-01,1,2015,13.14
I.D. No.  9 Banff,2015-02,2,2015,23.38
I.D. No.  9 Banff,2015-03,3,2015,20.17
I.D. No.  9 Banff,2015-04,4,2015,46.01
I.D. No.  9 Banff,2015-05,5,2015,37.74
I.D. No.  9 Banff,2015-06,6,2015,66.14
I.D. No.  9 Banff,2015-07,7,2015,45.68
I.D. No.  9 Banff,2015-08,8,2015,75.64
I.D. No.  9 Banff,2015-09,9,2015,78.7
I.D. No.  9 Banff,2015-10,10,2015,51.14
I.D. No.  9 Banff,2015-11,11,2015,50.5
I.D. No.  9 Banff,2015-12,12,2015,13.04
I.D. No.  9 Banff,2016-01,1,2016,13.23
I.D. No.  9 Banff,2016-02,2,2016,5.03
I.D. No.  9 Banff,2016-03,3,2016,12.53
I.D. No.  9 Banff,2016-04,4,2016,20.36
I.D. No.  9 Banff,2016-05,5,2016,94.99
I.D. No.  9 Banff,2016-06,6,2016,51.29
I.D. No.  9 Banff,2016-07,7,2016,103.97
I.D. No.  9 Banff,2016-08,8,2016,66.49
I.D. No.  9 Banff,2016-09,9,2016,58.64
I.D. No.  9 Banff,2016-10,10,2016,64.01
I.D. No.  9 Banff,2016-11,11,2016,6.45
I.D. No.  9 Banff,2016-12,12,2016,23.71
I.D. No.  9 Banff,2017-01,1,2017,13.86
I.D. No.  9 Banff,2017-02,2,2017,38.3
I.D. No.  9 Banff,2017-03,3,2017,40.95
I.D. No.  9 Banff,2017-04,4,2017,104.17
I.D. No.  9 Banff,2017-05,5,2017,62.36
I.D. No.  9 Banff,2017-06,6,2017,62.29
I.D. No.  9 Banff,2017-07,7,2017,32.04
I.D. No.  9 Banff,2017-08,8,2017,17.49
I.D. No.  9 Banff,2017-09,9,2017,35.7
I.D. No.  9 Banff,2017-10,10,2017,49.04
I.D. No.  9 Banff,2017-11,11,2017,39.44
I.D. No.  9 Banff,2017-12,12,2017,36.31
I.D. No.  9 Banff,2018-01,1,2018,13.2
I.D. No.  9 Banff,2018-02,2,2018,31.33
I.D. No.  9 Banff,2018-03,3,2018,59.92
I.D. No.  9 Banff,2018-04,4,2018,37.65
I.D. No.  9 Banff,2018-05,5,2018,77.4
I.D. No.  9 Banff,2018-06,6,2018,130.34
I.D. No.  9 Banff,2018-07,7,2018,55.96
I.D. No.  9 Banff,2018-08,8,2018,35.72
I.D. No.  9 Banff,2018-09,9,2018,77
I.D. No.  9 Banff,2018-10,10,2018,49.92
I.D. No.  9 Banff,2018-11,11,2018,12.14
I.D. No.  9 Banff,2018-12,12,2018,10.32
I.D. No.  9 Banff,2019-01,1,2019,11.57
I.D. No.  9 Banff,2019-02,2,2019,26.35
I.D. No.  9 Banff,2019-03,3,2019,40.93
I.D. No.  9 Banff,2019-04,4,2019,49.41
I.D. No.  9 Banff,2019-05,5,2019,78.71
I.D. No.  9 Banff,2019-06,6,2019,111.72
I.D. No.  9 Banff,2019-07,7,2019,104.14
I.D. No.  9 Banff,2019-08,8,2019,87.73
I.D. No.  9 Banff,2019-09,9,2019,88.65
I.D. No.  9 Banff,2019-10,10,2019,34.14
I.D. No.  9 Banff,2019-11,11,2019,52.71
I.D. No.  9 Banff,2019-12,12,2019,49.42
I.D. No.  9 Banff,2020-01,1,2020,10.36
I.D. No.  9 Banff,2020-02,2,2020,34.13
I.D. No.  9 Banff,2020-03,3,2020,62.79
I.D. No.  9 Banff,2020-04,4,2020,48.59
I.D. No.  9 Banff,2020-05,5,2020,106.61
I.D. No.  9 Banff,2020-06,6,2020,79.48
I.D. No.  9 Banff,2020-07,7,2020,34.25
I.D. No.  9 Banff,2020-08,8,2020,20.44
I.D. No.  9 Banff,2020-09,9,2020,26.45
I.D. No.  9 Banff,2020-10,10,2020,58.53
I.D. No.  9 Banff,2020-11,11,2020,24.37
I.D. No.  9 Banff,2020-12,12,2020,46.53
I.D. No.  9 Banff,2021-01,1,2021,9.49
I.D. No.  9 Banff,2021-02,2,2021,29.98
I.D. No.  9 Banff,2021-03,3,2021,27.32
I.D. No.  9 Banff,2021-04,4,2021,52.7
I.D. No.  9 Banff,2021-05,5,2021,85.33
I.D. No.  9 Banff,2021-06,6,2021,56
I.D. No.  9 Banff,2021-07,7,2021,43.34
I.D. No.  9 Banff,2021-08,8,2021,62.64
I.D. No.  9 Banff,2021-09,9,2021,22.38
I.D. No.  9 Banff,2021-10,10,2021,23.01
I.D. No.  9 Banff,2021-11,11,2021,37.17
I.D. No.  9 Banff,2021-12,12,2021,50.06
I.D. No.  9 Banff,2022-01,1,2022,25.09
I.D. No.  9 Banff,2022-02,2,2022,15.58
I.D. No.  9 Banff,2022-03,3,2022,26.63
I.D. No.  9 Banff,2022-04,4,2022,25.72
I.D. No.  9 Banff,2022-05,5,2022,28.89
I.D. No.  9 Banff,2022-06,6,2022,149.32
I.D. No.  9 Banff,2022-07,7,2022,55.28
I.D. No.  9 Banff,2022-08,8,2022,48.91
I.D. No.  9 Banff,2022-09,9,2022,19.2
I.D. No.  9 Banff,2022-10,10,2022,32.27
I.D. No.  9 Banff,2022-11,11,2022,44.28
I.D. No.  9 Banff,2022-12,12,2022,18.41
I.D. No.  9 Banff,2023-01,1,2023,9.15
I.D. No.  9 Banff,2023-02,2,2023,34.87
I.D. No.  9 Banff,2023-03,3,2023,22.88
I.D. No.  9 Banff,2023-04,4,2023,41.78
I.D. No.  9 Banff,2023-05,5,2023,31.69
I.D. No.  9 Banff,2023-06,6,2023,91.25
I.D. No.  9 Banff,2023-07,7,2023,74.62
I.D. No.  9 Banff,2023-08,8,2023,31.62
I.D. No.  9 Banff,2023-09,9,2023,39.13
I.D. No.  9 Banff,2023-10,10,2023,24.85
I.D. No.  9 Banff,2023-11,11,2023,22.21
I.D. No.  9 Banff,2023-12,12,2023,42.02
I.D. No.  9 Banff,2024-01,1,2024,21.19
I.D. No.  9 Banff,2024-02,2,2024,71.56
I.D. No.  9 Banff,2024-03,3,2024,35.42
I.D. No.  9 Banff,2024-04,4,2024,102.75
I.D. No.  9 Banff,2024-05,5,2024,95.35
I.D. No.  9 Banff,2024-06,6,2024,102.71
I.D. No. 12 Jasper,2012-01,1,2012,20.22
I.D. No. 12 Jasper,2012-02,2,2012,7.72
I.D. No. 12 Jasper,2012-03,3,2012,42.86
I.D. No. 12 Jasper,2012-04,4,2012,58.3
I.D. No. 12 Jasper,2012-05,5,2012,54.99
I.D. No. 12 Jasper,2012-06,6,2012,180.67
I.D. No. 12 Jasper,2012-07,7,2012,222.26
I.D. No. 12 Jasper,2012-08,8,2012,69.07
I.D. No. 12 Jasper,2012-09,9,2012,25.96
I.D. No. 12 Jasper,2012-10,10,2012,53.62
I.D. No. 12 Jasper,2012-11,11,2012,32.08
I.D. No. 12 Jasper,2012-12,12,2012,12.62
I.D. No. 12 Jasper,2013-01,1,2013,23.85
I.D. No. 12 Jasper,2013-02,2,2013,16.52
I.D. No. 12 Jasper,2013-03,3,2013,42.9
I.D. No. 12 Jasper,2013-04,4,2013,38.58
I.D. No. 12 Jasper,2013-05,5,2013,86.3
I.D. No. 12 Jasper,2013-06,6,2013,147.04
I.D. No. 12 Jasper,2013-07,7,2013,99.98
I.D. No. 12 Jasper,2013-08,8,2013,85.06
I.D. No. 12 Jasper,2013-09,9,2013,9.54
I.D. No. 12 Jasper,2013-10,10,2013,28.2
I.D. No. 12 Jasper,2013-11,11,2013,32.23
I.D. No. 12 Jasper,2013-12,12,2013,52.43
I.D. No. 12 Jasper,2014-01,1,2014,51.25
I.D. No. 12 Jasper,2014-02,2,2014,12.5
I.D. No. 12 Jasper,2014-03,3,2014,40.98
I.D. No. 12 Jasper,2014-04,4,2014,23.04
I.D. No. 12 Jasper,2014-05,5,2014,55.87
I.D. No. 12 Jasper,2014-06,6,2014,83.57
I.D. No. 12 Jasper,2014-07,7,2014,52.22
I.D. No. 12 Jasper,2014-08,8,2014,47.72
I.D. No. 12 Jasper,2014-09,9,2014,68.1
I.D. No. 12 Jasper,2014-10,10,2014,22.33
I.D. No. 12 Jasper,2014-11,11,2014,65.6
I.D. No. 12 Jasper,2014-12,12,2014,12.86
I.D. No. 12 Jasper,2015-01,1,2015,41.32
I.D. No. 12 Jasper,2015-02,2,2015,33.74
I.D. No. 12 Jasper,2015-03,3,2015,29.33
I.D. No. 12 Jasper,2015-04,4,2015,33.41
I.D. No. 12 Jasper,2015-05,5,2015,54.4
I.D. No. 12 Jasper,2015-06,6,2015,63.2
I.D. No. 12 Jasper,2015-07,7,2015,49.58
I.D. No. 12 Jasper,2015-08,8,2015,70.58
I.D. No. 12 Jasper,2015-09,9,2015,68.3
I.D. No. 12 Jasper,2015-10,10,2015,25.91
I.D. No. 12 Jasper,2015-11,11,2015,44.77
I.D. No. 12 Jasper,2015-12,12,2015,5.78
I.D. No. 12 Jasper,2016-01,1,2016,13.06
I.D. No. 12 Jasper,2016-02,2,2016,9.56
I.D. No. 12 Jasper,2016-03,3,2016,22.74
I.D. No. 12 Jasper,2016-04,4,2016,23.1
I.D. No. 12 Jasper,2016-05,5,2016,91.44
I.D. No. 12 Jasper,2016-06,6,2016,69.25
I.D. No. 12 Jasper,2016-07,7,2016,139.76
I.D. No. 12 Jasper,2016-08,8,2016,116.81
I.D. No. 12 Jasper,2016-09,9,2016,40.78
I.D. No. 12 Jasper,2016-10,10,2016,36.66
I.D. No. 12 Jasper,2016-11,11,2016,18.96
I.D. No. 12 Jasper,2016-12,12,2016,17.43
I.D. No. 12 Jasper,2017-01,1,2017,17.91
I.D. No. 12 Jasper,2017-02,2,2017,11.82
I.D. No. 12 Jasper,2017-03,3,2017,32.43
I.D. No. 12 Jasper,2017-04,4,2017,51.71
I.D. No. 12 Jasper,2017-05,5,2017,61.54
I.D. No. 12 Jasper,2017-06,6,2017,100.71
I.D. No. 12 Jasper,2017-07,7,2017,30.13
I.D. No. 12 Jasper,2017-08,8,2017,21.93
I.D. No. 12 Jasper,2017-09,9,2017,81.87
I.D. No. 12 Jasper,2017-10,10,2017,54.66
I.D. No. 12 Jasper,2017-11,11,2017,32.43
I.D. No. 12 Jasper,2017-12,12,2017,10.72
I.D. No. 12 Jasper,2018-01,1,2018,15.72
I.D. No. 12 Jasper,2018-02,2,2018,34.52
I.D. No. 12 Jasper,2018-03,3,2018,27.86
I.D. No. 12 Jasper,2018-04,4,2018,19.91
I.D. No. 12 Jasper,2018-05,5,2018,29.55
I.D. No. 12 Jasper,2018-06,6,2018,29.05
I.D. No. 12 Jasper,2018-07,7,2018,135.7
I.D. No. 12 Jasper,2018-08,8,2018,54.33
I.D. No. 12 Jasper,2018-09,9,2018,53.43
I.D. No. 12 Jasper,2018-10,10,2018,19.87
I.D. No. 12 Jasper,2018-11,11,2018,18.33
I.D. No. 12 Jasper,2018-12,12,2018,9.18
I.D. No. 12 Jasper,2019-01,1,2019,18.57
I.D. No. 12 Jasper,2019-02,2,2019,24.17
I.D. No. 12 Jasper,2019-03,3,2019,8.24
I.D. No. 12 Jasper,2019-04,4,2019,32.69
I.D. No. 12 Jasper,2019-05,5,2019,40.96
I.D. No. 12 Jasper,2019-06,6,2019,146.16
I.D. No. 12 Jasper,2019-07,7,2019,120.97
I.D. No. 12 Jasper,2019-08,8,2019,64.05
I.D. No. 12 Jasper,2019-09,9,2019,72.95
I.D. No. 12 Jasper,2019-10,10,2019,35.22
I.D. No. 12 Jasper,2019-11,11,2019,34.33
I.D. No. 12 Jasper,2019-12,12,2019,24.76
I.D. No. 12 Jasper,2020-01,1,2020,25.1
I.D. No. 12 Jasper,2020-02,2,2020,47.46
I.D. No. 12 Jasper,2020-03,3,2020,40.32
I.D. No. 12 Jasper,2020-04,4,2020,54.24
I.D. No. 12 Jasper,2020-05,5,2020,43.4
I.D. No. 12 Jasper,2020-06,6,2020,68.11
I.D. No. 12 Jasper,2020-07,7,2020,87.79
I.D. No. 12 Jasper,2020-08,8,2020,20.12
I.D. No. 12 Jasper,2020-09,9,2020,29.26
I.D. No. 12 Jasper,2020-10,10,2020,47.22
I.D. No. 12 Jasper,2020-11,11,2020,41.12
I.D. No. 12 Jasper,2020-12,12,2020,12.75
I.D. No. 12 Jasper,2021-01,1,2021,16.77
I.D. No. 12 Jasper,2021-02,2,2021,25.41
I.D. No. 12 Jasper,2021-03,3,2021,20.92
I.D. No. 12 Jasper,2021-04,4,2021,22.55
I.D. No. 12 Jasper,2021-05,5,2021,53.13
I.D. No. 12 Jasper,2021-06,6,2021,45.47
I.D. No. 12 Jasper,2021-07,7,2021,52.68
I.D. No. 12 Jasper,2021-08,8,2021,79.27
I.D. No. 12 Jasper,2021-09,9,2021,34.71
I.D. No. 12 Jasper,2021-10,10,2021,21.13
I.D. No. 12 Jasper,2021-11,11,2021,40.71
I.D. No. 12 Jasper,2021-12,12,2021,41.9
I.D. No. 12 Jasper,2022-01,1,2022,19.91
I.D. No. 12 Jasper,2022-02,2,2022,28.26
I.D. No. 12 Jasper,2022-03,3,2022,27.86
I.D. No. 12 Jasper,2022-04,4,2022,16.16
I.D. No. 12 Jasper,2022-05,5,2022,36.02
I.D. No. 12 Jasper,2022-06,6,2022,139.02
I.D. No. 12 Jasper,2022-07,7,2022,30.54
I.D. No. 12 Jasper,2022-08,8,2022,60.21
I.D. No. 12 Jasper,2022-09,9,2022,32.89
I.D. No. 12 Jasper,2022-10,10,2022,11.61
I.D. No. 12 Jasper,2022-11,11,2022,26.22
I.D. No. 12 Jasper,2022-12,12,2022,18.65
I.D. No. 12 Jasper,2023-01,1,2023,15.22
I.D. No. 12 Jasper,2023-02,2,2023,22.63
I.D. No. 12 Jasper,2023-03,3,2023,10.8
I.D. No. 12 Jasper,2023-04,4,2023,9.96
I.D. No. 12 Jasper,2023-05,5,2023,53.85
I.D. No. 12 Jasper,2023-06,6,2023,172.76
I.D. No. 12 Jasper,2023-07,7,2023,57.13
I.D. No. 12 Jasper,2023-08,8,2023,77.54
I.D. No. 12 Jasper,2023-09,9,2023,47.11
I.D. No. 12 Jasper,2023-10,10,2023,21.55
I.D. No. 12 Jasper,2023-11,11,2023,13.74
I.D. No. 12 Jasper,2023-12,12,2023,7.94
I.D. No. 12 Jasper,2024-01,1,2024,16.98
I.D. No. 12 Jasper,2024-02,2,2024,39.61
I.D. No. 12 Jasper,2024-03,3,2024,8.52
I.D. No. 12 Jasper,2024-04,4,2024,21.03
I.D. No. 12 Jasper,2024-05,5,2024,53.97
I.D. No. 12 Jasper,2024-06,6,2024,51.82
I.D. No. 13 Elk Island,2012-01,1,2012,11.19
I.D. No. 13 Elk Island,2012-02,2,2012,18.6
I.D. No. 13 Elk Island,2012-03,3,2012,14.6
I.D. No. 13 Elk Island,2012-04,4,2012,40.98
I.D. No. 13 Elk Island,2012-05,5,2012,70.76
I.D. No. 13 Elk Island,2012-06,6,2012,36.45
I.D. No. 13 Elk Island,2012-07,7,2012,152.21
I.D. No. 13 Elk Island,2012-08,8,2012,105.82
I.D. No. 13 Elk Island,2012-09,9,2012,22
I.D. No. 13 Elk Island,2012-10,10,2012,22.94
I.D. No. 13 Elk Island,2012-11,11,2012,42.33
I.D. No. 13 Elk Island,2012-12,12,2012,18.02
I.D. No. 13 Elk Island,2013-01,1,2013,23.51
I.D. No. 13 Elk Island,2013-02,2,2013,13.41
I.D. No. 13 Elk Island,2013-03,3,2013,27.69
I.D. No. 13 Elk Island,2013-04,4,2013,36.99
I.D. No. 13 Elk Island,2013-05,5,2013,27.39
I.D. No. 13 Elk Island,2013-06,6,2013,93.39
I.D. No. 13 Elk Island,2013-07,7,2013,92.46
I.D. No. 13 Elk Island,2013-08,8,2013,39.44
I.D. No. 13 Elk Island,2013-09,9,2013,6.59
I.D. No. 13 Elk Island,2013-10,10,2013,15.82
I.D. No. 13 Elk Island,2013-11,11,2013,40.77
I.D. No. 13 Elk Island,2013-12,12,2013,41.98
I.D. No. 13 Elk Island,2014-01,1,2014,8.49
I.D. No. 13 Elk Island,2014-02,2,2014,9.48
I.D. No. 13 Elk Island,2014-03,3,2014,7.56
I.D. No. 13 Elk Island,2014-04,4,2014,60.87
I.D. No. 13 Elk Island,2014-05,5,2014,42.53
I.D. No. 13 Elk Island,2014-06,6,2014,93.45
I.D. No. 13 Elk Island,2014-07,7,2014,120.59
I.D. No. 13 Elk Island,2014-08,8,2014,14.01
I.D. No. 13 Elk Island,2014-09,9,2014,33.59
I.D. No. 13 Elk Island,2014-10,10,2014,10.49
I.D. No. 13 Elk Island,2014-11,11,2014,41.12
I.D. No. 13 Elk Island,2014-12,12,2014,5.02
I.D. No. 13 Elk Island,2015-01,1,2015,19.5
I.D. No. 13 Elk Island,2015-02,2,2015,24.86
I.D. No. 13 Elk Island,2015-03,3,2015,30.18
I.D. No. 13 Elk Island,2015-04,4,2015,15.54
I.D. No. 13 Elk Island,2015-05,5,2015,34.45
I.D. No. 13 Elk Island,2015-06,6,2015,56.79
I.D. No. 13 Elk Island,2015-07,7,2015,104.66
I.D. No. 13 Elk Island,2015-08,8,2015,12.39
I.D. No. 13 Elk Island,2015-09,9,2015,69.64
I.D. No. 13 Elk Island,2015-10,10,2015,20.94
I.D. No. 13 Elk Island,2015-11,11,2015,16.83
I.D. No. 13 Elk Island,2015-12,12,2015,4.16
I.D. No. 13 Elk Island,2016-01,1,2016,14.42
I.D. No. 13 Elk Island,2016-02,2,2016,8.32
I.D. No. 13 Elk Island,2016-03,3,2016,22.47
I.D. No. 13 Elk Island,2016-04,4,2016,13.99
I.D. No. 13 Elk Island,2016-05,5,2016,121.73
I.D. No. 13 Elk Island,2016-06,6,2016,119.71
I.D. No. 13 Elk Island,2016-07,7,2016,104.26
I.D. No. 13 Elk Island,2016-08,8,2016,97.36
I.D. No. 13 Elk Island,2016-09,9,2016,35.95
I.D. No. 13 Elk Island,2016-10,10,2016,47.97
I.D. No. 13 Elk Island,2016-11,11,2016,10.35
I.D. No. 13 Elk Island,2016-12,12,2016,13.67
I.D. No. 13 Elk Island,2017-01,1,2017,8.62
I.D. No. 13 Elk Island,2017-02,2,2017,8.76
I.D. No. 13 Elk Island,2017-03,3,2017,18.11
I.D. No. 13 Elk Island,2017-04,4,2017,61.51
I.D. No. 13 Elk Island,2017-05,5,2017,36.34
I.D. No. 13 Elk Island,2017-06,6,2017,107.6
I.D. No. 13 Elk Island,2017-07,7,2017,62.36
I.D. No. 13 Elk Island,2017-08,8,2017,41.2
I.D. No. 13 Elk Island,2017-09,9,2017,44.14
I.D. No. 13 Elk Island,2017-10,10,2017,35.54
I.D. No. 13 Elk Island,2017-11,11,2017,14.91
I.D. No. 13 Elk Island,2017-12,12,2017,1.39
I.D. No. 13 Elk Island,2018-01,1,2018,28.41
I.D. No. 13 Elk Island,2018-02,2,2018,9.25
I.D. No. 13 Elk Island,2018-03,3,2018,16.73
I.D. No. 13 Elk Island,2018-04,4,2018,16.84
I.D. No. 13 Elk Island,2018-05,5,2018,15.26
I.D. No. 13 Elk Island,2018-06,6,2018,66.75
I.D. No. 13 Elk Island,2018-07,7,2018,57.58
I.D. No. 13 Elk Island,2018-08,8,2018,35.52
I.D. No. 13 Elk Island,2018-09,9,2018,61.34
I.D. No. 13 Elk Island,2018-10,10,2018,23.92
I.D. No. 13 Elk Island,2018-11,11,2018,27.04
I.D. No. 13 Elk Island,2018-12,12,2018,25.63
I.D. No. 13 Elk Island,2019-01,1,2019,25.11
I.D. No. 13 Elk Island,2019-02,2,2019,18.36
I.D. No. 13 Elk Island,2019-03,3,2019,6.7
I.D. No. 13 Elk Island,2019-04,4,2019,26.45
I.D. No. 13 Elk Island,2019-05,5,2019,45
I.D. No. 13 Elk Island,2019-06,6,2019,151.47
I.D. No. 13 Elk Island,2019-07,7,2019,148.63
I.D. No. 13 Elk Island,2019-08,8,2019,32.69
I.D. No. 13 Elk Island,2019-09,9,2019,41.2
I.D. No. 13 Elk Island,2019-10,10,2019,25.9
I.D. No. 13 Elk Island,2019-11,11,2019,24.57
I.D. No. 13 Elk Island,2019-12,12,2019,10.87
I.D. No. 13 Elk Island,2020-01,1,2020,22.51
I.D. No. 13 Elk Island,2020-02,2,2020,30.58
I.D. No. 13 Elk Island,2020-03,3,2020,18.05
I.D. No. 13 Elk Island,2020-04,4,2020,5.61
I.D. No. 13 Elk Island,2020-05,5,2020,94.32
I.D. No. 13 Elk Island,2020-06,6,2020,118.86
I.D. No. 13 Elk Island,2020-07,7,2020,120.4
I.D. No. 13 Elk Island,2020-08,8,2020,69.04
I.D. No. 13 Elk Island,2020-09,9,2020,5.06
I.D. No. 13 Elk Island,2020-10,10,2020,14.32
I.D. No. 13 Elk Island,2020-11,11,2020,41.78
I.D. No. 13 Elk Island,2020-12,12,2020,4.67
I.D. No. 13 Elk Island,2021-01,1,2021,9.89
I.D. No. 13 Elk Island,2021-02,2,2021,11.32
I.D. No. 13 Elk Island,2021-03,3,2021,6.71
I.D. No. 13 Elk Island,2021-04,4,2021,12.51
I.D. No. 13 Elk Island,2021-05,5,2021,65.51
I.D. No. 13 Elk Island,2021-06,6,2021,38.12
I.D. No. 13 Elk Island,2021-07,7,2021,26.05
I.D. No. 13 Elk Island,2021-08,8,2021,59.94
I.D. No. 13 Elk Island,2021-09,9,2021,23.56
I.D. No. 13 Elk Island,2021-10,10,2021,10.3
I.D. No. 13 Elk Island,2021-11,11,2021,19.54
I.D. No. 13 Elk Island,2021-12,12,2021,36.95
I.D. No. 13 Elk Island,2022-01,1,2022,36.93
I.D. No. 13 Elk Island,2022-02,2,2022,14.53
I.D. No. 13 Elk Island,2022-03,3,2022,37.64
I.D. No. 13 Elk Island,2022-04,4,2022,29.03
I.D. No. 13 Elk Island,2022-05,5,2022,28.71
I.D. No. 13 Elk Island,2022-06,6,2022,111.99
I.D. No. 13 Elk Island,2022-07,7,2022,37.85
I.D. No. 13 Elk Island,2022-08,8,2022,33.64
I.D. No. 13 Elk Island,2022-09,9,2022,11.18
I.D. No. 13 Elk Island,2022-10,10,2022,6.29
I.D. No. 13 Elk Island,2022-11,11,2022,30.52
I.D. No. 13 Elk Island,2022-12,12,2022,19.55
I.D. No. 13 Elk Island,2023-01,1,2023,3.53
I.D. No. 13 Elk Island,2023-02,2,2023,6.31
I.D. No. 13 Elk Island,2023-03,3,2023,3.04
I.D. No. 13 Elk Island,2023-04,4,2023,23.57
I.D. No. 13 Elk Island,2023-05,5,2023,39.68
I.D. No. 13 Elk Island,2023-06,6,2023,127.61
I.D. No. 13 Elk Island,2023-07,7,2023,110.27
I.D. No. 13 Elk Island,2023-08,8,2023,58.64
I.D. No. 13 Elk Island,2023-09,9,2023,12.48
I.D. No. 13 Elk Island,2023-10,10,2023,4.52
I.D. No. 13 Elk Island,2023-11,11,2023,2.17
I.D. No. 13 Elk Island,2023-12,12,2023,6.54
I.D. No. 13 Elk Island,2024-01,1,2024,9.69
I.D. No. 13 Elk Island,2024-02,2,2024,19.28
I.D. No. 13 Elk Island,2024-03,3,2024,9.57
I.D. No. 13 Elk Island,2024-04,4,2024,45.85
I.D. No. 13 Elk Island,2024-05,5,2024,72.43
I.D. No. 13 Elk Island,2024-06,6,2024,76.76
I.D. No. 24 Wood Buffalo,2012-01,1,2012,0
I.D. No. 24 Wood Buffalo,2012-02,2,2012,0
I.D. No. 24 Wood Buffalo,2012-03,3,2012,0
I.D. No. 24 Wood Buffalo,2012-04,4,2012,5.06
I.D. No. 24 Wood Buffalo,2012-05,5,2012,30.47
I.D. No. 24 Wood Buffalo,2012-06,6,2012,51.12
I.D. No. 24 Wood Buffalo,2012-07,7,2012,82.75
I.D. No. 24 Wood Buffalo,2012-08,8,2012,50.15
I.D. No. 24 Wood Buffalo,2012-09,9,2012,29.45
I.D. No. 24 Wood Buffalo,2012-10,10,2012,0
I.D. No. 24 Wood Buffalo,2012-11,11,2012,0
I.D. No. 24 Wood Buffalo,2012-12,12,2012,1.3
I.D. No. 24 Wood Buffalo,2013-01,1,2013,13.4
I.D. No. 24 Wood Buffalo,2013-02,2,2013,12
I.D. No. 24 Wood Buffalo,2013-03,3,2013,21.7
I.D. No. 24 Wood Buffalo,2013-04,4,2013,13.2
I.D. No. 24 Wood Buffalo,2013-05,5,2013,10.02
I.D. No. 24 Wood Buffalo,2013-06,6,2013,101.91
I.D. No. 24 Wood Buffalo,2013-07,7,2013,87.73
I.D. No. 24 Wood Buffalo,2013-08,8,2013,43.46
I.D. No. 24 Wood Buffalo,2013-09,9,2013,74.76
I.D. No. 24 Wood Buffalo,2013-10,10,2013,37.51
I.D. No. 24 Wood Buffalo,2013-11,11,2013,15.23
I.D. No. 24 Wood Buffalo,2013-12,12,2013,23.2
I.D. No. 24 Wood Buffalo,2014-01,1,2014,18.5
I.D. No. 24 Wood Buffalo,2014-02,2,2014,9.4
I.D. No. 24 Wood Buffalo,2014-03,3,2014,11.2
I.D. No. 24 Wood Buffalo,2014-04,4,2014,14.49
I.D. No. 24 Wood Buffalo,2014-05,5,2014,50.34
I.D. No. 24 Wood Buffalo,2014-06,6,2014,41.84
I.D. No. 24 Wood Buffalo,2014-07,7,2014,70.94
I.D. No. 24 Wood Buffalo,2014-08,8,2014,16.97
I.D. No. 24 Wood Buffalo,2014-09,9,2014,16.58
I.D. No. 24 Wood Buffalo,2014-10,10,2014,38.35
I.D. No. 24 Wood Buffalo,2014-11,11,2014,10.46
I.D. No. 24 Wood Buffalo,2014-12,12,2014,6.7
I.D. No. 24 Wood Buffalo,2015-01,1,2015,16
I.D. No. 24 Wood Buffalo,2015-02,2,2015,15.8
I.D. No. 24 Wood Buffalo,2015-03,3,2015,14.82
I.D. No. 24 Wood Buffalo,2015-04,4,2015,1.65
I.D. No. 24 Wood Buffalo,2015-05,5,2015,8.28
I.D. No. 24 Wood Buffalo,2015-06,6,2015,36.82
I.D. No. 24 Wood Buffalo,2015-07,7,2015,73.5
I.D. No. 24 Wood Buffalo,2015-08,8,2015,43.06
I.D. No. 24 Wood Buffalo,2015-09,9,2015,26.46
I.D. No. 24 Wood Buffalo,2015-10,10,2015,34.97
I.D. No. 24 Wood Buffalo,2015-11,11,2015,15.67
I.D. No. 24 Wood Buffalo,2015-12,12,2015,9.9
I.D. No. 24 Wood Buffalo,2016-01,1,2016,11.08
I.D. No. 24 Wood Buffalo,2016-02,2,2016,20.04
I.D. No. 24 Wood Buffalo,2016-03,3,2016,21.2
I.D. No. 24 Wood Buffalo,2016-04,4,2016,10.42
I.D. No. 24 Wood Buffalo,2016-05,5,2016,44.07
I.D. No. 24 Wood Buffalo,2016-06,6,2016,92.59
I.D. No. 24 Wood Buffalo,2016-07,7,2016,73.54
I.D. No. 24 Wood Buffalo,2016-08,8,2016,93.68
I.D. No. 24 Wood Buffalo,2016-09,9,2016,66.51
I.D. No. 24 Wood Buffalo,2016-10,10,2016,26.32
I.D. No. 24 Wood Buffalo,2016-11,11,2016,4.18
I.D. No. 24 Wood Buffalo,2016-12,12,2016,1.5
I.D. No. 24 Wood Buffalo,2017-01,1,2017,1.6
I.D. No. 24 Wood Buffalo,2017-02,2,2017,13.06
I.D. No. 24 Wood Buffalo,2017-03,3,2017,7.74
I.D. No. 24 Wood Buffalo,2017-04,4,2017,0.87
I.D. No. 24 Wood Buffalo,2017-05,5,2017,31.5
I.D. No. 24 Wood Buffalo,2017-06,6,2017,69.29
I.D. No. 24 Wood Buffalo,2017-07,7,2017,53.62
I.D. No. 24 Wood Buffalo,2017-08,8,2017,59.55
I.D. No. 24 Wood Buffalo,2017-09,9,2017,21.4
I.D. No. 24 Wood Buffalo,2017-10,10,2017,26.93
I.D. No. 24 Wood Buffalo,2017-11,11,2017,29.21
I.D. No. 24 Wood Buffalo,2017-12,12,2017,23.2
I.D. No. 24 Wood Buffalo,2018-01,1,2018,18.4
I.D. No. 24 Wood Buffalo,2018-02,2,2018,6.4
I.D. No. 24 Wood Buffalo,2018-03,3,2018,5.5
I.D. No. 24 Wood Buffalo,2018-04,4,2018,15.45
I.D. No. 24 Wood Buffalo,2018-05,5,2018,15.07
I.D. No. 24 Wood Buffalo,2018-06,6,2018,160.9
I.D. No. 24 Wood Buffalo,2018-07,7,2018,80.91
I.D. No. 24 Wood Buffalo,2018-08,8,2018,38.63
I.D. No. 24 Wood Buffalo,2018-09,9,2018,22.86
I.D. No. 24 Wood Buffalo,2018-10,10,2018,6.93
I.D. No. 24 Wood Buffalo,2018-11,11,2018,10.95
I.D. No. 24 Wood Buffalo,2018-12,12,2018,21.5
I.D. No. 24 Wood Buffalo,2019-01,1,2019,21.5
I.D. No. 24 Wood Buffalo,2019-02,2,2019,5.2
I.D. No. 24 Wood Buffalo,2019-03,3,2019,1.9
I.D. No. 24 Wood Buffalo,2019-04,4,2019,20.14
I.D. No. 24 Wood Buffalo,2019-05,5,2019,17.47
I.D. No. 24 Wood Buffalo,2019-06,6,2019,56.87
I.D. No. 24 Wood Buffalo,2019-07,7,2019,52.12
I.D. No. 24 Wood Buffalo,2019-08,8,2019,107.3
I.D. No. 24 Wood Buffalo,2019-09,9,2019,56.36
I.D. No. 24 Wood Buffalo,2019-10,10,2019,15.1
I.D. No. 24 Wood Buffalo,2019-11,11,2019,8.03
I.D. No. 24 Wood Buffalo,2019-12,12,2019,10.96
I.D. No. 24 Wood Buffalo,2020-01,1,2020,22.3
I.D. No. 24 Wood Buffalo,2020-02,2,2020,12.6
I.D. No. 24 Wood Buffalo,2020-03,3,2020,8.51
I.D. No. 24 Wood Buffalo,2020-04,4,2020,20.03
I.D. No. 24 Wood Buffalo,2020-05,5,2020,55.48
I.D. No. 24 Wood Buffalo,2020-06,6,2020,65.31
I.D. No. 24 Wood Buffalo,2020-07,7,2020,139.54
I.D. No. 24 Wood Buffalo,2020-08,8,2020,152.56
I.D. No. 24 Wood Buffalo,2020-09,9,2020,34.51
I.D. No. 24 Wood Buffalo,2020-10,10,2020,50.02
I.D. No. 24 Wood Buffalo,2020-11,11,2020,20.17
I.D. No. 24 Wood Buffalo,2020-12,12,2020,14.18
I.D. No. 24 Wood Buffalo,2021-01,1,2021,7.75
I.D. No. 24 Wood Buffalo,2021-02,2,2021,6.47
I.D. No. 24 Wood Buffalo,2021-03,3,2021,8.37
I.D. No. 24 Wood Buffalo,2021-04,4,2021,8.36
I.D. No. 24 Wood Buffalo,2021-05,5,2021,22.39
I.D. No. 24 Wood Buffalo,2021-06,6,2021,75.72
I.D. No. 24 Wood Buffalo,2021-07,7,2021,66.35
I.D. No. 24 Wood Buffalo,2021-08,8,2021,67.72
I.D. No. 24 Wood Buffalo,2021-09,9,2021,95.22
I.D. No. 24 Wood Buffalo,2021-10,10,2021,14.04
I.D. No. 24 Wood Buffalo,2021-11,11,2021,16.67
I.D. No. 24 Wood Buffalo,2021-12,12,2021,6.86
I.D. No. 24 Wood Buffalo,2022-01,1,2022,23.82
I.D. No. 24 Wood Buffalo,2022-02,2,2022,21.85
I.D. No. 24 Wood Buffalo,2022-03,3,2022,9.4
I.D. No. 24 Wood Buffalo,2022-04,4,2022,16.88
I.D. No. 24 Wood Buffalo,2022-05,5,2022,62.84
I.D. No. 24 Wood Buffalo,2022-06,6,2022,35.09
I.D. No. 24 Wood Buffalo,2022-07,7,2022,45.34
I.D. No. 24 Wood Buffalo,2022-08,8,2022,34.13
I.D. No. 24 Wood Buffalo,2022-09,9,2022,18.31
I.D. No. 24 Wood Buffalo,2022-10,10,2022,9.08
I.D. No. 24 Wood Buffalo,2022-11,11,2022,7.45
I.D. No. 24 Wood Buffalo,2022-12,12,2022,12.52
I.D. No. 24 Wood Buffalo,2023-01,1,2023,9.9
I.D. No. 24 Wood Buffalo,2023-02,2,2023,13.15
I.D. No. 24 Wood Buffalo,2023-03,3,2023,5.32
I.D. No. 24 Wood Buffalo,2023-04,4,2023,7.81
I.D. No. 24 Wood Buffalo,2023-05,5,2023,3.24
I.D. No. 24 Wood Buffalo,2023-06,6,2023,58.3
I.D. No. 24 Wood Buffalo,2023-07,7,2023,39.52
I.D. No. 24 Wood Buffalo,2023-08,8,2023,22.28
I.D. No. 24 Wood Buffalo,2023-09,9,2023,13.21
I.D. No. 24 Wood Buffalo,2023-10,10,2023,13.74
I.D. No. 24 Wood Buffalo,2023-11,11,2023,12.76
I.D. No. 24 Wood Buffalo,2023-12,12,2023,4.01
I.D. No. 24 Wood Buffalo,2024-01,1,2024,13.63
I.D. No. 24 Wood Buffalo,2024-02,2,2024,9.51
I.D. No. 24 Wood Buffalo,2024-03,3,2024,2.44
I.D. No. 24 Wood Buffalo,2024-04,4,2024,16.8
I.D. No. 24 Wood Buffalo,2024-05,5,2024,70.54
I.D. No. 24 Wood Buffalo,2024-06,6,2024,40.32
I.D. No. 25 Willmore Wilderness,2012-01,1,2012,15.68
I.D. No. 25 Willmore Wilderness,2012-02,2,2012,9.93
I.D. No. 25 Willmore Wilderness,2012-03,3,2012,35.91
I.D. No. 25 Willmore Wilderness,2012-04,4,2012,57.6
I.D. No. 25 Willmore Wilderness,2012-05,5,2012,46.18
I.D. No. 25 Willmore Wilderness,2012-06,6,2012,172.04
I.D. No. 25 Willmore Wilderness,2012-07,7,2012,243.5
I.D. No. 25 Willmore Wilderness,2012-08,8,2012,68.93
I.D. No. 25 Willmore Wilderness,2012-09,9,2012,28.26
I.D. No. 25 Willmore Wilderness,2012-10,10,2012,68.53
I.D. No. 25 Willmore Wilderness,2012-11,11,2012,38.3
I.D. No. 25 Willmore Wilderness,2012-12,12,2012,10.28
I.D. No. 25 Willmore Wilderness,2013-01,1,2013,28.78
I.D. No. 25 Willmore Wilderness,2013-02,2,2013,16.18
I.D. No. 25 Willmore Wilderness,2013-03,3,2013,35.32
I.D. No. 25 Willmore Wilderness,2013-04,4,2013,42.42
I.D. No. 25 Willmore Wilderness,2013-05,5,2013,93.24
I.D. No. 25 Willmore Wilderness,2013-06,6,2013,146.91
I.D. No. 25 Willmore Wilderness,2013-07,7,2013,102.21
I.D. No. 25 Willmore Wilderness,2013-08,8,2013,101.26
I.D. No. 25 Willmore Wilderness,2013-09,9,2013,3.06
I.D. No. 25 Willmore Wilderness,2013-10,10,2013,31.62
I.D. No. 25 Willmore Wilderness,2013-11,11,2013,26.05
I.D. No. 25 Willmore Wilderness,2013-12,12,2013,75.96
I.D. No. 25 Willmore Wilderness,2014-01,1,2014,60.43
I.D. No. 25 Willmore Wilderness,2014-02,2,2014,16.57
I.D. No. 25 Willmore Wilderness,2014-03,3,2014,48.03
I.D. No. 25 Willmore Wilderness,2014-04,4,2014,18.3
I.D. No. 25 Willmore Wilderness,2014-05,5,2014,51.86
I.D. No. 25 Willmore Wilderness,2014-06,6,2014,70.19
I.D. No. 25 Willmore Wilderness,2014-07,7,2014,61.85
I.D. No. 25 Willmore Wilderness,2014-08,8,2014,28.29
I.D. No. 25 Willmore Wilderness,2014-09,9,2014,76.64
I.D. No. 25 Willmore Wilderness,2014-10,10,2014,25.56
I.D. No. 25 Willmore Wilderness,2014-11,11,2014,59.44
I.D. No. 25 Willmore Wilderness,2014-12,12,2014,7.4
I.D. No. 25 Willmore Wilderness,2015-01,1,2015,31.49
I.D. No. 25 Willmore Wilderness,2015-02,2,2015,31.11
I.D. No. 25 Willmore Wilderness,2015-03,3,2015,27.49
I.D. No. 25 Willmore Wilderness,2015-04,4,2015,36.75
I.D. No. 25 Willmore Wilderness,2015-05,5,2015,61.05
I.D. No. 25 Willmore Wilderness,2015-06,6,2015,68.92
I.D. No. 25 Willmore Wilderness,2015-07,7,2015,36.65
I.D. No. 25 Willmore Wilderness,2015-08,8,2015,64.03
I.D. No. 25 Willmore Wilderness,2015-09,9,2015,64.04
I.D. No. 25 Willmore Wilderness,2015-10,10,2015,34.34
I.D. No. 25 Willmore Wilderness,2015-11,11,2015,33
I.D. No. 25 Willmore Wilderness,2015-12,12,2015,8.11
I.D. No. 25 Willmore Wilderness,2016-01,1,2016,20.3
I.D. No. 25 Willmore Wilderness,2016-02,2,2016,10.5
I.D. No. 25 Willmore Wilderness,2016-03,3,2016,24.96
I.D. No. 25 Willmore Wilderness,2016-04,4,2016,30.34
I.D. No. 25 Willmore Wilderness,2016-05,5,2016,88.98
I.D. No. 25 Willmore Wilderness,2016-06,6,2016,71.62
I.D. No. 25 Willmore Wilderness,2016-07,7,2016,133.87
I.D. No. 25 Willmore Wilderness,2016-08,8,2016,137.75
I.D. No. 25 Willmore Wilderness,2016-09,9,2016,32.3
I.D. No. 25 Willmore Wilderness,2016-10,10,2016,41.61
I.D. No. 25 Willmore Wilderness,2016-11,11,2016,19.5
I.D. No. 25 Willmore Wilderness,2016-12,12,2016,29.27
I.D. No. 25 Willmore Wilderness,2017-01,1,2017,24.1
I.D. No. 25 Willmore Wilderness,2017-02,2,2017,15.32
I.D. No. 25 Willmore Wilderness,2017-03,3,2017,34.5
I.D. No. 25 Willmore Wilderness,2017-04,4,2017,72.71
I.D. No. 25 Willmore Wilderness,2017-05,5,2017,79.13
I.D. No. 25 Willmore Wilderness,2017-06,6,2017,136.24
I.D. No. 25 Willmore Wilderness,2017-07,7,2017,47.66
I.D. No. 25 Willmore Wilderness,2017-08,8,2017,31.02
I.D. No. 25 Willmore Wilderness,2017-09,9,2017,101.86
I.D. No. 25 Willmore Wilderness,2017-10,10,2017,71.27
I.D. No. 25 Willmore Wilderness,2017-11,11,2017,32.85
I.D. No. 25 Willmore Wilderness,2017-12,12,2017,13
I.D. No. 25 Willmore Wilderness,2018-01,1,2018,14.05
I.D. No. 25 Willmore Wilderness,2018-02,2,2018,38.69
I.D. No. 25 Willmore Wilderness,2018-03,3,2018,34.16
I.D. No. 25 Willmore Wilderness,2018-04,4,2018,19.39
I.D. No. 25 Willmore Wilderness,2018-05,5,2018,39.84
I.D. No. 25 Willmore Wilderness,2018-06,6,2018,34.42
I.D. No. 25 Willmore Wilderness,2018-07,7,2018,174.24
I.D. No. 25 Willmore Wilderness,2018-08,8,2018,55.68
I.D. No. 25 Willmore Wilderness,2018-09,9,2018,63.37
I.D. No. 25 Willmore Wilderness,2018-10,10,2018,16.45
I.D. No. 25 Willmore Wilderness,2018-11,11,2018,25.65
I.D. No. 25 Willmore Wilderness,2018-12,12,2018,8.16
I.D. No. 25 Willmore Wilderness,2019-01,1,2019,27.98
I.D. No. 25 Willmore Wilderness,2019-02,2,2019,24.63
I.D. No. 25 Willmore Wilderness,2019-03,3,2019,11.35
I.D. No. 25 Willmore Wilderness,2019-04,4,2019,30.78
I.D. No. 25 Willmore Wilderness,2019-05,5,2019,56.88
I.D. No. 25 Willmore Wilderness,2019-06,6,2019,187.72
I.D. No. 25 Willmore Wilderness,2019-07,7,2019,153.87
I.D. No. 25 Willmore Wilderness,2019-08,8,2019,92.78
I.D. No. 25 Willmore Wilderness,2019-09,9,2019,98.65
I.D. No. 25 Willmore Wilderness,2019-10,10,2019,23
I.D. No. 25 Willmore Wilderness,2019-11,11,2019,28.3
I.D. No. 25 Willmore Wilderness,2019-12,12,2019,17.4
I.D. No. 25 Willmore Wilderness,2020-01,1,2020,22.7
I.D. No. 25 Willmore Wilderness,2020-02,2,2020,8.1
I.D. No. 25 Willmore Wilderness,2020-03,3,2020,0
I.D. No. 25 Willmore Wilderness,2020-04,4,2020,0
I.D. No. 25 Willmore Wilderness,2020-05,5,2020,64.68
I.D. No. 25 Willmore Wilderness,2020-06,6,2020,86.72
I.D. No. 25 Willmore Wilderness,2020-07,7,2020,98.93
I.D. No. 25 Willmore Wilderness,2020-08,8,2020,15.66
I.D. No. 25 Willmore Wilderness,2020-09,9,2020,40.42
I.D. No. 25 Willmore Wilderness,2020-10,10,2020,41.17
I.D. No. 25 Willmore Wilderness,2020-11,11,2020,42.1
I.D. No. 25 Willmore Wilderness,2020-12,12,2020,8.87
I.D. No. 25 Willmore Wilderness,2021-01,1,2021,12.76
I.D. No. 25 Willmore Wilderness,2021-02,2,2021,25.46
I.D. No. 25 Willmore Wilderness,2021-03,3,2021,22.23
I.D. No. 25 Willmore Wilderness,2021-04,4,2021,32.93
I.D. No. 25 Willmore Wilderness,2021-05,5,2021,55.67
I.D. No. 25 Willmore Wilderness,2021-06,6,2021,28.77
I.D. No. 25 Willmore Wilderness,2021-07,7,2021,61.02
I.D. No. 25 Willmore Wilderness,2021-08,8,2021,88.85
I.D. No. 25 Willmore Wilderness,2021-09,9,2021,51.32
I.D. No. 25 Willmore Wilderness,2021-10,10,2021,44.13
I.D. No. 25 Willmore Wilderness,2021-11,11,2021,52.73
I.D. No. 25 Willmore Wilderness,2021-12,12,2021,55.93
I.D. No. 25 Willmore Wilderness,2022-01,1,2022,50.71
I.D. No. 25 Willmore Wilderness,2022-02,2,2022,52.79
I.D. No. 25 Willmore Wilderness,2022-03,3,2022,69.09
I.D. No. 25 Willmore Wilderness,2022-04,4,2022,70.77
I.D. No. 25 Willmore Wilderness,2022-05,5,2022,63.98
I.D. No. 25 Willmore Wilderness,2022-06,6,2022,129.21
I.D. No. 25 Willmore Wilderness,2022-07,7,2022,51.24
I.D. No. 25 Willmore Wilderness,2022-08,8,2022,61.61
I.D. No. 25 Willmore Wilderness,2022-09,9,2022,35.22
I.D. No. 25 Willmore Wilderness,2022-10,10,2022,16.97
I.D. No. 25 Willmore Wilderness,2022-11,11,2022,35.8
I.D. No. 25 Willmore Wilderness,2022-12,12,2022,17.22
I.D. No. 25 Willmore Wilderness,2023-01,1,2023,13.6
I.D. No. 25 Willmore Wilderness,2023-02,2,2023,35.17
I.D. No. 25 Willmore Wilderness,2023-03,3,2023,11.85
I.D. No. 25 Willmore Wilderness,2023-04,4,2023,20.23
I.D. No. 25 Willmore Wilderness,2023-05,5,2023,57.19
I.D. No. 25 Willmore Wilderness,2023-06,6,2023,189.9
I.D. No. 25 Willmore Wilderness,2023-07,7,2023,82.9
I.D. No. 25 Willmore Wilderness,2023-08,8,2023,90.9
I.D. No. 25 Willmore Wilderness,2023-09,9,2023,36.97
I.D. No. 25 Willmore Wilderness,2023-10,10,2023,25.29
I.D. No. 25 Willmore Wilderness,2023-11,11,2023,14.71
I.D. No. 25 Willmore Wilderness,2023-12,12,2023,11.44
I.D. No. 25 Willmore Wilderness,2024-01,1,2024,24.96
I.D. No. 25 Willmore Wilderness,2024-02,2,2024,28.74
I.D. No. 25 Willmore Wilderness,2024-03,3,2024,14.73
I.D. No. 25 Willmore Wilderness,2024-04,4,2024,28.12
I.D. No. 25 Willmore Wilderness,2024-05,5,2024,60.86
I.D. No. 25 Willmore Wilderness,2024-06,6,2024,71.43
I.D. No. 349,2012-01,1,2012,14.19
I.D. No. 349,2012-02,2,2012,5.33
I.D. No. 349,2012-03,3,2012,21.84
I.D. No. 349,2012-04,4,2012,48.6
I.D. No. 349,2012-05,5,2012,19.36
I.D. No. 349,2012-06,6,2012,66.24
I.D. No. 349,2012-07,7,2012,91.22
I.D. No. 349,2012-08,8,2012,65.93
I.D. No. 349,2012-09,9,2012,53.23
I.D. No. 349,2012-10,10,2012,25.19
I.D. No. 349,2012-11,11,2012,21.49
I.D. No. 349,2012-12,12,2012,13.56
I.D. No. 349,2013-01,1,2013,27.31
I.D. No. 349,2013-02,2,2013,17.74
I.D. No. 349,2013-03,3,2013,10.67
I.D. No. 349,2013-04,4,2013,21.39
I.D. No. 349,2013-05,5,2013,25.05
I.D. No. 349,2013-06,6,2013,145.79
I.D. No. 349,2013-07,7,2013,86.65
I.D. No. 349,2013-08,8,2013,58.31
I.D. No. 349,2013-09,9,2013,11.56
I.D. No. 349,2013-10,10,2013,23.17
I.D. No. 349,2013-11,11,2013,16.09
I.D. No. 349,2013-12,12,2013,34.14
I.D. No. 349,2014-01,1,2014,13.78
I.D. No. 349,2014-02,2,2014,13.25
I.D. No. 349,2014-03,3,2014,2.28
I.D. No. 349,2014-04,4,2014,51.4
I.D. No. 349,2014-05,5,2014,73.29
I.D. No. 349,2014-06,6,2014,109.22
I.D. No. 349,2014-07,7,2014,77.33
I.D. No. 349,2014-08,8,2014,41.72
I.D. No. 349,2014-09,9,2014,46.05
I.D. No. 349,2014-10,10,2014,10.69
I.D. No. 349,2014-11,11,2014,33.9
I.D. No. 349,2014-12,12,2014,7.93
I.D. No. 349,2015-01,1,2015,22.02
I.D. No. 349,2015-02,2,2015,18.6
I.D. No. 349,2015-03,3,2015,13.62
I.D. No. 349,2015-04,4,2015,30.35
I.D. No. 349,2015-05,5,2015,30.28
I.D. No. 349,2015-06,6,2015,43.55
I.D. No. 349,2015-07,7,2015,88.72
I.D. No. 349,2015-08,8,2015,60.17
I.D. No. 349,2015-09,9,2015,49.51
I.D. No. 349,2015-10,10,2015,19.48
I.D. No. 349,2015-11,11,2015,3.99
I.D. No. 349,2015-12,12,2015,10.48
I.D. No. 349,2016-01,1,2016,31.63
I.D. No. 349,2016-02,2,2016,12.44
I.D. No. 349,2016-03,3,2016,25.04
I.D. No. 349,2016-04,4,2016,20.78
I.D. No. 349,2016-05,5,2016,74.06
I.D. No. 349,2016-06,6,2016,79.65
I.D. No. 349,2016-07,7,2016,79.57
I.D. No. 349,2016-08,8,2016,101.81
I.D. No. 349,2016-09,9,2016,43.88
I.D. No. 349,2016-10,10,2016,48.91
I.D. No. 349,2016-11,11,2016,1.6
I.D. No. 349,2016-12,12,2016,10.5
I.D. No. 349,2017-01,1,2017,4.37
I.D. No. 349,2017-02,2,2017,7.89
I.D. No. 349,2017-03,3,2017,26.89
I.D. No. 349,2017-04,4,2017,43.56
I.D. No. 349,2017-05,5,2017,57.81
I.D. No. 349,2017-06,6,2017,94.23
I.D. No. 349,2017-07,7,2017,158.6
I.D. No. 349,2017-08,8,2017,39.99
I.D. No. 349,2017-09,9,2017,46.12
I.D. No. 349,2017-10,10,2017,47.42
I.D. No. 349,2017-11,11,2017,11.08
I.D. No. 349,2017-12,12,2017,5.73
I.D. No. 349,2018-01,1,2018,19.15
I.D. No. 349,2018-02,2,2018,6.48
I.D. No. 349,2018-03,3,2018,12.51
I.D. No. 349,2018-04,4,2018,19.77
I.D. No. 349,2018-05,5,2018,12.77
I.D. No. 349,2018-06,6,2018,108.52
I.D. No. 349,2018-07,7,2018,91.07
I.D. No. 349,2018-08,8,2018,66.65
I.D. No. 349,2018-09,9,2018,48.39
I.D. No. 349,2018-10,10,2018,8.7
I.D. No. 349,2018-11,11,2018,8.67
I.D. No. 349,2018-12,12,2018,21
I.D. No. 349,2019-01,1,2019,13.46
I.D. No. 349,2019-02,2,2019,16.54
I.D. No. 349,2019-03,3,2019,2.06
I.D. No. 349,2019-04,4,2019,17.16
I.D. No. 349,2019-05,5,2019,9.23
I.D. No. 349,2019-06,6,2019,124.63
I.D. No. 349,2019-07,7,2019,98.47
I.D. No. 349,2019-08,8,2019,59.68
I.D. No. 349,2019-09,9,2019,35.53
I.D. No. 349,2019-10,10,2019,35.13
I.D. No. 349,2019-11,11,2019,14.1
I.D. No. 349,2019-12,12,2019,6.93
I.D. No. 349,2020-01,1,2020,13.4
I.D. No. 349,2020-02,2,2020,12.85
I.D. No. 349,2020-03,3,2020,24.03
I.D. No. 349,2020-04,4,2020,4.96
I.D. No. 349,2020-05,5,2020,43.18
I.D. No. 349,2020-06,6,2020,152.45
I.D. No. 349,2020-07,7,2020,86.16
I.D. No. 349,2020-08,8,2020,80.6
I.D. No. 349,2020-09,9,2020,32.67
I.D. No. 349,2020-10,10,2020,29.85
I.D. No. 349,2020-11,11,2020,16.86
I.D. No. 349,2020-12,12,2020,7.19
I.D. No. 349,2021-01,1,2021,20.64
I.D. No. 349,2021-02,2,2021,12.08
I.D. No. 349,2021-03,3,2021,6.18
I.D. No. 349,2021-04,4,2021,10.9
I.D. No. 349,2021-05,5,2021,53.29
I.D. No. 349,2021-06,6,2021,95.06
I.D. No. 349,2021-07,7,2021,50.16
I.D. No. 349,2021-08,8,2021,49.65
I.D. No. 349,2021-09,9,2021,49.94
I.D. No. 349,2021-10,10,2021,12.2
I.D. No. 349,2021-11,11,2021,16.78
I.D. No. 349,2021-12,12,2021,21.37
I.D. No. 349,2022-01,1,2022,32.32
I.D. No. 349,2022-02,2,2022,31.17
I.D. No. 349,2022-03,3,2022,15.5
I.D. No. 349,2022-04,4,2022,22.42
I.D. No. 349,2022-05,5,2022,51.46
I.D. No. 349,2022-06,6,2022,85.86
I.D. No. 349,2022-07,7,2022,45.88
I.D. No. 349,2022-08,8,2022,91.7
I.D. No. 349,2022-09,9,2022,13.16
I.D. No. 349,2022-10,10,2022,3.41
I.D. No. 349,2022-11,11,2022,17.38
I.D. No. 349,2022-12,12,2022,36.27
I.D. No. 349,2023-01,1,2023,10.15
I.D. No. 349,2023-02,2,2023,10.7
I.D. No. 349,2023-03,3,2023,8.06
I.D. No. 349,2023-04,4,2023,16.19
I.D. No. 349,2023-05,5,2023,25.75
I.D. No. 349,2023-06,6,2023,95.01
I.D. No. 349,2023-07,7,2023,76.82
I.D. No. 349,2023-08,8,2023,90.86
I.D. No. 349,2023-09,9,2023,13.98
I.D. No. 349,2023-10,10,2023,12.5
I.D. No. 349,2023-11,11,2023,3.89
I.D. No. 349,2023-12,12,2023,2.08
I.D. No. 349,2024-01,1,2024,5.85
I.D. No. 349,2024-02,2,2024,9.08
I.D. No. 349,2024-03,3,2024,12.84
I.D. No. 349,2024-04,4,2024,18.74
I.D. No. 349,2024-05,5,2024,82.29
I.D. No. 349,2024-06,6,2024,98.3
I.D. No. 4 Waterton,2012-01,1,2012,54.36
I.D. No. 4 Waterton,2012-02,2,2012,40.96
I.D. No. 4 Waterton,2012-03,3,2012,104.6
I.D. No. 4 Waterton,2012-04,4,2012,51.86
I.D. No. 4 Waterton,2012-05,5,2012,58.08
I.D. No. 4 Waterton,2012-06,6,2012,141.12
I.D. No. 4 Waterton,2012-07,7,2012,54.56
I.D. No. 4 Waterton,2012-08,8,2012,29.38
I.D. No. 4 Waterton,2012-09,9,2012,18.78
I.D. No. 4 Waterton,2012-10,10,2012,75.66
I.D. No. 4 Waterton,2012-11,11,2012,59.58
I.D. No. 4 Waterton,2012-12,12,2012,55.86
I.D. No. 4 Waterton,2013-01,1,2013,28.1
I.D. No. 4 Waterton,2013-02,2,2013,27.18
I.D. No. 4 Waterton,2013-03,3,2013,48.16
I.D. No. 4 Waterton,2013-04,4,2013,78.78
I.D. No. 4 Waterton,2013-05,5,2013,82.08
I.D. No. 4 Waterton,2013-06,6,2013,94.68
I.D. No. 4 Waterton,2013-07,7,2013,55.92
I.D. No. 4 Waterton,2013-08,8,2013,77.96
I.D. No. 4 Waterton,2013-09,9,2013,92.84
I.D. No. 4 Waterton,2013-10,10,2013,28.6
I.D. No. 4 Waterton,2013-11,11,2013,53.44
I.D. No. 4 Waterton,2013-12,12,2013,51.62
I.D. No. 4 Waterton,2014-01,1,2014,52.4
I.D. No. 4 Waterton,2014-02,2,2014,54.66
I.D. No. 4 Waterton,2014-03,3,2014,93.8
I.D. No. 4 Waterton,2014-04,4,2014,60.08
I.D. No. 4 Waterton,2014-05,5,2014,56.76
I.D. No. 4 Waterton,2014-06,6,2014,210.68
I.D. No. 4 Waterton,2014-07,7,2014,19.44
I.D. No. 4 Waterton,2014-08,8,2014,108.02
I.D. No. 4 Waterton,2014-09,9,2014,63.34
I.D. No. 4 Waterton,2014-10,10,2014,33.4
I.D. No. 4 Waterton,2014-11,11,2014,104.24
I.D. No. 4 Waterton,2014-12,12,2014,40.1
I.D. No. 4 Waterton,2015-01,1,2015,31.12
I.D. No. 4 Waterton,2015-02,2,2015,45.84
I.D. No. 4 Waterton,2015-03,3,2015,70.54
I.D. No. 4 Waterton,2015-04,4,2015,31.02
I.D. No. 4 Waterton,2015-05,5,2015,65.06
I.D. No. 4 Waterton,2015-06,6,2015,64.24
I.D. No. 4 Waterton,2015-07,7,2015,52.46
I.D. No. 4 Waterton,2015-08,8,2015,35.48
I.D. No. 4 Waterton,2015-09,9,2015,54.6
I.D. No. 4 Waterton,2015-10,10,2015,37.08
I.D. No. 4 Waterton,2015-11,11,2015,80.62
I.D. No. 4 Waterton,2015-12,12,2015,64.06
I.D. No. 4 Waterton,2016-01,1,2016,36.86
I.D. No. 4 Waterton,2016-02,2,2016,22.26
I.D. No. 4 Waterton,2016-03,3,2016,54.28
I.D. No. 4 Waterton,2016-04,4,2016,32
I.D. No. 4 Waterton,2016-05,5,2016,109.36
I.D. No. 4 Waterton,2016-06,6,2016,50.86
I.D. No. 4 Waterton,2016-07,7,2016,71.02
I.D. No. 4 Waterton,2016-08,8,2016,52.82
I.D. No. 4 Waterton,2016-09,9,2016,56.78
I.D. No. 4 Waterton,2016-10,10,2016,95.16
I.D. No. 4 Waterton,2016-11,11,2016,32.5
I.D. No. 4 Waterton,2016-12,12,2016,45.92
I.D. No. 4 Waterton,2017-01,1,2017,35.26
I.D. No. 4 Waterton,2017-02,2,2017,102.8
I.D. No. 4 Waterton,2017-03,3,2017,85.36
I.D. No. 4 Waterton,2017-04,4,2017,94.88
I.D. No. 4 Waterton,2017-05,5,2017,96.34
I.D. No. 4 Waterton,2017-06,6,2017,67.64
I.D. No. 4 Waterton,2017-07,7,2017,14.92
I.D. No. 4 Waterton,2017-08,8,2017,18.68
I.D. No. 4 Waterton,2017-09,9,2017,38.26
I.D. No. 4 Waterton,2017-10,10,2017,90.18
I.D. No. 4 Waterton,2017-11,11,2017,93.72
I.D. No. 4 Waterton,2017-12,12,2017,68.44
I.D. No. 4 Waterton,2018-01,1,2018,51.98
I.D. No. 4 Waterton,2018-02,2,2018,97.3
I.D. No. 4 Waterton,2018-03,3,2018,66.66
I.D. No. 4 Waterton,2018-04,4,2018,80.54
I.D. No. 4 Waterton,2018-05,5,2018,69.1
I.D. No. 4 Waterton,2018-06,6,2018,105.1
I.D. No. 4 Waterton,2018-07,7,2018,29.92
I.D. No. 4 Waterton,2018-08,8,2018,48.16
I.D. No. 4 Waterton,2018-09,9,2018,45.04
I.D. No. 4 Waterton,2018-10,10,2018,68.68
I.D. No. 4 Waterton,2018-11,11,2018,48.74
I.D. No. 4 Waterton,2018-12,12,2018,59.12
I.D. No. 4 Waterton,2019-01,1,2019,34.06
I.D. No. 4 Waterton,2019-02,2,2019,63.82
I.D. No. 4 Waterton,2019-03,3,2019,34.12
I.D. No. 4 Waterton,2019-04,4,2019,76.84
I.D. No. 4 Waterton,2019-05,5,2019,127.54
I.D. No. 4 Waterton,2019-06,6,2019,64.56
I.D. No. 4 Waterton,2019-07,7,2019,50.9
I.D. No. 4 Waterton,2019-08,8,2019,49.5
I.D. No. 4 Waterton,2019-09,9,2019,131.78
I.D. No. 4 Waterton,2019-10,10,2019,53.58
I.D. No. 4 Waterton,2019-11,11,2019,66.2
I.D. No. 4 Waterton,2019-12,12,2019,48.1
I.D. No. 4 Waterton,2020-01,1,2020,61.28
I.D. No. 4 Waterton,2020-02,2,2020,50.02
I.D. No. 4 Waterton,2020-03,3,2020,69.12
I.D. No. 4 Waterton,2020-04,4,2020,70.06
I.D. No. 4 Waterton,2020-05,5,2020,82.46
I.D. No. 4 Waterton,2020-06,6,2020,111.88
I.D. No. 4 Waterton,2020-07,7,2020,10.24
I.D. No. 4 Waterton,2020-08,8,2020,7.96
I.D. No. 4 Waterton,2020-09,9,2020,37.48
I.D. No. 4 Waterton,2020-10,10,2020,86.76
I.D. No. 4 Waterton,2020-11,11,2020,97.32
I.D. No. 4 Waterton,2020-12,12,2020,64.86
I.D. No. 4 Waterton,2021-01,1,2021,40.74
I.D. No. 4 Waterton,2021-02,2,2021,48.1
I.D. No. 4 Waterton,2021-03,3,2021,45.52
I.D. No. 4 Waterton,2021-04,4,2021,57.96
I.D. No. 4 Waterton,2021-05,5,2021,97.14
I.D. No. 4 Waterton,2021-06,6,2021,80.5
I.D. No. 4 Waterton,2021-07,7,2021,20.64
I.D. No. 4 Waterton,2021-08,8,2021,123.78
I.D. No. 4 Waterton,2021-09,9,2021,18.64
I.D. No. 4 Waterton,2021-10,10,2021,103.2
I.D. No. 4 Waterton,2021-11,11,2021,69.38
I.D. No. 4 Waterton,2021-12,12,2021,104.96
I.D. No. 4 Waterton,2022-01,1,2022,65.16
I.D. No. 4 Waterton,2022-02,2,2022,52.6
I.D. No. 4 Waterton,2022-03,3,2022,78
I.D. No. 4 Waterton,2022-04,4,2022,51.64
I.D. No. 4 Waterton,2022-05,5,2022,74.38
I.D. No. 4 Waterton,2022-06,6,2022,126.54
I.D. No. 4 Waterton,2022-07,7,2022,78.2
I.D. No. 4 Waterton,2022-08,8,2022,34.22
I.D. No. 4 Waterton,2022-09,9,2022,42.28
I.D. No. 4 Waterton,2022-10,10,2022,65.6
Kananaskis I.D.,2012-01,1,2012,49.84
Kananaskis I.D.,2012-02,2,2012,23.63
Kananaskis I.D.,2012-03,3,2012,94.69
Kananaskis I.D.,2012-04,4,2012,64.2
Kananaskis I.D.,2012-05,5,2012,83.59
Kananaskis I.D.,2012-06,6,2012,208.59
Kananaskis I.D.,2012-07,7,2012,67.84
Kananaskis I.D.,2012-08,8,2012,50.57
Kananaskis I.D.,2012-09,9,2012,29.05
Kananaskis I.D.,2012-10,10,2012,64.94
Kananaskis I.D.,2012-11,11,2012,50.51
Kananaskis I.D.,2012-12,12,2012,32.79
Kananaskis I.D.,2013-01,1,2013,30.22
Kananaskis I.D.,2013-02,2,2013,25.19
Kananaskis I.D.,2013-03,3,2013,55.14
Kananaskis I.D.,2013-04,4,2013,85.99
Kananaskis I.D.,2013-05,5,2013,127.85
Kananaskis I.D.,2013-06,6,2013,281.59
Kananaskis I.D.,2013-07,7,2013,61.23
Kananaskis I.D.,2013-08,8,2013,77.98
Kananaskis I.D.,2013-09,9,2013,101.53
Kananaskis I.D.,2013-10,10,2013,49.46
Kananaskis I.D.,2013-11,11,2013,38.05
Kananaskis I.D.,2013-12,12,2013,37.93
Kananaskis I.D.,2014-01,1,2014,49.49
Kananaskis I.D.,2014-02,2,2014,20.97
Kananaskis I.D.,2014-03,3,2014,55.85
Kananaskis I.D.,2014-04,4,2014,72.47
Kananaskis I.D.,2014-05,5,2014,107.12
Kananaskis I.D.,2014-06,6,2014,121.34
Kananaskis I.D.,2014-07,7,2014,24.95
Kananaskis I.D.,2014-08,8,2014,89.3
Kananaskis I.D.,2014-09,9,2014,106.69
Kananaskis I.D.,2014-10,10,2014,33.8
Kananaskis I.D.,2014-11,11,2014,96.43
Kananaskis I.D.,2014-12,12,2014,15.95
Kananaskis I.D.,2015-01,1,2015,18.23
Kananaskis I.D.,2015-02,2,2015,40.8
Kananaskis I.D.,2015-03,3,2015,48.38
Kananaskis I.D.,2015-04,4,2015,36.54
Kananaskis I.D.,2015-05,5,2015,57.44
Kananaskis I.D.,2015-06,6,2015,70.59
Kananaskis I.D.,2015-07,7,2015,52.29
Kananaskis I.D.,2015-08,8,2015,87.6
Kananaskis I.D.,2015-09,9,2015,70.45
Kananaskis I.D.,2015-10,10,2015,47.86
Kananaskis I.D.,2015-11,11,2015,74.28
Kananaskis I.D.,2015-12,12,2015,23.7
Kananaskis I.D.,2016-01,1,2016,16.3
Kananaskis I.D.,2016-02,2,2016,12.61
Kananaskis I.D.,2016-03,3,2016,27.95
Kananaskis I.D.,2016-04,4,2016,20.81
Kananaskis I.D.,2016-05,5,2016,107.93
Kananaskis I.D.,2016-06,6,2016,40.43
Kananaskis I.D.,2016-07,7,2016,129.82
Kananaskis I.D.,2016-08,8,2016,59.69
Kananaskis I.D.,2016-09,9,2016,49.79
Kananaskis I.D.,2016-10,10,2016,75.51
Kananaskis I.D.,2016-11,11,2016,17.98
Kananaskis I.D.,2016-12,12,2016,28.58
Kananaskis I.D.,2017-01,1,2017,20.1
Kananaskis I.D.,2017-02,2,2017,63.23
Kananaskis I.D.,2017-03,3,2017,50.06
Kananaskis I.D.,2017-04,4,2017,97.1
Kananaskis I.D.,2017-05,5,2017,76.38
Kananaskis I.D.,2017-06,6,2017,49.63
Kananaskis I.D.,2017-07,7,2017,30.88
Kananaskis I.D.,2017-08,8,2017,12.82
Kananaskis I.D.,2017-09,9,2017,39.11
Kananaskis I.D.,2017-10,10,2017,58.29
Kananaskis I.D.,2017-11,11,2017,63.53
Kananaskis I.D.,2017-12,12,2017,40.28
Kananaskis I.D.,2018-01,1,2018,29.29
Kananaskis I.D.,2018-02,2,2018,44.64
Kananaskis I.D.,2018-03,3,2018,78.44
Kananaskis I.D.,2018-04,4,2018,64.58
Kananaskis I.D.,2018-05,5,2018,50.51
Kananaskis I.D.,2018-06,6,2018,115.14
Kananaskis I.D.,2018-07,7,2018,57.27
Kananaskis I.D.,2018-08,8,2018,42.71
Kananaskis I.D.,2018-09,9,2018,58.55
Kananaskis I.D.,2018-10,10,2018,56.85
Kananaskis I.D.,2018-11,11,2018,17.59
Kananaskis I.D.,2018-12,12,2018,22.38
Kananaskis I.D.,2019-01,1,2019,24.04
Kananaskis I.D.,2019-02,2,2019,33.95
Kananaskis I.D.,2019-03,3,2019,31.63
Kananaskis I.D.,2019-04,4,2019,52.6
Kananaskis I.D.,2019-05,5,2019,83.65
Kananaskis I.D.,2019-06,6,2019,143.55
Kananaskis I.D.,2019-07,7,2019,97.41
Kananaskis I.D.,2019-08,8,2019,79.88
Kananaskis I.D.,2019-09,9,2019,98.25
Kananaskis I.D.,2019-10,10,2019,48.82
Kananaskis I.D.,2019-11,11,2019,62.35
Kananaskis I.D.,2019-12,12,2019,66.33
Kananaskis I.D.,2020-01,1,2020,19.54
Kananaskis I.D.,2020-02,2,2020,39.56
Kananaskis I.D.,2020-03,3,2020,73.53
Kananaskis I.D.,2020-04,4,2020,56.19
Kananaskis I.D.,2020-05,5,2020,90.51
Kananaskis I.D.,2020-06,6,2020,107.39
Kananaskis I.D.,2020-07,7,2020,27.46
Kananaskis I.D.,2020-08,8,2020,14.92
Kananaskis I.D.,2020-09,9,2020,37.1
Kananaskis I.D.,2020-10,10,2020,57.48
Kananaskis I.D.,2020-11,11,2020,40.12
Kananaskis I.D.,2020-12,12,2020,67.85
Kananaskis I.D.,2021-01,1,2021,12.13
Kananaskis I.D.,2021-02,2,2021,39.03
Kananaskis I.D.,2021-03,3,2021,48.51
Kananaskis I.D.,2021-04,4,2021,65.32
Kananaskis I.D.,2021-05,5,2021,116.68
Kananaskis I.D.,2021-06,6,2021,45.18
Kananaskis I.D.,2021-07,7,2021,78.01
Kananaskis I.D.,2021-08,8,2021,86.68
Kananaskis I.D.,2021-09,9,2021,21.88
Kananaskis I.D.,2021-10,10,2021,36.46
Kananaskis I.D.,2021-11,11,2021,48.91
Kananaskis I.D.,2021-12,12,2021,44.84
Kananaskis I.D.,2022-01,1,2022,29.23
Kananaskis I.D.,2022-02,2,2022,25.63
Kananaskis I.D.,2022-03,3,2022,44.98
Kananaskis I.D.,2022-04,4,2022,29.77
Kananaskis I.D.,2022-05,5,2022,58.6
Kananaskis I.D.,2022-06,6,2022,187.7
Kananaskis I.D.,2022-07,7,2022,54.35
Kananaskis I.D.,2022-08,8,2022,55.67
Kananaskis I.D.,2022-09,9,2022,29.48
Kananaskis I.D.,2022-10,10,2022,50.99
Kananaskis I.D.,2022-11,11,2022,58.35
Kananaskis I.D.,2022-12,12,2022,23.36
Kananaskis I.D.,2023-01,1,2023,13.11
Kananaskis I.D.,2023-02,2,2023,42.95
Kananaskis I.D.,2023-03,3,2023,36.81
Kananaskis I.D.,2023-04,4,2023,57.11
Kananaskis I.D.,2023-05,5,2023,48.74
Kananaskis I.D.,2023-06,6,2023,75.78
Kananaskis I.D.,2023-07,7,2023,62.58
Kananaskis I.D.,2023-08,8,2023,39.36
Kananaskis I.D.,2023-09,9,2023,51.05
Kananaskis I.D.,2023-10,10,2023,40.88
Kananaskis I.D.,2023-11,11,2023,19.98
Kananaskis I.D.,2023-12,12,2023,47.07
Kananaskis I.D.,2024-01,1,2024,27.35
Kananaskis I.D.,2024-02,2,2024,72.55
Kananaskis I.D.,2024-03,3,2024,50.91
Kananaskis I.D.,2024-04,4,2024,113.99
Kananaskis I.D.,2024-05,5,2024,84
Kananaskis I.D.,2024-06,6,2024,109.48
Kneehill County,2012-01,1,2012,3.16
Kneehill County,2012-02,2,2012,8.25
Kneehill County,2012-03,3,2012,18.65
Kneehill County,2012-04,4,2012,37.87
Kneehill County,2012-05,5,2012,47.5
Kneehill County,2012-06,6,2012,111.28
Kneehill County,2012-07,7,2012,73.47
Kneehill County,2012-08,8,2012,42.83
Kneehill County,2012-09,9,2012,10.99
Kneehill County,2012-10,10,2012,32.58
Kneehill County,2012-11,11,2012,15.12
Kneehill County,2012-12,12,2012,14.76
Kneehill County,2013-01,1,2013,6.69
Kneehill County,2013-02,2,2013,2.58
Kneehill County,2013-03,3,2013,10.12
Kneehill County,2013-04,4,2013,21.45
Kneehill County,2013-05,5,2013,81.38
Kneehill County,2013-06,6,2013,104
Kneehill County,2013-07,7,2013,61.99
Kneehill County,2013-08,8,2013,15.38
Kneehill County,2013-09,9,2013,17.48
Kneehill County,2013-10,10,2013,15.7
Kneehill County,2013-11,11,2013,27.08
Kneehill County,2013-12,12,2013,17.4
Kneehill County,2014-01,1,2014,7.24
Kneehill County,2014-02,2,2014,1.56
Kneehill County,2014-03,3,2014,15.81
Kneehill County,2014-04,4,2014,15.73
Kneehill County,2014-05,5,2014,57.57
Kneehill County,2014-06,6,2014,91.34
Kneehill County,2014-07,7,2014,45.29
Kneehill County,2014-08,8,2014,81.37
Kneehill County,2014-09,9,2014,48.34
Kneehill County,2014-10,10,2014,5.67
Kneehill County,2014-11,11,2014,38.69
Kneehill County,2014-12,12,2014,8.2
Kneehill County,2015-01,1,2015,16.44
Kneehill County,2015-02,2,2015,7.82
Kneehill County,2015-03,3,2015,10.55
Kneehill County,2015-04,4,2015,13.26
Kneehill County,2015-05,5,2015,19.86
Kneehill County,2015-06,6,2015,32.75
Kneehill County,2015-07,7,2015,83.42
Kneehill County,2015-08,8,2015,114.59
Kneehill County,2015-09,9,2015,74.63
Kneehill County,2015-10,10,2015,3.71
Kneehill County,2015-11,11,2015,5.23
Kneehill County,2015-12,12,2015,12.96
Kneehill County,2016-01,1,2016,15.22
Kneehill County,2016-02,2,2016,6.37
Kneehill County,2016-03,3,2016,9.15
Kneehill County,2016-04,4,2016,15.43
Kneehill County,2016-05,5,2016,56.05
Kneehill County,2016-06,6,2016,48.29
Kneehill County,2016-07,7,2016,117.91
Kneehill County,2016-08,8,2016,92.92
Kneehill County,2016-09,9,2016,28.59
Kneehill County,2016-10,10,2016,21.43
Kneehill County,2016-11,11,2016,2.96
Kneehill County,2016-12,12,2016,14.77
Kneehill County,2017-01,1,2017,8.52
Kneehill County,2017-02,2,2017,23.21
Kneehill County,2017-03,3,2017,18.28
Kneehill County,2017-04,4,2017,29.99
Kneehill County,2017-05,5,2017,33.3
Kneehill County,2017-06,6,2017,76.89
Kneehill County,2017-07,7,2017,60.31
Kneehill County,2017-08,8,2017,27.32
Kneehill County,2017-09,9,2017,23.58
Kneehill County,2017-10,10,2017,14.87
Kneehill County,2017-11,11,2017,13.37
Kneehill County,2017-12,12,2017,12
Kneehill County,2018-01,1,2018,6.88
Kneehill County,2018-02,2,2018,16.43
Kneehill County,2018-03,3,2018,26.01
Kneehill County,2018-04,4,2018,15.16
Kneehill County,2018-05,5,2018,18.12
Kneehill County,2018-06,6,2018,76.32
Kneehill County,2018-07,7,2018,43.01
Kneehill County,2018-08,8,2018,30.06
Kneehill County,2018-09,9,2018,44.5
Kneehill County,2018-10,10,2018,16.68
Kneehill County,2018-11,11,2018,19.12
Kneehill County,2018-12,12,2018,12.9
Kneehill County,2019-01,1,2019,4.43
Kneehill County,2019-02,2,2019,11.01
Kneehill County,2019-03,3,2019,6.19
Kneehill County,2019-04,4,2019,15.88
Kneehill County,2019-05,5,2019,33.31
Kneehill County,2019-06,6,2019,110.65
Kneehill County,2019-07,7,2019,62.53
Kneehill County,2019-08,8,2019,36.39
Kneehill County,2019-09,9,2019,40.14
Kneehill County,2019-10,10,2019,6.16
Kneehill County,2019-11,11,2019,23.06
Kneehill County,2019-12,12,2019,11.01
Kneehill County,2020-01,1,2020,4.64
Kneehill County,2020-02,2,2020,16.86
Kneehill County,2020-03,3,2020,11.56
Kneehill County,2020-04,4,2020,7.08
Kneehill County,2020-05,5,2020,80.91
Kneehill County,2020-06,6,2020,132.85
Kneehill County,2020-07,7,2020,93.91
Kneehill County,2020-08,8,2020,34.8
Kneehill County,2020-09,9,2020,17.82
Kneehill County,2020-10,10,2020,16.76
Kneehill County,2020-11,11,2020,12.6
Kneehill County,2020-12,12,2020,15.89
Kneehill County,2021-01,1,2021,2.63
Kneehill County,2021-02,2,2021,8.57
Kneehill County,2021-03,3,2021,3.6
Kneehill County,2021-04,4,2021,8.3
Kneehill County,2021-05,5,2021,41.58
Kneehill County,2021-06,6,2021,45.88
Kneehill County,2021-07,7,2021,31.1
Kneehill County,2021-08,8,2021,65.09
Kneehill County,2021-09,9,2021,19.5
Kneehill County,2021-10,10,2021,12.38
Kneehill County,2021-11,11,2021,3.63
Kneehill County,2021-12,12,2021,15.11
Kneehill County,2022-01,1,2022,2.03
Kneehill County,2022-02,2,2022,12.1
Kneehill County,2022-03,3,2022,10.82
Kneehill County,2022-04,4,2022,16.43
Kneehill County,2022-05,5,2022,21.34
Kneehill County,2022-06,6,2022,173.2
Kneehill County,2022-07,7,2022,41.89
Kneehill County,2022-08,8,2022,18.88
Kneehill County,2022-09,9,2022,6.04
Kneehill County,2022-10,10,2022,9.28
Kneehill County,2022-11,11,2022,18.97
Kneehill County,2022-12,12,2022,8.7
Kneehill County,2023-01,1,2023,6.47
Kneehill County,2023-02,2,2023,7.61
Kneehill County,2023-03,3,2023,7.02
Kneehill County,2023-04,4,2023,6.01
Kneehill County,2023-05,5,2023,27.7
Kneehill County,2023-06,6,2023,64.48
Kneehill County,2023-07,7,2023,45.92
Kneehill County,2023-08,8,2023,33.81
Kneehill County,2023-09,9,2023,17.05
Kneehill County,2023-10,10,2023,19.97
Kneehill County,2023-11,11,2023,5.08
Kneehill County,2023-12,12,2023,12.16
Kneehill County,2024-01,1,2024,6.42
Kneehill County,2024-02,2,2024,12.25
Kneehill County,2024-03,3,2024,19.5
Kneehill County,2024-04,4,2024,18.49
Kneehill County,2024-05,5,2024,59.28
Kneehill County,2024-06,6,2024,66.51
Lac La Biche County,2012-01,1,2012,15.36
Lac La Biche County,2012-02,2,2012,5.82
Lac La Biche County,2012-03,3,2012,22.19
Lac La Biche County,2012-04,4,2012,52.57
Lac La Biche County,2012-05,5,2012,24.42
Lac La Biche County,2012-06,6,2012,52.54
Lac La Biche County,2012-07,7,2012,112.85
Lac La Biche County,2012-08,8,2012,54.91
Lac La Biche County,2012-09,9,2012,58.67
Lac La Biche County,2012-10,10,2012,29.98
Lac La Biche County,2012-11,11,2012,24.46
Lac La Biche County,2012-12,12,2012,15.19
Lac La Biche County,2013-01,1,2013,30.41
Lac La Biche County,2013-02,2,2013,20.36
Lac La Biche County,2013-03,3,2013,12.55
Lac La Biche County,2013-04,4,2013,27.77
Lac La Biche County,2013-05,5,2013,21.47
Lac La Biche County,2013-06,6,2013,142.88
Lac La Biche County,2013-07,7,2013,119.18
Lac La Biche County,2013-08,8,2013,55.66
Lac La Biche County,2013-09,9,2013,15.04
Lac La Biche County,2013-10,10,2013,26.47
Lac La Biche County,2013-11,11,2013,20.71
Lac La Biche County,2013-12,12,2013,37.46
Lac La Biche County,2014-01,1,2014,15.28
Lac La Biche County,2014-02,2,2014,12.94
Lac La Biche County,2014-03,3,2014,2.44
Lac La Biche County,2014-04,4,2014,44.53
Lac La Biche County,2014-05,5,2014,73.59
Lac La Biche County,2014-06,6,2014,110.41
Lac La Biche County,2014-07,7,2014,65.17
Lac La Biche County,2014-08,8,2014,39.6
Lac La Biche County,2014-09,9,2014,52.61
Lac La Biche County,2014-10,10,2014,11.65
Lac La Biche County,2014-11,11,2014,37.86
Lac La Biche County,2014-12,12,2014,7.63
Lac La Biche County,2015-01,1,2015,23.3
Lac La Biche County,2015-02,2,2015,21.99
Lac La Biche County,2015-03,3,2015,14.57
Lac La Biche County,2015-04,4,2015,31.13
Lac La Biche County,2015-05,5,2015,26.58
Lac La Biche County,2015-06,6,2015,37.75
Lac La Biche County,2015-07,7,2015,94.26
Lac La Biche County,2015-08,8,2015,65.09
Lac La Biche County,2015-09,9,2015,49.9
Lac La Biche County,2015-10,10,2015,21.91
Lac La Biche County,2015-11,11,2015,10.89
Lac La Biche County,2015-12,12,2015,11.02
Lac La Biche County,2016-01,1,2016,29.42
Lac La Biche County,2016-02,2,2016,12.85
Lac La Biche County,2016-03,3,2016,27.26
Lac La Biche County,2016-04,4,2016,26.1
Lac La Biche County,2016-05,5,2016,75.85
Lac La Biche County,2016-06,6,2016,100.93
Lac La Biche County,2016-07,7,2016,95.35
Lac La Biche County,2016-08,8,2016,93.18
Lac La Biche County,2016-09,9,2016,54.92
Lac La Biche County,2016-10,10,2016,56.07
Lac La Biche County,2016-11,11,2016,3.59
Lac La Biche County,2016-12,12,2016,11.03
Lac La Biche County,2017-01,1,2017,4.31
Lac La Biche County,2017-02,2,2017,7.2
Lac La Biche County,2017-03,3,2017,23.53
Lac La Biche County,2017-04,4,2017,50.87
Lac La Biche County,2017-05,5,2017,46.57
Lac La Biche County,2017-06,6,2017,74.09
Lac La Biche County,2017-07,7,2017,126.83
Lac La Biche County,2017-08,8,2017,43.23
Lac La Biche County,2017-09,9,2017,44.24
Lac La Biche County,2017-10,10,2017,56.07
Lac La Biche County,2017-11,11,2017,13.53
Lac La Biche County,2017-12,12,2017,6.07
Lac La Biche County,2018-01,1,2018,18.87
Lac La Biche County,2018-02,2,2018,7.16
Lac La Biche County,2018-03,3,2018,14.87
Lac La Biche County,2018-04,4,2018,22.56
Lac La Biche County,2018-05,5,2018,13.18
Lac La Biche County,2018-06,6,2018,122.95
Lac La Biche County,2018-07,7,2018,85.99
Lac La Biche County,2018-08,8,2018,49.8
Lac La Biche County,2018-09,9,2018,38.67
Lac La Biche County,2018-10,10,2018,11.98
Lac La Biche County,2018-11,11,2018,12.77
Lac La Biche County,2018-12,12,2018,23.67
Lac La Biche County,2019-01,1,2019,15.57
Lac La Biche County,2019-02,2,2019,16.84
Lac La Biche County,2019-03,3,2019,0.57
Lac La Biche County,2019-04,4,2019,16.12
Lac La Biche County,2019-05,5,2019,5.5
Lac La Biche County,2019-06,6,2019,125.62
Lac La Biche County,2019-07,7,2019,97.58
Lac La Biche County,2019-08,8,2019,84.17
Lac La Biche County,2019-09,9,2019,39.55
Lac La Biche County,2019-10,10,2019,35.32
Lac La Biche County,2019-11,11,2019,14.96
Lac La Biche County,2019-12,12,2019,7.13
Lac La Biche County,2020-01,1,2020,14.24
Lac La Biche County,2020-02,2,2020,13.53
Lac La Biche County,2020-03,3,2020,23.06
Lac La Biche County,2020-04,4,2020,4.76
Lac La Biche County,2020-05,5,2020,52.86
Lac La Biche County,2020-06,6,2020,174.38
Lac La Biche County,2020-07,7,2020,125.88
Lac La Biche County,2020-08,8,2020,83.16
Lac La Biche County,2020-09,9,2020,27.86
Lac La Biche County,2020-10,10,2020,36.15
Lac La Biche County,2020-11,11,2020,16.18
Lac La Biche County,2020-12,12,2020,7.71
Lac La Biche County,2021-01,1,2021,20.06
Lac La Biche County,2021-02,2,2021,17.15
Lac La Biche County,2021-03,3,2021,7.67
Lac La Biche County,2021-04,4,2021,13.47
Lac La Biche County,2021-05,5,2021,60.83
Lac La Biche County,2021-06,6,2021,65.85
Lac La Biche County,2021-07,7,2021,40.94
Lac La Biche County,2021-08,8,2021,54.21
Lac La Biche County,2021-09,9,2021,37.71
Lac La Biche County,2021-10,10,2021,12.41
Lac La Biche County,2021-11,11,2021,17.17
Lac La Biche County,2021-12,12,2021,20.83
Lac La Biche County,2022-01,1,2022,39.33
Lac La Biche County,2022-02,2,2022,34.85
Lac La Biche County,2022-03,3,2022,15.44
Lac La Biche County,2022-04,4,2022,20.51
Lac La Biche County,2022-05,5,2022,50.91
Lac La Biche County,2022-06,6,2022,90.63
Lac La Biche County,2022-07,7,2022,46.87
Lac La Biche County,2022-08,8,2022,91.36
Lac La Biche County,2022-09,9,2022,16.77
Lac La Biche County,2022-10,10,2022,5.94
Lac La Biche County,2022-11,11,2022,16.66
Lac La Biche County,2022-12,12,2022,37.62
Lac La Biche County,2023-01,1,2023,9.29
Lac La Biche County,2023-02,2,2023,10.52
Lac La Biche County,2023-03,3,2023,8.3
Lac La Biche County,2023-04,4,2023,19.51
Lac La Biche County,2023-05,5,2023,36.22
Lac La Biche County,2023-06,6,2023,124.44
Lac La Biche County,2023-07,7,2023,120.5
Lac La Biche County,2023-08,8,2023,102.31
Lac La Biche County,2023-09,9,2023,13.57
Lac La Biche County,2023-10,10,2023,11.35
Lac La Biche County,2023-11,11,2023,3.77
Lac La Biche County,2023-12,12,2023,2.45
Lac La Biche County,2024-01,1,2024,5.69
Lac La Biche County,2024-02,2,2024,8.27
Lac La Biche County,2024-03,3,2024,11.04
Lac La Biche County,2024-04,4,2024,21.7
Lac La Biche County,2024-05,5,2024,85.68
Lac La Biche County,2024-06,6,2024,96.37
Lac Ste. Anne County,2012-01,1,2012,13.26
Lac Ste. Anne County,2012-02,2,2012,11.98
Lac Ste. Anne County,2012-03,3,2012,17.62
Lac Ste. Anne County,2012-04,4,2012,44.54
Lac Ste. Anne County,2012-05,5,2012,43.5
Lac Ste. Anne County,2012-06,6,2012,54.8
Lac Ste. Anne County,2012-07,7,2012,171.38
Lac Ste. Anne County,2012-08,8,2012,46.96
Lac Ste. Anne County,2012-09,9,2012,31.16
Lac Ste. Anne County,2012-10,10,2012,31.09
Lac Ste. Anne County,2012-11,11,2012,22.92
Lac Ste. Anne County,2012-12,12,2012,21.31
Lac Ste. Anne County,2013-01,1,2013,24.09
Lac Ste. Anne County,2013-02,2,2013,5.55
Lac Ste. Anne County,2013-03,3,2013,32.4
Lac Ste. Anne County,2013-04,4,2013,25.93
Lac Ste. Anne County,2013-05,5,2013,36.84
Lac Ste. Anne County,2013-06,6,2013,85.44
Lac Ste. Anne County,2013-07,7,2013,66.91
Lac Ste. Anne County,2013-08,8,2013,58.38
Lac Ste. Anne County,2013-09,9,2013,1.37
Lac Ste. Anne County,2013-10,10,2013,11.92
Lac Ste. Anne County,2013-11,11,2013,39.75
Lac Ste. Anne County,2013-12,12,2013,45.05
Lac Ste. Anne County,2014-01,1,2014,9.12
Lac Ste. Anne County,2014-02,2,2014,13.85
Lac Ste. Anne County,2014-03,3,2014,10.55
Lac Ste. Anne County,2014-04,4,2014,43.61
Lac Ste. Anne County,2014-05,5,2014,50.6
Lac Ste. Anne County,2014-06,6,2014,45.83
Lac Ste. Anne County,2014-07,7,2014,74.48
Lac Ste. Anne County,2014-08,8,2014,29.27
Lac Ste. Anne County,2014-09,9,2014,37.7
Lac Ste. Anne County,2014-10,10,2014,8.72
Lac Ste. Anne County,2014-11,11,2014,38.85
Lac Ste. Anne County,2014-12,12,2014,6.15
Lac Ste. Anne County,2015-01,1,2015,21.38
Lac Ste. Anne County,2015-02,2,2015,18.19
Lac Ste. Anne County,2015-03,3,2015,24.05
Lac Ste. Anne County,2015-04,4,2015,29.66
Lac Ste. Anne County,2015-05,5,2015,15.11
Lac Ste. Anne County,2015-06,6,2015,44.94
Lac Ste. Anne County,2015-07,7,2015,54.48
Lac Ste. Anne County,2015-08,8,2015,22.26
Lac Ste. Anne County,2015-09,9,2015,50.8
Lac Ste. Anne County,2015-10,10,2015,17.29
Lac Ste. Anne County,2015-11,11,2015,25.87
Lac Ste. Anne County,2015-12,12,2015,9.72
Lac Ste. Anne County,2016-01,1,2016,7.84
Lac Ste. Anne County,2016-02,2,2016,14.29
Lac Ste. Anne County,2016-03,3,2016,16.79
Lac Ste. Anne County,2016-04,4,2016,5.09
Lac Ste. Anne County,2016-05,5,2016,115.86
Lac Ste. Anne County,2016-06,6,2016,66.93
Lac Ste. Anne County,2016-07,7,2016,63.12
Lac Ste. Anne County,2016-08,8,2016,138.02
Lac Ste. Anne County,2016-09,9,2016,38.8
Lac Ste. Anne County,2016-10,10,2016,56.75
Lac Ste. Anne County,2016-11,11,2016,7.81
Lac Ste. Anne County,2016-12,12,2016,8.87
Lac Ste. Anne County,2017-01,1,2017,6.88
Lac Ste. Anne County,2017-02,2,2017,13.72
Lac Ste. Anne County,2017-03,3,2017,16.1
Lac Ste. Anne County,2017-04,4,2017,64.88
Lac Ste. Anne County,2017-05,5,2017,41.68
Lac Ste. Anne County,2017-06,6,2017,96.28
Lac Ste. Anne County,2017-07,7,2017,100.94
Lac Ste. Anne County,2017-08,8,2017,39.01
Lac Ste. Anne County,2017-09,9,2017,79.08
Lac Ste. Anne County,2017-10,10,2017,26.3
Lac Ste. Anne County,2017-11,11,2017,16.82
Lac Ste. Anne County,2017-12,12,2017,1.81
Lac Ste. Anne County,2018-01,1,2018,13.9
Lac Ste. Anne County,2018-02,2,2018,16.95
Lac Ste. Anne County,2018-03,3,2018,26.21
Lac Ste. Anne County,2018-04,4,2018,13.27
Lac Ste. Anne County,2018-05,5,2018,16.05
Lac Ste. Anne County,2018-06,6,2018,66.75
Lac Ste. Anne County,2018-07,7,2018,100.51
Lac Ste. Anne County,2018-08,8,2018,52.5
Lac Ste. Anne County,2018-09,9,2018,58.23
Lac Ste. Anne County,2018-10,10,2018,17.45
Lac Ste. Anne County,2018-11,11,2018,25.46
Lac Ste. Anne County,2018-12,12,2018,23.01
Lac Ste. Anne County,2019-01,1,2019,22.11
Lac Ste. Anne County,2019-02,2,2019,18.17
Lac Ste. Anne County,2019-03,3,2019,7.77
Lac Ste. Anne County,2019-04,4,2019,16.53
Lac Ste. Anne County,2019-05,5,2019,39.46
Lac Ste. Anne County,2019-06,6,2019,150.41
Lac Ste. Anne County,2019-07,7,2019,136.87
Lac Ste. Anne County,2019-08,8,2019,34.09
Lac Ste. Anne County,2019-09,9,2019,46.91
Lac Ste. Anne County,2019-10,10,2019,20.31
Lac Ste. Anne County,2019-11,11,2019,30.17
Lac Ste. Anne County,2019-12,12,2019,17.7
Lac Ste. Anne County,2020-01,1,2020,19.03
Lac Ste. Anne County,2020-02,2,2020,17.51
Lac Ste. Anne County,2020-03,3,2020,19.55
Lac Ste. Anne County,2020-04,4,2020,5.42
Lac Ste. Anne County,2020-05,5,2020,101.48
Lac Ste. Anne County,2020-06,6,2020,105.29
Lac Ste. Anne County,2020-07,7,2020,97.99
Lac Ste. Anne County,2020-08,8,2020,44.58
Lac Ste. Anne County,2020-09,9,2020,8.5
Lac Ste. Anne County,2020-10,10,2020,10.34
Lac Ste. Anne County,2020-11,11,2020,19.21
Lac Ste. Anne County,2020-12,12,2020,5.19
Lac Ste. Anne County,2021-01,1,2021,10.21
Lac Ste. Anne County,2021-02,2,2021,9.87
Lac Ste. Anne County,2021-03,3,2021,8.01
Lac Ste. Anne County,2021-04,4,2021,9.59
Lac Ste. Anne County,2021-05,5,2021,58.21
Lac Ste. Anne County,2021-06,6,2021,38.65
Lac Ste. Anne County,2021-07,7,2021,47.4
Lac Ste. Anne County,2021-08,8,2021,39.13
Lac Ste. Anne County,2021-09,9,2021,42.4
Lac Ste. Anne County,2021-10,10,2021,24.73
Lac Ste. Anne County,2021-11,11,2021,25.32
Lac Ste. Anne County,2021-12,12,2021,25.22
Lac Ste. Anne County,2022-01,1,2022,26.05
Lac Ste. Anne County,2022-02,2,2022,14.38
Lac Ste. Anne County,2022-03,3,2022,21.3
Lac Ste. Anne County,2022-04,4,2022,30.53
Lac Ste. Anne County,2022-05,5,2022,24.88
Lac Ste. Anne County,2022-06,6,2022,112.93
Lac Ste. Anne County,2022-07,7,2022,58.35
Lac Ste. Anne County,2022-08,8,2022,39.28
Lac Ste. Anne County,2022-09,9,2022,21.98
Lac Ste. Anne County,2022-10,10,2022,5.78
Lac Ste. Anne County,2022-11,11,2022,18.86
Lac Ste. Anne County,2022-12,12,2022,14.38
Lac Ste. Anne County,2023-01,1,2023,3.87
Lac Ste. Anne County,2023-02,2,2023,11.9
Lac Ste. Anne County,2023-03,3,2023,2.37
Lac Ste. Anne County,2023-04,4,2023,14.46
Lac Ste. Anne County,2023-05,5,2023,50.79
Lac Ste. Anne County,2023-06,6,2023,130.76
Lac Ste. Anne County,2023-07,7,2023,142.14
Lac Ste. Anne County,2023-08,8,2023,75.91
Lac Ste. Anne County,2023-09,9,2023,14.47
Lac Ste. Anne County,2023-10,10,2023,5.67
Lac Ste. Anne County,2023-11,11,2023,1.51
Lac Ste. Anne County,2023-12,12,2023,1.07
Lac Ste. Anne County,2024-01,1,2024,17.14
Lac Ste. Anne County,2024-02,2,2024,18.09
Lac Ste. Anne County,2024-03,3,2024,8.82
Lac Ste. Anne County,2024-04,4,2024,22.81
Lac Ste. Anne County,2024-05,5,2024,42.99
Lac Ste. Anne County,2024-06,6,2024,64.93
Lacombe County,2012-01,1,2012,5.25
Lacombe County,2012-02,2,2012,8.7
Lacombe County,2012-03,3,2012,23.18
Lacombe County,2012-04,4,2012,42.09
Lacombe County,2012-05,5,2012,48.85
Lacombe County,2012-06,6,2012,106.43
Lacombe County,2012-07,7,2012,90.23
Lacombe County,2012-08,8,2012,46.55
Lacombe County,2012-09,9,2012,16.11
Lacombe County,2012-10,10,2012,23.74
Lacombe County,2012-11,11,2012,16.85
Lacombe County,2012-12,12,2012,15.77
Lacombe County,2013-01,1,2013,15.16
Lacombe County,2013-02,2,2013,4.38
Lacombe County,2013-03,3,2013,15.92
Lacombe County,2013-04,4,2013,23.47
Lacombe County,2013-05,5,2013,68.6
Lacombe County,2013-06,6,2013,79.99
Lacombe County,2013-07,7,2013,103.55
Lacombe County,2013-08,8,2013,49.33
Lacombe County,2013-09,9,2013,18.62
Lacombe County,2013-10,10,2013,15.9
Lacombe County,2013-11,11,2013,39.61
Lacombe County,2013-12,12,2013,26.8
Lacombe County,2014-01,1,2014,14.4
Lacombe County,2014-02,2,2014,5.52
Lacombe County,2014-03,3,2014,23.04
Lacombe County,2014-04,4,2014,21.54
Lacombe County,2014-05,5,2014,50.56
Lacombe County,2014-06,6,2014,78.16
Lacombe County,2014-07,7,2014,62.09
Lacombe County,2014-08,8,2014,37.91
Lacombe County,2014-09,9,2014,45.44
Lacombe County,2014-10,10,2014,10.14
Lacombe County,2014-11,11,2014,27.41
Lacombe County,2014-12,12,2014,4.92
Lacombe County,2015-01,1,2015,22.42
Lacombe County,2015-02,2,2015,17.39
Lacombe County,2015-03,3,2015,17.46
Lacombe County,2015-04,4,2015,16.16
Lacombe County,2015-05,5,2015,24.4
Lacombe County,2015-06,6,2015,73.35
Lacombe County,2015-07,7,2015,100.58
Lacombe County,2015-08,8,2015,64.69
Lacombe County,2015-09,9,2015,65.06
Lacombe County,2015-10,10,2015,8.03
Lacombe County,2015-11,11,2015,11.32
Lacombe County,2015-12,12,2015,9.5
Lacombe County,2016-01,1,2016,11.82
Lacombe County,2016-02,2,2016,9.05
Lacombe County,2016-03,3,2016,16.76
Lacombe County,2016-04,4,2016,15.59
Lacombe County,2016-05,5,2016,76.07
Lacombe County,2016-06,6,2016,45.76
Lacombe County,2016-07,7,2016,105.35
Lacombe County,2016-08,8,2016,108.76
Lacombe County,2016-09,9,2016,40.1
Lacombe County,2016-10,10,2016,36.9
Lacombe County,2016-11,11,2016,16.04
Lacombe County,2016-12,12,2016,13.47
Lacombe County,2017-01,1,2017,6.01
Lacombe County,2017-02,2,2017,16.38
Lacombe County,2017-03,3,2017,18.35
Lacombe County,2017-04,4,2017,32.7
Lacombe County,2017-05,5,2017,51.74
Lacombe County,2017-06,6,2017,77.18
Lacombe County,2017-07,7,2017,47.56
Lacombe County,2017-08,8,2017,26.5
Lacombe County,2017-09,9,2017,51.16
Lacombe County,2017-10,10,2017,23.46
Lacombe County,2017-11,11,2017,11.52
Lacombe County,2017-12,12,2017,5.84
Lacombe County,2018-01,1,2018,8.83
Lacombe County,2018-02,2,2018,17.42
Lacombe County,2018-03,3,2018,27.81
Lacombe County,2018-04,4,2018,18.94
Lacombe County,2018-05,5,2018,31.02
Lacombe County,2018-06,6,2018,54.87
Lacombe County,2018-07,7,2018,70.54
Lacombe County,2018-08,8,2018,32.53
Lacombe County,2018-09,9,2018,62.25
Lacombe County,2018-10,10,2018,15.01
Lacombe County,2018-11,11,2018,23.42
Lacombe County,2018-12,12,2018,16.69
Lacombe County,2019-01,1,2019,7.61
Lacombe County,2019-02,2,2019,9.68
Lacombe County,2019-03,3,2019,7.38
Lacombe County,2019-04,4,2019,13.11
Lacombe County,2019-05,5,2019,35.18
Lacombe County,2019-06,6,2019,115.23
Lacombe County,2019-07,7,2019,81.04
Lacombe County,2019-08,8,2019,33.46
Lacombe County,2019-09,9,2019,43.92
Lacombe County,2019-10,10,2019,11.52
Lacombe County,2019-11,11,2019,28.45
Lacombe County,2019-12,12,2019,14.13
Lacombe County,2020-01,1,2020,8.02
Lacombe County,2020-02,2,2020,16.69
Lacombe County,2020-03,3,2020,15.12
Lacombe County,2020-04,4,2020,9.87
Lacombe County,2020-05,5,2020,97.45
Lacombe County,2020-06,6,2020,106.25
Lacombe County,2020-07,7,2020,108.87
Lacombe County,2020-08,8,2020,52.85
Lacombe County,2020-09,9,2020,17.84
Lacombe County,2020-10,10,2020,25.4
Lacombe County,2020-11,11,2020,17.65
Lacombe County,2020-12,12,2020,6.98
Lacombe County,2021-01,1,2021,5.18
Lacombe County,2021-02,2,2021,7.79
Lacombe County,2021-03,3,2021,3.25
Lacombe County,2021-04,4,2021,10.67
Lacombe County,2021-05,5,2021,61.62
Lacombe County,2021-06,6,2021,60.87
Lacombe County,2021-07,7,2021,61.54
Lacombe County,2021-08,8,2021,65.92
Lacombe County,2021-09,9,2021,19.82
Lacombe County,2021-10,10,2021,19.24
Lacombe County,2021-11,11,2021,4.17
Lacombe County,2021-12,12,2021,16.95
Lacombe County,2022-01,1,2022,6.04
Lacombe County,2022-02,2,2022,14.91
Lacombe County,2022-03,3,2022,14.65
Lacombe County,2022-04,4,2022,24.06
Lacombe County,2022-05,5,2022,22.59
Lacombe County,2022-06,6,2022,166.6
Lacombe County,2022-07,7,2022,94.84
Lacombe County,2022-08,8,2022,23.49
Lacombe County,2022-09,9,2022,5.07
Lacombe County,2022-10,10,2022,8.55
Lacombe County,2022-11,11,2022,26.09
Lacombe County,2022-12,12,2022,6.75
Lacombe County,2023-01,1,2023,5.66
Lacombe County,2023-02,2,2023,9.92
Lacombe County,2023-03,3,2023,3.9
Lacombe County,2023-04,4,2023,13.63
Lacombe County,2023-05,5,2023,29.53
Lacombe County,2023-06,6,2023,109.88
Lacombe County,2023-07,7,2023,58.08
Lacombe County,2023-08,8,2023,50.01
Lacombe County,2023-09,9,2023,21.02
Lacombe County,2023-10,10,2023,16.37
Lacombe County,2023-11,11,2023,3.59
Lacombe County,2023-12,12,2023,10.12
Lacombe County,2024-01,1,2024,10.36
Lacombe County,2024-02,2,2024,14.31
Lacombe County,2024-03,3,2024,16.43
Lacombe County,2024-04,4,2024,15.55
Lacombe County,2024-05,5,2024,56.81
Lacombe County,2024-06,6,2024,60.4
Lamont County,2012-01,1,2012,11.29
Lamont County,2012-02,2,2012,9.96
Lamont County,2012-03,3,2012,13.96
Lamont County,2012-04,4,2012,37.69
Lamont County,2012-05,5,2012,74.11
Lamont County,2012-06,6,2012,36.92
Lamont County,2012-07,7,2012,104.99
Lamont County,2012-08,8,2012,84.33
Lamont County,2012-09,9,2012,19.17
Lamont County,2012-10,10,2012,20.29
Lamont County,2012-11,11,2012,28.42
Lamont County,2012-12,12,2012,15.72
Lamont County,2013-01,1,2013,20.68
Lamont County,2013-02,2,2013,9.58
Lamont County,2013-03,3,2013,17.08
Lamont County,2013-04,4,2013,28.81
Lamont County,2013-05,5,2013,20.23
Lamont County,2013-06,6,2013,93.78
Lamont County,2013-07,7,2013,64.83
Lamont County,2013-08,8,2013,45.01
Lamont County,2013-09,9,2013,3.94
Lamont County,2013-10,10,2013,14.77
Lamont County,2013-11,11,2013,27.2
Lamont County,2013-12,12,2013,31.97
Lamont County,2014-01,1,2014,5.63
Lamont County,2014-02,2,2014,6.85
Lamont County,2014-03,3,2014,4.63
Lamont County,2014-04,4,2014,55.36
Lamont County,2014-05,5,2014,43.74
Lamont County,2014-06,6,2014,99.04
Lamont County,2014-07,7,2014,107.42
Lamont County,2014-08,8,2014,14.77
Lamont County,2014-09,9,2014,34.86
Lamont County,2014-10,10,2014,7.53
Lamont County,2014-11,11,2014,34.67
Lamont County,2014-12,12,2014,3.47
Lamont County,2015-01,1,2015,15.51
Lamont County,2015-02,2,2015,21.2
Lamont County,2015-03,3,2015,23.64
Lamont County,2015-04,4,2015,9.72
Lamont County,2015-05,5,2015,28.84
Lamont County,2015-06,6,2015,43.17
Lamont County,2015-07,7,2015,94.19
Lamont County,2015-08,8,2015,17.57
Lamont County,2015-09,9,2015,63.21
Lamont County,2015-10,10,2015,16.75
Lamont County,2015-11,11,2015,19.77
Lamont County,2015-12,12,2015,6.26
Lamont County,2016-01,1,2016,15.38
Lamont County,2016-02,2,2016,8.33
Lamont County,2016-03,3,2016,21.87
Lamont County,2016-04,4,2016,18.27
Lamont County,2016-05,5,2016,116.95
Lamont County,2016-06,6,2016,78.16
Lamont County,2016-07,7,2016,93.43
Lamont County,2016-08,8,2016,70.37
Lamont County,2016-09,9,2016,31.46
Lamont County,2016-10,10,2016,52.64
Lamont County,2016-11,11,2016,8.83
Lamont County,2016-12,12,2016,10.95
Lamont County,2017-01,1,2017,8.26
Lamont County,2017-02,2,2017,8.59
Lamont County,2017-03,3,2017,18.13
Lamont County,2017-04,4,2017,64.26
Lamont County,2017-05,5,2017,47.8
Lamont County,2017-06,6,2017,100.58
Lamont County,2017-07,7,2017,70.87
Lamont County,2017-08,8,2017,37.53
Lamont County,2017-09,9,2017,34.01
Lamont County,2017-10,10,2017,33.55
Lamont County,2017-11,11,2017,13.95
Lamont County,2017-12,12,2017,1.54
Lamont County,2018-01,1,2018,21.91
Lamont County,2018-02,2,2018,8.57
Lamont County,2018-03,3,2018,15.5
Lamont County,2018-04,4,2018,17.36
Lamont County,2018-05,5,2018,15.98
Lamont County,2018-06,6,2018,73.68
Lamont County,2018-07,7,2018,66.36
Lamont County,2018-08,8,2018,40.09
Lamont County,2018-09,9,2018,59.28
Lamont County,2018-10,10,2018,19.45
Lamont County,2018-11,11,2018,20.61
Lamont County,2018-12,12,2018,22.03
Lamont County,2019-01,1,2019,17.93
Lamont County,2019-02,2,2019,16.49
Lamont County,2019-03,3,2019,3.64
Lamont County,2019-04,4,2019,18.6
Lamont County,2019-05,5,2019,19.44
Lamont County,2019-06,6,2019,133.58
Lamont County,2019-07,7,2019,129.71
Lamont County,2019-08,8,2019,36.3
Lamont County,2019-09,9,2019,37.04
Lamont County,2019-10,10,2019,21.42
Lamont County,2019-11,11,2019,20.67
Lamont County,2019-12,12,2019,10.86
Lamont County,2020-01,1,2020,16.03
Lamont County,2020-02,2,2020,19.23
Lamont County,2020-03,3,2020,15.58
Lamont County,2020-04,4,2020,4.42
Lamont County,2020-05,5,2020,87.77
Lamont County,2020-06,6,2020,123.64
Lamont County,2020-07,7,2020,101.47
Lamont County,2020-08,8,2020,72.64
Lamont County,2020-09,9,2020,6.05
Lamont County,2020-10,10,2020,14.79
Lamont County,2020-11,11,2020,28.85
Lamont County,2020-12,12,2020,2.33
Lamont County,2021-01,1,2021,7.44
Lamont County,2021-02,2,2021,7.56
Lamont County,2021-03,3,2021,5.16
Lamont County,2021-04,4,2021,9.45
Lamont County,2021-05,5,2021,55.81
Lamont County,2021-06,6,2021,45.67
Lamont County,2021-07,7,2021,39.96
Lamont County,2021-08,8,2021,55.03
Lamont County,2021-09,9,2021,16.69
Lamont County,2021-10,10,2021,9.41
Lamont County,2021-11,11,2021,13.68
Lamont County,2021-12,12,2021,27.78
Lamont County,2022-01,1,2022,26.82
Lamont County,2022-02,2,2022,13.8
Lamont County,2022-03,3,2022,31.64
Lamont County,2022-04,4,2022,22.86
Lamont County,2022-05,5,2022,29.3
Lamont County,2022-06,6,2022,112.48
Lamont County,2022-07,7,2022,42.62
Lamont County,2022-08,8,2022,34.91
Lamont County,2022-09,9,2022,12.6
Lamont County,2022-10,10,2022,4.69
Lamont County,2022-11,11,2022,21.03
Lamont County,2022-12,12,2022,20.15
Lamont County,2023-01,1,2023,5.01
Lamont County,2023-02,2,2023,5.75
Lamont County,2023-03,3,2023,3.2
Lamont County,2023-04,4,2023,24.23
Lamont County,2023-05,5,2023,34.57
Lamont County,2023-06,6,2023,105.87
Lamont County,2023-07,7,2023,108.74
Lamont County,2023-08,8,2023,66.08
Lamont County,2023-09,9,2023,9.44
Lamont County,2023-10,10,2023,4.01
Lamont County,2023-11,11,2023,1.5
Lamont County,2023-12,12,2023,6.43
Lamont County,2024-01,1,2024,9.62
Lamont County,2024-02,2,2024,15.69
Lamont County,2024-03,3,2024,7.75
Lamont County,2024-04,4,2024,37.63
Lamont County,2024-05,5,2024,71.67
Lamont County,2024-06,6,2024,67.24
Leduc County,2012-01,1,2012,6.49
Leduc County,2012-02,2,2012,10.75
Leduc County,2012-03,3,2012,19.76
Leduc County,2012-04,4,2012,52.79
Leduc County,2012-05,5,2012,40.56
Leduc County,2012-06,6,2012,71.12
Leduc County,2012-07,7,2012,158.06
Leduc County,2012-08,8,2012,66.74
Leduc County,2012-09,9,2012,17.17
Leduc County,2012-10,10,2012,23.53
Leduc County,2012-11,11,2012,23.68
Leduc County,2012-12,12,2012,19.22
Leduc County,2013-01,1,2013,20.97
Leduc County,2013-02,2,2013,7.19
Leduc County,2013-03,3,2013,28.59
Leduc County,2013-04,4,2013,23.57
Leduc County,2013-05,5,2013,53.03
Leduc County,2013-06,6,2013,70.79
Leduc County,2013-07,7,2013,80.05
Leduc County,2013-08,8,2013,56.99
Leduc County,2013-09,9,2013,5.14
Leduc County,2013-10,10,2013,15.42
Leduc County,2013-11,11,2013,39.53
Leduc County,2013-12,12,2013,34.16
Leduc County,2014-01,1,2014,14.86
Leduc County,2014-02,2,2014,8.04
Leduc County,2014-03,3,2014,20.61
Leduc County,2014-04,4,2014,29.18
Leduc County,2014-05,5,2014,35.47
Leduc County,2014-06,6,2014,61.81
Leduc County,2014-07,7,2014,106.86
Leduc County,2014-08,8,2014,23.69
Leduc County,2014-09,9,2014,40.95
Leduc County,2014-10,10,2014,9.44
Leduc County,2014-11,11,2014,29.19
Leduc County,2014-12,12,2014,3.98
Leduc County,2015-01,1,2015,23.33
Leduc County,2015-02,2,2015,18.02
Leduc County,2015-03,3,2015,20.57
Leduc County,2015-04,4,2015,17.55
Leduc County,2015-05,5,2015,15.98
Leduc County,2015-06,6,2015,39.74
Leduc County,2015-07,7,2015,81.07
Leduc County,2015-08,8,2015,29.3
Leduc County,2015-09,9,2015,70.66
Leduc County,2015-10,10,2015,14.26
Leduc County,2015-11,11,2015,16.59
Leduc County,2015-12,12,2015,8.59
Leduc County,2016-01,1,2016,7.39
Leduc County,2016-02,2,2016,9.97
Leduc County,2016-03,3,2016,14.39
Leduc County,2016-04,4,2016,7.16
Leduc County,2016-05,5,2016,108.17
Leduc County,2016-06,6,2016,82.9
Leduc County,2016-07,7,2016,112.01
Leduc County,2016-08,8,2016,91.1
Leduc County,2016-09,9,2016,32.54
Leduc County,2016-10,10,2016,40.25
Leduc County,2016-11,11,2016,17.19
Leduc County,2016-12,12,2016,10.88
Leduc County,2017-01,1,2017,8.12
Leduc County,2017-02,2,2017,13.15
Leduc County,2017-03,3,2017,17.72
Leduc County,2017-04,4,2017,60.84
Leduc County,2017-05,5,2017,61.63
Leduc County,2017-06,6,2017,65.28
Leduc County,2017-07,7,2017,79.82
Leduc County,2017-08,8,2017,33.41
Leduc County,2017-09,9,2017,65.32
Leduc County,2017-10,10,2017,23.63
Leduc County,2017-11,11,2017,18.91
Leduc County,2017-12,12,2017,3.53
Leduc County,2018-01,1,2018,9.06
Leduc County,2018-02,2,2018,15.89
Leduc County,2018-03,3,2018,24.88
Leduc County,2018-04,4,2018,13.7
Leduc County,2018-05,5,2018,29.55
Leduc County,2018-06,6,2018,61.99
Leduc County,2018-07,7,2018,58.56
Leduc County,2018-08,8,2018,50.24
Leduc County,2018-09,9,2018,77.85
Leduc County,2018-10,10,2018,14.4
Leduc County,2018-11,11,2018,23.56
Leduc County,2018-12,12,2018,22.78
Leduc County,2019-01,1,2019,11.02
Leduc County,2019-02,2,2019,15.51
Leduc County,2019-03,3,2019,9.85
Leduc County,2019-04,4,2019,11.69
Leduc County,2019-05,5,2019,27.33
Leduc County,2019-06,6,2019,113.43
Leduc County,2019-07,7,2019,131.29
Leduc County,2019-08,8,2019,65.39
Leduc County,2019-09,9,2019,33.47
Leduc County,2019-10,10,2019,21.23
Leduc County,2019-11,11,2019,28.3
Leduc County,2019-12,12,2019,16.74
Leduc County,2020-01,1,2020,15.64
Leduc County,2020-02,2,2020,15.28
Leduc County,2020-03,3,2020,17.2
Leduc County,2020-04,4,2020,6.1
Leduc County,2020-05,5,2020,114.29
Leduc County,2020-06,6,2020,109.13
Leduc County,2020-07,7,2020,127.42
Leduc County,2020-08,8,2020,75.15
Leduc County,2020-09,9,2020,11.66
Leduc County,2020-10,10,2020,12.05
Leduc County,2020-11,11,2020,23.12
Leduc County,2020-12,12,2020,3.14
Leduc County,2021-01,1,2021,6.24
Leduc County,2021-02,2,2021,8.17
Leduc County,2021-03,3,2021,3.92
Leduc County,2021-04,4,2021,12.96
Leduc County,2021-05,5,2021,77.8
Leduc County,2021-06,6,2021,43.66
Leduc County,2021-07,7,2021,56.19
Leduc County,2021-08,8,2021,48.97
Leduc County,2021-09,9,2021,41.5
Leduc County,2021-10,10,2021,21.99
Leduc County,2021-11,11,2021,9.6
Leduc County,2021-12,12,2021,25.8
Leduc County,2022-01,1,2022,19.27
Leduc County,2022-02,2,2022,14.56
Leduc County,2022-03,3,2022,17.01
Leduc County,2022-04,4,2022,25.96
Leduc County,2022-05,5,2022,26.6
Leduc County,2022-06,6,2022,146.32
Leduc County,2022-07,7,2022,82.56
Leduc County,2022-08,8,2022,23.16
Leduc County,2022-09,9,2022,11.91
Leduc County,2022-10,10,2022,7.24
Leduc County,2022-11,11,2022,22.83
Leduc County,2022-12,12,2022,10.48
Leduc County,2023-01,1,2023,4.91
Leduc County,2023-02,2,2023,9.85
Leduc County,2023-03,3,2023,3.42
Leduc County,2023-04,4,2023,19.51
Leduc County,2023-05,5,2023,28.98
Leduc County,2023-06,6,2023,147.22
Leduc County,2023-07,7,2023,94.8
Leduc County,2023-08,8,2023,72.96
Leduc County,2023-09,9,2023,27.38
Leduc County,2023-10,10,2023,7.11
Leduc County,2023-11,11,2023,1.36
Leduc County,2023-12,12,2023,3.7
Leduc County,2024-01,1,2024,12.37
Leduc County,2024-02,2,2024,13.5
Leduc County,2024-03,3,2024,12.61
Leduc County,2024-04,4,2024,15.24
Leduc County,2024-05,5,2024,61.77
Leduc County,2024-06,6,2024,54.92
M.D. of Acadia No. 34,2012-01,1,2012,3.57
M.D. of Acadia No. 34,2012-02,2,2012,8.07
M.D. of Acadia No. 34,2012-03,3,2012,19.71
M.D. of Acadia No. 34,2012-04,4,2012,37.43
M.D. of Acadia No. 34,2012-05,5,2012,62.6
M.D. of Acadia No. 34,2012-06,6,2012,96.47
M.D. of Acadia No. 34,2012-07,7,2012,25.02
M.D. of Acadia No. 34,2012-08,8,2012,18.63
M.D. of Acadia No. 34,2012-09,9,2012,2.19
M.D. of Acadia No. 34,2012-10,10,2012,18.16
M.D. of Acadia No. 34,2012-11,11,2012,13.99
M.D. of Acadia No. 34,2012-12,12,2012,17.9
M.D. of Acadia No. 34,2013-01,1,2013,4.63
M.D. of Acadia No. 34,2013-02,2,2013,3.94
M.D. of Acadia No. 34,2013-03,3,2013,9.95
M.D. of Acadia No. 34,2013-04,4,2013,19.45
M.D. of Acadia No. 34,2013-05,5,2013,49.44
M.D. of Acadia No. 34,2013-06,6,2013,100.81
M.D. of Acadia No. 34,2013-07,7,2013,37.54
M.D. of Acadia No. 34,2013-08,8,2013,12.31
M.D. of Acadia No. 34,2013-09,9,2013,13.25
M.D. of Acadia No. 34,2013-10,10,2013,5.99
M.D. of Acadia No. 34,2013-11,11,2013,17.06
M.D. of Acadia No. 34,2013-12,12,2013,12.16
M.D. of Acadia No. 34,2014-01,1,2014,2.49
M.D. of Acadia No. 34,2014-02,2,2014,5.49
M.D. of Acadia No. 34,2014-03,3,2014,15.34
M.D. of Acadia No. 34,2014-04,4,2014,28.04
M.D. of Acadia No. 34,2014-05,5,2014,15.51
M.D. of Acadia No. 34,2014-06,6,2014,84.77
M.D. of Acadia No. 34,2014-07,7,2014,48.19
M.D. of Acadia No. 34,2014-08,8,2014,72.3
M.D. of Acadia No. 34,2014-09,9,2014,43.85
M.D. of Acadia No. 34,2014-10,10,2014,10.02
M.D. of Acadia No. 34,2014-11,11,2014,19.84
M.D. of Acadia No. 34,2014-12,12,2014,8.14
M.D. of Acadia No. 34,2015-01,1,2015,6.5
M.D. of Acadia No. 34,2015-02,2,2015,11.58
M.D. of Acadia No. 34,2015-03,3,2015,14.09
M.D. of Acadia No. 34,2015-04,4,2015,4.48
M.D. of Acadia No. 34,2015-05,5,2015,2.67
M.D. of Acadia No. 34,2015-06,6,2015,28.04
M.D. of Acadia No. 34,2015-07,7,2015,36.97
M.D. of Acadia No. 34,2015-08,8,2015,92.83
M.D. of Acadia No. 34,2015-09,9,2015,50.36
M.D. of Acadia No. 34,2015-10,10,2015,10.52
M.D. of Acadia No. 34,2015-11,11,2015,10.99
M.D. of Acadia No. 34,2015-12,12,2015,10.66
M.D. of Acadia No. 34,2016-01,1,2016,6.95
M.D. of Acadia No. 34,2016-02,2,2016,6.3
M.D. of Acadia No. 34,2016-03,3,2016,8.86
M.D. of Acadia No. 34,2016-04,4,2016,29.71
M.D. of Acadia No. 34,2016-05,5,2016,70.43
M.D. of Acadia No. 34,2016-06,6,2016,71.19
M.D. of Acadia No. 34,2016-07,7,2016,139.82
M.D. of Acadia No. 34,2016-08,8,2016,71.71
M.D. of Acadia No. 34,2016-09,9,2016,20.83
M.D. of Acadia No. 34,2016-10,10,2016,15.44
M.D. of Acadia No. 34,2016-11,11,2016,1.39
M.D. of Acadia No. 34,2016-12,12,2016,7.69
M.D. of Acadia No. 34,2017-01,1,2017,6.78
M.D. of Acadia No. 34,2017-02,2,2017,16.17
M.D. of Acadia No. 34,2017-03,3,2017,11.35
M.D. of Acadia No. 34,2017-04,4,2017,22.97
M.D. of Acadia No. 34,2017-05,5,2017,27.95
M.D. of Acadia No. 34,2017-06,6,2017,84.91
M.D. of Acadia No. 34,2017-07,7,2017,18.68
M.D. of Acadia No. 34,2017-08,8,2017,22.05
M.D. of Acadia No. 34,2017-09,9,2017,11.23
M.D. of Acadia No. 34,2017-10,10,2017,29.18
M.D. of Acadia No. 34,2017-11,11,2017,15.28
M.D. of Acadia No. 34,2017-12,12,2017,4.05
M.D. of Acadia No. 34,2018-01,1,2018,3.59
M.D. of Acadia No. 34,2018-02,2,2018,10.29
M.D. of Acadia No. 34,2018-03,3,2018,26.93
M.D. of Acadia No. 34,2018-04,4,2018,2.99
M.D. of Acadia No. 34,2018-05,5,2018,25.79
M.D. of Acadia No. 34,2018-06,6,2018,75.04
M.D. of Acadia No. 34,2018-07,7,2018,50.81
M.D. of Acadia No. 34,2018-08,8,2018,43.57
M.D. of Acadia No. 34,2018-09,9,2018,24.77
M.D. of Acadia No. 34,2018-10,10,2018,14.17
M.D. of Acadia No. 34,2018-11,11,2018,16.07
M.D. of Acadia No. 34,2018-12,12,2018,8.07
M.D. of Acadia No. 34,2019-01,1,2019,4.38
M.D. of Acadia No. 34,2019-02,2,2019,12.29
M.D. of Acadia No. 34,2019-03,3,2019,0.53
M.D. of Acadia No. 34,2019-04,4,2019,21.91
M.D. of Acadia No. 34,2019-05,5,2019,2.68
M.D. of Acadia No. 34,2019-06,6,2019,67.35
M.D. of Acadia No. 34,2019-07,7,2019,35.82
M.D. of Acadia No. 34,2019-08,8,2019,40.73
M.D. of Acadia No. 34,2019-09,9,2019,41.08
M.D. of Acadia No. 34,2019-10,10,2019,9.34
M.D. of Acadia No. 34,2019-11,11,2019,11.82
M.D. of Acadia No. 34,2019-12,12,2019,6.27
M.D. of Acadia No. 34,2020-01,1,2020,6.73
M.D. of Acadia No. 34,2020-02,2,2020,5.34
M.D. of Acadia No. 34,2020-03,3,2020,8.38
M.D. of Acadia No. 34,2020-04,4,2020,6.75
M.D. of Acadia No. 34,2020-05,5,2020,37.59
M.D. of Acadia No. 34,2020-06,6,2020,58.8
M.D. of Acadia No. 34,2020-07,7,2020,38.64
M.D. of Acadia No. 34,2020-08,8,2020,8.32
M.D. of Acadia No. 34,2020-09,9,2020,18.79
M.D. of Acadia No. 34,2020-10,10,2020,9.4
M.D. of Acadia No. 34,2020-11,11,2020,21.8
M.D. of Acadia No. 34,2020-12,12,2020,8.95
M.D. of Acadia No. 34,2021-01,1,2021,5.37
M.D. of Acadia No. 34,2021-02,2,2021,7.58
M.D. of Acadia No. 34,2021-03,3,2021,3.11
M.D. of Acadia No. 34,2021-04,4,2021,6.03
M.D. of Acadia No. 34,2021-05,5,2021,37.78
M.D. of Acadia No. 34,2021-06,6,2021,27.5
M.D. of Acadia No. 34,2021-07,7,2021,27.33
M.D. of Acadia No. 34,2021-08,8,2021,30.49
M.D. of Acadia No. 34,2021-09,9,2021,5.26
M.D. of Acadia No. 34,2021-10,10,2021,3.62
M.D. of Acadia No. 34,2021-11,11,2021,4.77
M.D. of Acadia No. 34,2021-12,12,2021,15.47
M.D. of Acadia No. 34,2022-01,1,2022,4.3
M.D. of Acadia No. 34,2022-02,2,2022,10.25
M.D. of Acadia No. 34,2022-03,3,2022,6.46
M.D. of Acadia No. 34,2022-04,4,2022,25.53
M.D. of Acadia No. 34,2022-05,5,2022,13.38
M.D. of Acadia No. 34,2022-06,6,2022,62.24
M.D. of Acadia No. 34,2022-07,7,2022,60.34
M.D. of Acadia No. 34,2022-08,8,2022,12.16
M.D. of Acadia No. 34,2022-09,9,2022,4.56
M.D. of Acadia No. 34,2022-10,10,2022,5.7
M.D. of Acadia No. 34,2022-11,11,2022,19.8
M.D. of Acadia No. 34,2022-12,12,2022,12.97
M.D. of Acadia No. 34,2023-01,1,2023,5.18
M.D. of Acadia No. 34,2023-02,2,2023,2.55
M.D. of Acadia No. 34,2023-03,3,2023,3.4
M.D. of Acadia No. 34,2023-04,4,2023,7.09
M.D. of Acadia No. 34,2023-05,5,2023,25.23
M.D. of Acadia No. 34,2023-06,6,2023,19.54
M.D. of Acadia No. 34,2023-07,7,2023,52.27
M.D. of Acadia No. 34,2023-08,8,2023,16.08
M.D. of Acadia No. 34,2023-09,9,2023,10.51
M.D. of Acadia No. 34,2023-10,10,2023,11.12
M.D. of Acadia No. 34,2023-11,11,2023,3.9
M.D. of Acadia No. 34,2023-12,12,2023,1.08
M.D. of Acadia No. 34,2024-01,1,2024,8.65
M.D. of Acadia No. 34,2024-02,2,2024,15.68
M.D. of Acadia No. 34,2024-03,3,2024,9.28
M.D. of Acadia No. 34,2024-04,4,2024,16.1
M.D. of Acadia No. 34,2024-05,5,2024,101.37
M.D. of Acadia No. 34,2024-06,6,2024,43.33
M.D. of Big Lakes,2012-01,1,2012,30.45
M.D. of Big Lakes,2012-02,2,2012,19.48
M.D. of Big Lakes,2012-03,3,2012,31.07
M.D. of Big Lakes,2012-04,4,2012,64.14
M.D. of Big Lakes,2012-05,5,2012,42.96
M.D. of Big Lakes,2012-06,6,2012,84.04
M.D. of Big Lakes,2012-07,7,2012,147.85
M.D. of Big Lakes,2012-08,8,2012,39.36
M.D. of Big Lakes,2012-09,9,2012,39.34
M.D. of Big Lakes,2012-10,10,2012,72.46
M.D. of Big Lakes,2012-11,11,2012,37.9
M.D. of Big Lakes,2012-12,12,2012,32.37
M.D. of Big Lakes,2013-01,1,2013,60.86
M.D. of Big Lakes,2013-02,2,2013,28.97
M.D. of Big Lakes,2013-03,3,2013,25.5
M.D. of Big Lakes,2013-04,4,2013,40.09
M.D. of Big Lakes,2013-05,5,2013,42.68
M.D. of Big Lakes,2013-06,6,2013,139.72
M.D. of Big Lakes,2013-07,7,2013,113.44
M.D. of Big Lakes,2013-08,8,2013,56.16
M.D. of Big Lakes,2013-09,9,2013,16.4
M.D. of Big Lakes,2013-10,10,2013,29.43
M.D. of Big Lakes,2013-11,11,2013,28.62
M.D. of Big Lakes,2013-12,12,2013,85.02
M.D. of Big Lakes,2014-01,1,2014,18.65
M.D. of Big Lakes,2014-02,2,2014,14.93
M.D. of Big Lakes,2014-03,3,2014,11.84
M.D. of Big Lakes,2014-04,4,2014,52.32
M.D. of Big Lakes,2014-05,5,2014,38.95
M.D. of Big Lakes,2014-06,6,2014,83.7
M.D. of Big Lakes,2014-07,7,2014,79.68
M.D. of Big Lakes,2014-08,8,2014,14.81
M.D. of Big Lakes,2014-09,9,2014,46.67
M.D. of Big Lakes,2014-10,10,2014,26.93
M.D. of Big Lakes,2014-11,11,2014,48.89
M.D. of Big Lakes,2014-12,12,2014,18.95
M.D. of Big Lakes,2015-01,1,2015,40.84
M.D. of Big Lakes,2015-02,2,2015,34.65
M.D. of Big Lakes,2015-03,3,2015,40.47
M.D. of Big Lakes,2015-04,4,2015,32.5
M.D. of Big Lakes,2015-05,5,2015,33.72
M.D. of Big Lakes,2015-06,6,2015,51.13
M.D. of Big Lakes,2015-07,7,2015,64.66
M.D. of Big Lakes,2015-08,8,2015,73.64
M.D. of Big Lakes,2015-09,9,2015,32.21
M.D. of Big Lakes,2015-10,10,2015,31.69
M.D. of Big Lakes,2015-11,11,2015,15.19
M.D. of Big Lakes,2015-12,12,2015,10.73
M.D. of Big Lakes,2016-01,1,2016,24.11
M.D. of Big Lakes,2016-02,2,2016,16.92
M.D. of Big Lakes,2016-03,3,2016,22.05
M.D. of Big Lakes,2016-04,4,2016,13.39
M.D. of Big Lakes,2016-05,5,2016,112.74
M.D. of Big Lakes,2016-06,6,2016,163.49
M.D. of Big Lakes,2016-07,7,2016,99.83
M.D. of Big Lakes,2016-08,8,2016,101.5
M.D. of Big Lakes,2016-09,9,2016,64.34
M.D. of Big Lakes,2016-10,10,2016,43.46
M.D. of Big Lakes,2016-11,11,2016,11.08
M.D. of Big Lakes,2016-12,12,2016,19.96
M.D. of Big Lakes,2017-01,1,2017,17.37
M.D. of Big Lakes,2017-02,2,2017,19.92
M.D. of Big Lakes,2017-03,3,2017,11.48
M.D. of Big Lakes,2017-04,4,2017,61.55
M.D. of Big Lakes,2017-05,5,2017,67.98
M.D. of Big Lakes,2017-06,6,2017,93.7
M.D. of Big Lakes,2017-07,7,2017,98.01
M.D. of Big Lakes,2017-08,8,2017,49.12
M.D. of Big Lakes,2017-09,9,2017,85.59
M.D. of Big Lakes,2017-10,10,2017,50.02
M.D. of Big Lakes,2017-11,11,2017,41.18
M.D. of Big Lakes,2017-12,12,2017,11.39
M.D. of Big Lakes,2018-01,1,2018,30.58
M.D. of Big Lakes,2018-02,2,2018,28.99
M.D. of Big Lakes,2018-03,3,2018,38.81
M.D. of Big Lakes,2018-04,4,2018,23.73
M.D. of Big Lakes,2018-05,5,2018,20.52
M.D. of Big Lakes,2018-06,6,2018,144.01
M.D. of Big Lakes,2018-07,7,2018,120.84
M.D. of Big Lakes,2018-08,8,2018,58.27
M.D. of Big Lakes,2018-09,9,2018,44.24
M.D. of Big Lakes,2018-10,10,2018,34.17
M.D. of Big Lakes,2018-11,11,2018,35.45
M.D. of Big Lakes,2018-12,12,2018,22.51
M.D. of Big Lakes,2019-01,1,2019,24.82
M.D. of Big Lakes,2019-02,2,2019,18.88
M.D. of Big Lakes,2019-03,3,2019,4.57
M.D. of Big Lakes,2019-04,4,2019,31.87
M.D. of Big Lakes,2019-05,5,2019,22.04
M.D. of Big Lakes,2019-06,6,2019,134.42
M.D. of Big Lakes,2019-07,7,2019,148.9
M.D. of Big Lakes,2019-08,8,2019,58.23
M.D. of Big Lakes,2019-09,9,2019,52.06
M.D. of Big Lakes,2019-10,10,2019,49.96
M.D. of Big Lakes,2019-11,11,2019,48.02
M.D. of Big Lakes,2019-12,12,2019,10.64
M.D. of Big Lakes,2020-01,1,2020,23.38
M.D. of Big Lakes,2020-02,2,2020,36.14
M.D. of Big Lakes,2020-03,3,2020,44.14
M.D. of Big Lakes,2020-04,4,2020,16.93
M.D. of Big Lakes,2020-05,5,2020,65.17
M.D. of Big Lakes,2020-06,6,2020,139.76
M.D. of Big Lakes,2020-07,7,2020,108.95
M.D. of Big Lakes,2020-08,8,2020,46.56
M.D. of Big Lakes,2020-09,9,2020,14.51
M.D. of Big Lakes,2020-10,10,2020,35.79
M.D. of Big Lakes,2020-11,11,2020,26.13
M.D. of Big Lakes,2020-12,12,2020,22.73
M.D. of Big Lakes,2021-01,1,2021,14.53
M.D. of Big Lakes,2021-02,2,2021,27.37
M.D. of Big Lakes,2021-03,3,2021,20.63
M.D. of Big Lakes,2021-04,4,2021,33.1
M.D. of Big Lakes,2021-05,5,2021,79.12
M.D. of Big Lakes,2021-06,6,2021,44.02
M.D. of Big Lakes,2021-07,7,2021,46.77
M.D. of Big Lakes,2021-08,8,2021,74.82
M.D. of Big Lakes,2021-09,9,2021,51.89
M.D. of Big Lakes,2021-10,10,2021,22.94
M.D. of Big Lakes,2021-11,11,2021,32.35
M.D. of Big Lakes,2021-12,12,2021,28.17
M.D. of Big Lakes,2022-01,1,2022,55.91
M.D. of Big Lakes,2022-02,2,2022,46.69
M.D. of Big Lakes,2022-03,3,2022,12.7
M.D. of Big Lakes,2022-04,4,2022,46.68
M.D. of Big Lakes,2022-05,5,2022,69.28
M.D. of Big Lakes,2022-06,6,2022,85.05
M.D. of Big Lakes,2022-07,7,2022,33.66
M.D. of Big Lakes,2022-08,8,2022,75.93
M.D. of Big Lakes,2022-09,9,2022,21.6
M.D. of Big Lakes,2022-10,10,2022,10.38
M.D. of Big Lakes,2022-11,11,2022,21.68
M.D. of Big Lakes,2022-12,12,2022,30.24
M.D. of Big Lakes,2023-01,1,2023,15.71
M.D. of Big Lakes,2023-02,2,2023,25.69
M.D. of Big Lakes,2023-03,3,2023,5.36
M.D. of Big Lakes,2023-04,4,2023,11.71
M.D. of Big Lakes,2023-05,5,2023,62.46
M.D. of Big Lakes,2023-06,6,2023,103.02
M.D. of Big Lakes,2023-07,7,2023,128.47
M.D. of Big Lakes,2023-08,8,2023,106.68
M.D. of Big Lakes,2023-09,9,2023,14.16
M.D. of Big Lakes,2023-10,10,2023,12.25
M.D. of Big Lakes,2023-11,11,2023,6.83
M.D. of Big Lakes,2023-12,12,2023,4.81
M.D. of Big Lakes,2024-01,1,2024,9.79
M.D. of Big Lakes,2024-02,2,2024,17.05
M.D. of Big Lakes,2024-03,3,2024,8.5
M.D. of Big Lakes,2024-04,4,2024,35.15
M.D. of Big Lakes,2024-05,5,2024,66.2
M.D. of Big Lakes,2024-06,6,2024,131.73
M.D. of Bighorn No. 8,2012-01,1,2012,13.33
M.D. of Bighorn No. 8,2012-02,2,2012,14.28
M.D. of Bighorn No. 8,2012-03,3,2012,45.27
M.D. of Bighorn No. 8,2012-04,4,2012,66.01
M.D. of Bighorn No. 8,2012-05,5,2012,55.72
M.D. of Bighorn No. 8,2012-06,6,2012,220.16
M.D. of Bighorn No. 8,2012-07,7,2012,51.76
M.D. of Bighorn No. 8,2012-08,8,2012,48.19
M.D. of Bighorn No. 8,2012-09,9,2012,20.2
M.D. of Bighorn No. 8,2012-10,10,2012,42.09
M.D. of Bighorn No. 8,2012-11,11,2012,21.42
M.D. of Bighorn No. 8,2012-12,12,2012,9.35
M.D. of Bighorn No. 8,2013-01,1,2013,12.69
M.D. of Bighorn No. 8,2013-02,2,2013,8.99
M.D. of Bighorn No. 8,2013-03,3,2013,32.17
M.D. of Bighorn No. 8,2013-04,4,2013,74.58
M.D. of Bighorn No. 8,2013-05,5,2013,106.56
M.D. of Bighorn No. 8,2013-06,6,2013,228.64
M.D. of Bighorn No. 8,2013-07,7,2013,56.58
M.D. of Bighorn No. 8,2013-08,8,2013,64.4
M.D. of Bighorn No. 8,2013-09,9,2013,83.11
M.D. of Bighorn No. 8,2013-10,10,2013,41.84
M.D. of Bighorn No. 8,2013-11,11,2013,24.14
M.D. of Bighorn No. 8,2013-12,12,2013,32.74
M.D. of Bighorn No. 8,2014-01,1,2014,30.38
M.D. of Bighorn No. 8,2014-02,2,2014,4.25
M.D. of Bighorn No. 8,2014-03,3,2014,19.34
M.D. of Bighorn No. 8,2014-04,4,2014,62.25
M.D. of Bighorn No. 8,2014-05,5,2014,105.59
M.D. of Bighorn No. 8,2014-06,6,2014,134.35
M.D. of Bighorn No. 8,2014-07,7,2014,31.99
M.D. of Bighorn No. 8,2014-08,8,2014,101.77
M.D. of Bighorn No. 8,2014-09,9,2014,89.77
M.D. of Bighorn No. 8,2014-10,10,2014,15.17
M.D. of Bighorn No. 8,2014-11,11,2014,41.43
M.D. of Bighorn No. 8,2014-12,12,2014,6.71
M.D. of Bighorn No. 8,2015-01,1,2015,14.94
M.D. of Bighorn No. 8,2015-02,2,2015,17.41
M.D. of Bighorn No. 8,2015-03,3,2015,15.35
M.D. of Bighorn No. 8,2015-04,4,2015,27.25
M.D. of Bighorn No. 8,2015-05,5,2015,38.72
M.D. of Bighorn No. 8,2015-06,6,2015,74.11
M.D. of Bighorn No. 8,2015-07,7,2015,66.81
M.D. of Bighorn No. 8,2015-08,8,2015,78.03
M.D. of Bighorn No. 8,2015-09,9,2015,76.35
M.D. of Bighorn No. 8,2015-10,10,2015,30.56
M.D. of Bighorn No. 8,2015-11,11,2015,31.66
M.D. of Bighorn No. 8,2015-12,12,2015,9.03
M.D. of Bighorn No. 8,2016-01,1,2016,13.93
M.D. of Bighorn No. 8,2016-02,2,2016,2.85
M.D. of Bighorn No. 8,2016-03,3,2016,12.74
M.D. of Bighorn No. 8,2016-04,4,2016,15.52
M.D. of Bighorn No. 8,2016-05,5,2016,83.34
M.D. of Bighorn No. 8,2016-06,6,2016,43.14
M.D. of Bighorn No. 8,2016-07,7,2016,158.06
M.D. of Bighorn No. 8,2016-08,8,2016,88.18
M.D. of Bighorn No. 8,2016-09,9,2016,72.24
M.D. of Bighorn No. 8,2016-10,10,2016,45.51
M.D. of Bighorn No. 8,2016-11,11,2016,5.16
M.D. of Bighorn No. 8,2016-12,12,2016,24.26
M.D. of Bighorn No. 8,2017-01,1,2017,10.59
M.D. of Bighorn No. 8,2017-02,2,2017,32.77
M.D. of Bighorn No. 8,2017-03,3,2017,27.81
M.D. of Bighorn No. 8,2017-04,4,2017,91.34
M.D. of Bighorn No. 8,2017-05,5,2017,60.99
M.D. of Bighorn No. 8,2017-06,6,2017,67.12
M.D. of Bighorn No. 8,2017-07,7,2017,43.26
M.D. of Bighorn No. 8,2017-08,8,2017,17.06
M.D. of Bighorn No. 8,2017-09,9,2017,35.19
M.D. of Bighorn No. 8,2017-10,10,2017,32.79
M.D. of Bighorn No. 8,2017-11,11,2017,28.18
M.D. of Bighorn No. 8,2017-12,12,2017,29.26
M.D. of Bighorn No. 8,2018-01,1,2018,7.8
M.D. of Bighorn No. 8,2018-02,2,2018,28.34
M.D. of Bighorn No. 8,2018-03,3,2018,57.75
M.D. of Bighorn No. 8,2018-04,4,2018,36.61
M.D. of Bighorn No. 8,2018-05,5,2018,72.05
M.D. of Bighorn No. 8,2018-06,6,2018,126.11
M.D. of Bighorn No. 8,2018-07,7,2018,70.2
M.D. of Bighorn No. 8,2018-08,8,2018,37.78
M.D. of Bighorn No. 8,2018-09,9,2018,61.18
M.D. of Bighorn No. 8,2018-10,10,2018,41.18
M.D. of Bighorn No. 8,2018-11,11,2018,11.9
M.D. of Bighorn No. 8,2018-12,12,2018,7.92
M.D. of Bighorn No. 8,2019-01,1,2019,8.29
M.D. of Bighorn No. 8,2019-02,2,2019,23.26
M.D. of Bighorn No. 8,2019-03,3,2019,29.77
M.D. of Bighorn No. 8,2019-04,4,2019,47.7
M.D. of Bighorn No. 8,2019-05,5,2019,71.25
M.D. of Bighorn No. 8,2019-06,6,2019,135.38
M.D. of Bighorn No. 8,2019-07,7,2019,103.21
M.D. of Bighorn No. 8,2019-08,8,2019,77.64
M.D. of Bighorn No. 8,2019-09,9,2019,77.39
M.D. of Bighorn No. 8,2019-10,10,2019,31.2
M.D. of Bighorn No. 8,2019-11,11,2019,45.03
M.D. of Bighorn No. 8,2019-12,12,2019,33.55
M.D. of Bighorn No. 8,2020-01,1,2020,5.84
M.D. of Bighorn No. 8,2020-02,2,2020,24.78
M.D. of Bighorn No. 8,2020-03,3,2020,50.22
M.D. of Bighorn No. 8,2020-04,4,2020,44.89
M.D. of Bighorn No. 8,2020-05,5,2020,105.98
M.D. of Bighorn No. 8,2020-06,6,2020,97.87
M.D. of Bighorn No. 8,2020-07,7,2020,51.02
M.D. of Bighorn No. 8,2020-08,8,2020,26.99
M.D. of Bighorn No. 8,2020-09,9,2020,27.37
M.D. of Bighorn No. 8,2020-10,10,2020,45.35
M.D. of Bighorn No. 8,2020-11,11,2020,19.35
M.D. of Bighorn No. 8,2020-12,12,2020,41.57
M.D. of Bighorn No. 8,2021-01,1,2021,3.8
M.D. of Bighorn No. 8,2021-02,2,2021,20.96
M.D. of Bighorn No. 8,2021-03,3,2021,28
M.D. of Bighorn No. 8,2021-04,4,2021,39.26
M.D. of Bighorn No. 8,2021-05,5,2021,81.79
M.D. of Bighorn No. 8,2021-06,6,2021,58.73
M.D. of Bighorn No. 8,2021-07,7,2021,43.98
M.D. of Bighorn No. 8,2021-08,8,2021,72.26
M.D. of Bighorn No. 8,2021-09,9,2021,20.47
M.D. of Bighorn No. 8,2021-10,10,2021,26.35
M.D. of Bighorn No. 8,2021-11,11,2021,20.26
M.D. of Bighorn No. 8,2021-12,12,2021,36
M.D. of Bighorn No. 8,2022-01,1,2022,13.47
M.D. of Bighorn No. 8,2022-02,2,2022,14.89
M.D. of Bighorn No. 8,2022-03,3,2022,20
M.D. of Bighorn No. 8,2022-04,4,2022,24.25
M.D. of Bighorn No. 8,2022-05,5,2022,24.99
M.D. of Bighorn No. 8,2022-06,6,2022,179.7
M.D. of Bighorn No. 8,2022-07,7,2022,56.34
M.D. of Bighorn No. 8,2022-08,8,2022,46.36
M.D. of Bighorn No. 8,2022-09,9,2022,21.15
M.D. of Bighorn No. 8,2022-10,10,2022,25.84
M.D. of Bighorn No. 8,2022-11,11,2022,36.66
M.D. of Bighorn No. 8,2022-12,12,2022,13.03
M.D. of Bighorn No. 8,2023-01,1,2023,11.35
M.D. of Bighorn No. 8,2023-02,2,2023,33.66
M.D. of Bighorn No. 8,2023-03,3,2023,19.98
M.D. of Bighorn No. 8,2023-04,4,2023,32.14
M.D. of Bighorn No. 8,2023-05,5,2023,34.69
M.D. of Bighorn No. 8,2023-06,6,2023,109.55
M.D. of Bighorn No. 8,2023-07,7,2023,88.72
M.D. of Bighorn No. 8,2023-08,8,2023,33.81
M.D. of Bighorn No. 8,2023-09,9,2023,27.79
M.D. of Bighorn No. 8,2023-10,10,2023,28.31
M.D. of Bighorn No. 8,2023-11,11,2023,12.38
M.D. of Bighorn No. 8,2023-12,12,2023,31.33
M.D. of Bighorn No. 8,2024-01,1,2024,18.83
M.D. of Bighorn No. 8,2024-02,2,2024,56.07
M.D. of Bighorn No. 8,2024-03,3,2024,29.82
M.D. of Bighorn No. 8,2024-04,4,2024,84.4
M.D. of Bighorn No. 8,2024-05,5,2024,80.78
M.D. of Bighorn No. 8,2024-06,6,2024,88.01
M.D. of Bonnyville No. 87,2012-01,1,2012,12.08
M.D. of Bonnyville No. 87,2012-02,2,2012,3.61
M.D. of Bonnyville No. 87,2012-03,3,2012,22.53
M.D. of Bonnyville No. 87,2012-04,4,2012,46.14
M.D. of Bonnyville No. 87,2012-05,5,2012,41.37
M.D. of Bonnyville No. 87,2012-06,6,2012,65.91
M.D. of Bonnyville No. 87,2012-07,7,2012,113.65
M.D. of Bonnyville No. 87,2012-08,8,2012,63.23
M.D. of Bonnyville No. 87,2012-09,9,2012,40.17
M.D. of Bonnyville No. 87,2012-10,10,2012,26.79
M.D. of Bonnyville No. 87,2012-11,11,2012,15.11
M.D. of Bonnyville No. 87,2012-12,12,2012,14.06
M.D. of Bonnyville No. 87,2013-01,1,2013,23.6
M.D. of Bonnyville No. 87,2013-02,2,2013,13.04
M.D. of Bonnyville No. 87,2013-03,3,2013,10.15
M.D. of Bonnyville No. 87,2013-04,4,2013,15.99
M.D. of Bonnyville No. 87,2013-05,5,2013,13.29
M.D. of Bonnyville No. 87,2013-06,6,2013,86.66
M.D. of Bonnyville No. 87,2013-07,7,2013,73.15
M.D. of Bonnyville No. 87,2013-08,8,2013,45.04
M.D. of Bonnyville No. 87,2013-09,9,2013,2.98
M.D. of Bonnyville No. 87,2013-10,10,2013,21.4
M.D. of Bonnyville No. 87,2013-11,11,2013,18.89
M.D. of Bonnyville No. 87,2013-12,12,2013,25.76
M.D. of Bonnyville No. 87,2014-01,1,2014,10
M.D. of Bonnyville No. 87,2014-02,2,2014,12.77
M.D. of Bonnyville No. 87,2014-03,3,2014,2.59
M.D. of Bonnyville No. 87,2014-04,4,2014,48.67
M.D. of Bonnyville No. 87,2014-05,5,2014,65.15
M.D. of Bonnyville No. 87,2014-06,6,2014,101.59
M.D. of Bonnyville No. 87,2014-07,7,2014,80.47
M.D. of Bonnyville No. 87,2014-08,8,2014,30.55
M.D. of Bonnyville No. 87,2014-09,9,2014,27.94
M.D. of Bonnyville No. 87,2014-10,10,2014,4.64
M.D. of Bonnyville No. 87,2014-11,11,2014,30.5
M.D. of Bonnyville No. 87,2014-12,12,2014,4.73
M.D. of Bonnyville No. 87,2015-01,1,2015,15.17
M.D. of Bonnyville No. 87,2015-02,2,2015,18.01
M.D. of Bonnyville No. 87,2015-03,3,2015,13.72
M.D. of Bonnyville No. 87,2015-04,4,2015,24.88
M.D. of Bonnyville No. 87,2015-05,5,2015,21.79
M.D. of Bonnyville No. 87,2015-06,6,2015,42.99
M.D. of Bonnyville No. 87,2015-07,7,2015,83.58
M.D. of Bonnyville No. 87,2015-08,8,2015,46.49
M.D. of Bonnyville No. 87,2015-09,9,2015,65.46
M.D. of Bonnyville No. 87,2015-10,10,2015,17.6
M.D. of Bonnyville No. 87,2015-11,11,2015,11.38
M.D. of Bonnyville No. 87,2015-12,12,2015,8.38
M.D. of Bonnyville No. 87,2016-01,1,2016,33.43
M.D. of Bonnyville No. 87,2016-02,2,2016,15.3
M.D. of Bonnyville No. 87,2016-03,3,2016,22.1
M.D. of Bonnyville No. 87,2016-04,4,2016,24.11
M.D. of Bonnyville No. 87,2016-05,5,2016,51.65
M.D. of Bonnyville No. 87,2016-06,6,2016,61.9
M.D. of Bonnyville No. 87,2016-07,7,2016,76.65
M.D. of Bonnyville No. 87,2016-08,8,2016,65.82
M.D. of Bonnyville No. 87,2016-09,9,2016,32.13
M.D. of Bonnyville No. 87,2016-10,10,2016,64.45
M.D. of Bonnyville No. 87,2016-11,11,2016,5.22
M.D. of Bonnyville No. 87,2016-12,12,2016,8.41
M.D. of Bonnyville No. 87,2017-01,1,2017,5.43
M.D. of Bonnyville No. 87,2017-02,2,2017,14.23
M.D. of Bonnyville No. 87,2017-03,3,2017,32.12
M.D. of Bonnyville No. 87,2017-04,4,2017,67.61
M.D. of Bonnyville No. 87,2017-05,5,2017,54
M.D. of Bonnyville No. 87,2017-06,6,2017,102.48
M.D. of Bonnyville No. 87,2017-07,7,2017,112.58
M.D. of Bonnyville No. 87,2017-08,8,2017,48.23
M.D. of Bonnyville No. 87,2017-09,9,2017,17.98
M.D. of Bonnyville No. 87,2017-10,10,2017,27.58
M.D. of Bonnyville No. 87,2017-11,11,2017,14.86
M.D. of Bonnyville No. 87,2017-12,12,2017,4.75
M.D. of Bonnyville No. 87,2018-01,1,2018,19.31
M.D. of Bonnyville No. 87,2018-02,2,2018,5.71
M.D. of Bonnyville No. 87,2018-03,3,2018,9.26
M.D. of Bonnyville No. 87,2018-04,4,2018,21.58
M.D. of Bonnyville No. 87,2018-05,5,2018,20.29
M.D. of Bonnyville No. 87,2018-06,6,2018,102.2
M.D. of Bonnyville No. 87,2018-07,7,2018,73.81
M.D. of Bonnyville No. 87,2018-08,8,2018,67.16
M.D. of Bonnyville No. 87,2018-09,9,2018,47.7
M.D. of Bonnyville No. 87,2018-10,10,2018,12.99
M.D. of Bonnyville No. 87,2018-11,11,2018,14.31
M.D. of Bonnyville No. 87,2018-12,12,2018,17.27
M.D. of Bonnyville No. 87,2019-01,1,2019,12.44
M.D. of Bonnyville No. 87,2019-02,2,2019,16.47
M.D. of Bonnyville No. 87,2019-03,3,2019,4.24
M.D. of Bonnyville No. 87,2019-04,4,2019,12.89
M.D. of Bonnyville No. 87,2019-05,5,2019,11.47
M.D. of Bonnyville No. 87,2019-06,6,2019,126.87
M.D. of Bonnyville No. 87,2019-07,7,2019,105.77
M.D. of Bonnyville No. 87,2019-08,8,2019,34.87
M.D. of Bonnyville No. 87,2019-09,9,2019,32.68
M.D. of Bonnyville No. 87,2019-10,10,2019,32.96
M.D. of Bonnyville No. 87,2019-11,11,2019,14.1
M.D. of Bonnyville No. 87,2019-12,12,2019,6.26
M.D. of Bonnyville No. 87,2020-01,1,2020,13.58
M.D. of Bonnyville No. 87,2020-02,2,2020,10.79
M.D. of Bonnyville No. 87,2020-03,3,2020,22.06
M.D. of Bonnyville No. 87,2020-04,4,2020,7.22
M.D. of Bonnyville No. 87,2020-05,5,2020,35.32
M.D. of Bonnyville No. 87,2020-06,6,2020,136.58
M.D. of Bonnyville No. 87,2020-07,7,2020,63.68
M.D. of Bonnyville No. 87,2020-08,8,2020,67.58
M.D. of Bonnyville No. 87,2020-09,9,2020,15.47
M.D. of Bonnyville No. 87,2020-10,10,2020,20.43
M.D. of Bonnyville No. 87,2020-11,11,2020,18.91
M.D. of Bonnyville No. 87,2020-12,12,2020,5.9
M.D. of Bonnyville No. 87,2021-01,1,2021,19.1
M.D. of Bonnyville No. 87,2021-02,2,2021,5.53
M.D. of Bonnyville No. 87,2021-03,3,2021,6.45
M.D. of Bonnyville No. 87,2021-04,4,2021,4.55
M.D. of Bonnyville No. 87,2021-05,5,2021,39.23
M.D. of Bonnyville No. 87,2021-06,6,2021,81.32
M.D. of Bonnyville No. 87,2021-07,7,2021,27.67
M.D. of Bonnyville No. 87,2021-08,8,2021,45.81
M.D. of Bonnyville No. 87,2021-09,9,2021,20.57
M.D. of Bonnyville No. 87,2021-10,10,2021,10.21
M.D. of Bonnyville No. 87,2021-11,11,2021,23.03
M.D. of Bonnyville No. 87,2021-12,12,2021,17.47
M.D. of Bonnyville No. 87,2022-01,1,2022,25.86
M.D. of Bonnyville No. 87,2022-02,2,2022,23.34
M.D. of Bonnyville No. 87,2022-03,3,2022,16.05
M.D. of Bonnyville No. 87,2022-04,4,2022,17.12
M.D. of Bonnyville No. 87,2022-05,5,2022,33.27
M.D. of Bonnyville No. 87,2022-06,6,2022,116.72
M.D. of Bonnyville No. 87,2022-07,7,2022,37.61
M.D. of Bonnyville No. 87,2022-08,8,2022,34.75
M.D. of Bonnyville No. 87,2022-09,9,2022,14.55
M.D. of Bonnyville No. 87,2022-10,10,2022,5.44
M.D. of Bonnyville No. 87,2022-11,11,2022,22.81
M.D. of Bonnyville No. 87,2022-12,12,2022,29.42
M.D. of Bonnyville No. 87,2023-01,1,2023,16.13
M.D. of Bonnyville No. 87,2023-02,2,2023,11.56
M.D. of Bonnyville No. 87,2023-03,3,2023,6.21
M.D. of Bonnyville No. 87,2023-04,4,2023,16.76
M.D. of Bonnyville No. 87,2023-05,5,2023,17.69
M.D. of Bonnyville No. 87,2023-06,6,2023,79.05
M.D. of Bonnyville No. 87,2023-07,7,2023,66
M.D. of Bonnyville No. 87,2023-08,8,2023,96.55
M.D. of Bonnyville No. 87,2023-09,9,2023,16.74
M.D. of Bonnyville No. 87,2023-10,10,2023,8.61
M.D. of Bonnyville No. 87,2023-11,11,2023,1.7
M.D. of Bonnyville No. 87,2023-12,12,2023,1.09
M.D. of Bonnyville No. 87,2024-01,1,2024,6.71
M.D. of Bonnyville No. 87,2024-02,2,2024,13.71
M.D. of Bonnyville No. 87,2024-03,3,2024,13.51
M.D. of Bonnyville No. 87,2024-04,4,2024,12.52
M.D. of Bonnyville No. 87,2024-05,5,2024,64.9
M.D. of Bonnyville No. 87,2024-06,6,2024,69.01
M.D. of Fairview No. 136,2012-01,1,2012,25.63
M.D. of Fairview No. 136,2012-02,2,2012,6.45
M.D. of Fairview No. 136,2012-03,3,2012,13.62
M.D. of Fairview No. 136,2012-04,4,2012,40.39
M.D. of Fairview No. 136,2012-05,5,2012,54.22
M.D. of Fairview No. 136,2012-06,6,2012,66.09
M.D. of Fairview No. 136,2012-07,7,2012,31.37
M.D. of Fairview No. 136,2012-08,8,2012,33.13
M.D. of Fairview No. 136,2012-09,9,2012,12.33
M.D. of Fairview No. 136,2012-10,10,2012,75.84
M.D. of Fairview No. 136,2012-11,11,2012,22.71
M.D. of Fairview No. 136,2012-12,12,2012,32.5
M.D. of Fairview No. 136,2013-01,1,2013,33.08
M.D. of Fairview No. 136,2013-02,2,2013,6.46
M.D. of Fairview No. 136,2013-03,3,2013,16.03
M.D. of Fairview No. 136,2013-04,4,2013,16.48
M.D. of Fairview No. 136,2013-05,5,2013,25.79
M.D. of Fairview No. 136,2013-06,6,2013,105.4
M.D. of Fairview No. 136,2013-07,7,2013,63.54
M.D. of Fairview No. 136,2013-08,8,2013,36.83
M.D. of Fairview No. 136,2013-09,9,2013,19.8
M.D. of Fairview No. 136,2013-10,10,2013,13.22
M.D. of Fairview No. 136,2013-11,11,2013,19.56
M.D. of Fairview No. 136,2013-12,12,2013,71.11
M.D. of Fairview No. 136,2014-01,1,2014,5.45
M.D. of Fairview No. 136,2014-02,2,2014,15.63
M.D. of Fairview No. 136,2014-03,3,2014,8.91
M.D. of Fairview No. 136,2014-04,4,2014,32.85
M.D. of Fairview No. 136,2014-05,5,2014,17.84
M.D. of Fairview No. 136,2014-06,6,2014,44.82
M.D. of Fairview No. 136,2014-07,7,2014,32.26
M.D. of Fairview No. 136,2014-08,8,2014,4.54
M.D. of Fairview No. 136,2014-09,9,2014,42.91
M.D. of Fairview No. 136,2014-10,10,2014,35.35
M.D. of Fairview No. 136,2014-11,11,2014,34.54
M.D. of Fairview No. 136,2014-12,12,2014,10.56
M.D. of Fairview No. 136,2015-01,1,2015,19.51
M.D. of Fairview No. 136,2015-02,2,2015,19.23
M.D. of Fairview No. 136,2015-03,3,2015,30.61
M.D. of Fairview No. 136,2015-04,4,2015,26.31
M.D. of Fairview No. 136,2015-05,5,2015,25.07
M.D. of Fairview No. 136,2015-06,6,2015,38.45
M.D. of Fairview No. 136,2015-07,7,2015,30.97
M.D. of Fairview No. 136,2015-08,8,2015,48.88
M.D. of Fairview No. 136,2015-09,9,2015,45.34
M.D. of Fairview No. 136,2015-10,10,2015,26.77
M.D. of Fairview No. 136,2015-11,11,2015,10.56
M.D. of Fairview No. 136,2015-12,12,2015,7.79
M.D. of Fairview No. 136,2016-01,1,2016,19.89
M.D. of Fairview No. 136,2016-02,2,2016,9.64
M.D. of Fairview No. 136,2016-03,3,2016,20.47
M.D. of Fairview No. 136,2016-04,4,2016,8.14
M.D. of Fairview No. 136,2016-05,5,2016,70.25
M.D. of Fairview No. 136,2016-06,6,2016,80.24
M.D. of Fairview No. 136,2016-07,7,2016,76.58
M.D. of Fairview No. 136,2016-08,8,2016,109.29
M.D. of Fairview No. 136,2016-09,9,2016,44.85
M.D. of Fairview No. 136,2016-10,10,2016,49.62
M.D. of Fairview No. 136,2016-11,11,2016,13.03
M.D. of Fairview No. 136,2016-12,12,2016,6.35
M.D. of Fairview No. 136,2017-01,1,2017,12.6
M.D. of Fairview No. 136,2017-02,2,2017,11.06
M.D. of Fairview No. 136,2017-03,3,2017,11.47
M.D. of Fairview No. 136,2017-04,4,2017,34.22
M.D. of Fairview No. 136,2017-05,5,2017,40.92
M.D. of Fairview No. 136,2017-06,6,2017,49.9
M.D. of Fairview No. 136,2017-07,7,2017,54.71
M.D. of Fairview No. 136,2017-08,8,2017,28.9
M.D. of Fairview No. 136,2017-09,9,2017,32.38
M.D. of Fairview No. 136,2017-10,10,2017,31.54
M.D. of Fairview No. 136,2017-11,11,2017,32.26
M.D. of Fairview No. 136,2017-12,12,2017,2.35
M.D. of Fairview No. 136,2018-01,1,2018,24.7
M.D. of Fairview No. 136,2018-02,2,2018,13.25
M.D. of Fairview No. 136,2018-03,3,2018,21.41
M.D. of Fairview No. 136,2018-04,4,2018,12.18
M.D. of Fairview No. 136,2018-05,5,2018,5.04
M.D. of Fairview No. 136,2018-06,6,2018,73.15
M.D. of Fairview No. 136,2018-07,7,2018,116.37
M.D. of Fairview No. 136,2018-08,8,2018,25.43
M.D. of Fairview No. 136,2018-09,9,2018,37
M.D. of Fairview No. 136,2018-10,10,2018,12.93
M.D. of Fairview No. 136,2018-11,11,2018,29.72
M.D. of Fairview No. 136,2018-12,12,2018,19
M.D. of Fairview No. 136,2019-01,1,2019,15.53
M.D. of Fairview No. 136,2019-02,2,2019,12.98
M.D. of Fairview No. 136,2019-03,3,2019,0.04
M.D. of Fairview No. 136,2019-04,4,2019,12.47
M.D. of Fairview No. 136,2019-05,5,2019,9.28
M.D. of Fairview No. 136,2019-06,6,2019,60.74
M.D. of Fairview No. 136,2019-07,7,2019,74.75
M.D. of Fairview No. 136,2019-08,8,2019,48.82
M.D. of Fairview No. 136,2019-09,9,2019,27.47
M.D. of Fairview No. 136,2019-10,10,2019,30.67
M.D. of Fairview No. 136,2019-11,11,2019,33.93
M.D. of Fairview No. 136,2019-12,12,2019,10.44
M.D. of Fairview No. 136,2020-01,1,2020,23.71
M.D. of Fairview No. 136,2020-02,2,2020,21.81
M.D. of Fairview No. 136,2020-03,3,2020,22.74
M.D. of Fairview No. 136,2020-04,4,2020,4.37
M.D. of Fairview No. 136,2020-05,5,2020,36.4
M.D. of Fairview No. 136,2020-06,6,2020,70.98
M.D. of Fairview No. 136,2020-07,7,2020,94.19
M.D. of Fairview No. 136,2020-08,8,2020,50.46
M.D. of Fairview No. 136,2020-09,9,2020,21.31
M.D. of Fairview No. 136,2020-10,10,2020,26.95
M.D. of Fairview No. 136,2020-11,11,2020,16.9
M.D. of Fairview No. 136,2020-12,12,2020,22.97
M.D. of Fairview No. 136,2021-01,1,2021,11.73
M.D. of Fairview No. 136,2021-02,2,2021,17.78
M.D. of Fairview No. 136,2021-03,3,2021,13.77
M.D. of Fairview No. 136,2021-04,4,2021,21.22
M.D. of Fairview No. 136,2021-05,5,2021,14.91
M.D. of Fairview No. 136,2021-06,6,2021,38.39
M.D. of Fairview No. 136,2021-07,7,2021,28.32
M.D. of Fairview No. 136,2021-08,8,2021,43.81
M.D. of Fairview No. 136,2021-09,9,2021,29.3
M.D. of Fairview No. 136,2021-10,10,2021,14.58
M.D. of Fairview No. 136,2021-11,11,2021,40.66
M.D. of Fairview No. 136,2021-12,12,2021,15.16
M.D. of Fairview No. 136,2022-01,1,2022,29.6
M.D. of Fairview No. 136,2022-02,2,2022,25.09
M.D. of Fairview No. 136,2022-03,3,2022,12.42
M.D. of Fairview No. 136,2022-04,4,2022,53.81
M.D. of Fairview No. 136,2022-05,5,2022,56.09
M.D. of Fairview No. 136,2022-06,6,2022,62.7
M.D. of Fairview No. 136,2022-07,7,2022,15.78
M.D. of Fairview No. 136,2022-08,8,2022,35.21
M.D. of Fairview No. 136,2022-09,9,2022,21.5
M.D. of Fairview No. 136,2022-10,10,2022,7.56
M.D. of Fairview No. 136,2022-11,11,2022,10.64
M.D. of Fairview No. 136,2022-12,12,2022,27.69
M.D. of Fairview No. 136,2023-01,1,2023,12.32
M.D. of Fairview No. 136,2023-02,2,2023,16.48
M.D. of Fairview No. 136,2023-03,3,2023,5.29
M.D. of Fairview No. 136,2023-04,4,2023,13.66
M.D. of Fairview No. 136,2023-05,5,2023,49.16
M.D. of Fairview No. 136,2023-06,6,2023,23.85
M.D. of Fairview No. 136,2023-07,7,2023,99.8
M.D. of Fairview No. 136,2023-08,8,2023,52.19
M.D. of Fairview No. 136,2023-09,9,2023,7.21
M.D. of Fairview No. 136,2023-10,10,2023,12.09
M.D. of Fairview No. 136,2023-11,11,2023,12.77
M.D. of Fairview No. 136,2023-12,12,2023,4.77
M.D. of Fairview No. 136,2024-01,1,2024,13.4
M.D. of Fairview No. 136,2024-02,2,2024,7.35
M.D. of Fairview No. 136,2024-03,3,2024,4.69
M.D. of Fairview No. 136,2024-04,4,2024,12.83
M.D. of Fairview No. 136,2024-05,5,2024,36.69
M.D. of Fairview No. 136,2024-06,6,2024,94.83
M.D. of Foothills No. 31,2012-01,1,2012,13.09
M.D. of Foothills No. 31,2012-02,2,2012,9.86
M.D. of Foothills No. 31,2012-03,3,2012,18.21
M.D. of Foothills No. 31,2012-04,4,2012,51.03
M.D. of Foothills No. 31,2012-05,5,2012,68.39
M.D. of Foothills No. 31,2012-06,6,2012,176.66
M.D. of Foothills No. 31,2012-07,7,2012,33
M.D. of Foothills No. 31,2012-08,8,2012,37.68
M.D. of Foothills No. 31,2012-09,9,2012,11.05
M.D. of Foothills No. 31,2012-10,10,2012,37.69
M.D. of Foothills No. 31,2012-11,11,2012,14.33
M.D. of Foothills No. 31,2012-12,12,2012,13.31
M.D. of Foothills No. 31,2013-01,1,2013,8.99
M.D. of Foothills No. 31,2013-02,2,2013,3.54
M.D. of Foothills No. 31,2013-03,3,2013,20.87
M.D. of Foothills No. 31,2013-04,4,2013,30.09
M.D. of Foothills No. 31,2013-05,5,2013,102.12
M.D. of Foothills No. 31,2013-06,6,2013,130.59
M.D. of Foothills No. 31,2013-07,7,2013,64.36
M.D. of Foothills No. 31,2013-08,8,2013,43.26
M.D. of Foothills No. 31,2013-09,9,2013,66.14
M.D. of Foothills No. 31,2013-10,10,2013,38.06
M.D. of Foothills No. 31,2013-11,11,2013,14.29
M.D. of Foothills No. 31,2013-12,12,2013,21.26
M.D. of Foothills No. 31,2014-01,1,2014,19.46
M.D. of Foothills No. 31,2014-02,2,2014,6.35
M.D. of Foothills No. 31,2014-03,3,2014,15.14
M.D. of Foothills No. 31,2014-04,4,2014,31.96
M.D. of Foothills No. 31,2014-05,5,2014,72.11
M.D. of Foothills No. 31,2014-06,6,2014,118.44
M.D. of Foothills No. 31,2014-07,7,2014,19.48
M.D. of Foothills No. 31,2014-08,8,2014,61.62
M.D. of Foothills No. 31,2014-09,9,2014,80.57
M.D. of Foothills No. 31,2014-10,10,2014,9.49
M.D. of Foothills No. 31,2014-11,11,2014,41.09
M.D. of Foothills No. 31,2014-12,12,2014,6.8
M.D. of Foothills No. 31,2015-01,1,2015,10.83
M.D. of Foothills No. 31,2015-02,2,2015,8.9
M.D. of Foothills No. 31,2015-03,3,2015,24.54
M.D. of Foothills No. 31,2015-04,4,2015,22.66
M.D. of Foothills No. 31,2015-05,5,2015,45.19
M.D. of Foothills No. 31,2015-06,6,2015,58.56
M.D. of Foothills No. 31,2015-07,7,2015,59.55
M.D. of Foothills No. 31,2015-08,8,2015,79.56
M.D. of Foothills No. 31,2015-09,9,2015,68.6
M.D. of Foothills No. 31,2015-10,10,2015,13.21
M.D. of Foothills No. 31,2015-11,11,2015,19.5
M.D. of Foothills No. 31,2015-12,12,2015,14.2
M.D. of Foothills No. 31,2016-01,1,2016,7.07
M.D. of Foothills No. 31,2016-02,2,2016,2.91
M.D. of Foothills No. 31,2016-03,3,2016,10.48
M.D. of Foothills No. 31,2016-04,4,2016,13.58
M.D. of Foothills No. 31,2016-05,5,2016,81.53
M.D. of Foothills No. 31,2016-06,6,2016,36.99
M.D. of Foothills No. 31,2016-07,7,2016,121.45
M.D. of Foothills No. 31,2016-08,8,2016,51.9
M.D. of Foothills No. 31,2016-09,9,2016,31.88
M.D. of Foothills No. 31,2016-10,10,2016,38.83
M.D. of Foothills No. 31,2016-11,11,2016,3.59
M.D. of Foothills No. 31,2016-12,12,2016,20.35
M.D. of Foothills No. 31,2017-01,1,2017,12.83
M.D. of Foothills No. 31,2017-02,2,2017,23.56
M.D. of Foothills No. 31,2017-03,3,2017,11.58
M.D. of Foothills No. 31,2017-04,4,2017,75.67
M.D. of Foothills No. 31,2017-05,5,2017,41.97
M.D. of Foothills No. 31,2017-06,6,2017,50.27
M.D. of Foothills No. 31,2017-07,7,2017,27.68
M.D. of Foothills No. 31,2017-08,8,2017,13.5
M.D. of Foothills No. 31,2017-09,9,2017,25.54
M.D. of Foothills No. 31,2017-10,10,2017,22.48
M.D. of Foothills No. 31,2017-11,11,2017,16.27
M.D. of Foothills No. 31,2017-12,12,2017,25.87
M.D. of Foothills No. 31,2018-01,1,2018,4.6
M.D. of Foothills No. 31,2018-02,2,2018,21.23
M.D. of Foothills No. 31,2018-03,3,2018,40.45
M.D. of Foothills No. 31,2018-04,4,2018,32.79
M.D. of Foothills No. 31,2018-05,5,2018,32.03
M.D. of Foothills No. 31,2018-06,6,2018,72.02
M.D. of Foothills No. 31,2018-07,7,2018,43.91
M.D. of Foothills No. 31,2018-08,8,2018,30.12
M.D. of Foothills No. 31,2018-09,9,2018,37.56
M.D. of Foothills No. 31,2018-10,10,2018,27.03
M.D. of Foothills No. 31,2018-11,11,2018,14.29
M.D. of Foothills No. 31,2018-12,12,2018,6.63
M.D. of Foothills No. 31,2019-01,1,2019,7.09
M.D. of Foothills No. 31,2019-02,2,2019,19.8
M.D. of Foothills No. 31,2019-03,3,2019,10.47
M.D. of Foothills No. 31,2019-04,4,2019,21.19
M.D. of Foothills No. 31,2019-05,5,2019,62.7
M.D. of Foothills No. 31,2019-06,6,2019,69.8
M.D. of Foothills No. 31,2019-07,7,2019,71.18
M.D. of Foothills No. 31,2019-08,8,2019,61.72
M.D. of Foothills No. 31,2019-09,9,2019,74.44
M.D. of Foothills No. 31,2019-10,10,2019,16.39
M.D. of Foothills No. 31,2019-11,11,2019,45.73
M.D. of Foothills No. 31,2019-12,12,2019,12.28
M.D. of Foothills No. 31,2020-01,1,2020,5.63
M.D. of Foothills No. 31,2020-02,2,2020,14.64
M.D. of Foothills No. 31,2020-03,3,2020,26.33
M.D. of Foothills No. 31,2020-04,4,2020,25.54
M.D. of Foothills No. 31,2020-05,5,2020,67.41
M.D. of Foothills No. 31,2020-06,6,2020,97.81
M.D. of Foothills No. 31,2020-07,7,2020,29.41
M.D. of Foothills No. 31,2020-08,8,2020,6.31
M.D. of Foothills No. 31,2020-09,9,2020,21.2
M.D. of Foothills No. 31,2020-10,10,2020,27.75
M.D. of Foothills No. 31,2020-11,11,2020,9.71
M.D. of Foothills No. 31,2020-12,12,2020,31.8
M.D. of Foothills No. 31,2021-01,1,2021,3.2
M.D. of Foothills No. 31,2021-02,2,2021,16.85
M.D. of Foothills No. 31,2021-03,3,2021,15.47
M.D. of Foothills No. 31,2021-04,4,2021,20.82
M.D. of Foothills No. 31,2021-05,5,2021,65.61
M.D. of Foothills No. 31,2021-06,6,2021,27.55
M.D. of Foothills No. 31,2021-07,7,2021,56.57
M.D. of Foothills No. 31,2021-08,8,2021,67.31
M.D. of Foothills No. 31,2021-09,9,2021,6.37
M.D. of Foothills No. 31,2021-10,10,2021,31.92
M.D. of Foothills No. 31,2021-11,11,2021,6.71
M.D. of Foothills No. 31,2021-12,12,2021,21.51
M.D. of Foothills No. 31,2022-01,1,2022,6.13
M.D. of Foothills No. 31,2022-02,2,2022,16.21
M.D. of Foothills No. 31,2022-03,3,2022,13.99
M.D. of Foothills No. 31,2022-04,4,2022,10.06
M.D. of Foothills No. 31,2022-05,5,2022,24.9
M.D. of Foothills No. 31,2022-06,6,2022,143.78
M.D. of Foothills No. 31,2022-07,7,2022,47.12
M.D. of Foothills No. 31,2022-08,8,2022,39.13
M.D. of Foothills No. 31,2022-09,9,2022,13.94
M.D. of Foothills No. 31,2022-10,10,2022,29.89
M.D. of Foothills No. 31,2022-11,11,2022,22.87
M.D. of Foothills No. 31,2022-12,12,2022,10.15
M.D. of Foothills No. 31,2023-01,1,2023,8.52
M.D. of Foothills No. 31,2023-02,2,2023,20.64
M.D. of Foothills No. 31,2023-03,3,2023,15.63
M.D. of Foothills No. 31,2023-04,4,2023,13.58
M.D. of Foothills No. 31,2023-05,5,2023,17.73
M.D. of Foothills No. 31,2023-06,6,2023,65.56
M.D. of Foothills No. 31,2023-07,7,2023,41
M.D. of Foothills No. 31,2023-08,8,2023,50.72
M.D. of Foothills No. 31,2023-09,9,2023,34.44
M.D. of Foothills No. 31,2023-10,10,2023,29.54
M.D. of Foothills No. 31,2023-11,11,2023,4.77
M.D. of Foothills No. 31,2023-12,12,2023,17.42
M.D. of Foothills No. 31,2024-01,1,2024,18.62
M.D. of Foothills No. 31,2024-02,2,2024,25.13
M.D. of Foothills No. 31,2024-03,3,2024,29.02
M.D. of Foothills No. 31,2024-04,4,2024,57.3
M.D. of Foothills No. 31,2024-05,5,2024,65.47
M.D. of Foothills No. 31,2024-06,6,2024,104.13
M.D. of Greenview No. 16,2012-01,1,2012,23.26
M.D. of Greenview No. 16,2012-02,2,2012,18.67
M.D. of Greenview No. 16,2012-03,3,2012,17.99
M.D. of Greenview No. 16,2012-04,4,2012,48.95
M.D. of Greenview No. 16,2012-05,5,2012,42.67
M.D. of Greenview No. 16,2012-06,6,2012,122.72
M.D. of Greenview No. 16,2012-07,7,2012,166.89
M.D. of Greenview No. 16,2012-08,8,2012,48.64
M.D. of Greenview No. 16,2012-09,9,2012,24.4
M.D. of Greenview No. 16,2012-10,10,2012,82.43
M.D. of Greenview No. 16,2012-11,11,2012,39.53
M.D. of Greenview No. 16,2012-12,12,2012,31.07
M.D. of Greenview No. 16,2013-01,1,2013,35.02
M.D. of Greenview No. 16,2013-02,2,2013,8.09
M.D. of Greenview No. 16,2013-03,3,2013,25.77
M.D. of Greenview No. 16,2013-04,4,2013,34.49
M.D. of Greenview No. 16,2013-05,5,2013,56.78
M.D. of Greenview No. 16,2013-06,6,2013,145.13
M.D. of Greenview No. 16,2013-07,7,2013,102.86
M.D. of Greenview No. 16,2013-08,8,2013,74.47
M.D. of Greenview No. 16,2013-09,9,2013,15.05
M.D. of Greenview No. 16,2013-10,10,2013,23.53
M.D. of Greenview No. 16,2013-11,11,2013,30.79
M.D. of Greenview No. 16,2013-12,12,2013,94.54
M.D. of Greenview No. 16,2014-01,1,2014,16.33
M.D. of Greenview No. 16,2014-02,2,2014,13.46
M.D. of Greenview No. 16,2014-03,3,2014,12.48
M.D. of Greenview No. 16,2014-04,4,2014,24.13
M.D. of Greenview No. 16,2014-05,5,2014,30.85
M.D. of Greenview No. 16,2014-06,6,2014,69.99
M.D. of Greenview No. 16,2014-07,7,2014,80.5
M.D. of Greenview No. 16,2014-08,8,2014,23.07
M.D. of Greenview No. 16,2014-09,9,2014,74.36
M.D. of Greenview No. 16,2014-10,10,2014,29.66
M.D. of Greenview No. 16,2014-11,11,2014,44.11
M.D. of Greenview No. 16,2014-12,12,2014,17.68
M.D. of Greenview No. 16,2015-01,1,2015,42.92
M.D. of Greenview No. 16,2015-02,2,2015,31.18
M.D. of Greenview No. 16,2015-03,3,2015,38.22
M.D. of Greenview No. 16,2015-04,4,2015,40.85
M.D. of Greenview No. 16,2015-05,5,2015,50.78
M.D. of Greenview No. 16,2015-06,6,2015,78.93
M.D. of Greenview No. 16,2015-07,7,2015,54.37
M.D. of Greenview No. 16,2015-08,8,2015,66.82
M.D. of Greenview No. 16,2015-09,9,2015,39.87
M.D. of Greenview No. 16,2015-10,10,2015,40.6
M.D. of Greenview No. 16,2015-11,11,2015,28.05
M.D. of Greenview No. 16,2015-12,12,2015,10.98
M.D. of Greenview No. 16,2016-01,1,2016,15.72
M.D. of Greenview No. 16,2016-02,2,2016,12.56
M.D. of Greenview No. 16,2016-03,3,2016,24.76
M.D. of Greenview No. 16,2016-04,4,2016,20.27
M.D. of Greenview No. 16,2016-05,5,2016,91.32
M.D. of Greenview No. 16,2016-06,6,2016,158.51
M.D. of Greenview No. 16,2016-07,7,2016,108.83
M.D. of Greenview No. 16,2016-08,8,2016,149.19
M.D. of Greenview No. 16,2016-09,9,2016,46.04
M.D. of Greenview No. 16,2016-10,10,2016,47.4
M.D. of Greenview No. 16,2016-11,11,2016,14.86
M.D. of Greenview No. 16,2016-12,12,2016,11.9
M.D. of Greenview No. 16,2017-01,1,2017,15.42
M.D. of Greenview No. 16,2017-02,2,2017,12.59
M.D. of Greenview No. 16,2017-03,3,2017,16.89
M.D. of Greenview No. 16,2017-04,4,2017,75.35
M.D. of Greenview No. 16,2017-05,5,2017,84.67
M.D. of Greenview No. 16,2017-06,6,2017,132.49
M.D. of Greenview No. 16,2017-07,7,2017,79.33
M.D. of Greenview No. 16,2017-08,8,2017,50.63
M.D. of Greenview No. 16,2017-09,9,2017,119.16
M.D. of Greenview No. 16,2017-10,10,2017,51.93
M.D. of Greenview No. 16,2017-11,11,2017,44.82
M.D. of Greenview No. 16,2017-12,12,2017,6.79
M.D. of Greenview No. 16,2018-01,1,2018,27.4
M.D. of Greenview No. 16,2018-02,2,2018,30.9
M.D. of Greenview No. 16,2018-03,3,2018,35.57
M.D. of Greenview No. 16,2018-04,4,2018,15.46
M.D. of Greenview No. 16,2018-05,5,2018,28.35
M.D. of Greenview No. 16,2018-06,6,2018,55.07
M.D. of Greenview No. 16,2018-07,7,2018,197.4
M.D. of Greenview No. 16,2018-08,8,2018,60.07
M.D. of Greenview No. 16,2018-09,9,2018,58.1
M.D. of Greenview No. 16,2018-10,10,2018,24.42
M.D. of Greenview No. 16,2018-11,11,2018,40.16
M.D. of Greenview No. 16,2018-12,12,2018,12.75
M.D. of Greenview No. 16,2019-01,1,2019,28.51
M.D. of Greenview No. 16,2019-02,2,2019,19.1
M.D. of Greenview No. 16,2019-03,3,2019,2.41
M.D. of Greenview No. 16,2019-04,4,2019,29.53
M.D. of Greenview No. 16,2019-05,5,2019,44.35
M.D. of Greenview No. 16,2019-06,6,2019,172.45
M.D. of Greenview No. 16,2019-07,7,2019,136.17
M.D. of Greenview No. 16,2019-08,8,2019,77.67
M.D. of Greenview No. 16,2019-09,9,2019,84.32
M.D. of Greenview No. 16,2019-10,10,2019,46.76
M.D. of Greenview No. 16,2019-11,11,2019,60.33
M.D. of Greenview No. 16,2019-12,12,2019,13.32
M.D. of Greenview No. 16,2020-01,1,2020,22.39
M.D. of Greenview No. 16,2020-02,2,2020,28.9
M.D. of Greenview No. 16,2020-03,3,2020,38.79
M.D. of Greenview No. 16,2020-04,4,2020,13
M.D. of Greenview No. 16,2020-05,5,2020,82.48
M.D. of Greenview No. 16,2020-06,6,2020,108.26
M.D. of Greenview No. 16,2020-07,7,2020,126.29
M.D. of Greenview No. 16,2020-08,8,2020,30.96
M.D. of Greenview No. 16,2020-09,9,2020,26.62
M.D. of Greenview No. 16,2020-10,10,2020,35.21
M.D. of Greenview No. 16,2020-11,11,2020,30.68
M.D. of Greenview No. 16,2020-12,12,2020,12.87
M.D. of Greenview No. 16,2021-01,1,2021,10.21
M.D. of Greenview No. 16,2021-02,2,2021,23.88
M.D. of Greenview No. 16,2021-03,3,2021,18.79
M.D. of Greenview No. 16,2021-04,4,2021,24.19
M.D. of Greenview No. 16,2021-05,5,2021,73.64
M.D. of Greenview No. 16,2021-06,6,2021,24.74
M.D. of Greenview No. 16,2021-07,7,2021,52.42
M.D. of Greenview No. 16,2021-08,8,2021,94.33
M.D. of Greenview No. 16,2021-09,9,2021,57.68
M.D. of Greenview No. 16,2021-10,10,2021,33.52
M.D. of Greenview No. 16,2021-11,11,2021,36.06
M.D. of Greenview No. 16,2021-12,12,2021,38.48
M.D. of Greenview No. 16,2022-01,1,2022,47.3
M.D. of Greenview No. 16,2022-02,2,2022,43.88
M.D. of Greenview No. 16,2022-03,3,2022,25.84
M.D. of Greenview No. 16,2022-04,4,2022,48.81
M.D. of Greenview No. 16,2022-05,5,2022,56.49
M.D. of Greenview No. 16,2022-06,6,2022,111.38
M.D. of Greenview No. 16,2022-07,7,2022,34.25
M.D. of Greenview No. 16,2022-08,8,2022,60.84
M.D. of Greenview No. 16,2022-09,9,2022,48.07
M.D. of Greenview No. 16,2022-10,10,2022,13.66
M.D. of Greenview No. 16,2022-11,11,2022,28.9
M.D. of Greenview No. 16,2022-12,12,2022,21.46
M.D. of Greenview No. 16,2023-01,1,2023,14.77
M.D. of Greenview No. 16,2023-02,2,2023,34.26
M.D. of Greenview No. 16,2023-03,3,2023,4.91
M.D. of Greenview No. 16,2023-04,4,2023,15.56
M.D. of Greenview No. 16,2023-05,5,2023,79.01
M.D. of Greenview No. 16,2023-06,6,2023,156.7
M.D. of Greenview No. 16,2023-07,7,2023,150.04
M.D. of Greenview No. 16,2023-08,8,2023,98.66
M.D. of Greenview No. 16,2023-09,9,2023,20.26
M.D. of Greenview No. 16,2023-10,10,2023,27.94
M.D. of Greenview No. 16,2023-11,11,2023,5.04
M.D. of Greenview No. 16,2023-12,12,2023,7.47
M.D. of Greenview No. 16,2024-01,1,2024,17.61
M.D. of Greenview No. 16,2024-02,2,2024,19.27
M.D. of Greenview No. 16,2024-03,3,2024,10.07
M.D. of Greenview No. 16,2024-04,4,2024,23.17
M.D. of Greenview No. 16,2024-05,5,2024,63.8
M.D. of Greenview No. 16,2024-06,6,2024,96.91
M.D. of Lesser Slave River No. 124,2012-01,1,2012,37.55
M.D. of Lesser Slave River No. 124,2012-02,2,2012,12.46
M.D. of Lesser Slave River No. 124,2012-03,3,2012,25.29
M.D. of Lesser Slave River No. 124,2012-04,4,2012,67.26
M.D. of Lesser Slave River No. 124,2012-05,5,2012,41.95
M.D. of Lesser Slave River No. 124,2012-06,6,2012,57.34
M.D. of Lesser Slave River No. 124,2012-07,7,2012,134.25
M.D. of Lesser Slave River No. 124,2012-08,8,2012,59.09
M.D. of Lesser Slave River No. 124,2012-09,9,2012,27.44
M.D. of Lesser Slave River No. 124,2012-10,10,2012,51.13
M.D. of Lesser Slave River No. 124,2012-11,11,2012,25.67
M.D. of Lesser Slave River No. 124,2012-12,12,2012,18.64
M.D. of Lesser Slave River No. 124,2013-01,1,2013,40.92
M.D. of Lesser Slave River No. 124,2013-02,2,2013,21.23
M.D. of Lesser Slave River No. 124,2013-03,3,2013,20.82
M.D. of Lesser Slave River No. 124,2013-04,4,2013,44.12
M.D. of Lesser Slave River No. 124,2013-05,5,2013,45.96
M.D. of Lesser Slave River No. 124,2013-06,6,2013,106.14
M.D. of Lesser Slave River No. 124,2013-07,7,2013,105.28
M.D. of Lesser Slave River No. 124,2013-08,8,2013,78.41
M.D. of Lesser Slave River No. 124,2013-09,9,2013,25.52
M.D. of Lesser Slave River No. 124,2013-10,10,2013,33.04
M.D. of Lesser Slave River No. 124,2013-11,11,2013,25.89
M.D. of Lesser Slave River No. 124,2013-12,12,2013,56.3
M.D. of Lesser Slave River No. 124,2014-01,1,2014,17.21
M.D. of Lesser Slave River No. 124,2014-02,2,2014,8.07
M.D. of Lesser Slave River No. 124,2014-03,3,2014,5.49
M.D. of Lesser Slave River No. 124,2014-04,4,2014,63.8
M.D. of Lesser Slave River No. 124,2014-05,5,2014,40.53
M.D. of Lesser Slave River No. 124,2014-06,6,2014,72.75
M.D. of Lesser Slave River No. 124,2014-07,7,2014,74.3
M.D. of Lesser Slave River No. 124,2014-08,8,2014,26.37
M.D. of Lesser Slave River No. 124,2014-09,9,2014,33.52
M.D. of Lesser Slave River No. 124,2014-10,10,2014,23.56
M.D. of Lesser Slave River No. 124,2014-11,11,2014,40.61
M.D. of Lesser Slave River No. 124,2014-12,12,2014,9.57
M.D. of Lesser Slave River No. 124,2015-01,1,2015,28.93
M.D. of Lesser Slave River No. 124,2015-02,2,2015,24.43
M.D. of Lesser Slave River No. 124,2015-03,3,2015,29.07
M.D. of Lesser Slave River No. 124,2015-04,4,2015,18.96
M.D. of Lesser Slave River No. 124,2015-05,5,2015,20.44
M.D. of Lesser Slave River No. 124,2015-06,6,2015,35.09
M.D. of Lesser Slave River No. 124,2015-07,7,2015,87.21
M.D. of Lesser Slave River No. 124,2015-08,8,2015,89.71
M.D. of Lesser Slave River No. 124,2015-09,9,2015,33.65
M.D. of Lesser Slave River No. 124,2015-10,10,2015,23.96
M.D. of Lesser Slave River No. 124,2015-11,11,2015,16.74
M.D. of Lesser Slave River No. 124,2015-12,12,2015,9.87
M.D. of Lesser Slave River No. 124,2016-01,1,2016,21.36
M.D. of Lesser Slave River No. 124,2016-02,2,2016,12.86
M.D. of Lesser Slave River No. 124,2016-03,3,2016,26.72
M.D. of Lesser Slave River No. 124,2016-04,4,2016,19.45
M.D. of Lesser Slave River No. 124,2016-05,5,2016,97.44
M.D. of Lesser Slave River No. 124,2016-06,6,2016,133.01
M.D. of Lesser Slave River No. 124,2016-07,7,2016,88.63
M.D. of Lesser Slave River No. 124,2016-08,8,2016,117.65
M.D. of Lesser Slave River No. 124,2016-09,9,2016,55.8
M.D. of Lesser Slave River No. 124,2016-10,10,2016,54.04
M.D. of Lesser Slave River No. 124,2016-11,11,2016,8.53
M.D. of Lesser Slave River No. 124,2016-12,12,2016,14.54
M.D. of Lesser Slave River No. 124,2017-01,1,2017,7.45
M.D. of Lesser Slave River No. 124,2017-02,2,2017,11.09
M.D. of Lesser Slave River No. 124,2017-03,3,2017,6.81
M.D. of Lesser Slave River No. 124,2017-04,4,2017,65.94
M.D. of Lesser Slave River No. 124,2017-05,5,2017,45.5
M.D. of Lesser Slave River No. 124,2017-06,6,2017,93.27
M.D. of Lesser Slave River No. 124,2017-07,7,2017,150.07
M.D. of Lesser Slave River No. 124,2017-08,8,2017,41.59
M.D. of Lesser Slave River No. 124,2017-09,9,2017,56.6
M.D. of Lesser Slave River No. 124,2017-10,10,2017,54.02
M.D. of Lesser Slave River No. 124,2017-11,11,2017,28.35
M.D. of Lesser Slave River No. 124,2017-12,12,2017,3.77
M.D. of Lesser Slave River No. 124,2018-01,1,2018,18.03
M.D. of Lesser Slave River No. 124,2018-02,2,2018,15.06
M.D. of Lesser Slave River No. 124,2018-03,3,2018,23.09
M.D. of Lesser Slave River No. 124,2018-04,4,2018,20.75
M.D. of Lesser Slave River No. 124,2018-05,5,2018,19.41
M.D. of Lesser Slave River No. 124,2018-06,6,2018,138.84
M.D. of Lesser Slave River No. 124,2018-07,7,2018,86.57
M.D. of Lesser Slave River No. 124,2018-08,8,2018,57.57
M.D. of Lesser Slave River No. 124,2018-09,9,2018,45.91
M.D. of Lesser Slave River No. 124,2018-10,10,2018,29.21
M.D. of Lesser Slave River No. 124,2018-11,11,2018,25.69
M.D. of Lesser Slave River No. 124,2018-12,12,2018,20.61
M.D. of Lesser Slave River No. 124,2019-01,1,2019,17.55
M.D. of Lesser Slave River No. 124,2019-02,2,2019,17.84
M.D. of Lesser Slave River No. 124,2019-03,3,2019,0.52
M.D. of Lesser Slave River No. 124,2019-04,4,2019,19.89
M.D. of Lesser Slave River No. 124,2019-05,5,2019,11.21
M.D. of Lesser Slave River No. 124,2019-06,6,2019,95.32
M.D. of Lesser Slave River No. 124,2019-07,7,2019,165.19
M.D. of Lesser Slave River No. 124,2019-08,8,2019,67.86
M.D. of Lesser Slave River No. 124,2019-09,9,2019,47.01
M.D. of Lesser Slave River No. 124,2019-10,10,2019,44.97
M.D. of Lesser Slave River No. 124,2019-11,11,2019,30.05
M.D. of Lesser Slave River No. 124,2019-12,12,2019,14.69
M.D. of Lesser Slave River No. 124,2020-01,1,2020,20.49
M.D. of Lesser Slave River No. 124,2020-02,2,2020,28.26
M.D. of Lesser Slave River No. 124,2020-03,3,2020,32.45
M.D. of Lesser Slave River No. 124,2020-04,4,2020,11.21
M.D. of Lesser Slave River No. 124,2020-05,5,2020,52.83
M.D. of Lesser Slave River No. 124,2020-06,6,2020,118.61
M.D. of Lesser Slave River No. 124,2020-07,7,2020,105.11
M.D. of Lesser Slave River No. 124,2020-08,8,2020,63.39
M.D. of Lesser Slave River No. 124,2020-09,9,2020,18.56
M.D. of Lesser Slave River No. 124,2020-10,10,2020,42.65
M.D. of Lesser Slave River No. 124,2020-11,11,2020,18.81
M.D. of Lesser Slave River No. 124,2020-12,12,2020,9.52
M.D. of Lesser Slave River No. 124,2021-01,1,2021,11.65
M.D. of Lesser Slave River No. 124,2021-02,2,2021,17.16
M.D. of Lesser Slave River No. 124,2021-03,3,2021,10.6
M.D. of Lesser Slave River No. 124,2021-04,4,2021,25.67
M.D. of Lesser Slave River No. 124,2021-05,5,2021,103.19
M.D. of Lesser Slave River No. 124,2021-06,6,2021,49.93
M.D. of Lesser Slave River No. 124,2021-07,7,2021,33.44
M.D. of Lesser Slave River No. 124,2021-08,8,2021,60.71
M.D. of Lesser Slave River No. 124,2021-09,9,2021,27.56
M.D. of Lesser Slave River No. 124,2021-10,10,2021,27.04
M.D. of Lesser Slave River No. 124,2021-11,11,2021,25.35
M.D. of Lesser Slave River No. 124,2021-12,12,2021,22.11
M.D. of Lesser Slave River No. 124,2022-01,1,2022,39.6
M.D. of Lesser Slave River No. 124,2022-02,2,2022,34.94
M.D. of Lesser Slave River No. 124,2022-03,3,2022,14.02
M.D. of Lesser Slave River No. 124,2022-04,4,2022,23.51
M.D. of Lesser Slave River No. 124,2022-05,5,2022,69.54
M.D. of Lesser Slave River No. 124,2022-06,6,2022,83.93
M.D. of Lesser Slave River No. 124,2022-07,7,2022,30.1
M.D. of Lesser Slave River No. 124,2022-08,8,2022,87.13
M.D. of Lesser Slave River No. 124,2022-09,9,2022,14.47
M.D. of Lesser Slave River No. 124,2022-10,10,2022,5.41
M.D. of Lesser Slave River No. 124,2022-11,11,2022,15.66
M.D. of Lesser Slave River No. 124,2022-12,12,2022,26.87
M.D. of Lesser Slave River No. 124,2023-01,1,2023,10.86
M.D. of Lesser Slave River No. 124,2023-02,2,2023,16.25
M.D. of Lesser Slave River No. 124,2023-03,3,2023,3.79
M.D. of Lesser Slave River No. 124,2023-04,4,2023,7.76
M.D. of Lesser Slave River No. 124,2023-05,5,2023,59.19
M.D. of Lesser Slave River No. 124,2023-06,6,2023,127.44
M.D. of Lesser Slave River No. 124,2023-07,7,2023,125.31
M.D. of Lesser Slave River No. 124,2023-08,8,2023,114.26
M.D. of Lesser Slave River No. 124,2023-09,9,2023,16.12
M.D. of Lesser Slave River No. 124,2023-10,10,2023,13.16
M.D. of Lesser Slave River No. 124,2023-11,11,2023,2.29
M.D. of Lesser Slave River No. 124,2023-12,12,2023,1.55
M.D. of Lesser Slave River No. 124,2024-01,1,2024,7.01
M.D. of Lesser Slave River No. 124,2024-02,2,2024,6.36
M.D. of Lesser Slave River No. 124,2024-03,3,2024,5.66
M.D. of Lesser Slave River No. 124,2024-04,4,2024,36.96
M.D. of Lesser Slave River No. 124,2024-05,5,2024,86.05
M.D. of Lesser Slave River No. 124,2024-06,6,2024,124.44
M.D. of Opportunity No. 17,2012-01,1,2012,19.43
M.D. of Opportunity No. 17,2012-02,2,2012,9.96
M.D. of Opportunity No. 17,2012-03,3,2012,14.19
M.D. of Opportunity No. 17,2012-04,4,2012,54.98
M.D. of Opportunity No. 17,2012-05,5,2012,16.69
M.D. of Opportunity No. 17,2012-06,6,2012,71.55
M.D. of Opportunity No. 17,2012-07,7,2012,117.11
M.D. of Opportunity No. 17,2012-08,8,2012,63.08
M.D. of Opportunity No. 17,2012-09,9,2012,45.9
M.D. of Opportunity No. 17,2012-10,10,2012,45.73
M.D. of Opportunity No. 17,2012-11,11,2012,24.2
M.D. of Opportunity No. 17,2012-12,12,2012,11.96
M.D. of Opportunity No. 17,2013-01,1,2013,28.65
M.D. of Opportunity No. 17,2013-02,2,2013,17.35
M.D. of Opportunity No. 17,2013-03,3,2013,18.77
M.D. of Opportunity No. 17,2013-04,4,2013,49.61
M.D. of Opportunity No. 17,2013-05,5,2013,25.13
M.D. of Opportunity No. 17,2013-06,6,2013,132.15
M.D. of Opportunity No. 17,2013-07,7,2013,109.72
M.D. of Opportunity No. 17,2013-08,8,2013,47.12
M.D. of Opportunity No. 17,2013-09,9,2013,26.79
M.D. of Opportunity No. 17,2013-10,10,2013,27.92
M.D. of Opportunity No. 17,2013-11,11,2013,12.06
M.D. of Opportunity No. 17,2013-12,12,2013,42.91
M.D. of Opportunity No. 17,2014-01,1,2014,15.39
M.D. of Opportunity No. 17,2014-02,2,2014,11.07
M.D. of Opportunity No. 17,2014-03,3,2014,4.72
M.D. of Opportunity No. 17,2014-04,4,2014,44.9
M.D. of Opportunity No. 17,2014-05,5,2014,46.62
M.D. of Opportunity No. 17,2014-06,6,2014,86.59
M.D. of Opportunity No. 17,2014-07,7,2014,51.52
M.D. of Opportunity No. 17,2014-08,8,2014,26.75
M.D. of Opportunity No. 17,2014-09,9,2014,51.3
M.D. of Opportunity No. 17,2014-10,10,2014,21.04
M.D. of Opportunity No. 17,2014-11,11,2014,26.43
M.D. of Opportunity No. 17,2014-12,12,2014,9.68
M.D. of Opportunity No. 17,2015-01,1,2015,18.15
M.D. of Opportunity No. 17,2015-02,2,2015,24.78
M.D. of Opportunity No. 17,2015-03,3,2015,19.27
M.D. of Opportunity No. 17,2015-04,4,2015,17.6
M.D. of Opportunity No. 17,2015-05,5,2015,24.6
M.D. of Opportunity No. 17,2015-06,6,2015,35.96
M.D. of Opportunity No. 17,2015-07,7,2015,67.06
M.D. of Opportunity No. 17,2015-08,8,2015,85.58
M.D. of Opportunity No. 17,2015-09,9,2015,35.49
M.D. of Opportunity No. 17,2015-10,10,2015,15.42
M.D. of Opportunity No. 17,2015-11,11,2015,7.74
M.D. of Opportunity No. 17,2015-12,12,2015,8.07
M.D. of Opportunity No. 17,2016-01,1,2016,20.37
M.D. of Opportunity No. 17,2016-02,2,2016,18.45
M.D. of Opportunity No. 17,2016-03,3,2016,25.13
M.D. of Opportunity No. 17,2016-04,4,2016,16.62
M.D. of Opportunity No. 17,2016-05,5,2016,57.05
M.D. of Opportunity No. 17,2016-06,6,2016,96.93
M.D. of Opportunity No. 17,2016-07,7,2016,92.01
M.D. of Opportunity No. 17,2016-08,8,2016,102.43
M.D. of Opportunity No. 17,2016-09,9,2016,50.34
M.D. of Opportunity No. 17,2016-10,10,2016,47.01
M.D. of Opportunity No. 17,2016-11,11,2016,4.55
M.D. of Opportunity No. 17,2016-12,12,2016,10.15
M.D. of Opportunity No. 17,2017-01,1,2017,6.08
M.D. of Opportunity No. 17,2017-02,2,2017,10.55
M.D. of Opportunity No. 17,2017-03,3,2017,10.4
M.D. of Opportunity No. 17,2017-04,4,2017,36.91
M.D. of Opportunity No. 17,2017-05,5,2017,45.31
M.D. of Opportunity No. 17,2017-06,6,2017,71.63
M.D. of Opportunity No. 17,2017-07,7,2017,63.06
M.D. of Opportunity No. 17,2017-08,8,2017,32.17
M.D. of Opportunity No. 17,2017-09,9,2017,42.28
M.D. of Opportunity No. 17,2017-10,10,2017,41.69
M.D. of Opportunity No. 17,2017-11,11,2017,30.72
M.D. of Opportunity No. 17,2017-12,12,2017,7.49
M.D. of Opportunity No. 17,2018-01,1,2018,15.99
M.D. of Opportunity No. 17,2018-02,2,2018,9.19
M.D. of Opportunity No. 17,2018-03,3,2018,16.56
M.D. of Opportunity No. 17,2018-04,4,2018,19.86
M.D. of Opportunity No. 17,2018-05,5,2018,10.18
M.D. of Opportunity No. 17,2018-06,6,2018,166.89
M.D. of Opportunity No. 17,2018-07,7,2018,76.6
M.D. of Opportunity No. 17,2018-08,8,2018,55.07
M.D. of Opportunity No. 17,2018-09,9,2018,38.55
M.D. of Opportunity No. 17,2018-10,10,2018,6.18
M.D. of Opportunity No. 17,2018-11,11,2018,11.51
M.D. of Opportunity No. 17,2018-12,12,2018,16.58
M.D. of Opportunity No. 17,2019-01,1,2019,13.78
M.D. of Opportunity No. 17,2019-02,2,2019,14.71
M.D. of Opportunity No. 17,2019-03,3,2019,0.58
M.D. of Opportunity No. 17,2019-04,4,2019,14.07
M.D. of Opportunity No. 17,2019-05,5,2019,5.93
M.D. of Opportunity No. 17,2019-06,6,2019,84.78
M.D. of Opportunity No. 17,2019-07,7,2019,106.1
M.D. of Opportunity No. 17,2019-08,8,2019,101.28
M.D. of Opportunity No. 17,2019-09,9,2019,44.68
M.D. of Opportunity No. 17,2019-10,10,2019,28.14
M.D. of Opportunity No. 17,2019-11,11,2019,18.07
M.D. of Opportunity No. 17,2019-12,12,2019,7.26
M.D. of Opportunity No. 17,2020-01,1,2020,18.67
M.D. of Opportunity No. 17,2020-02,2,2020,11.29
M.D. of Opportunity No. 17,2020-03,3,2020,21.53
M.D. of Opportunity No. 17,2020-04,4,2020,32.86
M.D. of Opportunity No. 17,2020-05,5,2020,51.78
M.D. of Opportunity No. 17,2020-06,6,2020,106.2
M.D. of Opportunity No. 17,2020-07,7,2020,138.66
M.D. of Opportunity No. 17,2020-08,8,2020,100.15
M.D. of Opportunity No. 17,2020-09,9,2020,32.03
M.D. of Opportunity No. 17,2020-10,10,2020,51.67
M.D. of Opportunity No. 17,2020-11,11,2020,16.61
M.D. of Opportunity No. 17,2020-12,12,2020,13.42
M.D. of Opportunity No. 17,2021-01,1,2021,11.84
M.D. of Opportunity No. 17,2021-02,2,2021,15.67
M.D. of Opportunity No. 17,2021-03,3,2021,11.19
M.D. of Opportunity No. 17,2021-04,4,2021,10.28
M.D. of Opportunity No. 17,2021-05,5,2021,40.8
M.D. of Opportunity No. 17,2021-06,6,2021,51.69
M.D. of Opportunity No. 17,2021-07,7,2021,33.97
M.D. of Opportunity No. 17,2021-08,8,2021,56.63
M.D. of Opportunity No. 17,2021-09,9,2021,45.02
M.D. of Opportunity No. 17,2021-10,10,2021,24.57
M.D. of Opportunity No. 17,2021-11,11,2021,21.72
M.D. of Opportunity No. 17,2021-12,12,2021,13.38
M.D. of Opportunity No. 17,2022-01,1,2022,26.34
M.D. of Opportunity No. 17,2022-02,2,2022,25.79
M.D. of Opportunity No. 17,2022-03,3,2022,10.55
M.D. of Opportunity No. 17,2022-04,4,2022,20.02
M.D. of Opportunity No. 17,2022-05,5,2022,72.79
M.D. of Opportunity No. 17,2022-06,6,2022,62.96
M.D. of Opportunity No. 17,2022-07,7,2022,45.29
M.D. of Opportunity No. 17,2022-08,8,2022,88.37
M.D. of Opportunity No. 17,2022-09,9,2022,32.09
M.D. of Opportunity No. 17,2022-10,10,2022,9.72
M.D. of Opportunity No. 17,2022-11,11,2022,13.84
M.D. of Opportunity No. 17,2022-12,12,2022,30.02
M.D. of Opportunity No. 17,2023-01,1,2023,11.87
M.D. of Opportunity No. 17,2023-02,2,2023,12.71
M.D. of Opportunity No. 17,2023-03,3,2023,6.61
M.D. of Opportunity No. 17,2023-04,4,2023,18.37
M.D. of Opportunity No. 17,2023-05,5,2023,36.35
M.D. of Opportunity No. 17,2023-06,6,2023,106.08
M.D. of Opportunity No. 17,2023-07,7,2023,98.61
M.D. of Opportunity No. 17,2023-08,8,2023,81.84
M.D. of Opportunity No. 17,2023-09,9,2023,15.06
M.D. of Opportunity No. 17,2023-10,10,2023,8.77
M.D. of Opportunity No. 17,2023-11,11,2023,7.28
M.D. of Opportunity No. 17,2023-12,12,2023,2.73
M.D. of Opportunity No. 17,2024-01,1,2024,7.61
M.D. of Opportunity No. 17,2024-02,2,2024,5.7
M.D. of Opportunity No. 17,2024-03,3,2024,7.04
M.D. of Opportunity No. 17,2024-04,4,2024,27.5
M.D. of Opportunity No. 17,2024-05,5,2024,101.25
M.D. of Opportunity No. 17,2024-06,6,2024,125.29
M.D. of Peace No. 135,2012-01,1,2012,27.23
M.D. of Peace No. 135,2012-02,2,2012,4.83
M.D. of Peace No. 135,2012-03,3,2012,13.34
M.D. of Peace No. 135,2012-04,4,2012,39.08
M.D. of Peace No. 135,2012-05,5,2012,47.57
M.D. of Peace No. 135,2012-06,6,2012,81.67
M.D. of Peace No. 135,2012-07,7,2012,19.8
M.D. of Peace No. 135,2012-08,8,2012,26.87
M.D. of Peace No. 135,2012-09,9,2012,20.81
M.D. of Peace No. 135,2012-10,10,2012,62.63
M.D. of Peace No. 135,2012-11,11,2012,20.22
M.D. of Peace No. 135,2012-12,12,2012,27.51
M.D. of Peace No. 135,2013-01,1,2013,33.59
M.D. of Peace No. 135,2013-02,2,2013,8.63
M.D. of Peace No. 135,2013-03,3,2013,11.88
M.D. of Peace No. 135,2013-04,4,2013,12.65
M.D. of Peace No. 135,2013-05,5,2013,22.96
M.D. of Peace No. 135,2013-06,6,2013,103.42
M.D. of Peace No. 135,2013-07,7,2013,58.88
M.D. of Peace No. 135,2013-08,8,2013,49.13
M.D. of Peace No. 135,2013-09,9,2013,21.52
M.D. of Peace No. 135,2013-10,10,2013,10.96
M.D. of Peace No. 135,2013-11,11,2013,17.35
M.D. of Peace No. 135,2013-12,12,2013,56.68
M.D. of Peace No. 135,2014-01,1,2014,4.97
M.D. of Peace No. 135,2014-02,2,2014,13.55
M.D. of Peace No. 135,2014-03,3,2014,9.34
M.D. of Peace No. 135,2014-04,4,2014,35.85
M.D. of Peace No. 135,2014-05,5,2014,18.53
M.D. of Peace No. 135,2014-06,6,2014,61.88
M.D. of Peace No. 135,2014-07,7,2014,20.64
M.D. of Peace No. 135,2014-08,8,2014,2.86
M.D. of Peace No. 135,2014-09,9,2014,48.64
M.D. of Peace No. 135,2014-10,10,2014,29.84
M.D. of Peace No. 135,2014-11,11,2014,28.49
M.D. of Peace No. 135,2014-12,12,2014,9.27
M.D. of Peace No. 135,2015-01,1,2015,16.13
M.D. of Peace No. 135,2015-02,2,2015,17.2
M.D. of Peace No. 135,2015-03,3,2015,31.02
M.D. of Peace No. 135,2015-04,4,2015,21.45
M.D. of Peace No. 135,2015-05,5,2015,26.69
M.D. of Peace No. 135,2015-06,6,2015,34.17
M.D. of Peace No. 135,2015-07,7,2015,26.49
M.D. of Peace No. 135,2015-08,8,2015,56.13
M.D. of Peace No. 135,2015-09,9,2015,56.06
M.D. of Peace No. 135,2015-10,10,2015,24.15
M.D. of Peace No. 135,2015-11,11,2015,9.18
M.D. of Peace No. 135,2015-12,12,2015,9.47
M.D. of Peace No. 135,2016-01,1,2016,18.14
M.D. of Peace No. 135,2016-02,2,2016,10.68
M.D. of Peace No. 135,2016-03,3,2016,20.47
M.D. of Peace No. 135,2016-04,4,2016,12.29
M.D. of Peace No. 135,2016-05,5,2016,65.46
M.D. of Peace No. 135,2016-06,6,2016,88.8
M.D. of Peace No. 135,2016-07,7,2016,61.74
M.D. of Peace No. 135,2016-08,8,2016,134.77
M.D. of Peace No. 135,2016-09,9,2016,46.4
M.D. of Peace No. 135,2016-10,10,2016,45.55
M.D. of Peace No. 135,2016-11,11,2016,9.54
M.D. of Peace No. 135,2016-12,12,2016,5.62
M.D. of Peace No. 135,2017-01,1,2017,12.45
M.D. of Peace No. 135,2017-02,2,2017,10.76
M.D. of Peace No. 135,2017-03,3,2017,8.03
M.D. of Peace No. 135,2017-04,4,2017,23.98
M.D. of Peace No. 135,2017-05,5,2017,53.6
M.D. of Peace No. 135,2017-06,6,2017,39.29
M.D. of Peace No. 135,2017-07,7,2017,41.75
M.D. of Peace No. 135,2017-08,8,2017,26.34
M.D. of Peace No. 135,2017-09,9,2017,28.95
M.D. of Peace No. 135,2017-10,10,2017,27.19
M.D. of Peace No. 135,2017-11,11,2017,31.42
M.D. of Peace No. 135,2017-12,12,2017,2.75
M.D. of Peace No. 135,2018-01,1,2018,19.1
M.D. of Peace No. 135,2018-02,2,2018,9.65
M.D. of Peace No. 135,2018-03,3,2018,21.24
M.D. of Peace No. 135,2018-04,4,2018,7.78
M.D. of Peace No. 135,2018-05,5,2018,4.69
M.D. of Peace No. 135,2018-06,6,2018,68.06
M.D. of Peace No. 135,2018-07,7,2018,116.95
M.D. of Peace No. 135,2018-08,8,2018,20.37
M.D. of Peace No. 135,2018-09,9,2018,28.05
M.D. of Peace No. 135,2018-10,10,2018,10.73
M.D. of Peace No. 135,2018-11,11,2018,26.05
M.D. of Peace No. 135,2018-12,12,2018,15.48
M.D. of Peace No. 135,2019-01,1,2019,15.21
M.D. of Peace No. 135,2019-02,2,2019,10.65
M.D. of Peace No. 135,2019-03,3,2019,0.14
M.D. of Peace No. 135,2019-04,4,2019,7.87
M.D. of Peace No. 135,2019-05,5,2019,6.29
M.D. of Peace No. 135,2019-06,6,2019,57.54
M.D. of Peace No. 135,2019-07,7,2019,107.84
M.D. of Peace No. 135,2019-08,8,2019,46.13
M.D. of Peace No. 135,2019-09,9,2019,37.98
M.D. of Peace No. 135,2019-10,10,2019,26.03
M.D. of Peace No. 135,2019-11,11,2019,24.56
M.D. of Peace No. 135,2019-12,12,2019,8.33
M.D. of Peace No. 135,2020-01,1,2020,19.83
M.D. of Peace No. 135,2020-02,2,2020,17.57
M.D. of Peace No. 135,2020-03,3,2020,14.68
M.D. of Peace No. 135,2020-04,4,2020,4.26
M.D. of Peace No. 135,2020-05,5,2020,32.86
M.D. of Peace No. 135,2020-06,6,2020,78.09
M.D. of Peace No. 135,2020-07,7,2020,93.91
M.D. of Peace No. 135,2020-08,8,2020,49.67
M.D. of Peace No. 135,2020-09,9,2020,16.2
M.D. of Peace No. 135,2020-10,10,2020,25.85
M.D. of Peace No. 135,2020-11,11,2020,15.66
M.D. of Peace No. 135,2020-12,12,2020,23.58
M.D. of Peace No. 135,2021-01,1,2021,9.47
M.D. of Peace No. 135,2021-02,2,2021,16.2
M.D. of Peace No. 135,2021-03,3,2021,11.97
M.D. of Peace No. 135,2021-04,4,2021,17.43
M.D. of Peace No. 135,2021-05,5,2021,15.6
M.D. of Peace No. 135,2021-06,6,2021,24.9
M.D. of Peace No. 135,2021-07,7,2021,33.89
M.D. of Peace No. 135,2021-08,8,2021,53.8
M.D. of Peace No. 135,2021-09,9,2021,24.06
M.D. of Peace No. 135,2021-10,10,2021,15.82
M.D. of Peace No. 135,2021-11,11,2021,30.5
M.D. of Peace No. 135,2021-12,12,2021,9.83
M.D. of Peace No. 135,2022-01,1,2022,25.59
M.D. of Peace No. 135,2022-02,2,2022,26.69
M.D. of Peace No. 135,2022-03,3,2022,13.44
M.D. of Peace No. 135,2022-04,4,2022,49.27
M.D. of Peace No. 135,2022-05,5,2022,46.92
M.D. of Peace No. 135,2022-06,6,2022,51.35
M.D. of Peace No. 135,2022-07,7,2022,14.69
M.D. of Peace No. 135,2022-08,8,2022,48.68
M.D. of Peace No. 135,2022-09,9,2022,25.44
M.D. of Peace No. 135,2022-10,10,2022,7.66
M.D. of Peace No. 135,2022-11,11,2022,11.42
M.D. of Peace No. 135,2022-12,12,2022,24.38
M.D. of Peace No. 135,2023-01,1,2023,9.23
M.D. of Peace No. 135,2023-02,2,2023,10.98
M.D. of Peace No. 135,2023-03,3,2023,5.36
M.D. of Peace No. 135,2023-04,4,2023,7.26
M.D. of Peace No. 135,2023-05,5,2023,64.9
M.D. of Peace No. 135,2023-06,6,2023,21.88
M.D. of Peace No. 135,2023-07,7,2023,82.22
M.D. of Peace No. 135,2023-08,8,2023,49.29
M.D. of Peace No. 135,2023-09,9,2023,12.66
M.D. of Peace No. 135,2023-10,10,2023,6.4
M.D. of Peace No. 135,2023-11,11,2023,16.32
M.D. of Peace No. 135,2023-12,12,2023,4.13
M.D. of Peace No. 135,2024-01,1,2024,10.22
M.D. of Peace No. 135,2024-02,2,2024,5.42
M.D. of Peace No. 135,2024-03,3,2024,4.56
M.D. of Peace No. 135,2024-04,4,2024,7.92
M.D. of Peace No. 135,2024-05,5,2024,37.3
M.D. of Peace No. 135,2024-06,6,2024,120.55
M.D. of Pincher Creek No. 9,2012-01,1,2012,59.23
M.D. of Pincher Creek No. 9,2012-02,2,2012,30.52
M.D. of Pincher Creek No. 9,2012-03,3,2012,81.06
M.D. of Pincher Creek No. 9,2012-04,4,2012,39.82
M.D. of Pincher Creek No. 9,2012-05,5,2012,50.75
M.D. of Pincher Creek No. 9,2012-06,6,2012,124.87
M.D. of Pincher Creek No. 9,2012-07,7,2012,51.73
M.D. of Pincher Creek No. 9,2012-08,8,2012,34.28
M.D. of Pincher Creek No. 9,2012-09,9,2012,19.73
M.D. of Pincher Creek No. 9,2012-10,10,2012,73.88
M.D. of Pincher Creek No. 9,2012-11,11,2012,53.2
M.D. of Pincher Creek No. 9,2012-12,12,2012,30.73
M.D. of Pincher Creek No. 9,2013-01,1,2013,21.04
M.D. of Pincher Creek No. 9,2013-02,2,2013,24.77
M.D. of Pincher Creek No. 9,2013-03,3,2013,48.55
M.D. of Pincher Creek No. 9,2013-04,4,2013,76.41
M.D. of Pincher Creek No. 9,2013-05,5,2013,87.63
M.D. of Pincher Creek No. 9,2013-06,6,2013,132.01
M.D. of Pincher Creek No. 9,2013-07,7,2013,36.91
M.D. of Pincher Creek No. 9,2013-08,8,2013,100.77
M.D. of Pincher Creek No. 9,2013-09,9,2013,101.58
M.D. of Pincher Creek No. 9,2013-10,10,2013,37.45
M.D. of Pincher Creek No. 9,2013-11,11,2013,39.04
M.D. of Pincher Creek No. 9,2013-12,12,2013,35.39
M.D. of Pincher Creek No. 9,2014-01,1,2014,34.4
M.D. of Pincher Creek No. 9,2014-02,2,2014,41.82
M.D. of Pincher Creek No. 9,2014-03,3,2014,66.69
M.D. of Pincher Creek No. 9,2014-04,4,2014,52.2
M.D. of Pincher Creek No. 9,2014-05,5,2014,59.38
M.D. of Pincher Creek No. 9,2014-06,6,2014,192.71
M.D. of Pincher Creek No. 9,2014-07,7,2014,16.83
M.D. of Pincher Creek No. 9,2014-08,8,2014,88.33
M.D. of Pincher Creek No. 9,2014-09,9,2014,85.48
M.D. of Pincher Creek No. 9,2014-10,10,2014,28.64
M.D. of Pincher Creek No. 9,2014-11,11,2014,93.02
M.D. of Pincher Creek No. 9,2014-12,12,2014,29.65
M.D. of Pincher Creek No. 9,2015-01,1,2015,16.48
M.D. of Pincher Creek No. 9,2015-02,2,2015,34.13
M.D. of Pincher Creek No. 9,2015-03,3,2015,72.41
M.D. of Pincher Creek No. 9,2015-04,4,2015,26.72
M.D. of Pincher Creek No. 9,2015-05,5,2015,71.53
M.D. of Pincher Creek No. 9,2015-06,6,2015,55.18
M.D. of Pincher Creek No. 9,2015-07,7,2015,44.1
M.D. of Pincher Creek No. 9,2015-08,8,2015,38.02
M.D. of Pincher Creek No. 9,2015-09,9,2015,59.03
M.D. of Pincher Creek No. 9,2015-10,10,2015,30.12
M.D. of Pincher Creek No. 9,2015-11,11,2015,60.14
M.D. of Pincher Creek No. 9,2015-12,12,2015,55.1
M.D. of Pincher Creek No. 9,2016-01,1,2016,26.74
M.D. of Pincher Creek No. 9,2016-02,2,2016,11.07
M.D. of Pincher Creek No. 9,2016-03,3,2016,51.25
M.D. of Pincher Creek No. 9,2016-04,4,2016,22.64
M.D. of Pincher Creek No. 9,2016-05,5,2016,98.48
M.D. of Pincher Creek No. 9,2016-06,6,2016,33.76
M.D. of Pincher Creek No. 9,2016-07,7,2016,76.03
M.D. of Pincher Creek No. 9,2016-08,8,2016,76.51
M.D. of Pincher Creek No. 9,2016-09,9,2016,74.06
M.D. of Pincher Creek No. 9,2016-10,10,2016,71.89
M.D. of Pincher Creek No. 9,2016-11,11,2016,24.64
M.D. of Pincher Creek No. 9,2016-12,12,2016,38.05
M.D. of Pincher Creek No. 9,2017-01,1,2017,28
M.D. of Pincher Creek No. 9,2017-02,2,2017,80.1
M.D. of Pincher Creek No. 9,2017-03,3,2017,57.07
M.D. of Pincher Creek No. 9,2017-04,4,2017,81.65
M.D. of Pincher Creek No. 9,2017-05,5,2017,82.8
M.D. of Pincher Creek No. 9,2017-06,6,2017,66.83
M.D. of Pincher Creek No. 9,2017-07,7,2017,17.52
M.D. of Pincher Creek No. 9,2017-08,8,2017,8.59
M.D. of Pincher Creek No. 9,2017-09,9,2017,18.42
M.D. of Pincher Creek No. 9,2017-10,10,2017,63.38
M.D. of Pincher Creek No. 9,2017-11,11,2017,64.9
M.D. of Pincher Creek No. 9,2017-12,12,2017,58.62
M.D. of Pincher Creek No. 9,2018-01,1,2018,28.46
M.D. of Pincher Creek No. 9,2018-02,2,2018,57.96
M.D. of Pincher Creek No. 9,2018-03,3,2018,46.41
M.D. of Pincher Creek No. 9,2018-04,4,2018,64.49
M.D. of Pincher Creek No. 9,2018-05,5,2018,56
M.D. of Pincher Creek No. 9,2018-06,6,2018,59.36
M.D. of Pincher Creek No. 9,2018-07,7,2018,34.15
M.D. of Pincher Creek No. 9,2018-08,8,2018,30.99
M.D. of Pincher Creek No. 9,2018-09,9,2018,42.75
M.D. of Pincher Creek No. 9,2018-10,10,2018,63.99
M.D. of Pincher Creek No. 9,2018-11,11,2018,20.61
M.D. of Pincher Creek No. 9,2018-12,12,2018,30.26
M.D. of Pincher Creek No. 9,2019-01,1,2019,26.55
M.D. of Pincher Creek No. 9,2019-02,2,2019,39.47
M.D. of Pincher Creek No. 9,2019-03,3,2019,24.72
M.D. of Pincher Creek No. 9,2019-04,4,2019,42.77
M.D. of Pincher Creek No. 9,2019-05,5,2019,125.34
M.D. of Pincher Creek No. 9,2019-06,6,2019,70.77
M.D. of Pincher Creek No. 9,2019-07,7,2019,55.98
M.D. of Pincher Creek No. 9,2019-08,8,2019,50.35
M.D. of Pincher Creek No. 9,2019-09,9,2019,127.95
M.D. of Pincher Creek No. 9,2019-10,10,2019,50.15
M.D. of Pincher Creek No. 9,2019-11,11,2019,57.63
M.D. of Pincher Creek No. 9,2019-12,12,2019,38.98
M.D. of Pincher Creek No. 9,2020-01,1,2020,24.06
M.D. of Pincher Creek No. 9,2020-02,2,2020,37.77
M.D. of Pincher Creek No. 9,2020-03,3,2020,63.29
M.D. of Pincher Creek No. 9,2020-04,4,2020,48.97
M.D. of Pincher Creek No. 9,2020-05,5,2020,76.24
M.D. of Pincher Creek No. 9,2020-06,6,2020,133.79
M.D. of Pincher Creek No. 9,2020-07,7,2020,14.15
M.D. of Pincher Creek No. 9,2020-08,8,2020,14.31
M.D. of Pincher Creek No. 9,2020-09,9,2020,31.64
M.D. of Pincher Creek No. 9,2020-10,10,2020,50.33
M.D. of Pincher Creek No. 9,2020-11,11,2020,55.85
M.D. of Pincher Creek No. 9,2020-12,12,2020,41.87
M.D. of Pincher Creek No. 9,2021-01,1,2021,12.44
M.D. of Pincher Creek No. 9,2021-02,2,2021,28.95
M.D. of Pincher Creek No. 9,2021-03,3,2021,29.06
M.D. of Pincher Creek No. 9,2021-04,4,2021,60.32
M.D. of Pincher Creek No. 9,2021-05,5,2021,76.43
M.D. of Pincher Creek No. 9,2021-06,6,2021,52.19
M.D. of Pincher Creek No. 9,2021-07,7,2021,25.77
M.D. of Pincher Creek No. 9,2021-08,8,2021,104.4
M.D. of Pincher Creek No. 9,2021-09,9,2021,13.34
M.D. of Pincher Creek No. 9,2021-10,10,2021,63.16
M.D. of Pincher Creek No. 9,2021-11,11,2021,48.75
M.D. of Pincher Creek No. 9,2021-12,12,2021,62.58
M.D. of Pincher Creek No. 9,2022-01,1,2022,32.26
M.D. of Pincher Creek No. 9,2022-02,2,2022,21.82
M.D. of Pincher Creek No. 9,2022-03,3,2022,44
M.D. of Pincher Creek No. 9,2022-04,4,2022,28.9
M.D. of Pincher Creek No. 9,2022-05,5,2022,37.15
M.D. of Pincher Creek No. 9,2022-06,6,2022,114.52
M.D. of Pincher Creek No. 9,2022-07,7,2022,52.42
M.D. of Pincher Creek No. 9,2022-08,8,2022,33.01
M.D. of Pincher Creek No. 9,2022-09,9,2022,37
M.D. of Pincher Creek No. 9,2022-10,10,2022,53.48
M.D. of Pincher Creek No. 9,2022-11,11,2022,76.25
M.D. of Pincher Creek No. 9,2022-12,12,2022,33.11
M.D. of Pincher Creek No. 9,2023-01,1,2023,13.78
M.D. of Pincher Creek No. 9,2023-02,2,2023,36.2
M.D. of Pincher Creek No. 9,2023-03,3,2023,28.5
M.D. of Pincher Creek No. 9,2023-04,4,2023,37.6
M.D. of Pincher Creek No. 9,2023-05,5,2023,31.98
M.D. of Pincher Creek No. 9,2023-06,6,2023,60.94
M.D. of Pincher Creek No. 9,2023-07,7,2023,37.31
M.D. of Pincher Creek No. 9,2023-08,8,2023,71.28
M.D. of Pincher Creek No. 9,2023-09,9,2023,52.06
M.D. of Pincher Creek No. 9,2023-10,10,2023,39.4
M.D. of Pincher Creek No. 9,2023-11,11,2023,22.59
M.D. of Pincher Creek No. 9,2023-12,12,2023,38.72
M.D. of Pincher Creek No. 9,2024-01,1,2024,30.1
M.D. of Pincher Creek No. 9,2024-02,2,2024,62.03
M.D. of Pincher Creek No. 9,2024-03,3,2024,40.44
M.D. of Pincher Creek No. 9,2024-04,4,2024,57.56
M.D. of Pincher Creek No. 9,2024-05,5,2024,75.13
M.D. of Pincher Creek No. 9,2024-06,6,2024,50.29
M.D. of Provost No. 52,2012-01,1,2012,3.71
M.D. of Provost No. 52,2012-02,2,2012,2.59
M.D. of Provost No. 52,2012-03,3,2012,25.41
M.D. of Provost No. 52,2012-04,4,2012,41.5
M.D. of Provost No. 52,2012-05,5,2012,69.61
M.D. of Provost No. 52,2012-06,6,2012,138.64
M.D. of Provost No. 52,2012-07,7,2012,76.97
M.D. of Provost No. 52,2012-08,8,2012,30.96
M.D. of Provost No. 52,2012-09,9,2012,12.08
M.D. of Provost No. 52,2012-10,10,2012,29.6
M.D. of Provost No. 52,2012-11,11,2012,12.01
M.D. of Provost No. 52,2012-12,12,2012,17.71
M.D. of Provost No. 52,2013-01,1,2013,11.03
M.D. of Provost No. 52,2013-02,2,2013,8.6
M.D. of Provost No. 52,2013-03,3,2013,9.95
M.D. of Provost No. 52,2013-04,4,2013,15.25
M.D. of Provost No. 52,2013-05,5,2013,33.64
M.D. of Provost No. 52,2013-06,6,2013,83.02
M.D. of Provost No. 52,2013-07,7,2013,39.23
M.D. of Provost No. 52,2013-08,8,2013,57.32
M.D. of Provost No. 52,2013-09,9,2013,6.66
M.D. of Provost No. 52,2013-10,10,2013,3.5
M.D. of Provost No. 52,2013-11,11,2013,16.31
M.D. of Provost No. 52,2013-12,12,2013,13.24
M.D. of Provost No. 52,2014-01,1,2014,6.6
M.D. of Provost No. 52,2014-02,2,2014,5.18
M.D. of Provost No. 52,2014-03,3,2014,7.09
M.D. of Provost No. 52,2014-04,4,2014,32.8
M.D. of Provost No. 52,2014-05,5,2014,27.59
M.D. of Provost No. 52,2014-06,6,2014,94.05
M.D. of Provost No. 52,2014-07,7,2014,57.14
M.D. of Provost No. 52,2014-08,8,2014,68.74
M.D. of Provost No. 52,2014-09,9,2014,34.42
M.D. of Provost No. 52,2014-10,10,2014,5.12
M.D. of Provost No. 52,2014-11,11,2014,47.96
M.D. of Provost No. 52,2014-12,12,2014,4.43
M.D. of Provost No. 52,2015-01,1,2015,8.61
M.D. of Provost No. 52,2015-02,2,2015,21.89
M.D. of Provost No. 52,2015-03,3,2015,14.44
M.D. of Provost No. 52,2015-04,4,2015,13.04
M.D. of Provost No. 52,2015-05,5,2015,4.58
M.D. of Provost No. 52,2015-06,6,2015,39.84
M.D. of Provost No. 52,2015-07,7,2015,45.25
M.D. of Provost No. 52,2015-08,8,2015,104.71
M.D. of Provost No. 52,2015-09,9,2015,62.16
M.D. of Provost No. 52,2015-10,10,2015,15.28
M.D. of Provost No. 52,2015-11,11,2015,8.75
M.D. of Provost No. 52,2015-12,12,2015,3.51
M.D. of Provost No. 52,2016-01,1,2016,11.6
M.D. of Provost No. 52,2016-02,2,2016,10.1
M.D. of Provost No. 52,2016-03,3,2016,19.01
M.D. of Provost No. 52,2016-04,4,2016,24.77
M.D. of Provost No. 52,2016-05,5,2016,89.21
M.D. of Provost No. 52,2016-06,6,2016,57.6
M.D. of Provost No. 52,2016-07,7,2016,73.7
M.D. of Provost No. 52,2016-08,8,2016,68.55
M.D. of Provost No. 52,2016-09,9,2016,16.05
M.D. of Provost No. 52,2016-10,10,2016,23.59
M.D. of Provost No. 52,2016-11,11,2016,15.3
M.D. of Provost No. 52,2016-12,12,2016,5.4
M.D. of Provost No. 52,2017-01,1,2017,8.04
M.D. of Provost No. 52,2017-02,2,2017,7.82
M.D. of Provost No. 52,2017-03,3,2017,21.57
M.D. of Provost No. 52,2017-04,4,2017,44.46
M.D. of Provost No. 52,2017-05,5,2017,58.64
M.D. of Provost No. 52,2017-06,6,2017,55.89
M.D. of Provost No. 52,2017-07,7,2017,49.03
M.D. of Provost No. 52,2017-08,8,2017,59.17
M.D. of Provost No. 52,2017-09,9,2017,21.36
M.D. of Provost No. 52,2017-10,10,2017,68
M.D. of Provost No. 52,2017-11,11,2017,19.47
M.D. of Provost No. 52,2017-12,12,2017,2.05
M.D. of Provost No. 52,2018-01,1,2018,5.21
M.D. of Provost No. 52,2018-02,2,2018,5.42
M.D. of Provost No. 52,2018-03,3,2018,17.36
M.D. of Provost No. 52,2018-04,4,2018,5.38
M.D. of Provost No. 52,2018-05,5,2018,35.28
M.D. of Provost No. 52,2018-06,6,2018,58.86
M.D. of Provost No. 52,2018-07,7,2018,63.11
M.D. of Provost No. 52,2018-08,8,2018,22.84
M.D. of Provost No. 52,2018-09,9,2018,59.25
M.D. of Provost No. 52,2018-10,10,2018,18.26
M.D. of Provost No. 52,2018-11,11,2018,14.84
M.D. of Provost No. 52,2018-12,12,2018,12.17
M.D. of Provost No. 52,2019-01,1,2019,8.12
M.D. of Provost No. 52,2019-02,2,2019,12.67
M.D. of Provost No. 52,2019-03,3,2019,2.13
M.D. of Provost No. 52,2019-04,4,2019,7.15
M.D. of Provost No. 52,2019-05,5,2019,18.21
M.D. of Provost No. 52,2019-06,6,2019,71.28
M.D. of Provost No. 52,2019-07,7,2019,94.18
M.D. of Provost No. 52,2019-08,8,2019,27.15
M.D. of Provost No. 52,2019-09,9,2019,44.94
M.D. of Provost No. 52,2019-10,10,2019,9.07
M.D. of Provost No. 52,2019-11,11,2019,13.4
M.D. of Provost No. 52,2019-12,12,2019,5.4
M.D. of Provost No. 52,2020-01,1,2020,7.23
M.D. of Provost No. 52,2020-02,2,2020,9.73
M.D. of Provost No. 52,2020-03,3,2020,15.89
M.D. of Provost No. 52,2020-04,4,2020,8.54
M.D. of Provost No. 52,2020-05,5,2020,32.3
M.D. of Provost No. 52,2020-06,6,2020,96.61
M.D. of Provost No. 52,2020-07,7,2020,105.14
M.D. of Provost No. 52,2020-08,8,2020,73.79
M.D. of Provost No. 52,2020-09,9,2020,22.6
M.D. of Provost No. 52,2020-10,10,2020,5.66
M.D. of Provost No. 52,2020-11,11,2020,22.27
M.D. of Provost No. 52,2020-12,12,2020,1
M.D. of Provost No. 52,2021-01,1,2021,2.88
M.D. of Provost No. 52,2021-02,2,2021,2.19
M.D. of Provost No. 52,2021-03,3,2021,3.33
M.D. of Provost No. 52,2021-04,4,2021,3.95
M.D. of Provost No. 52,2021-05,5,2021,50.42
M.D. of Provost No. 52,2021-06,6,2021,50.97
M.D. of Provost No. 52,2021-07,7,2021,33.19
M.D. of Provost No. 52,2021-08,8,2021,27.32
M.D. of Provost No. 52,2021-09,9,2021,15.84
M.D. of Provost No. 52,2021-10,10,2021,11.93
M.D. of Provost No. 52,2021-11,11,2021,6.89
M.D. of Provost No. 52,2021-12,12,2021,16.82
M.D. of Provost No. 52,2022-01,1,2022,16.52
M.D. of Provost No. 52,2022-02,2,2022,12.04
M.D. of Provost No. 52,2022-03,3,2022,10.77
M.D. of Provost No. 52,2022-04,4,2022,19.91
M.D. of Provost No. 52,2022-05,5,2022,32.57
M.D. of Provost No. 52,2022-06,6,2022,108.18
M.D. of Provost No. 52,2022-07,7,2022,87.34
M.D. of Provost No. 52,2022-08,8,2022,29.67
M.D. of Provost No. 52,2022-09,9,2022,2.32
M.D. of Provost No. 52,2022-10,10,2022,6.83
M.D. of Provost No. 52,2022-11,11,2022,20.15
M.D. of Provost No. 52,2022-12,12,2022,18.17
M.D. of Provost No. 52,2023-01,1,2023,4.17
M.D. of Provost No. 52,2023-02,2,2023,4.23
M.D. of Provost No. 52,2023-03,3,2023,2.61
M.D. of Provost No. 52,2023-04,4,2023,12.79
M.D. of Provost No. 52,2023-05,5,2023,21.09
M.D. of Provost No. 52,2023-06,6,2023,66.64
M.D. of Provost No. 52,2023-07,7,2023,63.74
M.D. of Provost No. 52,2023-08,8,2023,24.56
M.D. of Provost No. 52,2023-09,9,2023,17.25
M.D. of Provost No. 52,2023-10,10,2023,5.13
M.D. of Provost No. 52,2023-11,11,2023,2.62
M.D. of Provost No. 52,2023-12,12,2023,7.54
M.D. of Provost No. 52,2024-01,1,2024,8.72
M.D. of Provost No. 52,2024-02,2,2024,15.62
M.D. of Provost No. 52,2024-03,3,2024,10.95
M.D. of Provost No. 52,2024-04,4,2024,16.11
M.D. of Provost No. 52,2024-05,5,2024,73.11
M.D. of Provost No. 52,2024-06,6,2024,108.32
M.D. of Ranchland No. 66,2012-01,1,2012,36.62
M.D. of Ranchland No. 66,2012-02,2,2012,23.74
M.D. of Ranchland No. 66,2012-03,3,2012,76.76
M.D. of Ranchland No. 66,2012-04,4,2012,48.68
M.D. of Ranchland No. 66,2012-05,5,2012,71.72
M.D. of Ranchland No. 66,2012-06,6,2012,160.61
M.D. of Ranchland No. 66,2012-07,7,2012,70.85
M.D. of Ranchland No. 66,2012-08,8,2012,43.8
M.D. of Ranchland No. 66,2012-09,9,2012,12.34
M.D. of Ranchland No. 66,2012-10,10,2012,77.59
M.D. of Ranchland No. 66,2012-11,11,2012,42.56
M.D. of Ranchland No. 66,2012-12,12,2012,26.88
M.D. of Ranchland No. 66,2013-01,1,2013,16.32
M.D. of Ranchland No. 66,2013-02,2,2013,24.23
M.D. of Ranchland No. 66,2013-03,3,2013,51.73
M.D. of Ranchland No. 66,2013-04,4,2013,73.02
M.D. of Ranchland No. 66,2013-05,5,2013,123.72
M.D. of Ranchland No. 66,2013-06,6,2013,177.19
M.D. of Ranchland No. 66,2013-07,7,2013,64.59
M.D. of Ranchland No. 66,2013-08,8,2013,90.46
M.D. of Ranchland No. 66,2013-09,9,2013,93.44
M.D. of Ranchland No. 66,2013-10,10,2013,36.3
M.D. of Ranchland No. 66,2013-11,11,2013,36.16
M.D. of Ranchland No. 66,2013-12,12,2013,28.9
M.D. of Ranchland No. 66,2014-01,1,2014,40.61
M.D. of Ranchland No. 66,2014-02,2,2014,30.28
M.D. of Ranchland No. 66,2014-03,3,2014,52.55
M.D. of Ranchland No. 66,2014-04,4,2014,54.14
M.D. of Ranchland No. 66,2014-05,5,2014,79.49
M.D. of Ranchland No. 66,2014-06,6,2014,169.16
M.D. of Ranchland No. 66,2014-07,7,2014,18.9
M.D. of Ranchland No. 66,2014-08,8,2014,81.07
M.D. of Ranchland No. 66,2014-09,9,2014,111.29
M.D. of Ranchland No. 66,2014-10,10,2014,31.7
M.D. of Ranchland No. 66,2014-11,11,2014,83.28
M.D. of Ranchland No. 66,2014-12,12,2014,19.25
M.D. of Ranchland No. 66,2015-01,1,2015,16.3
M.D. of Ranchland No. 66,2015-02,2,2015,30
M.D. of Ranchland No. 66,2015-03,3,2015,71.59
M.D. of Ranchland No. 66,2015-04,4,2015,30.06
M.D. of Ranchland No. 66,2015-05,5,2015,65.4
M.D. of Ranchland No. 66,2015-06,6,2015,76.4
M.D. of Ranchland No. 66,2015-07,7,2015,41.89
M.D. of Ranchland No. 66,2015-08,8,2015,50.31
M.D. of Ranchland No. 66,2015-09,9,2015,56.29
M.D. of Ranchland No. 66,2015-10,10,2015,31.81
M.D. of Ranchland No. 66,2015-11,11,2015,66.09
M.D. of Ranchland No. 66,2015-12,12,2015,32.79
M.D. of Ranchland No. 66,2016-01,1,2016,16.26
M.D. of Ranchland No. 66,2016-02,2,2016,8.81
M.D. of Ranchland No. 66,2016-03,3,2016,34.79
M.D. of Ranchland No. 66,2016-04,4,2016,15.07
M.D. of Ranchland No. 66,2016-05,5,2016,90.34
M.D. of Ranchland No. 66,2016-06,6,2016,28.31
M.D. of Ranchland No. 66,2016-07,7,2016,109.21
M.D. of Ranchland No. 66,2016-08,8,2016,68.27
M.D. of Ranchland No. 66,2016-09,9,2016,67.36
M.D. of Ranchland No. 66,2016-10,10,2016,62.34
M.D. of Ranchland No. 66,2016-11,11,2016,19.68
M.D. of Ranchland No. 66,2016-12,12,2016,29.48
M.D. of Ranchland No. 66,2017-01,1,2017,17.55
M.D. of Ranchland No. 66,2017-02,2,2017,77.21
M.D. of Ranchland No. 66,2017-03,3,2017,51.04
M.D. of Ranchland No. 66,2017-04,4,2017,97.83
M.D. of Ranchland No. 66,2017-05,5,2017,73.05
M.D. of Ranchland No. 66,2017-06,6,2017,48.41
M.D. of Ranchland No. 66,2017-07,7,2017,21.59
M.D. of Ranchland No. 66,2017-08,8,2017,18.14
M.D. of Ranchland No. 66,2017-09,9,2017,20.62
M.D. of Ranchland No. 66,2017-10,10,2017,56.67
M.D. of Ranchland No. 66,2017-11,11,2017,66.04
M.D. of Ranchland No. 66,2017-12,12,2017,44.59
M.D. of Ranchland No. 66,2018-01,1,2018,22.5
M.D. of Ranchland No. 66,2018-02,2,2018,58.86
M.D. of Ranchland No. 66,2018-03,3,2018,67.31
M.D. of Ranchland No. 66,2018-04,4,2018,61.71
M.D. of Ranchland No. 66,2018-05,5,2018,41.47
M.D. of Ranchland No. 66,2018-06,6,2018,77.35
M.D. of Ranchland No. 66,2018-07,7,2018,64.8
M.D. of Ranchland No. 66,2018-08,8,2018,30.4
M.D. of Ranchland No. 66,2018-09,9,2018,37.2
M.D. of Ranchland No. 66,2018-10,10,2018,49.23
M.D. of Ranchland No. 66,2018-11,11,2018,17.09
M.D. of Ranchland No. 66,2018-12,12,2018,16.92
M.D. of Ranchland No. 66,2019-01,1,2019,17.92
M.D. of Ranchland No. 66,2019-02,2,2019,29.39
M.D. of Ranchland No. 66,2019-03,3,2019,23.68
M.D. of Ranchland No. 66,2019-04,4,2019,42.49
M.D. of Ranchland No. 66,2019-05,5,2019,89.24
M.D. of Ranchland No. 66,2019-06,6,2019,77.47
M.D. of Ranchland No. 66,2019-07,7,2019,86.31
M.D. of Ranchland No. 66,2019-08,8,2019,73.86
M.D. of Ranchland No. 66,2019-09,9,2019,121.39
M.D. of Ranchland No. 66,2019-10,10,2019,47.69
M.D. of Ranchland No. 66,2019-11,11,2019,58.09
M.D. of Ranchland No. 66,2019-12,12,2019,44.45
M.D. of Ranchland No. 66,2020-01,1,2020,13
M.D. of Ranchland No. 66,2020-02,2,2020,37.73
M.D. of Ranchland No. 66,2020-03,3,2020,63.74
M.D. of Ranchland No. 66,2020-04,4,2020,42.62
M.D. of Ranchland No. 66,2020-05,5,2020,77.02
M.D. of Ranchland No. 66,2020-06,6,2020,95.31
M.D. of Ranchland No. 66,2020-07,7,2020,17
M.D. of Ranchland No. 66,2020-08,8,2020,13.77
M.D. of Ranchland No. 66,2020-09,9,2020,33.64
M.D. of Ranchland No. 66,2020-10,10,2020,57.93
M.D. of Ranchland No. 66,2020-11,11,2020,44.89
M.D. of Ranchland No. 66,2020-12,12,2020,58.17
M.D. of Ranchland No. 66,2021-01,1,2021,14.98
M.D. of Ranchland No. 66,2021-02,2,2021,25.14
M.D. of Ranchland No. 66,2021-03,3,2021,32.17
M.D. of Ranchland No. 66,2021-04,4,2021,58.97
M.D. of Ranchland No. 66,2021-05,5,2021,91.3
M.D. of Ranchland No. 66,2021-06,6,2021,44.97
M.D. of Ranchland No. 66,2021-07,7,2021,49.77
M.D. of Ranchland No. 66,2021-08,8,2021,107
M.D. of Ranchland No. 66,2021-09,9,2021,8.4
M.D. of Ranchland No. 66,2021-10,10,2021,65.87
M.D. of Ranchland No. 66,2021-11,11,2021,69.3
M.D. of Ranchland No. 66,2021-12,12,2021,61.38
M.D. of Ranchland No. 66,2022-01,1,2022,32.12
M.D. of Ranchland No. 66,2022-02,2,2022,15.5
M.D. of Ranchland No. 66,2022-03,3,2022,41.07
M.D. of Ranchland No. 66,2022-04,4,2022,22.9
M.D. of Ranchland No. 66,2022-05,5,2022,46.56
M.D. of Ranchland No. 66,2022-06,6,2022,141.96
M.D. of Ranchland No. 66,2022-07,7,2022,64.43
M.D. of Ranchland No. 66,2022-08,8,2022,66.05
M.D. of Ranchland No. 66,2022-09,9,2022,34.41
M.D. of Ranchland No. 66,2022-10,10,2022,67.78
M.D. of Ranchland No. 66,2022-11,11,2022,63.58
M.D. of Ranchland No. 66,2022-12,12,2022,25.02
M.D. of Ranchland No. 66,2023-01,1,2023,9.13
M.D. of Ranchland No. 66,2023-02,2,2023,36.61
M.D. of Ranchland No. 66,2023-03,3,2023,39.89
M.D. of Ranchland No. 66,2023-04,4,2023,49.33
M.D. of Ranchland No. 66,2023-05,5,2023,37.09
M.D. of Ranchland No. 66,2023-06,6,2023,79.37
M.D. of Ranchland No. 66,2023-07,7,2023,52.98
M.D. of Ranchland No. 66,2023-08,8,2023,65.94
M.D. of Ranchland No. 66,2023-09,9,2023,50.82
M.D. of Ranchland No. 66,2023-10,10,2023,34.67
M.D. of Ranchland No. 66,2023-11,11,2023,16.97
M.D. of Ranchland No. 66,2023-12,12,2023,44.78
M.D. of Ranchland No. 66,2024-01,1,2024,27.43
M.D. of Ranchland No. 66,2024-02,2,2024,59.33
M.D. of Ranchland No. 66,2024-03,3,2024,53.7
M.D. of Ranchland No. 66,2024-04,4,2024,80.48
M.D. of Ranchland No. 66,2024-05,5,2024,68.35
M.D. of Ranchland No. 66,2024-06,6,2024,73.33
M.D. of Smoky River No. 130,2012-01,1,2012,18.56
M.D. of Smoky River No. 130,2012-02,2,2012,7.3
M.D. of Smoky River No. 130,2012-03,3,2012,12.36
M.D. of Smoky River No. 130,2012-04,4,2012,42.14
M.D. of Smoky River No. 130,2012-05,5,2012,46.41
M.D. of Smoky River No. 130,2012-06,6,2012,89.49
M.D. of Smoky River No. 130,2012-07,7,2012,91.52
M.D. of Smoky River No. 130,2012-08,8,2012,42.92
M.D. of Smoky River No. 130,2012-09,9,2012,34.58
M.D. of Smoky River No. 130,2012-10,10,2012,72.31
M.D. of Smoky River No. 130,2012-11,11,2012,24.2
M.D. of Smoky River No. 130,2012-12,12,2012,29.08
M.D. of Smoky River No. 130,2013-01,1,2013,39.39
M.D. of Smoky River No. 130,2013-02,2,2013,12.21
M.D. of Smoky River No. 130,2013-03,3,2013,18.09
M.D. of Smoky River No. 130,2013-04,4,2013,17.16
M.D. of Smoky River No. 130,2013-05,5,2013,25.82
M.D. of Smoky River No. 130,2013-06,6,2013,119.15
M.D. of Smoky River No. 130,2013-07,7,2013,66.94
M.D. of Smoky River No. 130,2013-08,8,2013,20.73
M.D. of Smoky River No. 130,2013-09,9,2013,22.11
M.D. of Smoky River No. 130,2013-10,10,2013,14.52
M.D. of Smoky River No. 130,2013-11,11,2013,22.02
M.D. of Smoky River No. 130,2013-12,12,2013,60.95
M.D. of Smoky River No. 130,2014-01,1,2014,5.31
M.D. of Smoky River No. 130,2014-02,2,2014,10.37
M.D. of Smoky River No. 130,2014-03,3,2014,8.21
M.D. of Smoky River No. 130,2014-04,4,2014,27.23
M.D. of Smoky River No. 130,2014-05,5,2014,18.97
M.D. of Smoky River No. 130,2014-06,6,2014,53.74
M.D. of Smoky River No. 130,2014-07,7,2014,29.81
M.D. of Smoky River No. 130,2014-08,8,2014,3.78
M.D. of Smoky River No. 130,2014-09,9,2014,42.96
M.D. of Smoky River No. 130,2014-10,10,2014,23.97
M.D. of Smoky River No. 130,2014-11,11,2014,31.69
M.D. of Smoky River No. 130,2014-12,12,2014,9.43
M.D. of Smoky River No. 130,2015-01,1,2015,18.01
M.D. of Smoky River No. 130,2015-02,2,2015,14.11
M.D. of Smoky River No. 130,2015-03,3,2015,25.26
M.D. of Smoky River No. 130,2015-04,4,2015,28.64
M.D. of Smoky River No. 130,2015-05,5,2015,19.44
M.D. of Smoky River No. 130,2015-06,6,2015,36.67
M.D. of Smoky River No. 130,2015-07,7,2015,39.87
M.D. of Smoky River No. 130,2015-08,8,2015,53.58
M.D. of Smoky River No. 130,2015-09,9,2015,39.54
M.D. of Smoky River No. 130,2015-10,10,2015,31.95
M.D. of Smoky River No. 130,2015-11,11,2015,8.85
M.D. of Smoky River No. 130,2015-12,12,2015,9.85
M.D. of Smoky River No. 130,2016-01,1,2016,17.38
M.D. of Smoky River No. 130,2016-02,2,2016,11.23
M.D. of Smoky River No. 130,2016-03,3,2016,17.29
M.D. of Smoky River No. 130,2016-04,4,2016,13.14
M.D. of Smoky River No. 130,2016-05,5,2016,75.71
M.D. of Smoky River No. 130,2016-06,6,2016,157.06
M.D. of Smoky River No. 130,2016-07,7,2016,60.38
M.D. of Smoky River No. 130,2016-08,8,2016,74.24
M.D. of Smoky River No. 130,2016-09,9,2016,55.94
M.D. of Smoky River No. 130,2016-10,10,2016,37.71
M.D. of Smoky River No. 130,2016-11,11,2016,8.49
M.D. of Smoky River No. 130,2016-12,12,2016,8.33
M.D. of Smoky River No. 130,2017-01,1,2017,9.09
M.D. of Smoky River No. 130,2017-02,2,2017,11.09
M.D. of Smoky River No. 130,2017-03,3,2017,6.85
M.D. of Smoky River No. 130,2017-04,4,2017,37.84
M.D. of Smoky River No. 130,2017-05,5,2017,61.91
M.D. of Smoky River No. 130,2017-06,6,2017,47.48
M.D. of Smoky River No. 130,2017-07,7,2017,54.54
M.D. of Smoky River No. 130,2017-08,8,2017,57.15
M.D. of Smoky River No. 130,2017-09,9,2017,59.43
M.D. of Smoky River No. 130,2017-10,10,2017,33.84
M.D. of Smoky River No. 130,2017-11,11,2017,31.69
M.D. of Smoky River No. 130,2017-12,12,2017,3.96
M.D. of Smoky River No. 130,2018-01,1,2018,17.58
M.D. of Smoky River No. 130,2018-02,2,2018,13.77
M.D. of Smoky River No. 130,2018-03,3,2018,27.29
M.D. of Smoky River No. 130,2018-04,4,2018,12.99
M.D. of Smoky River No. 130,2018-05,5,2018,12.7
M.D. of Smoky River No. 130,2018-06,6,2018,97.57
M.D. of Smoky River No. 130,2018-07,7,2018,137.65
M.D. of Smoky River No. 130,2018-08,8,2018,38.71
M.D. of Smoky River No. 130,2018-09,9,2018,26.29
M.D. of Smoky River No. 130,2018-10,10,2018,20.86
M.D. of Smoky River No. 130,2018-11,11,2018,25.24
M.D. of Smoky River No. 130,2018-12,12,2018,10.78
M.D. of Smoky River No. 130,2019-01,1,2019,13.53
M.D. of Smoky River No. 130,2019-02,2,2019,12.82
M.D. of Smoky River No. 130,2019-03,3,2019,1.12
M.D. of Smoky River No. 130,2019-04,4,2019,18.35
M.D. of Smoky River No. 130,2019-05,5,2019,12.2
M.D. of Smoky River No. 130,2019-06,6,2019,77.66
M.D. of Smoky River No. 130,2019-07,7,2019,108.38
M.D. of Smoky River No. 130,2019-08,8,2019,47.1
M.D. of Smoky River No. 130,2019-09,9,2019,35.62
M.D. of Smoky River No. 130,2019-10,10,2019,35.37
M.D. of Smoky River No. 130,2019-11,11,2019,28.99
M.D. of Smoky River No. 130,2019-12,12,2019,7.76
M.D. of Smoky River No. 130,2020-01,1,2020,17.92
M.D. of Smoky River No. 130,2020-02,2,2020,24.14
M.D. of Smoky River No. 130,2020-03,3,2020,25.46
M.D. of Smoky River No. 130,2020-04,4,2020,7.89
M.D. of Smoky River No. 130,2020-05,5,2020,49.78
M.D. of Smoky River No. 130,2020-06,6,2020,93.81
M.D. of Smoky River No. 130,2020-07,7,2020,75.92
M.D. of Smoky River No. 130,2020-08,8,2020,34.97
M.D. of Smoky River No. 130,2020-09,9,2020,13.01
M.D. of Smoky River No. 130,2020-10,10,2020,30.39
M.D. of Smoky River No. 130,2020-11,11,2020,16.61
M.D. of Smoky River No. 130,2020-12,12,2020,18.08
M.D. of Smoky River No. 130,2021-01,1,2021,7.16
M.D. of Smoky River No. 130,2021-02,2,2021,15.19
M.D. of Smoky River No. 130,2021-03,3,2021,14.59
M.D. of Smoky River No. 130,2021-04,4,2021,17.54
M.D. of Smoky River No. 130,2021-05,5,2021,42.39
M.D. of Smoky River No. 130,2021-06,6,2021,33.87
M.D. of Smoky River No. 130,2021-07,7,2021,20.03
M.D. of Smoky River No. 130,2021-08,8,2021,57.12
M.D. of Smoky River No. 130,2021-09,9,2021,37.34
M.D. of Smoky River No. 130,2021-10,10,2021,15.42
M.D. of Smoky River No. 130,2021-11,11,2021,27.84
M.D. of Smoky River No. 130,2021-12,12,2021,17.25
M.D. of Smoky River No. 130,2022-01,1,2022,30.65
M.D. of Smoky River No. 130,2022-02,2,2022,25.08
M.D. of Smoky River No. 130,2022-03,3,2022,9.54
M.D. of Smoky River No. 130,2022-04,4,2022,44.42
M.D. of Smoky River No. 130,2022-05,5,2022,42.35
M.D. of Smoky River No. 130,2022-06,6,2022,43.96
M.D. of Smoky River No. 130,2022-07,7,2022,27.59
M.D. of Smoky River No. 130,2022-08,8,2022,47.02
M.D. of Smoky River No. 130,2022-09,9,2022,18.14
M.D. of Smoky River No. 130,2022-10,10,2022,7.8
M.D. of Smoky River No. 130,2022-11,11,2022,10.59
M.D. of Smoky River No. 130,2022-12,12,2022,19.85
M.D. of Smoky River No. 130,2023-01,1,2023,11.04
M.D. of Smoky River No. 130,2023-02,2,2023,17.16
M.D. of Smoky River No. 130,2023-03,3,2023,4.93
M.D. of Smoky River No. 130,2023-04,4,2023,10
M.D. of Smoky River No. 130,2023-05,5,2023,74.69
M.D. of Smoky River No. 130,2023-06,6,2023,41.99
M.D. of Smoky River No. 130,2023-07,7,2023,122.6
M.D. of Smoky River No. 130,2023-08,8,2023,65.28
M.D. of Smoky River No. 130,2023-09,9,2023,6.12
M.D. of Smoky River No. 130,2023-10,10,2023,8.62
M.D. of Smoky River No. 130,2023-11,11,2023,7.28
M.D. of Smoky River No. 130,2023-12,12,2023,2.53
M.D. of Smoky River No. 130,2024-01,1,2024,9.13
M.D. of Smoky River No. 130,2024-02,2,2024,7.46
M.D. of Smoky River No. 130,2024-03,3,2024,5.96
M.D. of Smoky River No. 130,2024-04,4,2024,8.84
M.D. of Smoky River No. 130,2024-05,5,2024,60.24
M.D. of Smoky River No. 130,2024-06,6,2024,94.18
M.D. of Spirit River No. 133,2012-01,1,2012,19.11
M.D. of Spirit River No. 133,2012-02,2,2012,8.7
M.D. of Spirit River No. 133,2012-03,3,2012,14.09
M.D. of Spirit River No. 133,2012-04,4,2012,29.76
M.D. of Spirit River No. 133,2012-05,5,2012,83.49
M.D. of Spirit River No. 133,2012-06,6,2012,74.51
M.D. of Spirit River No. 133,2012-07,7,2012,21.99
M.D. of Spirit River No. 133,2012-08,8,2012,18.68
M.D. of Spirit River No. 133,2012-09,9,2012,10.24
M.D. of Spirit River No. 133,2012-10,10,2012,94.39
M.D. of Spirit River No. 133,2012-11,11,2012,28.29
M.D. of Spirit River No. 133,2012-12,12,2012,30.68
M.D. of Spirit River No. 133,2013-01,1,2013,31.17
M.D. of Spirit River No. 133,2013-02,2,2013,6.08
M.D. of Spirit River No. 133,2013-03,3,2013,18.83
M.D. of Spirit River No. 133,2013-04,4,2013,17.08
M.D. of Spirit River No. 133,2013-05,5,2013,20.68
M.D. of Spirit River No. 133,2013-06,6,2013,108.86
M.D. of Spirit River No. 133,2013-07,7,2013,67.07
M.D. of Spirit River No. 133,2013-08,8,2013,37.85
M.D. of Spirit River No. 133,2013-09,9,2013,26.73
M.D. of Spirit River No. 133,2013-10,10,2013,10.58
M.D. of Spirit River No. 133,2013-11,11,2013,29.59
M.D. of Spirit River No. 133,2013-12,12,2013,83.87
M.D. of Spirit River No. 133,2014-01,1,2014,7.19
M.D. of Spirit River No. 133,2014-02,2,2014,19.1
M.D. of Spirit River No. 133,2014-03,3,2014,12.17
M.D. of Spirit River No. 133,2014-04,4,2014,21.52
M.D. of Spirit River No. 133,2014-05,5,2014,8.82
M.D. of Spirit River No. 133,2014-06,6,2014,39.4
M.D. of Spirit River No. 133,2014-07,7,2014,60.61
M.D. of Spirit River No. 133,2014-08,8,2014,5.19
M.D. of Spirit River No. 133,2014-09,9,2014,34.37
M.D. of Spirit River No. 133,2014-10,10,2014,41.19
M.D. of Spirit River No. 133,2014-11,11,2014,38.48
M.D. of Spirit River No. 133,2014-12,12,2014,12.99
M.D. of Spirit River No. 133,2015-01,1,2015,22.76
M.D. of Spirit River No. 133,2015-02,2,2015,24.3
M.D. of Spirit River No. 133,2015-03,3,2015,31.3
M.D. of Spirit River No. 133,2015-04,4,2015,26.03
M.D. of Spirit River No. 133,2015-05,5,2015,19.5
M.D. of Spirit River No. 133,2015-06,6,2015,46.92
M.D. of Spirit River No. 133,2015-07,7,2015,29.45
M.D. of Spirit River No. 133,2015-08,8,2015,56.44
M.D. of Spirit River No. 133,2015-09,9,2015,32.29
M.D. of Spirit River No. 133,2015-10,10,2015,33.81
M.D. of Spirit River No. 133,2015-11,11,2015,15.14
M.D. of Spirit River No. 133,2015-12,12,2015,9.16
M.D. of Spirit River No. 133,2016-01,1,2016,19.46
M.D. of Spirit River No. 133,2016-02,2,2016,16.41
M.D. of Spirit River No. 133,2016-03,3,2016,26.9
M.D. of Spirit River No. 133,2016-04,4,2016,9.93
M.D. of Spirit River No. 133,2016-05,5,2016,81.18
M.D. of Spirit River No. 133,2016-06,6,2016,81.77
M.D. of Spirit River No. 133,2016-07,7,2016,76.78
M.D. of Spirit River No. 133,2016-08,8,2016,72.1
M.D. of Spirit River No. 133,2016-09,9,2016,50.27
M.D. of Spirit River No. 133,2016-10,10,2016,51.99
M.D. of Spirit River No. 133,2016-11,11,2016,16.04
M.D. of Spirit River No. 133,2016-12,12,2016,4.55
M.D. of Spirit River No. 133,2017-01,1,2017,13.31
M.D. of Spirit River No. 133,2017-02,2,2017,13.15
M.D. of Spirit River No. 133,2017-03,3,2017,15.2
M.D. of Spirit River No. 133,2017-04,4,2017,43.71
M.D. of Spirit River No. 133,2017-05,5,2017,47.5
M.D. of Spirit River No. 133,2017-06,6,2017,44.23
M.D. of Spirit River No. 133,2017-07,7,2017,46.8
M.D. of Spirit River No. 133,2017-08,8,2017,32.57
M.D. of Spirit River No. 133,2017-09,9,2017,52.03
M.D. of Spirit River No. 133,2017-10,10,2017,49.97
M.D. of Spirit River No. 133,2017-11,11,2017,42.92
M.D. of Spirit River No. 133,2017-12,12,2017,2.6
M.D. of Spirit River No. 133,2018-01,1,2018,26.64
M.D. of Spirit River No. 133,2018-02,2,2018,19.01
M.D. of Spirit River No. 133,2018-03,3,2018,28.75
M.D. of Spirit River No. 133,2018-04,4,2018,15.03
M.D. of Spirit River No. 133,2018-05,5,2018,6.45
M.D. of Spirit River No. 133,2018-06,6,2018,53.16
M.D. of Spirit River No. 133,2018-07,7,2018,151.01
M.D. of Spirit River No. 133,2018-08,8,2018,29.24
M.D. of Spirit River No. 133,2018-09,9,2018,42.3
M.D. of Spirit River No. 133,2018-10,10,2018,19.99
M.D. of Spirit River No. 133,2018-11,11,2018,29.27
M.D. of Spirit River No. 133,2018-12,12,2018,22.16
M.D. of Spirit River No. 133,2019-01,1,2019,17.84
M.D. of Spirit River No. 133,2019-02,2,2019,14.48
M.D. of Spirit River No. 133,2019-03,3,2019,0.82
M.D. of Spirit River No. 133,2019-04,4,2019,22.28
M.D. of Spirit River No. 133,2019-05,5,2019,19.36
M.D. of Spirit River No. 133,2019-06,6,2019,40.8
M.D. of Spirit River No. 133,2019-07,7,2019,70.38
M.D. of Spirit River No. 133,2019-08,8,2019,42.8
M.D. of Spirit River No. 133,2019-09,9,2019,27.46
M.D. of Spirit River No. 133,2019-10,10,2019,40.47
M.D. of Spirit River No. 133,2019-11,11,2019,38.67
M.D. of Spirit River No. 133,2019-12,12,2019,6.62
M.D. of Spirit River No. 133,2020-01,1,2020,26.85
M.D. of Spirit River No. 133,2020-02,2,2020,20.1
M.D. of Spirit River No. 133,2020-03,3,2020,30.48
M.D. of Spirit River No. 133,2020-04,4,2020,5.21
M.D. of Spirit River No. 133,2020-05,5,2020,42.98
M.D. of Spirit River No. 133,2020-06,6,2020,59.88
M.D. of Spirit River No. 133,2020-07,7,2020,108.04
M.D. of Spirit River No. 133,2020-08,8,2020,43.72
M.D. of Spirit River No. 133,2020-09,9,2020,19.9
M.D. of Spirit River No. 133,2020-10,10,2020,29.18
M.D. of Spirit River No. 133,2020-11,11,2020,20.6
M.D. of Spirit River No. 133,2020-12,12,2020,21.07
M.D. of Spirit River No. 133,2021-01,1,2021,9.91
M.D. of Spirit River No. 133,2021-02,2,2021,17
M.D. of Spirit River No. 133,2021-03,3,2021,17.07
M.D. of Spirit River No. 133,2021-04,4,2021,14.46
M.D. of Spirit River No. 133,2021-05,5,2021,17.51
M.D. of Spirit River No. 133,2021-06,6,2021,36.99
M.D. of Spirit River No. 133,2021-07,7,2021,29.11
M.D. of Spirit River No. 133,2021-08,8,2021,32.72
M.D. of Spirit River No. 133,2021-09,9,2021,29.41
M.D. of Spirit River No. 133,2021-10,10,2021,17.85
M.D. of Spirit River No. 133,2021-11,11,2021,38.77
M.D. of Spirit River No. 133,2021-12,12,2021,21.33
M.D. of Spirit River No. 133,2022-01,1,2022,25.49
M.D. of Spirit River No. 133,2022-02,2,2022,29.4
M.D. of Spirit River No. 133,2022-03,3,2022,12.77
M.D. of Spirit River No. 133,2022-04,4,2022,45.63
M.D. of Spirit River No. 133,2022-05,5,2022,56.45
M.D. of Spirit River No. 133,2022-06,6,2022,66
M.D. of Spirit River No. 133,2022-07,7,2022,12.5
M.D. of Spirit River No. 133,2022-08,8,2022,34.07
M.D. of Spirit River No. 133,2022-09,9,2022,35.01
M.D. of Spirit River No. 133,2022-10,10,2022,9.31
M.D. of Spirit River No. 133,2022-11,11,2022,14.09
M.D. of Spirit River No. 133,2022-12,12,2022,29.72
M.D. of Spirit River No. 133,2023-01,1,2023,14.65
M.D. of Spirit River No. 133,2023-02,2,2023,21.01
M.D. of Spirit River No. 133,2023-03,3,2023,6.06
M.D. of Spirit River No. 133,2023-04,4,2023,15.32
M.D. of Spirit River No. 133,2023-05,5,2023,59.92
M.D. of Spirit River No. 133,2023-06,6,2023,26.01
M.D. of Spirit River No. 133,2023-07,7,2023,100.67
M.D. of Spirit River No. 133,2023-08,8,2023,58.88
M.D. of Spirit River No. 133,2023-09,9,2023,10.14
M.D. of Spirit River No. 133,2023-10,10,2023,13.36
M.D. of Spirit River No. 133,2023-11,11,2023,12.49
M.D. of Spirit River No. 133,2023-12,12,2023,6.38
M.D. of Spirit River No. 133,2024-01,1,2024,15.1
M.D. of Spirit River No. 133,2024-02,2,2024,8.91
M.D. of Spirit River No. 133,2024-03,3,2024,5.25
M.D. of Spirit River No. 133,2024-04,4,2024,23.15
M.D. of Spirit River No. 133,2024-05,5,2024,49.59
M.D. of Spirit River No. 133,2024-06,6,2024,71.66
M.D. of Taber,2012-01,1,2012,4.19
M.D. of Taber,2012-02,2,2012,10.1
M.D. of Taber,2012-03,3,2012,10.49
M.D. of Taber,2012-04,4,2012,36.57
M.D. of Taber,2012-05,5,2012,59.34
M.D. of Taber,2012-06,6,2012,112.44
M.D. of Taber,2012-07,7,2012,33.32
M.D. of Taber,2012-08,8,2012,23
M.D. of Taber,2012-09,9,2012,3.97
M.D. of Taber,2012-10,10,2012,36.89
M.D. of Taber,2012-11,11,2012,17.16
M.D. of Taber,2012-12,12,2012,8.04
M.D. of Taber,2013-01,1,2013,9.33
M.D. of Taber,2013-02,2,2013,3.87
M.D. of Taber,2013-03,3,2013,11.17
M.D. of Taber,2013-04,4,2013,17.06
M.D. of Taber,2013-05,5,2013,50.36
M.D. of Taber,2013-06,6,2013,71.7
M.D. of Taber,2013-07,7,2013,63.68
M.D. of Taber,2013-08,8,2013,21.09
M.D. of Taber,2013-09,9,2013,48.08
M.D. of Taber,2013-10,10,2013,20.89
M.D. of Taber,2013-11,11,2013,12.7
M.D. of Taber,2013-12,12,2013,13.71
M.D. of Taber,2014-01,1,2014,11.5
M.D. of Taber,2014-02,2,2014,3.24
M.D. of Taber,2014-03,3,2014,16.27
M.D. of Taber,2014-04,4,2014,22.81
M.D. of Taber,2014-05,5,2014,37.35
M.D. of Taber,2014-06,6,2014,98.31
M.D. of Taber,2014-07,7,2014,20.11
M.D. of Taber,2014-08,8,2014,56.49
M.D. of Taber,2014-09,9,2014,58.13
M.D. of Taber,2014-10,10,2014,13.67
M.D. of Taber,2014-11,11,2014,36.17
M.D. of Taber,2014-12,12,2014,15.16
M.D. of Taber,2015-01,1,2015,17.94
M.D. of Taber,2015-02,2,2015,7.86
M.D. of Taber,2015-03,3,2015,15.06
M.D. of Taber,2015-04,4,2015,12.15
M.D. of Taber,2015-05,5,2015,14.57
M.D. of Taber,2015-06,6,2015,25.96
M.D. of Taber,2015-07,7,2015,45.42
M.D. of Taber,2015-08,8,2015,19.28
M.D. of Taber,2015-09,9,2015,52.53
M.D. of Taber,2015-10,10,2015,9.22
M.D. of Taber,2015-11,11,2015,14.1
M.D. of Taber,2015-12,12,2015,14.81
M.D. of Taber,2016-01,1,2016,9.7
M.D. of Taber,2016-02,2,2016,3.39
M.D. of Taber,2016-03,3,2016,4.67
M.D. of Taber,2016-04,4,2016,28.77
M.D. of Taber,2016-05,5,2016,56.66
M.D. of Taber,2016-06,6,2016,39.39
M.D. of Taber,2016-07,7,2016,84.51
M.D. of Taber,2016-08,8,2016,48
M.D. of Taber,2016-09,9,2016,24.38
M.D. of Taber,2016-10,10,2016,23.27
M.D. of Taber,2016-11,11,2016,1.12
M.D. of Taber,2016-12,12,2016,14.42
M.D. of Taber,2017-01,1,2017,6.94
M.D. of Taber,2017-02,2,2017,15.48
M.D. of Taber,2017-03,3,2017,13.72
M.D. of Taber,2017-04,4,2017,20.71
M.D. of Taber,2017-05,5,2017,31.53
M.D. of Taber,2017-06,6,2017,61.42
M.D. of Taber,2017-07,7,2017,6.13
M.D. of Taber,2017-08,8,2017,13.78
M.D. of Taber,2017-09,9,2017,3.05
M.D. of Taber,2017-10,10,2017,29.34
M.D. of Taber,2017-11,11,2017,15.46
M.D. of Taber,2017-12,12,2017,19.61
M.D. of Taber,2018-01,1,2018,8.74
M.D. of Taber,2018-02,2,2018,21.17
M.D. of Taber,2018-03,3,2018,28.95
M.D. of Taber,2018-04,4,2018,17.42
M.D. of Taber,2018-05,5,2018,24.23
M.D. of Taber,2018-06,6,2018,45.22
M.D. of Taber,2018-07,7,2018,18.07
M.D. of Taber,2018-08,8,2018,19.13
M.D. of Taber,2018-09,9,2018,24.51
M.D. of Taber,2018-10,10,2018,11.11
M.D. of Taber,2018-11,11,2018,14.69
M.D. of Taber,2018-12,12,2018,8.19
M.D. of Taber,2019-01,1,2019,7.97
M.D. of Taber,2019-02,2,2019,18
M.D. of Taber,2019-03,3,2019,8.45
M.D. of Taber,2019-04,4,2019,6.14
M.D. of Taber,2019-05,5,2019,26.86
M.D. of Taber,2019-06,6,2019,33.08
M.D. of Taber,2019-07,7,2019,32
M.D. of Taber,2019-08,8,2019,28.7
M.D. of Taber,2019-09,9,2019,49.88
M.D. of Taber,2019-10,10,2019,9.2
M.D. of Taber,2019-11,11,2019,27.12
M.D. of Taber,2019-12,12,2019,10.14
M.D. of Taber,2020-01,1,2020,8.8
M.D. of Taber,2020-02,2,2020,14.15
M.D. of Taber,2020-03,3,2020,7.96
M.D. of Taber,2020-04,4,2020,16.84
M.D. of Taber,2020-05,5,2020,91.24
M.D. of Taber,2020-06,6,2020,101.86
M.D. of Taber,2020-07,7,2020,23.13
M.D. of Taber,2020-08,8,2020,6.95
M.D. of Taber,2020-09,9,2020,31.25
M.D. of Taber,2020-10,10,2020,20.66
M.D. of Taber,2020-11,11,2020,22.1
M.D. of Taber,2020-12,12,2020,10.43
M.D. of Taber,2021-01,1,2021,1.52
M.D. of Taber,2021-02,2,2021,12.02
M.D. of Taber,2021-03,3,2021,1.54
M.D. of Taber,2021-04,4,2021,9.45
M.D. of Taber,2021-05,5,2021,38.16
M.D. of Taber,2021-06,6,2021,13.64
M.D. of Taber,2021-07,7,2021,18.82
M.D. of Taber,2021-08,8,2021,40.83
M.D. of Taber,2021-09,9,2021,13.88
M.D. of Taber,2021-10,10,2021,25.77
M.D. of Taber,2021-11,11,2021,6.96
M.D. of Taber,2021-12,12,2021,8.67
M.D. of Taber,2022-01,1,2022,2.42
M.D. of Taber,2022-02,2,2022,6.94
M.D. of Taber,2022-03,3,2022,10.01
M.D. of Taber,2022-04,4,2022,4.81
M.D. of Taber,2022-05,5,2022,14.28
M.D. of Taber,2022-06,6,2022,98.1
M.D. of Taber,2022-07,7,2022,65.37
M.D. of Taber,2022-08,8,2022,27.8
M.D. of Taber,2022-09,9,2022,7.67
M.D. of Taber,2022-10,10,2022,21.28
M.D. of Taber,2022-11,11,2022,17.37
M.D. of Taber,2022-12,12,2022,21.81
M.D. of Taber,2023-01,1,2023,6.12
M.D. of Taber,2023-02,2,2023,9.94
M.D. of Taber,2023-03,3,2023,9.47
M.D. of Taber,2023-04,4,2023,12.86
M.D. of Taber,2023-05,5,2023,14.86
M.D. of Taber,2023-06,6,2023,17.73
M.D. of Taber,2023-07,7,2023,28.13
M.D. of Taber,2023-08,8,2023,15.49
M.D. of Taber,2023-09,9,2023,13.26
M.D. of Taber,2023-10,10,2023,34.55
M.D. of Taber,2023-11,11,2023,4.11
M.D. of Taber,2023-12,12,2023,6.9
M.D. of Taber,2024-01,1,2024,15.87
M.D. of Taber,2024-02,2,2024,12.02
M.D. of Taber,2024-03,3,2024,29.05
M.D. of Taber,2024-04,4,2024,27.21
M.D. of Taber,2024-05,5,2024,110.71
M.D. of Taber,2024-06,6,2024,50.19
M.D. of Wainwright No. 61,2012-01,1,2012,4.43
M.D. of Wainwright No. 61,2012-02,2,2012,3.27
M.D. of Wainwright No. 61,2012-03,3,2012,20.49
M.D. of Wainwright No. 61,2012-04,4,2012,39.07
M.D. of Wainwright No. 61,2012-05,5,2012,68.81
M.D. of Wainwright No. 61,2012-06,6,2012,117.4
M.D. of Wainwright No. 61,2012-07,7,2012,93.82
M.D. of Wainwright No. 61,2012-08,8,2012,44.02
M.D. of Wainwright No. 61,2012-09,9,2012,11.47
M.D. of Wainwright No. 61,2012-10,10,2012,21.91
M.D. of Wainwright No. 61,2012-11,11,2012,12.67
M.D. of Wainwright No. 61,2012-12,12,2012,16.33
M.D. of Wainwright No. 61,2013-01,1,2013,13.69
M.D. of Wainwright No. 61,2013-02,2,2013,7.54
M.D. of Wainwright No. 61,2013-03,3,2013,12.09
M.D. of Wainwright No. 61,2013-04,4,2013,17.02
M.D. of Wainwright No. 61,2013-05,5,2013,27.19
M.D. of Wainwright No. 61,2013-06,6,2013,84.66
M.D. of Wainwright No. 61,2013-07,7,2013,47.8
M.D. of Wainwright No. 61,2013-08,8,2013,59.67
M.D. of Wainwright No. 61,2013-09,9,2013,3.55
M.D. of Wainwright No. 61,2013-10,10,2013,5.27
M.D. of Wainwright No. 61,2013-11,11,2013,15.22
M.D. of Wainwright No. 61,2013-12,12,2013,18.06
M.D. of Wainwright No. 61,2014-01,1,2014,6.22
M.D. of Wainwright No. 61,2014-02,2,2014,5.65
M.D. of Wainwright No. 61,2014-03,3,2014,6.49
M.D. of Wainwright No. 61,2014-04,4,2014,38.06
M.D. of Wainwright No. 61,2014-05,5,2014,29.64
M.D. of Wainwright No. 61,2014-06,6,2014,111.67
M.D. of Wainwright No. 61,2014-07,7,2014,66.27
M.D. of Wainwright No. 61,2014-08,8,2014,40.91
M.D. of Wainwright No. 61,2014-09,9,2014,28.33
M.D. of Wainwright No. 61,2014-10,10,2014,5.09
M.D. of Wainwright No. 61,2014-11,11,2014,44.24
M.D. of Wainwright No. 61,2014-12,12,2014,3.71
M.D. of Wainwright No. 61,2015-01,1,2015,8.53
M.D. of Wainwright No. 61,2015-02,2,2015,21.01
M.D. of Wainwright No. 61,2015-03,3,2015,19.63
M.D. of Wainwright No. 61,2015-04,4,2015,10.8
M.D. of Wainwright No. 61,2015-05,5,2015,8.97
M.D. of Wainwright No. 61,2015-06,6,2015,31.46
M.D. of Wainwright No. 61,2015-07,7,2015,75.39
M.D. of Wainwright No. 61,2015-08,8,2015,83.66
M.D. of Wainwright No. 61,2015-09,9,2015,65.04
M.D. of Wainwright No. 61,2015-10,10,2015,17.11
M.D. of Wainwright No. 61,2015-11,11,2015,12.79
M.D. of Wainwright No. 61,2015-12,12,2015,3.5
M.D. of Wainwright No. 61,2016-01,1,2016,15.45
M.D. of Wainwright No. 61,2016-02,2,2016,7.24
M.D. of Wainwright No. 61,2016-03,3,2016,21.45
M.D. of Wainwright No. 61,2016-04,4,2016,23.47
M.D. of Wainwright No. 61,2016-05,5,2016,80.76
M.D. of Wainwright No. 61,2016-06,6,2016,45.09
M.D. of Wainwright No. 61,2016-07,7,2016,99.21
M.D. of Wainwright No. 61,2016-08,8,2016,56.91
M.D. of Wainwright No. 61,2016-09,9,2016,17.6
M.D. of Wainwright No. 61,2016-10,10,2016,30.54
M.D. of Wainwright No. 61,2016-11,11,2016,12.62
M.D. of Wainwright No. 61,2016-12,12,2016,6.38
M.D. of Wainwright No. 61,2017-01,1,2017,8.58
M.D. of Wainwright No. 61,2017-02,2,2017,8.9
M.D. of Wainwright No. 61,2017-03,3,2017,23.61
M.D. of Wainwright No. 61,2017-04,4,2017,54.76
M.D. of Wainwright No. 61,2017-05,5,2017,63.01
M.D. of Wainwright No. 61,2017-06,6,2017,66.92
M.D. of Wainwright No. 61,2017-07,7,2017,59.71
M.D. of Wainwright No. 61,2017-08,8,2017,63.08
M.D. of Wainwright No. 61,2017-09,9,2017,18.23
M.D. of Wainwright No. 61,2017-10,10,2017,51.51
M.D. of Wainwright No. 61,2017-11,11,2017,12.88
M.D. of Wainwright No. 61,2017-12,12,2017,2.47
M.D. of Wainwright No. 61,2018-01,1,2018,6.98
M.D. of Wainwright No. 61,2018-02,2,2018,5.92
M.D. of Wainwright No. 61,2018-03,3,2018,16.45
M.D. of Wainwright No. 61,2018-04,4,2018,8.44
M.D. of Wainwright No. 61,2018-05,5,2018,27.57
M.D. of Wainwright No. 61,2018-06,6,2018,57.56
M.D. of Wainwright No. 61,2018-07,7,2018,75.1
M.D. of Wainwright No. 61,2018-08,8,2018,30.49
M.D. of Wainwright No. 61,2018-09,9,2018,68.25
M.D. of Wainwright No. 61,2018-10,10,2018,19.14
M.D. of Wainwright No. 61,2018-11,11,2018,15.77
M.D. of Wainwright No. 61,2018-12,12,2018,12.68
M.D. of Wainwright No. 61,2019-01,1,2019,8.13
M.D. of Wainwright No. 61,2019-02,2,2019,14.23
M.D. of Wainwright No. 61,2019-03,3,2019,1.81
M.D. of Wainwright No. 61,2019-04,4,2019,9.01
M.D. of Wainwright No. 61,2019-05,5,2019,21.13
M.D. of Wainwright No. 61,2019-06,6,2019,88.61
M.D. of Wainwright No. 61,2019-07,7,2019,93.31
M.D. of Wainwright No. 61,2019-08,8,2019,31.08
M.D. of Wainwright No. 61,2019-09,9,2019,40.66
M.D. of Wainwright No. 61,2019-10,10,2019,11.15
M.D. of Wainwright No. 61,2019-11,11,2019,10.9
M.D. of Wainwright No. 61,2019-12,12,2019,7.54
M.D. of Wainwright No. 61,2020-01,1,2020,9.35
M.D. of Wainwright No. 61,2020-02,2,2020,11.36
M.D. of Wainwright No. 61,2020-03,3,2020,15.89
M.D. of Wainwright No. 61,2020-04,4,2020,12.17
M.D. of Wainwright No. 61,2020-05,5,2020,33.62
M.D. of Wainwright No. 61,2020-06,6,2020,79.3
M.D. of Wainwright No. 61,2020-07,7,2020,119.53
M.D. of Wainwright No. 61,2020-08,8,2020,88.26
M.D. of Wainwright No. 61,2020-09,9,2020,15.43
M.D. of Wainwright No. 61,2020-10,10,2020,7.95
M.D. of Wainwright No. 61,2020-11,11,2020,17.57
M.D. of Wainwright No. 61,2020-12,12,2020,0.8
M.D. of Wainwright No. 61,2021-01,1,2021,3.62
M.D. of Wainwright No. 61,2021-02,2,2021,2.32
M.D. of Wainwright No. 61,2021-03,3,2021,4.33
M.D. of Wainwright No. 61,2021-04,4,2021,2.44
M.D. of Wainwright No. 61,2021-05,5,2021,57
M.D. of Wainwright No. 61,2021-06,6,2021,54.97
M.D. of Wainwright No. 61,2021-07,7,2021,40.32
M.D. of Wainwright No. 61,2021-08,8,2021,26.35
M.D. of Wainwright No. 61,2021-09,9,2021,14.44
M.D. of Wainwright No. 61,2021-10,10,2021,5.08
M.D. of Wainwright No. 61,2021-11,11,2021,6.41
M.D. of Wainwright No. 61,2021-12,12,2021,15.57
M.D. of Wainwright No. 61,2022-01,1,2022,18.65
M.D. of Wainwright No. 61,2022-02,2,2022,11.21
M.D. of Wainwright No. 61,2022-03,3,2022,12.34
M.D. of Wainwright No. 61,2022-04,4,2022,20.28
M.D. of Wainwright No. 61,2022-05,5,2022,37.28
M.D. of Wainwright No. 61,2022-06,6,2022,109.22
M.D. of Wainwright No. 61,2022-07,7,2022,103.07
M.D. of Wainwright No. 61,2022-08,8,2022,24.09
M.D. of Wainwright No. 61,2022-09,9,2022,2.4
M.D. of Wainwright No. 61,2022-10,10,2022,3.97
M.D. of Wainwright No. 61,2022-11,11,2022,19.92
M.D. of Wainwright No. 61,2022-12,12,2022,19.37
M.D. of Wainwright No. 61,2023-01,1,2023,5.02
M.D. of Wainwright No. 61,2023-02,2,2023,3.78
M.D. of Wainwright No. 61,2023-03,3,2023,2.31
M.D. of Wainwright No. 61,2023-04,4,2023,16.78
M.D. of Wainwright No. 61,2023-05,5,2023,22.87
M.D. of Wainwright No. 61,2023-06,6,2023,56.96
M.D. of Wainwright No. 61,2023-07,7,2023,59.81
M.D. of Wainwright No. 61,2023-08,8,2023,48.16
M.D. of Wainwright No. 61,2023-09,9,2023,17.58
M.D. of Wainwright No. 61,2023-10,10,2023,3.25
M.D. of Wainwright No. 61,2023-11,11,2023,1.45
M.D. of Wainwright No. 61,2023-12,12,2023,5.89
M.D. of Wainwright No. 61,2024-01,1,2024,8.4
M.D. of Wainwright No. 61,2024-02,2,2024,16.42
M.D. of Wainwright No. 61,2024-03,3,2024,9.53
M.D. of Wainwright No. 61,2024-04,4,2024,19.48
M.D. of Wainwright No. 61,2024-05,5,2024,66.92
M.D. of Wainwright No. 61,2024-06,6,2024,80.94
M.D. of Willow Creek No. 26,2012-01,1,2012,12.18
M.D. of Willow Creek No. 26,2012-02,2,2012,9.63
M.D. of Willow Creek No. 26,2012-03,3,2012,22.24
M.D. of Willow Creek No. 26,2012-04,4,2012,50.07
M.D. of Willow Creek No. 26,2012-05,5,2012,69.48
M.D. of Willow Creek No. 26,2012-06,6,2012,130.73
M.D. of Willow Creek No. 26,2012-07,7,2012,37.48
M.D. of Willow Creek No. 26,2012-08,8,2012,29.51
M.D. of Willow Creek No. 26,2012-09,9,2012,8.21
M.D. of Willow Creek No. 26,2012-10,10,2012,45.46
M.D. of Willow Creek No. 26,2012-11,11,2012,17.19
M.D. of Willow Creek No. 26,2012-12,12,2012,11.15
M.D. of Willow Creek No. 26,2013-01,1,2013,7.61
M.D. of Willow Creek No. 26,2013-02,2,2013,5.61
M.D. of Willow Creek No. 26,2013-03,3,2013,23.13
M.D. of Willow Creek No. 26,2013-04,4,2013,42.65
M.D. of Willow Creek No. 26,2013-05,5,2013,86.51
M.D. of Willow Creek No. 26,2013-06,6,2013,134.75
M.D. of Willow Creek No. 26,2013-07,7,2013,67.01
M.D. of Willow Creek No. 26,2013-08,8,2013,63.78
M.D. of Willow Creek No. 26,2013-09,9,2013,58.95
M.D. of Willow Creek No. 26,2013-10,10,2013,32.62
M.D. of Willow Creek No. 26,2013-11,11,2013,14.77
M.D. of Willow Creek No. 26,2013-12,12,2013,22.48
M.D. of Willow Creek No. 26,2014-01,1,2014,22.31
M.D. of Willow Creek No. 26,2014-02,2,2014,8.05
M.D. of Willow Creek No. 26,2014-03,3,2014,18.16
M.D. of Willow Creek No. 26,2014-04,4,2014,32.95
M.D. of Willow Creek No. 26,2014-05,5,2014,64.41
M.D. of Willow Creek No. 26,2014-06,6,2014,190.95
M.D. of Willow Creek No. 26,2014-07,7,2014,18.83
M.D. of Willow Creek No. 26,2014-08,8,2014,45.76
M.D. of Willow Creek No. 26,2014-09,9,2014,72.93
M.D. of Willow Creek No. 26,2014-10,10,2014,14.54
M.D. of Willow Creek No. 26,2014-11,11,2014,42.47
M.D. of Willow Creek No. 26,2014-12,12,2014,11.45
M.D. of Willow Creek No. 26,2015-01,1,2015,8.37
M.D. of Willow Creek No. 26,2015-02,2,2015,9.77
M.D. of Willow Creek No. 26,2015-03,3,2015,37.13
M.D. of Willow Creek No. 26,2015-04,4,2015,27.2
M.D. of Willow Creek No. 26,2015-05,5,2015,54.41
M.D. of Willow Creek No. 26,2015-06,6,2015,41.27
M.D. of Willow Creek No. 26,2015-07,7,2015,39.06
M.D. of Willow Creek No. 26,2015-08,8,2015,40.4
M.D. of Willow Creek No. 26,2015-09,9,2015,57.31
M.D. of Willow Creek No. 26,2015-10,10,2015,8.84
M.D. of Willow Creek No. 26,2015-11,11,2015,20.58
M.D. of Willow Creek No. 26,2015-12,12,2015,17.4
M.D. of Willow Creek No. 26,2016-01,1,2016,12.03
M.D. of Willow Creek No. 26,2016-02,2,2016,2.51
M.D. of Willow Creek No. 26,2016-03,3,2016,19.83
M.D. of Willow Creek No. 26,2016-04,4,2016,13.39
M.D. of Willow Creek No. 26,2016-05,5,2016,75.19
M.D. of Willow Creek No. 26,2016-06,6,2016,46.38
M.D. of Willow Creek No. 26,2016-07,7,2016,95.25
M.D. of Willow Creek No. 26,2016-08,8,2016,68.56
M.D. of Willow Creek No. 26,2016-09,9,2016,46.35
M.D. of Willow Creek No. 26,2016-10,10,2016,35.65
M.D. of Willow Creek No. 26,2016-11,11,2016,3.35
M.D. of Willow Creek No. 26,2016-12,12,2016,20.36
M.D. of Willow Creek No. 26,2017-01,1,2017,13.05
M.D. of Willow Creek No. 26,2017-02,2,2017,28.52
M.D. of Willow Creek No. 26,2017-03,3,2017,16.72
M.D. of Willow Creek No. 26,2017-04,4,2017,70.53
M.D. of Willow Creek No. 26,2017-05,5,2017,52.14
M.D. of Willow Creek No. 26,2017-06,6,2017,55.59
M.D. of Willow Creek No. 26,2017-07,7,2017,13.21
M.D. of Willow Creek No. 26,2017-08,8,2017,10.99
M.D. of Willow Creek No. 26,2017-09,9,2017,10.23
M.D. of Willow Creek No. 26,2017-10,10,2017,23.98
M.D. of Willow Creek No. 26,2017-11,11,2017,21.81
M.D. of Willow Creek No. 26,2017-12,12,2017,28.32
M.D. of Willow Creek No. 26,2018-01,1,2018,6.47
M.D. of Willow Creek No. 26,2018-02,2,2018,28.22
M.D. of Willow Creek No. 26,2018-03,3,2018,34.59
M.D. of Willow Creek No. 26,2018-04,4,2018,37.34
M.D. of Willow Creek No. 26,2018-05,5,2018,31.62
M.D. of Willow Creek No. 26,2018-06,6,2018,60.97
M.D. of Willow Creek No. 26,2018-07,7,2018,41.67
M.D. of Willow Creek No. 26,2018-08,8,2018,26.59
M.D. of Willow Creek No. 26,2018-09,9,2018,31.11
M.D. of Willow Creek No. 26,2018-10,10,2018,29.83
M.D. of Willow Creek No. 26,2018-11,11,2018,16.32
M.D. of Willow Creek No. 26,2018-12,12,2018,11.3
M.D. of Willow Creek No. 26,2019-01,1,2019,11.6
M.D. of Willow Creek No. 26,2019-02,2,2019,19.92
M.D. of Willow Creek No. 26,2019-03,3,2019,11.12
M.D. of Willow Creek No. 26,2019-04,4,2019,13.8
M.D. of Willow Creek No. 26,2019-05,5,2019,73.26
M.D. of Willow Creek No. 26,2019-06,6,2019,52.72
M.D. of Willow Creek No. 26,2019-07,7,2019,55.4
M.D. of Willow Creek No. 26,2019-08,8,2019,60.13
M.D. of Willow Creek No. 26,2019-09,9,2019,83.71
M.D. of Willow Creek No. 26,2019-10,10,2019,24.52
M.D. of Willow Creek No. 26,2019-11,11,2019,43.31
M.D. of Willow Creek No. 26,2019-12,12,2019,11.37
M.D. of Willow Creek No. 26,2020-01,1,2020,6.86
M.D. of Willow Creek No. 26,2020-02,2,2020,15.82
M.D. of Willow Creek No. 26,2020-03,3,2020,27.41
M.D. of Willow Creek No. 26,2020-04,4,2020,29.92
M.D. of Willow Creek No. 26,2020-05,5,2020,68.69
M.D. of Willow Creek No. 26,2020-06,6,2020,129.37
M.D. of Willow Creek No. 26,2020-07,7,2020,19.34
M.D. of Willow Creek No. 26,2020-08,8,2020,11.23
M.D. of Willow Creek No. 26,2020-09,9,2020,26.48
M.D. of Willow Creek No. 26,2020-10,10,2020,29.54
M.D. of Willow Creek No. 26,2020-11,11,2020,14.48
M.D. of Willow Creek No. 26,2020-12,12,2020,21.62
M.D. of Willow Creek No. 26,2021-01,1,2021,2.46
M.D. of Willow Creek No. 26,2021-02,2,2021,10.17
M.D. of Willow Creek No. 26,2021-03,3,2021,10.68
M.D. of Willow Creek No. 26,2021-04,4,2021,30.78
M.D. of Willow Creek No. 26,2021-05,5,2021,56.92
M.D. of Willow Creek No. 26,2021-06,6,2021,32.39
M.D. of Willow Creek No. 26,2021-07,7,2021,43.22
M.D. of Willow Creek No. 26,2021-08,8,2021,70.47
M.D. of Willow Creek No. 26,2021-09,9,2021,8.47
M.D. of Willow Creek No. 26,2021-10,10,2021,41.54
M.D. of Willow Creek No. 26,2021-11,11,2021,9.35
M.D. of Willow Creek No. 26,2021-12,12,2021,17.37
M.D. of Willow Creek No. 26,2022-01,1,2022,11.54
M.D. of Willow Creek No. 26,2022-02,2,2022,10.85
M.D. of Willow Creek No. 26,2022-03,3,2022,13.84
M.D. of Willow Creek No. 26,2022-04,4,2022,8.75
M.D. of Willow Creek No. 26,2022-05,5,2022,23.85
M.D. of Willow Creek No. 26,2022-06,6,2022,139.52
M.D. of Willow Creek No. 26,2022-07,7,2022,54.37
M.D. of Willow Creek No. 26,2022-08,8,2022,53.64
M.D. of Willow Creek No. 26,2022-09,9,2022,21.06
M.D. of Willow Creek No. 26,2022-10,10,2022,49.05
M.D. of Willow Creek No. 26,2022-11,11,2022,26.37
M.D. of Willow Creek No. 26,2022-12,12,2022,12.65
M.D. of Willow Creek No. 26,2023-01,1,2023,11.13
M.D. of Willow Creek No. 26,2023-02,2,2023,16.06
M.D. of Willow Creek No. 26,2023-03,3,2023,14.84
M.D. of Willow Creek No. 26,2023-04,4,2023,17.67
M.D. of Willow Creek No. 26,2023-05,5,2023,16.99
M.D. of Willow Creek No. 26,2023-06,6,2023,60.2
M.D. of Willow Creek No. 26,2023-07,7,2023,47.87
M.D. of Willow Creek No. 26,2023-08,8,2023,50.6
M.D. of Willow Creek No. 26,2023-09,9,2023,37.22
M.D. of Willow Creek No. 26,2023-10,10,2023,24.56
M.D. of Willow Creek No. 26,2023-11,11,2023,5.29
M.D. of Willow Creek No. 26,2023-12,12,2023,14.17
M.D. of Willow Creek No. 26,2024-01,1,2024,21.76
M.D. of Willow Creek No. 26,2024-02,2,2024,28.19
M.D. of Willow Creek No. 26,2024-03,3,2024,25.96
M.D. of Willow Creek No. 26,2024-04,4,2024,44.55
M.D. of Willow Creek No. 26,2024-05,5,2024,67.16
M.D. of Willow Creek No. 26,2024-06,6,2024,69.68
Mackenzie County,2012-01,1,2012,11.14
Mackenzie County,2012-02,2,2012,3.35
Mackenzie County,2012-03,3,2012,10.08
Mackenzie County,2012-04,4,2012,27.67
Mackenzie County,2012-05,5,2012,25.08
Mackenzie County,2012-06,6,2012,66.38
Mackenzie County,2012-07,7,2012,79.86
Mackenzie County,2012-08,8,2012,36.55
Mackenzie County,2012-09,9,2012,25.2
Mackenzie County,2012-10,10,2012,48.69
Mackenzie County,2012-11,11,2012,21.91
Mackenzie County,2012-12,12,2012,19.07
Mackenzie County,2013-01,1,2013,24.4
Mackenzie County,2013-02,2,2013,13.22
Mackenzie County,2013-03,3,2013,15.4
Mackenzie County,2013-04,4,2013,43.97
Mackenzie County,2013-05,5,2013,21.37
Mackenzie County,2013-06,6,2013,68.06
Mackenzie County,2013-07,7,2013,77.35
Mackenzie County,2013-08,8,2013,60.66
Mackenzie County,2013-09,9,2013,47.34
Mackenzie County,2013-10,10,2013,24.93
Mackenzie County,2013-11,11,2013,19.27
Mackenzie County,2013-12,12,2013,20.37
Mackenzie County,2014-01,1,2014,13.89
Mackenzie County,2014-02,2,2014,7.34
Mackenzie County,2014-03,3,2014,6.89
Mackenzie County,2014-04,4,2014,17.77
Mackenzie County,2014-05,5,2014,36.09
Mackenzie County,2014-06,6,2014,56.8
Mackenzie County,2014-07,7,2014,73.44
Mackenzie County,2014-08,8,2014,23.57
Mackenzie County,2014-09,9,2014,34.18
Mackenzie County,2014-10,10,2014,34.92
Mackenzie County,2014-11,11,2014,13.05
Mackenzie County,2014-12,12,2014,13.55
Mackenzie County,2015-01,1,2015,16.55
Mackenzie County,2015-02,2,2015,22.16
Mackenzie County,2015-03,3,2015,12.01
Mackenzie County,2015-04,4,2015,3.11
Mackenzie County,2015-05,5,2015,6.79
Mackenzie County,2015-06,6,2015,40.19
Mackenzie County,2015-07,7,2015,85.29
Mackenzie County,2015-08,8,2015,67.55
Mackenzie County,2015-09,9,2015,27.4
Mackenzie County,2015-10,10,2015,34.7
Mackenzie County,2015-11,11,2015,10.86
Mackenzie County,2015-12,12,2015,12.46
Mackenzie County,2016-01,1,2016,17.6
Mackenzie County,2016-02,2,2016,19.33
Mackenzie County,2016-03,3,2016,14.51
Mackenzie County,2016-04,4,2016,9.04
Mackenzie County,2016-05,5,2016,68.86
Mackenzie County,2016-06,6,2016,110.47
Mackenzie County,2016-07,7,2016,65.32
Mackenzie County,2016-08,8,2016,66.09
Mackenzie County,2016-09,9,2016,52.82
Mackenzie County,2016-10,10,2016,28.59
Mackenzie County,2016-11,11,2016,7.99
Mackenzie County,2016-12,12,2016,12.63
Mackenzie County,2017-01,1,2017,11.54
Mackenzie County,2017-02,2,2017,10.96
Mackenzie County,2017-03,3,2017,6.37
Mackenzie County,2017-04,4,2017,9.1
Mackenzie County,2017-05,5,2017,33.85
Mackenzie County,2017-06,6,2017,88.64
Mackenzie County,2017-07,7,2017,61.73
Mackenzie County,2017-08,8,2017,47.4
Mackenzie County,2017-09,9,2017,16.95
Mackenzie County,2017-10,10,2017,27.1
Mackenzie County,2017-11,11,2017,28.7
Mackenzie County,2017-12,12,2017,18
Mackenzie County,2018-01,1,2018,19.37
Mackenzie County,2018-02,2,2018,4.26
Mackenzie County,2018-03,3,2018,12.88
Mackenzie County,2018-04,4,2018,19.66
Mackenzie County,2018-05,5,2018,14.12
Mackenzie County,2018-06,6,2018,146.87
Mackenzie County,2018-07,7,2018,54.44
Mackenzie County,2018-08,8,2018,48.73
Mackenzie County,2018-09,9,2018,22.69
Mackenzie County,2018-10,10,2018,5.64
Mackenzie County,2018-11,11,2018,13.07
Mackenzie County,2018-12,12,2018,21.84
Mackenzie County,2019-01,1,2019,24.52
Mackenzie County,2019-02,2,2019,8.14
Mackenzie County,2019-03,3,2019,0.09
Mackenzie County,2019-04,4,2019,13.68
Mackenzie County,2019-05,5,2019,10.4
Mackenzie County,2019-06,6,2019,60.82
Mackenzie County,2019-07,7,2019,68.76
Mackenzie County,2019-08,8,2019,69.99
Mackenzie County,2019-09,9,2019,49.82
Mackenzie County,2019-10,10,2019,16.73
Mackenzie County,2019-11,11,2019,13.28
Mackenzie County,2019-12,12,2019,11.16
Mackenzie County,2020-01,1,2020,18.91
Mackenzie County,2020-02,2,2020,14.38
Mackenzie County,2020-03,3,2020,9.41
Mackenzie County,2020-04,4,2020,8.66
Mackenzie County,2020-05,5,2020,38.64
Mackenzie County,2020-06,6,2020,72.01
Mackenzie County,2020-07,7,2020,125.88
Mackenzie County,2020-08,8,2020,113.5
Mackenzie County,2020-09,9,2020,26.67
Mackenzie County,2020-10,10,2020,24.1
Mackenzie County,2020-11,11,2020,28.04
Mackenzie County,2020-12,12,2020,21.2
Mackenzie County,2021-01,1,2021,13.76
Mackenzie County,2021-02,2,2021,11.69
Mackenzie County,2021-03,3,2021,16.32
Mackenzie County,2021-04,4,2021,5.49
Mackenzie County,2021-05,5,2021,16.13
Mackenzie County,2021-06,6,2021,78.27
Mackenzie County,2021-07,7,2021,94.31
Mackenzie County,2021-08,8,2021,54.17
Mackenzie County,2021-09,9,2021,62.18
Mackenzie County,2021-10,10,2021,18.77
Mackenzie County,2021-11,11,2021,30.87
Mackenzie County,2021-12,12,2021,8.96
Mackenzie County,2022-01,1,2022,28.42
Mackenzie County,2022-02,2,2022,21.97
Mackenzie County,2022-03,3,2022,14.24
Mackenzie County,2022-04,4,2022,20.54
Mackenzie County,2022-05,5,2022,67.54
Mackenzie County,2022-06,6,2022,58.24
Mackenzie County,2022-07,7,2022,58.96
Mackenzie County,2022-08,8,2022,34.43
Mackenzie County,2022-09,9,2022,19.96
Mackenzie County,2022-10,10,2022,11.81
Mackenzie County,2022-11,11,2022,10.04
Mackenzie County,2022-12,12,2022,18.74
Mackenzie County,2023-01,1,2023,11.97
Mackenzie County,2023-02,2,2023,13.92
Mackenzie County,2023-03,3,2023,4.66
Mackenzie County,2023-04,4,2023,13.33
Mackenzie County,2023-05,5,2023,6.08
Mackenzie County,2023-06,6,2023,40.94
Mackenzie County,2023-07,7,2023,72.78
Mackenzie County,2023-08,8,2023,26.42
Mackenzie County,2023-09,9,2023,25.04
Mackenzie County,2023-10,10,2023,8.63
Mackenzie County,2023-11,11,2023,14.65
Mackenzie County,2023-12,12,2023,6.34
Mackenzie County,2024-01,1,2024,23.04
Mackenzie County,2024-02,2,2024,3.91
Mackenzie County,2024-03,3,2024,4.32
Mackenzie County,2024-04,4,2024,21.55
Mackenzie County,2024-05,5,2024,67.55
Mackenzie County,2024-06,6,2024,59.62
Mountain View County,2012-01,1,2012,5.35
Mountain View County,2012-02,2,2012,9.68
Mountain View County,2012-03,3,2012,24.68
Mountain View County,2012-04,4,2012,46.41
Mountain View County,2012-05,5,2012,54.49
Mountain View County,2012-06,6,2012,142.37
Mountain View County,2012-07,7,2012,72.71
Mountain View County,2012-08,8,2012,47.37
Mountain View County,2012-09,9,2012,24.9
Mountain View County,2012-10,10,2012,35.4
Mountain View County,2012-11,11,2012,15.18
Mountain View County,2012-12,12,2012,9.93
Mountain View County,2013-01,1,2013,10.15
Mountain View County,2013-02,2,2013,5.15
Mountain View County,2013-03,3,2013,13.17
Mountain View County,2013-04,4,2013,27.13
Mountain View County,2013-05,5,2013,116.09
Mountain View County,2013-06,6,2013,145.34
Mountain View County,2013-07,7,2013,59.55
Mountain View County,2013-08,8,2013,22.37
Mountain View County,2013-09,9,2013,42.75
Mountain View County,2013-10,10,2013,24.93
Mountain View County,2013-11,11,2013,25.24
Mountain View County,2013-12,12,2013,29.99
Mountain View County,2014-01,1,2014,17.98
Mountain View County,2014-02,2,2014,2.06
Mountain View County,2014-03,3,2014,18.43
Mountain View County,2014-04,4,2014,15.75
Mountain View County,2014-05,5,2014,83.89
Mountain View County,2014-06,6,2014,136.55
Mountain View County,2014-07,7,2014,38.15
Mountain View County,2014-08,8,2014,86.73
Mountain View County,2014-09,9,2014,55.53
Mountain View County,2014-10,10,2014,6.83
Mountain View County,2014-11,11,2014,32.88
Mountain View County,2014-12,12,2014,4.44
Mountain View County,2015-01,1,2015,20.77
Mountain View County,2015-02,2,2015,8.73
Mountain View County,2015-03,3,2015,8.09
Mountain View County,2015-04,4,2015,13.79
Mountain View County,2015-05,5,2015,28.52
Mountain View County,2015-06,6,2015,62.97
Mountain View County,2015-07,7,2015,89.53
Mountain View County,2015-08,8,2015,103.09
Mountain View County,2015-09,9,2015,75.74
Mountain View County,2015-10,10,2015,8.36
Mountain View County,2015-11,11,2015,7.32
Mountain View County,2015-12,12,2015,9.6
Mountain View County,2016-01,1,2016,14.03
Mountain View County,2016-02,2,2016,3.08
Mountain View County,2016-03,3,2016,9.91
Mountain View County,2016-04,4,2016,6.09
Mountain View County,2016-05,5,2016,49.59
Mountain View County,2016-06,6,2016,37.25
Mountain View County,2016-07,7,2016,151.03
Mountain View County,2016-08,8,2016,104.66
Mountain View County,2016-09,9,2016,49.92
Mountain View County,2016-10,10,2016,26.74
Mountain View County,2016-11,11,2016,5.79
Mountain View County,2016-12,12,2016,24.74
Mountain View County,2017-01,1,2017,7.52
Mountain View County,2017-02,2,2017,22.48
Mountain View County,2017-03,3,2017,12.94
Mountain View County,2017-04,4,2017,40.57
Mountain View County,2017-05,5,2017,55.96
Mountain View County,2017-06,6,2017,68.16
Mountain View County,2017-07,7,2017,47.01
Mountain View County,2017-08,8,2017,21.94
Mountain View County,2017-09,9,2017,33.39
Mountain View County,2017-10,10,2017,15.8
Mountain View County,2017-11,11,2017,15.51
Mountain View County,2017-12,12,2017,16.03
Mountain View County,2018-01,1,2018,5.83
Mountain View County,2018-02,2,2018,23.34
Mountain View County,2018-03,3,2018,36.14
Mountain View County,2018-04,4,2018,21.9
Mountain View County,2018-05,5,2018,34.97
Mountain View County,2018-06,6,2018,90.71
Mountain View County,2018-07,7,2018,51.75
Mountain View County,2018-08,8,2018,30.85
Mountain View County,2018-09,9,2018,39.82
Mountain View County,2018-10,10,2018,19.45
Mountain View County,2018-11,11,2018,15.31
Mountain View County,2018-12,12,2018,10.21
Mountain View County,2019-01,1,2019,5.99
Mountain View County,2019-02,2,2019,12.71
Mountain View County,2019-03,3,2019,20.24
Mountain View County,2019-04,4,2019,25.78
Mountain View County,2019-05,5,2019,38.25
Mountain View County,2019-06,6,2019,126.41
Mountain View County,2019-07,7,2019,76.29
Mountain View County,2019-08,8,2019,51.05
Mountain View County,2019-09,9,2019,50.99
Mountain View County,2019-10,10,2019,15.43
Mountain View County,2019-11,11,2019,29.89
Mountain View County,2019-12,12,2019,11.86
Mountain View County,2020-01,1,2020,4.37
Mountain View County,2020-02,2,2020,19.07
Mountain View County,2020-03,3,2020,17.02
Mountain View County,2020-04,4,2020,21.2
Mountain View County,2020-05,5,2020,92.44
Mountain View County,2020-06,6,2020,112.91
Mountain View County,2020-07,7,2020,93.87
Mountain View County,2020-08,8,2020,33.28
Mountain View County,2020-09,9,2020,24.47
Mountain View County,2020-10,10,2020,27.69
Mountain View County,2020-11,11,2020,12.72
Mountain View County,2020-12,12,2020,21.78
Mountain View County,2021-01,1,2021,1.45
Mountain View County,2021-02,2,2021,9.16
Mountain View County,2021-03,3,2021,8.52
Mountain View County,2021-04,4,2021,11.76
Mountain View County,2021-05,5,2021,51.75
Mountain View County,2021-06,6,2021,54.59
Mountain View County,2021-07,7,2021,41.34
Mountain View County,2021-08,8,2021,74.46
Mountain View County,2021-09,9,2021,23.28
Mountain View County,2021-10,10,2021,24.1
Mountain View County,2021-11,11,2021,6.09
Mountain View County,2021-12,12,2021,18.25
Mountain View County,2022-01,1,2022,2.26
Mountain View County,2022-02,2,2022,15.06
Mountain View County,2022-03,3,2022,10.48
Mountain View County,2022-04,4,2022,30.55
Mountain View County,2022-05,5,2022,22.71
Mountain View County,2022-06,6,2022,189.08
Mountain View County,2022-07,7,2022,66.14
Mountain View County,2022-08,8,2022,26.8
Mountain View County,2022-09,9,2022,6.75
Mountain View County,2022-10,10,2022,16.03
Mountain View County,2022-11,11,2022,21.49
Mountain View County,2022-12,12,2022,8.23
Mountain View County,2023-01,1,2023,10.13
Mountain View County,2023-02,2,2023,16.81
Mountain View County,2023-03,3,2023,7.34
Mountain View County,2023-04,4,2023,11.02
Mountain View County,2023-05,5,2023,34.98
Mountain View County,2023-06,6,2023,109.86
Mountain View County,2023-07,7,2023,74.71
Mountain View County,2023-08,8,2023,54.11
Mountain View County,2023-09,9,2023,16.01
Mountain View County,2023-10,10,2023,27.51
Mountain View County,2023-11,11,2023,5.23
Mountain View County,2023-12,12,2023,13.77
Mountain View County,2024-01,1,2024,11.73
Mountain View County,2024-02,2,2024,20.14
Mountain View County,2024-03,3,2024,24.3
Mountain View County,2024-04,4,2024,22.73
Mountain View County,2024-05,5,2024,65.77
Mountain View County,2024-06,6,2024,65.83
Municipality of Crowsnest Pass,2012-01,1,2012,87.3
Municipality of Crowsnest Pass,2012-02,2,2012,47.47
Municipality of Crowsnest Pass,2012-03,3,2012,138.65
Municipality of Crowsnest Pass,2012-04,4,2012,44.6
Municipality of Crowsnest Pass,2012-05,5,2012,46.11
Municipality of Crowsnest Pass,2012-06,6,2012,124.68
Municipality of Crowsnest Pass,2012-07,7,2012,66.66
Municipality of Crowsnest Pass,2012-08,8,2012,40.43
Municipality of Crowsnest Pass,2012-09,9,2012,22.22
Municipality of Crowsnest Pass,2012-10,10,2012,89.13
Municipality of Crowsnest Pass,2012-11,11,2012,81.15
Municipality of Crowsnest Pass,2012-12,12,2012,46.24
Municipality of Crowsnest Pass,2013-01,1,2013,33.52
Municipality of Crowsnest Pass,2013-02,2,2013,36.5
Municipality of Crowsnest Pass,2013-03,3,2013,58.25
Municipality of Crowsnest Pass,2013-04,4,2013,61.48
Municipality of Crowsnest Pass,2013-05,5,2013,103.66
Municipality of Crowsnest Pass,2013-06,6,2013,151.34
Municipality of Crowsnest Pass,2013-07,7,2013,29.86
Municipality of Crowsnest Pass,2013-08,8,2013,76.23
Municipality of Crowsnest Pass,2013-09,9,2013,110.95
Municipality of Crowsnest Pass,2013-10,10,2013,33.98
Municipality of Crowsnest Pass,2013-11,11,2013,62.16
Municipality of Crowsnest Pass,2013-12,12,2013,46.81
Municipality of Crowsnest Pass,2014-01,1,2014,47.34
Municipality of Crowsnest Pass,2014-02,2,2014,71.6
Municipality of Crowsnest Pass,2014-03,3,2014,120.81
Municipality of Crowsnest Pass,2014-04,4,2014,50.91
Municipality of Crowsnest Pass,2014-05,5,2014,95.1
Municipality of Crowsnest Pass,2014-06,6,2014,115.98
Municipality of Crowsnest Pass,2014-07,7,2014,17.89
Municipality of Crowsnest Pass,2014-08,8,2014,77.51
Municipality of Crowsnest Pass,2014-09,9,2014,87.34
Municipality of Crowsnest Pass,2014-10,10,2014,42.71
Municipality of Crowsnest Pass,2014-11,11,2014,114.2
Municipality of Crowsnest Pass,2014-12,12,2014,46.32
Municipality of Crowsnest Pass,2015-01,1,2015,27.89
Municipality of Crowsnest Pass,2015-02,2,2015,46.24
Municipality of Crowsnest Pass,2015-03,3,2015,102.33
Municipality of Crowsnest Pass,2015-04,4,2015,22.61
Municipality of Crowsnest Pass,2015-05,5,2015,81.33
Municipality of Crowsnest Pass,2015-06,6,2015,67.34
Municipality of Crowsnest Pass,2015-07,7,2015,38.35
Municipality of Crowsnest Pass,2015-08,8,2015,56.71
Municipality of Crowsnest Pass,2015-09,9,2015,69.73
Municipality of Crowsnest Pass,2015-10,10,2015,42.85
Municipality of Crowsnest Pass,2015-11,11,2015,88.19
Municipality of Crowsnest Pass,2015-12,12,2015,65.36
Municipality of Crowsnest Pass,2016-01,1,2016,32.36
Municipality of Crowsnest Pass,2016-02,2,2016,19.6
Municipality of Crowsnest Pass,2016-03,3,2016,47.29
Municipality of Crowsnest Pass,2016-04,4,2016,14.13
Municipality of Crowsnest Pass,2016-05,5,2016,87.6
Municipality of Crowsnest Pass,2016-06,6,2016,19.9
Municipality of Crowsnest Pass,2016-07,7,2016,46.62
Municipality of Crowsnest Pass,2016-08,8,2016,64.64
Municipality of Crowsnest Pass,2016-09,9,2016,86.63
Municipality of Crowsnest Pass,2016-10,10,2016,96
Municipality of Crowsnest Pass,2016-11,11,2016,33.26
Municipality of Crowsnest Pass,2016-12,12,2016,44.32
Municipality of Crowsnest Pass,2017-01,1,2017,23.68
Municipality of Crowsnest Pass,2017-02,2,2017,125.63
Municipality of Crowsnest Pass,2017-03,3,2017,86.62
Municipality of Crowsnest Pass,2017-04,4,2017,91.58
Municipality of Crowsnest Pass,2017-05,5,2017,63.99
Municipality of Crowsnest Pass,2017-06,6,2017,47.98
Municipality of Crowsnest Pass,2017-07,7,2017,26.2
Municipality of Crowsnest Pass,2017-08,8,2017,18.82
Municipality of Crowsnest Pass,2017-09,9,2017,18.55
Municipality of Crowsnest Pass,2017-10,10,2017,90.6
Municipality of Crowsnest Pass,2017-11,11,2017,97.47
Municipality of Crowsnest Pass,2017-12,12,2017,82.96
Municipality of Crowsnest Pass,2018-01,1,2018,50.61
Municipality of Crowsnest Pass,2018-02,2,2018,75.82
Municipality of Crowsnest Pass,2018-03,3,2018,54.19
Municipality of Crowsnest Pass,2018-04,4,2018,68.95
Municipality of Crowsnest Pass,2018-05,5,2018,43.97
Municipality of Crowsnest Pass,2018-06,6,2018,42.75
Municipality of Crowsnest Pass,2018-07,7,2018,33.69
Municipality of Crowsnest Pass,2018-08,8,2018,16.62
Municipality of Crowsnest Pass,2018-09,9,2018,49.58
Municipality of Crowsnest Pass,2018-10,10,2018,80.94
Municipality of Crowsnest Pass,2018-11,11,2018,19.81
Municipality of Crowsnest Pass,2018-12,12,2018,42.81
Municipality of Crowsnest Pass,2019-01,1,2019,26.61
Municipality of Crowsnest Pass,2019-02,2,2019,39.41
Municipality of Crowsnest Pass,2019-03,3,2019,26.75
Municipality of Crowsnest Pass,2019-04,4,2019,52.92
Municipality of Crowsnest Pass,2019-05,5,2019,104.88
Municipality of Crowsnest Pass,2019-06,6,2019,56.65
Municipality of Crowsnest Pass,2019-07,7,2019,81.49
Municipality of Crowsnest Pass,2019-08,8,2019,34.38
Municipality of Crowsnest Pass,2019-09,9,2019,106.15
Municipality of Crowsnest Pass,2019-10,10,2019,65.24
Municipality of Crowsnest Pass,2019-11,11,2019,52.38
Municipality of Crowsnest Pass,2019-12,12,2019,57.89
Municipality of Crowsnest Pass,2020-01,1,2020,39.54
Municipality of Crowsnest Pass,2020-02,2,2020,55.2
Municipality of Crowsnest Pass,2020-03,3,2020,87.83
Municipality of Crowsnest Pass,2020-04,4,2020,47.57
Municipality of Crowsnest Pass,2020-05,5,2020,63.77
Municipality of Crowsnest Pass,2020-06,6,2020,83.47
Municipality of Crowsnest Pass,2020-07,7,2020,17.43
Municipality of Crowsnest Pass,2020-08,8,2020,12.77
Municipality of Crowsnest Pass,2020-09,9,2020,41.71
Municipality of Crowsnest Pass,2020-10,10,2020,58.52
Municipality of Crowsnest Pass,2020-11,11,2020,75.02
Municipality of Crowsnest Pass,2020-12,12,2020,57.56
Municipality of Crowsnest Pass,2021-01,1,2021,23.34
Municipality of Crowsnest Pass,2021-02,2,2021,33.84
Municipality of Crowsnest Pass,2021-03,3,2021,43.79
Municipality of Crowsnest Pass,2021-04,4,2021,77.06
Municipality of Crowsnest Pass,2021-05,5,2021,87.05
Municipality of Crowsnest Pass,2021-06,6,2021,72.23
Municipality of Crowsnest Pass,2021-07,7,2021,9.29
Municipality of Crowsnest Pass,2021-08,8,2021,126.45
Municipality of Crowsnest Pass,2021-09,9,2021,10.91
Municipality of Crowsnest Pass,2021-10,10,2021,90.07
Municipality of Crowsnest Pass,2021-11,11,2021,98.45
Municipality of Crowsnest Pass,2021-12,12,2021,107.41
Municipality of Crowsnest Pass,2022-01,1,2022,52.76
Municipality of Crowsnest Pass,2022-02,2,2022,19.75
Municipality of Crowsnest Pass,2022-03,3,2022,59.52
Municipality of Crowsnest Pass,2022-04,4,2022,26.98
Municipality of Crowsnest Pass,2022-05,5,2022,49.63
Municipality of Crowsnest Pass,2022-06,6,2022,99.92
Municipality of Crowsnest Pass,2022-07,7,2022,53.04
Municipality of Crowsnest Pass,2022-08,8,2022,27.78
Municipality of Crowsnest Pass,2022-09,9,2022,32.19
Municipality of Crowsnest Pass,2022-10,10,2022,63.75
Municipality of Crowsnest Pass,2022-11,11,2022,90.57
Municipality of Crowsnest Pass,2022-12,12,2022,43.06
Municipality of Crowsnest Pass,2023-01,1,2023,11.53
Municipality of Crowsnest Pass,2023-02,2,2023,40.62
Municipality of Crowsnest Pass,2023-03,3,2023,47.49
Municipality of Crowsnest Pass,2023-04,4,2023,49.49
Municipality of Crowsnest Pass,2023-05,5,2023,47.95
Municipality of Crowsnest Pass,2023-06,6,2023,83.54
Municipality of Crowsnest Pass,2023-07,7,2023,40.7
Municipality of Crowsnest Pass,2023-08,8,2023,71.41
Municipality of Crowsnest Pass,2023-09,9,2023,46.59
Municipality of Crowsnest Pass,2023-10,10,2023,45.19
Municipality of Crowsnest Pass,2023-11,11,2023,50.01
Municipality of Crowsnest Pass,2023-12,12,2023,81.96
Municipality of Crowsnest Pass,2024-01,1,2024,37.96
Municipality of Crowsnest Pass,2024-02,2,2024,95.29
Municipality of Crowsnest Pass,2024-03,3,2024,57.35
Municipality of Crowsnest Pass,2024-04,4,2024,60.07
Municipality of Crowsnest Pass,2024-05,5,2024,60.86
Municipality of Crowsnest Pass,2024-06,6,2024,58.63
Municipality of Jasper,2012-01,1,2012,44.64
Municipality of Jasper,2012-02,2,2012,13.96
Municipality of Jasper,2012-03,3,2012,71.3
Municipality of Jasper,2012-04,4,2012,80.28
Municipality of Jasper,2012-05,5,2012,69.14
Municipality of Jasper,2012-06,6,2012,182.46
Municipality of Jasper,2012-07,7,2012,186.31
Municipality of Jasper,2012-08,8,2012,72.4
Municipality of Jasper,2012-09,9,2012,35.2
Municipality of Jasper,2012-10,10,2012,80.93
Municipality of Jasper,2012-11,11,2012,45.82
Municipality of Jasper,2012-12,12,2012,22.55
Municipality of Jasper,2013-01,1,2013,29.57
Municipality of Jasper,2013-02,2,2013,28.42
Municipality of Jasper,2013-03,3,2013,76.52
Municipality of Jasper,2013-04,4,2013,70.32
Municipality of Jasper,2013-05,5,2013,78.76
Municipality of Jasper,2013-06,6,2013,133.93
Municipality of Jasper,2013-07,7,2013,125.95
Municipality of Jasper,2013-08,8,2013,73.61
Municipality of Jasper,2013-09,9,2013,27.9
Municipality of Jasper,2013-10,10,2013,36.89
Municipality of Jasper,2013-11,11,2013,50.42
Municipality of Jasper,2013-12,12,2013,66.93
Municipality of Jasper,2014-01,1,2014,54.62
Municipality of Jasper,2014-02,2,2014,21.03
Municipality of Jasper,2014-03,3,2014,60.94
Municipality of Jasper,2014-04,4,2014,54.44
Municipality of Jasper,2014-05,5,2014,86.67
Municipality of Jasper,2014-06,6,2014,108.52
Municipality of Jasper,2014-07,7,2014,68.69
Municipality of Jasper,2014-08,8,2014,69.46
Municipality of Jasper,2014-09,9,2014,77.57
Municipality of Jasper,2014-10,10,2014,41.82
Municipality of Jasper,2014-11,11,2014,94.99
Municipality of Jasper,2014-12,12,2014,23.86
Municipality of Jasper,2015-01,1,2015,59.46
Municipality of Jasper,2015-02,2,2015,58.38
Municipality of Jasper,2015-03,3,2015,50.37
Municipality of Jasper,2015-04,4,2015,55.22
Municipality of Jasper,2015-05,5,2015,61.13
Municipality of Jasper,2015-06,6,2015,85.6
Municipality of Jasper,2015-07,7,2015,91.59
Municipality of Jasper,2015-08,8,2015,79.34
Municipality of Jasper,2015-09,9,2015,111.1
Municipality of Jasper,2015-10,10,2015,49.06
Municipality of Jasper,2015-11,11,2015,81.11
Municipality of Jasper,2015-12,12,2015,29.13
Municipality of Jasper,2016-01,1,2016,25.77
Municipality of Jasper,2016-02,2,2016,29.69
Municipality of Jasper,2016-03,3,2016,46.13
Municipality of Jasper,2016-04,4,2016,35.1
Municipality of Jasper,2016-05,5,2016,123.31
Municipality of Jasper,2016-06,6,2016,102.79
Municipality of Jasper,2016-07,7,2016,126.28
Municipality of Jasper,2016-08,8,2016,88.34
Municipality of Jasper,2016-09,9,2016,70.41
Municipality of Jasper,2016-10,10,2016,69.23
Municipality of Jasper,2016-11,11,2016,39.96
Municipality of Jasper,2016-12,12,2016,31.03
Municipality of Jasper,2017-01,1,2017,34.01
Municipality of Jasper,2017-02,2,2017,33.06
Municipality of Jasper,2017-03,3,2017,68.15
Municipality of Jasper,2017-04,4,2017,82.4
Municipality of Jasper,2017-05,5,2017,62.16
Municipality of Jasper,2017-06,6,2017,93.38
Municipality of Jasper,2017-07,7,2017,54.03
Municipality of Jasper,2017-08,8,2017,27.08
Municipality of Jasper,2017-09,9,2017,107.32
Municipality of Jasper,2017-10,10,2017,102.16
Municipality of Jasper,2017-11,11,2017,67.37
Municipality of Jasper,2017-12,12,2017,22.27
Municipality of Jasper,2018-01,1,2018,33.36
Municipality of Jasper,2018-02,2,2018,56.64
Municipality of Jasper,2018-03,3,2018,52.38
Municipality of Jasper,2018-04,4,2018,38.98
Municipality of Jasper,2018-05,5,2018,33.57
Municipality of Jasper,2018-06,6,2018,65.08
Municipality of Jasper,2018-07,7,2018,145.86
Municipality of Jasper,2018-08,8,2018,101.81
Municipality of Jasper,2018-09,9,2018,82.6
Municipality of Jasper,2018-10,10,2018,42
Municipality of Jasper,2018-11,11,2018,46.4
Municipality of Jasper,2018-12,12,2018,50.2
Municipality of Jasper,2019-01,1,2019,49.41
Municipality of Jasper,2019-02,2,2019,37.83
Municipality of Jasper,2019-03,3,2019,31.14
Municipality of Jasper,2019-04,4,2019,55.62
Municipality of Jasper,2019-05,5,2019,41.13
Municipality of Jasper,2019-06,6,2019,160.6
Municipality of Jasper,2019-07,7,2019,146.38
Municipality of Jasper,2019-08,8,2019,91.3
Municipality of Jasper,2019-09,9,2019,84.58
Municipality of Jasper,2019-10,10,2019,59.82
Municipality of Jasper,2019-11,11,2019,69.32
Municipality of Jasper,2019-12,12,2019,58.18
Municipality of Jasper,2020-01,1,2020,60.1
Municipality of Jasper,2020-02,2,2020,68.51
Municipality of Jasper,2020-03,3,2020,57.8
Municipality of Jasper,2020-04,4,2020,48.81
Municipality of Jasper,2020-05,5,2020,78.54
Municipality of Jasper,2020-06,6,2020,84.36
Municipality of Jasper,2020-07,7,2020,153.83
Municipality of Jasper,2020-08,8,2020,44.76
Municipality of Jasper,2020-09,9,2020,43.25
Municipality of Jasper,2020-10,10,2020,103.81
Municipality of Jasper,2020-11,11,2020,82.77
Municipality of Jasper,2020-12,12,2020,44.94
Municipality of Jasper,2021-01,1,2021,49.66
Municipality of Jasper,2021-02,2,2021,46.22
Municipality of Jasper,2021-03,3,2021,43.56
Municipality of Jasper,2021-04,4,2021,37.91
Municipality of Jasper,2021-05,5,2021,60.29
Municipality of Jasper,2021-06,6,2021,37.88
Municipality of Jasper,2021-07,7,2021,61.93
Municipality of Jasper,2021-08,8,2021,95.41
Municipality of Jasper,2021-09,9,2021,94.24
Municipality of Jasper,2021-10,10,2021,47.03
Municipality of Jasper,2021-11,11,2021,77.41
Municipality of Jasper,2021-12,12,2021,85.45
Municipality of Jasper,2022-01,1,2022,53.53
Municipality of Jasper,2022-02,2,2022,45.06
Municipality of Jasper,2022-03,3,2022,50.11
Municipality of Jasper,2022-04,4,2022,43.76
Municipality of Jasper,2022-05,5,2022,44.12
Municipality of Jasper,2022-06,6,2022,111.07
Municipality of Jasper,2022-07,7,2022,40.82
Municipality of Jasper,2022-08,8,2022,97.15
Municipality of Jasper,2022-09,9,2022,40.66
Municipality of Jasper,2022-10,10,2022,44.87
Northern Sunrise County,2012-01,1,2012,19.42
Northern Sunrise County,2012-02,2,2012,3.66
Northern Sunrise County,2012-03,3,2012,21.94
Northern Sunrise County,2012-04,4,2012,38.29
Northern Sunrise County,2012-05,5,2012,19.19
Northern Sunrise County,2012-06,6,2012,86.01
Northern Sunrise County,2012-07,7,2012,64.98
Northern Sunrise County,2012-08,8,2012,44.87
Northern Sunrise County,2012-09,9,2012,43.72
Northern Sunrise County,2012-10,10,2012,52.52
Northern Sunrise County,2012-11,11,2012,18.86
Northern Sunrise County,2012-12,12,2012,21.28
Northern Sunrise County,2013-01,1,2013,34.37
Northern Sunrise County,2013-02,2,2013,16.98
Northern Sunrise County,2013-03,3,2013,12.03
Northern Sunrise County,2013-04,4,2013,34.52
Northern Sunrise County,2013-05,5,2013,32.47
Northern Sunrise County,2013-06,6,2013,120.75
Northern Sunrise County,2013-07,7,2013,89.89
Northern Sunrise County,2013-08,8,2013,45.62
Northern Sunrise County,2013-09,9,2013,36.49
Northern Sunrise County,2013-10,10,2013,23.12
Northern Sunrise County,2013-11,11,2013,11.33
Northern Sunrise County,2013-12,12,2013,44.04
Northern Sunrise County,2014-01,1,2014,12.17
Northern Sunrise County,2014-02,2,2014,12.18
Northern Sunrise County,2014-03,3,2014,10.16
Northern Sunrise County,2014-04,4,2014,44.12
Northern Sunrise County,2014-05,5,2014,41.88
Northern Sunrise County,2014-06,6,2014,57.95
Northern Sunrise County,2014-07,7,2014,66.49
Northern Sunrise County,2014-08,8,2014,15.6
Northern Sunrise County,2014-09,9,2014,43.27
Northern Sunrise County,2014-10,10,2014,25.64
Northern Sunrise County,2014-11,11,2014,24.19
Northern Sunrise County,2014-12,12,2014,8.95
Northern Sunrise County,2015-01,1,2015,17.37
Northern Sunrise County,2015-02,2,2015,21.87
Northern Sunrise County,2015-03,3,2015,24.16
Northern Sunrise County,2015-04,4,2015,15.17
Northern Sunrise County,2015-05,5,2015,33.44
Northern Sunrise County,2015-06,6,2015,38.91
Northern Sunrise County,2015-07,7,2015,44.41
Northern Sunrise County,2015-08,8,2015,76.59
Northern Sunrise County,2015-09,9,2015,40.89
Northern Sunrise County,2015-10,10,2015,20.91
Northern Sunrise County,2015-11,11,2015,9.98
Northern Sunrise County,2015-12,12,2015,7.62
Northern Sunrise County,2016-01,1,2016,19.06
Northern Sunrise County,2016-02,2,2016,14.05
Northern Sunrise County,2016-03,3,2016,19.72
Northern Sunrise County,2016-04,4,2016,11.56
Northern Sunrise County,2016-05,5,2016,76.4
Northern Sunrise County,2016-06,6,2016,101.12
Northern Sunrise County,2016-07,7,2016,78.09
Northern Sunrise County,2016-08,8,2016,101.21
Northern Sunrise County,2016-09,9,2016,50.64
Northern Sunrise County,2016-10,10,2016,39.2
Northern Sunrise County,2016-11,11,2016,7.81
Northern Sunrise County,2016-12,12,2016,10.52
Northern Sunrise County,2017-01,1,2017,8.9
Northern Sunrise County,2017-02,2,2017,10.22
Northern Sunrise County,2017-03,3,2017,6.71
Northern Sunrise County,2017-04,4,2017,23.13
Northern Sunrise County,2017-05,5,2017,36.95
Northern Sunrise County,2017-06,6,2017,66.18
Northern Sunrise County,2017-07,7,2017,41.17
Northern Sunrise County,2017-08,8,2017,42.5
Northern Sunrise County,2017-09,9,2017,30.98
Northern Sunrise County,2017-10,10,2017,35.52
Northern Sunrise County,2017-11,11,2017,38.66
Northern Sunrise County,2017-12,12,2017,9.2
Northern Sunrise County,2018-01,1,2018,17.18
Northern Sunrise County,2018-02,2,2018,8.06
Northern Sunrise County,2018-03,3,2018,17.87
Northern Sunrise County,2018-04,4,2018,11.74
Northern Sunrise County,2018-05,5,2018,8.45
Northern Sunrise County,2018-06,6,2018,147.47
Northern Sunrise County,2018-07,7,2018,83.57
Northern Sunrise County,2018-08,8,2018,59.75
Northern Sunrise County,2018-09,9,2018,33.63
Northern Sunrise County,2018-10,10,2018,5.78
Northern Sunrise County,2018-11,11,2018,14.98
Northern Sunrise County,2018-12,12,2018,14.35
Northern Sunrise County,2019-01,1,2019,14.19
Northern Sunrise County,2019-02,2,2019,10.5
Northern Sunrise County,2019-03,3,2019,0.68
Northern Sunrise County,2019-04,4,2019,15.59
Northern Sunrise County,2019-05,5,2019,5.49
Northern Sunrise County,2019-06,6,2019,77.23
Northern Sunrise County,2019-07,7,2019,134.56
Northern Sunrise County,2019-08,8,2019,86.47
Northern Sunrise County,2019-09,9,2019,48.56
Northern Sunrise County,2019-10,10,2019,25.04
Northern Sunrise County,2019-11,11,2019,23.35
Northern Sunrise County,2019-12,12,2019,8.84
Northern Sunrise County,2020-01,1,2020,18.99
Northern Sunrise County,2020-02,2,2020,12.6
Northern Sunrise County,2020-03,3,2020,20.96
Northern Sunrise County,2020-04,4,2020,8.63
Northern Sunrise County,2020-05,5,2020,47.1
Northern Sunrise County,2020-06,6,2020,109.03
Northern Sunrise County,2020-07,7,2020,115.19
Northern Sunrise County,2020-08,8,2020,62.02
Northern Sunrise County,2020-09,9,2020,26.3
Northern Sunrise County,2020-10,10,2020,42.82
Northern Sunrise County,2020-11,11,2020,18.45
Northern Sunrise County,2020-12,12,2020,25.79
Northern Sunrise County,2021-01,1,2021,9.69
Northern Sunrise County,2021-02,2,2021,14.16
Northern Sunrise County,2021-03,3,2021,13.57
Northern Sunrise County,2021-04,4,2021,15.01
Northern Sunrise County,2021-05,5,2021,20.55
Northern Sunrise County,2021-06,6,2021,46.21
Northern Sunrise County,2021-07,7,2021,40.44
Northern Sunrise County,2021-08,8,2021,50.84
Northern Sunrise County,2021-09,9,2021,57.97
Northern Sunrise County,2021-10,10,2021,23.74
Northern Sunrise County,2021-11,11,2021,27.57
Northern Sunrise County,2021-12,12,2021,8.85
Northern Sunrise County,2022-01,1,2022,27.77
Northern Sunrise County,2022-02,2,2022,28.97
Northern Sunrise County,2022-03,3,2022,9.04
Northern Sunrise County,2022-04,4,2022,28.49
Northern Sunrise County,2022-05,5,2022,85.42
Northern Sunrise County,2022-06,6,2022,66.71
Northern Sunrise County,2022-07,7,2022,38.2
Northern Sunrise County,2022-08,8,2022,73.06
Northern Sunrise County,2022-09,9,2022,34.12
Northern Sunrise County,2022-10,10,2022,9.56
Northern Sunrise County,2022-11,11,2022,13.74
Northern Sunrise County,2022-12,12,2022,23.63
Northern Sunrise County,2023-01,1,2023,10.39
Northern Sunrise County,2023-02,2,2023,12.07
Northern Sunrise County,2023-03,3,2023,8.31
Northern Sunrise County,2023-04,4,2023,8.94
Northern Sunrise County,2023-05,5,2023,43.13
Northern Sunrise County,2023-06,6,2023,45.25
Northern Sunrise County,2023-07,7,2023,110.28
Northern Sunrise County,2023-08,8,2023,97.14
Northern Sunrise County,2023-09,9,2023,11.41
Northern Sunrise County,2023-10,10,2023,7.4
Northern Sunrise County,2023-11,11,2023,11.1
Northern Sunrise County,2023-12,12,2023,2.6
Northern Sunrise County,2024-01,1,2024,11.35
Northern Sunrise County,2024-02,2,2024,6.11
Northern Sunrise County,2024-03,3,2024,6.67
Northern Sunrise County,2024-04,4,2024,15.44
Northern Sunrise County,2024-05,5,2024,95.17
Northern Sunrise County,2024-06,6,2024,136.85
Parkland County,2012-01,1,2012,8.46
Parkland County,2012-02,2,2012,12.61
Parkland County,2012-03,3,2012,20.76
Parkland County,2012-04,4,2012,55.86
Parkland County,2012-05,5,2012,41.68
Parkland County,2012-06,6,2012,56.97
Parkland County,2012-07,7,2012,191.86
Parkland County,2012-08,8,2012,52.03
Parkland County,2012-09,9,2012,28.58
Parkland County,2012-10,10,2012,26.42
Parkland County,2012-11,11,2012,27.1
Parkland County,2012-12,12,2012,19.33
Parkland County,2013-01,1,2013,22.21
Parkland County,2013-02,2,2013,7.45
Parkland County,2013-03,3,2013,34.64
Parkland County,2013-04,4,2013,33.26
Parkland County,2013-05,5,2013,45.57
Parkland County,2013-06,6,2013,75.93
Parkland County,2013-07,7,2013,65.58
Parkland County,2013-08,8,2013,60.94
Parkland County,2013-09,9,2013,2.09
Parkland County,2013-10,10,2013,12.55
Parkland County,2013-11,11,2013,42.99
Parkland County,2013-12,12,2013,41.96
Parkland County,2014-01,1,2014,14.11
Parkland County,2014-02,2,2014,9.88
Parkland County,2014-03,3,2014,20.21
Parkland County,2014-04,4,2014,35.7
Parkland County,2014-05,5,2014,44.58
Parkland County,2014-06,6,2014,58.21
Parkland County,2014-07,7,2014,89.25
Parkland County,2014-08,8,2014,39.41
Parkland County,2014-09,9,2014,40.04
Parkland County,2014-10,10,2014,9.82
Parkland County,2014-11,11,2014,35.69
Parkland County,2014-12,12,2014,5.5
Parkland County,2015-01,1,2015,24.68
Parkland County,2015-02,2,2015,22.63
Parkland County,2015-03,3,2015,21.18
Parkland County,2015-04,4,2015,22.85
Parkland County,2015-05,5,2015,19.28
Parkland County,2015-06,6,2015,36.69
Parkland County,2015-07,7,2015,69.43
Parkland County,2015-08,8,2015,31.91
Parkland County,2015-09,9,2015,72.07
Parkland County,2015-10,10,2015,17.13
Parkland County,2015-11,11,2015,21.13
Parkland County,2015-12,12,2015,11.44
Parkland County,2016-01,1,2016,6.27
Parkland County,2016-02,2,2016,12.33
Parkland County,2016-03,3,2016,15.51
Parkland County,2016-04,4,2016,5.98
Parkland County,2016-05,5,2016,108.64
Parkland County,2016-06,6,2016,70.52
Parkland County,2016-07,7,2016,94.82
Parkland County,2016-08,8,2016,125.44
Parkland County,2016-09,9,2016,36.31
Parkland County,2016-10,10,2016,53.09
Parkland County,2016-11,11,2016,11.75
Parkland County,2016-12,12,2016,11.93
Parkland County,2017-01,1,2017,8.41
Parkland County,2017-02,2,2017,15
Parkland County,2017-03,3,2017,18.02
Parkland County,2017-04,4,2017,71.03
Parkland County,2017-05,5,2017,53.98
Parkland County,2017-06,6,2017,92.69
Parkland County,2017-07,7,2017,72.18
Parkland County,2017-08,8,2017,31.33
Parkland County,2017-09,9,2017,78.08
Parkland County,2017-10,10,2017,22.62
Parkland County,2017-11,11,2017,16.82
Parkland County,2017-12,12,2017,2.47
Parkland County,2018-01,1,2018,10.62
Parkland County,2018-02,2,2018,17.58
Parkland County,2018-03,3,2018,27.55
Parkland County,2018-04,4,2018,14.87
Parkland County,2018-05,5,2018,19.43
Parkland County,2018-06,6,2018,67.35
Parkland County,2018-07,7,2018,77.84
Parkland County,2018-08,8,2018,50.8
Parkland County,2018-09,9,2018,67.32
Parkland County,2018-10,10,2018,14.85
Parkland County,2018-11,11,2018,25.82
Parkland County,2018-12,12,2018,23.71
Parkland County,2019-01,1,2019,17.2
Parkland County,2019-02,2,2019,17.62
Parkland County,2019-03,3,2019,7.35
Parkland County,2019-04,4,2019,16.68
Parkland County,2019-05,5,2019,36.14
Parkland County,2019-06,6,2019,142.7
Parkland County,2019-07,7,2019,134.14
Parkland County,2019-08,8,2019,55.02
Parkland County,2019-09,9,2019,32.31
Parkland County,2019-10,10,2019,20.16
Parkland County,2019-11,11,2019,31.53
Parkland County,2019-12,12,2019,19.87
Parkland County,2020-01,1,2020,19.59
Parkland County,2020-02,2,2020,16.68
Parkland County,2020-03,3,2020,18.21
Parkland County,2020-04,4,2020,7.25
Parkland County,2020-05,5,2020,119.21
Parkland County,2020-06,6,2020,122.66
Parkland County,2020-07,7,2020,113.79
Parkland County,2020-08,8,2020,58.01
Parkland County,2020-09,9,2020,12.3
Parkland County,2020-10,10,2020,11.92
Parkland County,2020-11,11,2020,22.48
Parkland County,2020-12,12,2020,3.52
Parkland County,2021-01,1,2021,7.31
Parkland County,2021-02,2,2021,9
Parkland County,2021-03,3,2021,4.5
Parkland County,2021-04,4,2021,11.82
Parkland County,2021-05,5,2021,70.88
Parkland County,2021-06,6,2021,37.48
Parkland County,2021-07,7,2021,38.23
Parkland County,2021-08,8,2021,44.76
Parkland County,2021-09,9,2021,60.44
Parkland County,2021-10,10,2021,24.63
Parkland County,2021-11,11,2021,18.32
Parkland County,2021-12,12,2021,27.52
Parkland County,2022-01,1,2022,22.92
Parkland County,2022-02,2,2022,15.02
Parkland County,2022-03,3,2022,18.98
Parkland County,2022-04,4,2022,31.07
Parkland County,2022-05,5,2022,26.86
Parkland County,2022-06,6,2022,133.33
Parkland County,2022-07,7,2022,89.19
Parkland County,2022-08,8,2022,32.6
Parkland County,2022-09,9,2022,8.53
Parkland County,2022-10,10,2022,8.44
Parkland County,2022-11,11,2022,21.98
Parkland County,2022-12,12,2022,11.87
Parkland County,2023-01,1,2023,4.35
Parkland County,2023-02,2,2023,12.21
Parkland County,2023-03,3,2023,3.35
Parkland County,2023-04,4,2023,18.45
Parkland County,2023-05,5,2023,46.46
Parkland County,2023-06,6,2023,134.41
Parkland County,2023-07,7,2023,114.14
Parkland County,2023-08,8,2023,85.49
Parkland County,2023-09,9,2023,22.16
Parkland County,2023-10,10,2023,6.81
Parkland County,2023-11,11,2023,1.19
Parkland County,2023-12,12,2023,1.43
Parkland County,2024-01,1,2024,15.07
Parkland County,2024-02,2,2024,17.32
Parkland County,2024-03,3,2024,13.5
Parkland County,2024-04,4,2024,17.48
Parkland County,2024-05,5,2024,49.14
Parkland County,2024-06,6,2024,58.18
Ponoka County,2012-01,1,2012,6.17
Ponoka County,2012-02,2,2012,10.16
Ponoka County,2012-03,3,2012,25.56
Ponoka County,2012-04,4,2012,47.66
Ponoka County,2012-05,5,2012,47.78
Ponoka County,2012-06,6,2012,107.93
Ponoka County,2012-07,7,2012,119.9
Ponoka County,2012-08,8,2012,59.03
Ponoka County,2012-09,9,2012,14.06
Ponoka County,2012-10,10,2012,25.43
Ponoka County,2012-11,11,2012,20.2
Ponoka County,2012-12,12,2012,16.8
Ponoka County,2013-01,1,2013,18.62
Ponoka County,2013-02,2,2013,5.65
Ponoka County,2013-03,3,2013,20.22
Ponoka County,2013-04,4,2013,26.33
Ponoka County,2013-05,5,2013,66.68
Ponoka County,2013-06,6,2013,77.63
Ponoka County,2013-07,7,2013,96.49
Ponoka County,2013-08,8,2013,52.37
Ponoka County,2013-09,9,2013,16.45
Ponoka County,2013-10,10,2013,15.86
Ponoka County,2013-11,11,2013,51.82
Ponoka County,2013-12,12,2013,32.61
Ponoka County,2014-01,1,2014,20.31
Ponoka County,2014-02,2,2014,7.31
Ponoka County,2014-03,3,2014,23.79
Ponoka County,2014-04,4,2014,23.8
Ponoka County,2014-05,5,2014,48.99
Ponoka County,2014-06,6,2014,67.09
Ponoka County,2014-07,7,2014,58.4
Ponoka County,2014-08,8,2014,37.82
Ponoka County,2014-09,9,2014,47.27
Ponoka County,2014-10,10,2014,10.07
Ponoka County,2014-11,11,2014,29.4
Ponoka County,2014-12,12,2014,4.97
Ponoka County,2015-01,1,2015,28.53
Ponoka County,2015-02,2,2015,18.39
Ponoka County,2015-03,3,2015,20.88
Ponoka County,2015-04,4,2015,17.6
Ponoka County,2015-05,5,2015,23.49
Ponoka County,2015-06,6,2015,59.91
Ponoka County,2015-07,7,2015,97.42
Ponoka County,2015-08,8,2015,53.09
Ponoka County,2015-09,9,2015,70.33
Ponoka County,2015-10,10,2015,14.41
Ponoka County,2015-11,11,2015,16.12
Ponoka County,2015-12,12,2015,9.62
Ponoka County,2016-01,1,2016,9.79
Ponoka County,2016-02,2,2016,10.68
Ponoka County,2016-03,3,2016,18.29
Ponoka County,2016-04,4,2016,12.45
Ponoka County,2016-05,5,2016,79.86
Ponoka County,2016-06,6,2016,64.42
Ponoka County,2016-07,7,2016,94.38
Ponoka County,2016-08,8,2016,97.32
Ponoka County,2016-09,9,2016,40.1
Ponoka County,2016-10,10,2016,41.24
Ponoka County,2016-11,11,2016,24.67
Ponoka County,2016-12,12,2016,14.82
Ponoka County,2017-01,1,2017,7.53
Ponoka County,2017-02,2,2017,17.46
Ponoka County,2017-03,3,2017,23.59
Ponoka County,2017-04,4,2017,44.35
Ponoka County,2017-05,5,2017,55.21
Ponoka County,2017-06,6,2017,79
Ponoka County,2017-07,7,2017,62.65
Ponoka County,2017-08,8,2017,39.16
Ponoka County,2017-09,9,2017,59.3
Ponoka County,2017-10,10,2017,23.85
Ponoka County,2017-11,11,2017,17.51
Ponoka County,2017-12,12,2017,6.77
Ponoka County,2018-01,1,2018,8.97
Ponoka County,2018-02,2,2018,21.4
Ponoka County,2018-03,3,2018,29.13
Ponoka County,2018-04,4,2018,19.09
Ponoka County,2018-05,5,2018,30.57
Ponoka County,2018-06,6,2018,55.76
Ponoka County,2018-07,7,2018,73.72
Ponoka County,2018-08,8,2018,37.04
Ponoka County,2018-09,9,2018,80.32
Ponoka County,2018-10,10,2018,15.29
Ponoka County,2018-11,11,2018,26.33
Ponoka County,2018-12,12,2018,19.79
Ponoka County,2019-01,1,2019,9.06
Ponoka County,2019-02,2,2019,12.03
Ponoka County,2019-03,3,2019,9.92
Ponoka County,2019-04,4,2019,15.53
Ponoka County,2019-05,5,2019,34.84
Ponoka County,2019-06,6,2019,112.96
Ponoka County,2019-07,7,2019,99.96
Ponoka County,2019-08,8,2019,47.96
Ponoka County,2019-09,9,2019,52.29
Ponoka County,2019-10,10,2019,15.76
Ponoka County,2019-11,11,2019,32.46
Ponoka County,2019-12,12,2019,15.35
Ponoka County,2020-01,1,2020,10.66
Ponoka County,2020-02,2,2020,17.2
Ponoka County,2020-03,3,2020,18.79
Ponoka County,2020-04,4,2020,10.76
Ponoka County,2020-05,5,2020,94.55
Ponoka County,2020-06,6,2020,110.93
Ponoka County,2020-07,7,2020,120.12
Ponoka County,2020-08,8,2020,62.78
Ponoka County,2020-09,9,2020,14.97
Ponoka County,2020-10,10,2020,22.77
Ponoka County,2020-11,11,2020,20.32
Ponoka County,2020-12,12,2020,4.66
Ponoka County,2021-01,1,2021,6.4
Ponoka County,2021-02,2,2021,9.26
Ponoka County,2021-03,3,2021,3.71
Ponoka County,2021-04,4,2021,14.23
Ponoka County,2021-05,5,2021,69.7
Ponoka County,2021-06,6,2021,54.58
Ponoka County,2021-07,7,2021,86.72
Ponoka County,2021-08,8,2021,68.75
Ponoka County,2021-09,9,2021,26.28
Ponoka County,2021-10,10,2021,21.6
Ponoka County,2021-11,11,2021,6.79
Ponoka County,2021-12,12,2021,21.96
Ponoka County,2022-01,1,2022,12.3
Ponoka County,2022-02,2,2022,19.13
Ponoka County,2022-03,3,2022,17.02
Ponoka County,2022-04,4,2022,28.28
Ponoka County,2022-05,5,2022,38.28
Ponoka County,2022-06,6,2022,169.22
Ponoka County,2022-07,7,2022,104.05
Ponoka County,2022-08,8,2022,21.56
Ponoka County,2022-09,9,2022,6.94
Ponoka County,2022-10,10,2022,8.83
Ponoka County,2022-11,11,2022,33.25
Ponoka County,2022-12,12,2022,7.79
Ponoka County,2023-01,1,2023,7.21
Ponoka County,2023-02,2,2023,12.42
Ponoka County,2023-03,3,2023,3.42
Ponoka County,2023-04,4,2023,15.8
Ponoka County,2023-05,5,2023,34.01
Ponoka County,2023-06,6,2023,116.21
Ponoka County,2023-07,7,2023,55.3
Ponoka County,2023-08,8,2023,57.34
Ponoka County,2023-09,9,2023,27.25
Ponoka County,2023-10,10,2023,15.63
Ponoka County,2023-11,11,2023,3.7
Ponoka County,2023-12,12,2023,6.69
Ponoka County,2024-01,1,2024,13.76
Ponoka County,2024-02,2,2024,15.35
Ponoka County,2024-03,3,2024,18.01
Ponoka County,2024-04,4,2024,15.5
Ponoka County,2024-05,5,2024,58.28
Ponoka County,2024-06,6,2024,61.42
Red Deer County,2012-01,1,2012,4.23
Red Deer County,2012-02,2,2012,8.18
Red Deer County,2012-03,3,2012,25.64
Red Deer County,2012-04,4,2012,39.67
Red Deer County,2012-05,5,2012,48.31
Red Deer County,2012-06,6,2012,105.35
Red Deer County,2012-07,7,2012,93.04
Red Deer County,2012-08,8,2012,48.09
Red Deer County,2012-09,9,2012,12.87
Red Deer County,2012-10,10,2012,29.48
Red Deer County,2012-11,11,2012,15.06
Red Deer County,2012-12,12,2012,13.8
Red Deer County,2013-01,1,2013,13.19
Red Deer County,2013-02,2,2013,4.48
Red Deer County,2013-03,3,2013,12.66
Red Deer County,2013-04,4,2013,24.36
Red Deer County,2013-05,5,2013,79.41
Red Deer County,2013-06,6,2013,89.1
Red Deer County,2013-07,7,2013,82.81
Red Deer County,2013-08,8,2013,31.06
Red Deer County,2013-09,9,2013,28.81
Red Deer County,2013-10,10,2013,19.55
Red Deer County,2013-11,11,2013,36.55
Red Deer County,2013-12,12,2013,25.67
Red Deer County,2014-01,1,2014,14.29
Red Deer County,2014-02,2,2014,2.7
Red Deer County,2014-03,3,2014,19.98
Red Deer County,2014-04,4,2014,17.05
Red Deer County,2014-05,5,2014,63.44
Red Deer County,2014-06,6,2014,105.75
Red Deer County,2014-07,7,2014,65.41
Red Deer County,2014-08,8,2014,75.63
Red Deer County,2014-09,9,2014,48.07
Red Deer County,2014-10,10,2014,7.63
Red Deer County,2014-11,11,2014,28.59
Red Deer County,2014-12,12,2014,4.47
Red Deer County,2015-01,1,2015,20.54
Red Deer County,2015-02,2,2015,11.89
Red Deer County,2015-03,3,2015,12.15
Red Deer County,2015-04,4,2015,13.9
Red Deer County,2015-05,5,2015,23.06
Red Deer County,2015-06,6,2015,50.27
Red Deer County,2015-07,7,2015,91.67
Red Deer County,2015-08,8,2015,92.31
Red Deer County,2015-09,9,2015,69.25
Red Deer County,2015-10,10,2015,7.03
Red Deer County,2015-11,11,2015,8.22
Red Deer County,2015-12,12,2015,9.1
Red Deer County,2016-01,1,2016,14.61
Red Deer County,2016-02,2,2016,6.58
Red Deer County,2016-03,3,2016,13.43
Red Deer County,2016-04,4,2016,11.34
Red Deer County,2016-05,5,2016,64.26
Red Deer County,2016-06,6,2016,42.99
Red Deer County,2016-07,7,2016,128.96
Red Deer County,2016-08,8,2016,107.36
Red Deer County,2016-09,9,2016,38.26
Red Deer County,2016-10,10,2016,32.11
Red Deer County,2016-11,11,2016,10.52
Red Deer County,2016-12,12,2016,16.35
Red Deer County,2017-01,1,2017,6.56
Red Deer County,2017-02,2,2017,17.81
Red Deer County,2017-03,3,2017,14.81
Red Deer County,2017-04,4,2017,31.42
Red Deer County,2017-05,5,2017,47.69
Red Deer County,2017-06,6,2017,74.86
Red Deer County,2017-07,7,2017,63.62
Red Deer County,2017-08,8,2017,21.74
Red Deer County,2017-09,9,2017,45.34
Red Deer County,2017-10,10,2017,16.42
Red Deer County,2017-11,11,2017,10.71
Red Deer County,2017-12,12,2017,7.1
Red Deer County,2018-01,1,2018,8
Red Deer County,2018-02,2,2018,15.26
Red Deer County,2018-03,3,2018,30.43
Red Deer County,2018-04,4,2018,17.96
Red Deer County,2018-05,5,2018,27.08
Red Deer County,2018-06,6,2018,64.42
Red Deer County,2018-07,7,2018,49.88
Red Deer County,2018-08,8,2018,27.81
Red Deer County,2018-09,9,2018,54.92
Red Deer County,2018-10,10,2018,13.35
Red Deer County,2018-11,11,2018,20.26
Red Deer County,2018-12,12,2018,14.41
Red Deer County,2019-01,1,2019,4.97
Red Deer County,2019-02,2,2019,9.73
Red Deer County,2019-03,3,2019,8.03
Red Deer County,2019-04,4,2019,16.49
Red Deer County,2019-05,5,2019,38.73
Red Deer County,2019-06,6,2019,111.88
Red Deer County,2019-07,7,2019,63.74
Red Deer County,2019-08,8,2019,26.77
Red Deer County,2019-09,9,2019,41.36
Red Deer County,2019-10,10,2019,9.85
Red Deer County,2019-11,11,2019,26.64
Red Deer County,2019-12,12,2019,13.12
Red Deer County,2020-01,1,2020,5.71
Red Deer County,2020-02,2,2020,18.21
Red Deer County,2020-03,3,2020,13.41
Red Deer County,2020-04,4,2020,9.25
Red Deer County,2020-05,5,2020,96.44
Red Deer County,2020-06,6,2020,126.58
Red Deer County,2020-07,7,2020,107.19
Red Deer County,2020-08,8,2020,42.16
Red Deer County,2020-09,9,2020,18.95
Red Deer County,2020-10,10,2020,26.42
Red Deer County,2020-11,11,2020,17.18
Red Deer County,2020-12,12,2020,12.98
Red Deer County,2021-01,1,2021,3.14
Red Deer County,2021-02,2,2021,6.72
Red Deer County,2021-03,3,2021,6.44
Red Deer County,2021-04,4,2021,9.49
Red Deer County,2021-05,5,2021,59.84
Red Deer County,2021-06,6,2021,51.84
Red Deer County,2021-07,7,2021,38.58
Red Deer County,2021-08,8,2021,67.14
Red Deer County,2021-09,9,2021,21.17
Red Deer County,2021-10,10,2021,15.82
Red Deer County,2021-11,11,2021,4.65
Red Deer County,2021-12,12,2021,17.26
Red Deer County,2022-01,1,2022,3.97
Red Deer County,2022-02,2,2022,17.09
Red Deer County,2022-03,3,2022,12.76
Red Deer County,2022-04,4,2022,24.59
Red Deer County,2022-05,5,2022,21.36
Red Deer County,2022-06,6,2022,184.3
Red Deer County,2022-07,7,2022,87.89
Red Deer County,2022-08,8,2022,25.41
Red Deer County,2022-09,9,2022,5.27
Red Deer County,2022-10,10,2022,8.35
Red Deer County,2022-11,11,2022,24.27
Red Deer County,2022-12,12,2022,6.72
Red Deer County,2023-01,1,2023,6.54
Red Deer County,2023-02,2,2023,11.06
Red Deer County,2023-03,3,2023,5.42
Red Deer County,2023-04,4,2023,9.11
Red Deer County,2023-05,5,2023,27.52
Red Deer County,2023-06,6,2023,123.56
Red Deer County,2023-07,7,2023,51.87
Red Deer County,2023-08,8,2023,51.57
Red Deer County,2023-09,9,2023,22.33
Red Deer County,2023-10,10,2023,23.14
Red Deer County,2023-11,11,2023,4.33
Red Deer County,2023-12,12,2023,12.35
Red Deer County,2024-01,1,2024,8.27
Red Deer County,2024-02,2,2024,17.32
Red Deer County,2024-03,3,2024,20.58
Red Deer County,2024-04,4,2024,18.26
Red Deer County,2024-05,5,2024,52.78
Red Deer County,2024-06,6,2024,51.83
Regional Municipality of Wood Buffalo,2012-01,1,2012,16.78
Regional Municipality of Wood Buffalo,2012-02,2,2012,3.56
Regional Municipality of Wood Buffalo,2012-03,3,2012,37.16
Regional Municipality of Wood Buffalo,2012-04,4,2012,42.11
Regional Municipality of Wood Buffalo,2012-05,5,2012,22.68
Regional Municipality of Wood Buffalo,2012-06,6,2012,57.58
Regional Municipality of Wood Buffalo,2012-07,7,2012,137.21
Regional Municipality of Wood Buffalo,2012-08,8,2012,49.12
Regional Municipality of Wood Buffalo,2012-09,9,2012,90.37
Regional Municipality of Wood Buffalo,2012-10,10,2012,60.74
Regional Municipality of Wood Buffalo,2012-11,11,2012,25.71
Regional Municipality of Wood Buffalo,2012-12,12,2012,18.18
Regional Municipality of Wood Buffalo,2013-01,1,2013,19.53
Regional Municipality of Wood Buffalo,2013-02,2,2013,13.82
Regional Municipality of Wood Buffalo,2013-03,3,2013,15.21
Regional Municipality of Wood Buffalo,2013-04,4,2013,26.7
Regional Municipality of Wood Buffalo,2013-05,5,2013,19.7
Regional Municipality of Wood Buffalo,2013-06,6,2013,154.17
Regional Municipality of Wood Buffalo,2013-07,7,2013,113.91
Regional Municipality of Wood Buffalo,2013-08,8,2013,46.14
Regional Municipality of Wood Buffalo,2013-09,9,2013,40.9
Regional Municipality of Wood Buffalo,2013-10,10,2013,33.25
Regional Municipality of Wood Buffalo,2013-11,11,2013,11.3
Regional Municipality of Wood Buffalo,2013-12,12,2013,31.81
Regional Municipality of Wood Buffalo,2014-01,1,2014,17.77
Regional Municipality of Wood Buffalo,2014-02,2,2014,6.86
Regional Municipality of Wood Buffalo,2014-03,3,2014,11.51
Regional Municipality of Wood Buffalo,2014-04,4,2014,25.61
Regional Municipality of Wood Buffalo,2014-05,5,2014,87.51
Regional Municipality of Wood Buffalo,2014-06,6,2014,68.85
Regional Municipality of Wood Buffalo,2014-07,7,2014,66.37
Regional Municipality of Wood Buffalo,2014-08,8,2014,37.86
Regional Municipality of Wood Buffalo,2014-09,9,2014,53.43
Regional Municipality of Wood Buffalo,2014-10,10,2014,31.72
Regional Municipality of Wood Buffalo,2014-11,11,2014,13.21
Regional Municipality of Wood Buffalo,2014-12,12,2014,11.6
Regional Municipality of Wood Buffalo,2015-01,1,2015,22.12
Regional Municipality of Wood Buffalo,2015-02,2,2015,22.97
Regional Municipality of Wood Buffalo,2015-03,3,2015,11.87
Regional Municipality of Wood Buffalo,2015-04,4,2015,8.89
Regional Municipality of Wood Buffalo,2015-05,5,2015,20.65
Regional Municipality of Wood Buffalo,2015-06,6,2015,34.29
Regional Municipality of Wood Buffalo,2015-07,7,2015,79.79
Regional Municipality of Wood Buffalo,2015-08,8,2015,53.31
Regional Municipality of Wood Buffalo,2015-09,9,2015,46.25
Regional Municipality of Wood Buffalo,2015-10,10,2015,18.72
Regional Municipality of Wood Buffalo,2015-11,11,2015,10.26
Regional Municipality of Wood Buffalo,2015-12,12,2015,7.22
Regional Municipality of Wood Buffalo,2016-01,1,2016,13.15
Regional Municipality of Wood Buffalo,2016-02,2,2016,17.69
Regional Municipality of Wood Buffalo,2016-03,3,2016,24.17
Regional Municipality of Wood Buffalo,2016-04,4,2016,20.16
Regional Municipality of Wood Buffalo,2016-05,5,2016,33.6
Regional Municipality of Wood Buffalo,2016-06,6,2016,95.28
Regional Municipality of Wood Buffalo,2016-07,7,2016,92.68
Regional Municipality of Wood Buffalo,2016-08,8,2016,89.92
Regional Municipality of Wood Buffalo,2016-09,9,2016,68.17
Regional Municipality of Wood Buffalo,2016-10,10,2016,49.11
Regional Municipality of Wood Buffalo,2016-11,11,2016,8.09
Regional Municipality of Wood Buffalo,2016-12,12,2016,17.37
Regional Municipality of Wood Buffalo,2017-01,1,2017,3.22
Regional Municipality of Wood Buffalo,2017-02,2,2017,7.15
Regional Municipality of Wood Buffalo,2017-03,3,2017,7.65
Regional Municipality of Wood Buffalo,2017-04,4,2017,26.83
Regional Municipality of Wood Buffalo,2017-05,5,2017,38.42
Regional Municipality of Wood Buffalo,2017-06,6,2017,82.25
Regional Municipality of Wood Buffalo,2017-07,7,2017,61.71
Regional Municipality of Wood Buffalo,2017-08,8,2017,44.22
Regional Municipality of Wood Buffalo,2017-09,9,2017,46.7
Regional Municipality of Wood Buffalo,2017-10,10,2017,51.71
Regional Municipality of Wood Buffalo,2017-11,11,2017,41.43
Regional Municipality of Wood Buffalo,2017-12,12,2017,23.96
Regional Municipality of Wood Buffalo,2018-01,1,2018,12.44
Regional Municipality of Wood Buffalo,2018-02,2,2018,4.36
Regional Municipality of Wood Buffalo,2018-03,3,2018,9.98
Regional Municipality of Wood Buffalo,2018-04,4,2018,5.57
Regional Municipality of Wood Buffalo,2018-05,5,2018,11.48
Regional Municipality of Wood Buffalo,2018-06,6,2018,131.58
Regional Municipality of Wood Buffalo,2018-07,7,2018,107.36
Regional Municipality of Wood Buffalo,2018-08,8,2018,38.5
Regional Municipality of Wood Buffalo,2018-09,9,2018,33.11
Regional Municipality of Wood Buffalo,2018-10,10,2018,4.98
Regional Municipality of Wood Buffalo,2018-11,11,2018,17.08
Regional Municipality of Wood Buffalo,2018-12,12,2018,16.1
Regional Municipality of Wood Buffalo,2019-01,1,2019,22.65
Regional Municipality of Wood Buffalo,2019-02,2,2019,8.76
Regional Municipality of Wood Buffalo,2019-03,3,2019,0.76
Regional Municipality of Wood Buffalo,2019-04,4,2019,16.26
Regional Municipality of Wood Buffalo,2019-05,5,2019,14.48
Regional Municipality of Wood Buffalo,2019-06,6,2019,72.68
Regional Municipality of Wood Buffalo,2019-07,7,2019,68.39
Regional Municipality of Wood Buffalo,2019-08,8,2019,125.27
Regional Municipality of Wood Buffalo,2019-09,9,2019,39.36
Regional Municipality of Wood Buffalo,2019-10,10,2019,19.94
Regional Municipality of Wood Buffalo,2019-11,11,2019,13.37
Regional Municipality of Wood Buffalo,2019-12,12,2019,9.37
Regional Municipality of Wood Buffalo,2020-01,1,2020,18.1
Regional Municipality of Wood Buffalo,2020-02,2,2020,15.07
Regional Municipality of Wood Buffalo,2020-03,3,2020,14.2
Regional Municipality of Wood Buffalo,2020-04,4,2020,12.98
Regional Municipality of Wood Buffalo,2020-05,5,2020,51.5
Regional Municipality of Wood Buffalo,2020-06,6,2020,110.22
Regional Municipality of Wood Buffalo,2020-07,7,2020,151.01
Regional Municipality of Wood Buffalo,2020-08,8,2020,134.48
Regional Municipality of Wood Buffalo,2020-09,9,2020,44.47
Regional Municipality of Wood Buffalo,2020-10,10,2020,52.17
Regional Municipality of Wood Buffalo,2020-11,11,2020,19.55
Regional Municipality of Wood Buffalo,2020-12,12,2020,18.11
Regional Municipality of Wood Buffalo,2021-01,1,2021,14.21
Regional Municipality of Wood Buffalo,2021-02,2,2021,12.66
Regional Municipality of Wood Buffalo,2021-03,3,2021,17.2
Regional Municipality of Wood Buffalo,2021-04,4,2021,12.32
Regional Municipality of Wood Buffalo,2021-05,5,2021,35.87
Regional Municipality of Wood Buffalo,2021-06,6,2021,64.79
Regional Municipality of Wood Buffalo,2021-07,7,2021,55.31
Regional Municipality of Wood Buffalo,2021-08,8,2021,62.63
Regional Municipality of Wood Buffalo,2021-09,9,2021,69.42
Regional Municipality of Wood Buffalo,2021-10,10,2021,15.32
Regional Municipality of Wood Buffalo,2021-11,11,2021,26.2
Regional Municipality of Wood Buffalo,2021-12,12,2021,17.71
Regional Municipality of Wood Buffalo,2022-01,1,2022,26.19
Regional Municipality of Wood Buffalo,2022-02,2,2022,22.32
Regional Municipality of Wood Buffalo,2022-03,3,2022,14.91
Regional Municipality of Wood Buffalo,2022-04,4,2022,14.78
Regional Municipality of Wood Buffalo,2022-05,5,2022,59.97
Regional Municipality of Wood Buffalo,2022-06,6,2022,38.42
Regional Municipality of Wood Buffalo,2022-07,7,2022,53.03
Regional Municipality of Wood Buffalo,2022-08,8,2022,69.03
Regional Municipality of Wood Buffalo,2022-09,9,2022,21.35
Regional Municipality of Wood Buffalo,2022-10,10,2022,7.3
Regional Municipality of Wood Buffalo,2022-11,11,2022,13.55
Regional Municipality of Wood Buffalo,2022-12,12,2022,21.36
Regional Municipality of Wood Buffalo,2023-01,1,2023,9.99
Regional Municipality of Wood Buffalo,2023-02,2,2023,18.59
Regional Municipality of Wood Buffalo,2023-03,3,2023,15.41
Regional Municipality of Wood Buffalo,2023-04,4,2023,11.88
Regional Municipality of Wood Buffalo,2023-05,5,2023,8.55
Regional Municipality of Wood Buffalo,2023-06,6,2023,126.99
Regional Municipality of Wood Buffalo,2023-07,7,2023,77.15
Regional Municipality of Wood Buffalo,2023-08,8,2023,39.04
Regional Municipality of Wood Buffalo,2023-09,9,2023,15.28
Regional Municipality of Wood Buffalo,2023-10,10,2023,16.93
Regional Municipality of Wood Buffalo,2023-11,11,2023,15.51
Regional Municipality of Wood Buffalo,2023-12,12,2023,3.96
Regional Municipality of Wood Buffalo,2024-01,1,2024,9.76
Regional Municipality of Wood Buffalo,2024-02,2,2024,6.75
Regional Municipality of Wood Buffalo,2024-03,3,2024,17.91
Regional Municipality of Wood Buffalo,2024-04,4,2024,24.25
Regional Municipality of Wood Buffalo,2024-05,5,2024,90.65
Regional Municipality of Wood Buffalo,2024-06,6,2024,83.67
Rocky View County,2012-01,1,2012,7.1
Rocky View County,2012-02,2,2012,10.42
Rocky View County,2012-03,3,2012,18.93
Rocky View County,2012-04,4,2012,51.19
Rocky View County,2012-05,5,2012,62.36
Rocky View County,2012-06,6,2012,155.11
Rocky View County,2012-07,7,2012,38.22
Rocky View County,2012-08,8,2012,43.51
Rocky View County,2012-09,9,2012,9.28
Rocky View County,2012-10,10,2012,32.82
Rocky View County,2012-11,11,2012,14.25
Rocky View County,2012-12,12,2012,11.63
Rocky View County,2013-01,1,2013,9.01
Rocky View County,2013-02,2,2013,4.21
Rocky View County,2013-03,3,2013,15.47
Rocky View County,2013-04,4,2013,27.51
Rocky View County,2013-05,5,2013,119.32
Rocky View County,2013-06,6,2013,147.56
Rocky View County,2013-07,7,2013,73.64
Rocky View County,2013-08,8,2013,24.89
Rocky View County,2013-09,9,2013,47.97
Rocky View County,2013-10,10,2013,27.27
Rocky View County,2013-11,11,2013,20.1
Rocky View County,2013-12,12,2013,23.28
Rocky View County,2014-01,1,2014,16.57
Rocky View County,2014-02,2,2014,3.02
Rocky View County,2014-03,3,2014,13.63
Rocky View County,2014-04,4,2014,25.89
Rocky View County,2014-05,5,2014,70.72
Rocky View County,2014-06,6,2014,110.93
Rocky View County,2014-07,7,2014,25.62
Rocky View County,2014-08,8,2014,75.83
Rocky View County,2014-09,9,2014,57.58
Rocky View County,2014-10,10,2014,7.42
Rocky View County,2014-11,11,2014,39.57
Rocky View County,2014-12,12,2014,5.99
Rocky View County,2015-01,1,2015,15.22
Rocky View County,2015-02,2,2015,6.69
Rocky View County,2015-03,3,2015,10.66
Rocky View County,2015-04,4,2015,13.81
Rocky View County,2015-05,5,2015,29.08
Rocky View County,2015-06,6,2015,48.99
Rocky View County,2015-07,7,2015,84.39
Rocky View County,2015-08,8,2015,100.86
Rocky View County,2015-09,9,2015,70.51
Rocky View County,2015-10,10,2015,8.75
Rocky View County,2015-11,11,2015,14.04
Rocky View County,2015-12,12,2015,12.97
Rocky View County,2016-01,1,2016,10.04
Rocky View County,2016-02,2,2016,2.73
Rocky View County,2016-03,3,2016,9.05
Rocky View County,2016-04,4,2016,9.17
Rocky View County,2016-05,5,2016,62.65
Rocky View County,2016-06,6,2016,39.85
Rocky View County,2016-07,7,2016,156.8
Rocky View County,2016-08,8,2016,76.41
Rocky View County,2016-09,9,2016,32.47
Rocky View County,2016-10,10,2016,25.8
Rocky View County,2016-11,11,2016,2.59
Rocky View County,2016-12,12,2016,19.26
Rocky View County,2017-01,1,2017,8.93
Rocky View County,2017-02,2,2017,23.68
Rocky View County,2017-03,3,2017,14.42
Rocky View County,2017-04,4,2017,53.33
Rocky View County,2017-05,5,2017,40.81
Rocky View County,2017-06,6,2017,56.97
Rocky View County,2017-07,7,2017,52.01
Rocky View County,2017-08,8,2017,22.51
Rocky View County,2017-09,9,2017,21.35
Rocky View County,2017-10,10,2017,14.25
Rocky View County,2017-11,11,2017,14.29
Rocky View County,2017-12,12,2017,18.29
Rocky View County,2018-01,1,2018,5.11
Rocky View County,2018-02,2,2018,21.48
Rocky View County,2018-03,3,2018,30.59
Rocky View County,2018-04,4,2018,24.35
Rocky View County,2018-05,5,2018,30.63
Rocky View County,2018-06,6,2018,75.86
Rocky View County,2018-07,7,2018,40.94
Rocky View County,2018-08,8,2018,31.75
Rocky View County,2018-09,9,2018,38.51
Rocky View County,2018-10,10,2018,30.66
Rocky View County,2018-11,11,2018,16.12
Rocky View County,2018-12,12,2018,9.04
Rocky View County,2019-01,1,2019,5.17
Rocky View County,2019-02,2,2019,15.82
Rocky View County,2019-03,3,2019,11.7
Rocky View County,2019-04,4,2019,23.16
Rocky View County,2019-05,5,2019,37.62
Rocky View County,2019-06,6,2019,125.56
Rocky View County,2019-07,7,2019,79.56
Rocky View County,2019-08,8,2019,50.26
Rocky View County,2019-09,9,2019,60.55
Rocky View County,2019-10,10,2019,12.26
Rocky View County,2019-11,11,2019,33.35
Rocky View County,2019-12,12,2019,14.21
Rocky View County,2020-01,1,2020,3.81
Rocky View County,2020-02,2,2020,18.19
Rocky View County,2020-03,3,2020,17.5
Rocky View County,2020-04,4,2020,21.61
Rocky View County,2020-05,5,2020,93.06
Rocky View County,2020-06,6,2020,111.18
Rocky View County,2020-07,7,2020,65.06
Rocky View County,2020-08,8,2020,15.76
Rocky View County,2020-09,9,2020,20.22
Rocky View County,2020-10,10,2020,24.95
Rocky View County,2020-11,11,2020,11.27
Rocky View County,2020-12,12,2020,26.94
Rocky View County,2021-01,1,2021,2.23
Rocky View County,2021-02,2,2021,14.97
Rocky View County,2021-03,3,2021,12.4
Rocky View County,2021-04,4,2021,15.79
Rocky View County,2021-05,5,2021,50.33
Rocky View County,2021-06,6,2021,39.37
Rocky View County,2021-07,7,2021,47.1
Rocky View County,2021-08,8,2021,63.99
Rocky View County,2021-09,9,2021,15.66
Rocky View County,2021-10,10,2021,26.14
Rocky View County,2021-11,11,2021,4.76
Rocky View County,2021-12,12,2021,15.19
Rocky View County,2022-01,1,2022,3.87
Rocky View County,2022-02,2,2022,11.98
Rocky View County,2022-03,3,2022,8.56
Rocky View County,2022-04,4,2022,16.84
Rocky View County,2022-05,5,2022,24.16
Rocky View County,2022-06,6,2022,159.94
Rocky View County,2022-07,7,2022,44.52
Rocky View County,2022-08,8,2022,30.22
Rocky View County,2022-09,9,2022,13.59
Rocky View County,2022-10,10,2022,20.51
Rocky View County,2022-11,11,2022,22.04
Rocky View County,2022-12,12,2022,9.69
Rocky View County,2023-01,1,2023,9.45
Rocky View County,2023-02,2,2023,18.28
Rocky View County,2023-03,3,2023,9.71
Rocky View County,2023-04,4,2023,10.99
Rocky View County,2023-05,5,2023,33
Rocky View County,2023-06,6,2023,74.87
Rocky View County,2023-07,7,2023,59.69
Rocky View County,2023-08,8,2023,48
Rocky View County,2023-09,9,2023,20.14
Rocky View County,2023-10,10,2023,29.05
Rocky View County,2023-11,11,2023,5.47
Rocky View County,2023-12,12,2023,13.24
Rocky View County,2024-01,1,2024,11.24
Rocky View County,2024-02,2,2024,18.4
Rocky View County,2024-03,3,2024,23.22
Rocky View County,2024-04,4,2024,40.55
Rocky View County,2024-05,5,2024,68.6
Rocky View County,2024-06,6,2024,84.82
Saddle Hills County,2012-01,1,2012,23.07
Saddle Hills County,2012-02,2,2012,9.54
Saddle Hills County,2012-03,3,2012,14.72
Saddle Hills County,2012-04,4,2012,40.35
Saddle Hills County,2012-05,5,2012,57.2
Saddle Hills County,2012-06,6,2012,96.49
Saddle Hills County,2012-07,7,2012,32.35
Saddle Hills County,2012-08,8,2012,26.08
Saddle Hills County,2012-09,9,2012,9.04
Saddle Hills County,2012-10,10,2012,94.21
Saddle Hills County,2012-11,11,2012,29.58
Saddle Hills County,2012-12,12,2012,29.77
Saddle Hills County,2013-01,1,2013,33.91
Saddle Hills County,2013-02,2,2013,6.98
Saddle Hills County,2013-03,3,2013,22.85
Saddle Hills County,2013-04,4,2013,25.6
Saddle Hills County,2013-05,5,2013,28.28
Saddle Hills County,2013-06,6,2013,96.64
Saddle Hills County,2013-07,7,2013,91.4
Saddle Hills County,2013-08,8,2013,56.17
Saddle Hills County,2013-09,9,2013,29.21
Saddle Hills County,2013-10,10,2013,17.66
Saddle Hills County,2013-11,11,2013,32.13
Saddle Hills County,2013-12,12,2013,106.27
Saddle Hills County,2014-01,1,2014,11.6
Saddle Hills County,2014-02,2,2014,22.13
Saddle Hills County,2014-03,3,2014,21.39
Saddle Hills County,2014-04,4,2014,33.48
Saddle Hills County,2014-05,5,2014,11.61
Saddle Hills County,2014-06,6,2014,57.64
Saddle Hills County,2014-07,7,2014,59.47
Saddle Hills County,2014-08,8,2014,6.49
Saddle Hills County,2014-09,9,2014,39.07
Saddle Hills County,2014-10,10,2014,52.58
Saddle Hills County,2014-11,11,2014,43.42
Saddle Hills County,2014-12,12,2014,15.64
Saddle Hills County,2015-01,1,2015,33.34
Saddle Hills County,2015-02,2,2015,32.28
Saddle Hills County,2015-03,3,2015,32.91
Saddle Hills County,2015-04,4,2015,41.44
Saddle Hills County,2015-05,5,2015,28.26
Saddle Hills County,2015-06,6,2015,69.74
Saddle Hills County,2015-07,7,2015,31.2
Saddle Hills County,2015-08,8,2015,53.93
Saddle Hills County,2015-09,9,2015,40.99
Saddle Hills County,2015-10,10,2015,38.71
Saddle Hills County,2015-11,11,2015,16.5
Saddle Hills County,2015-12,12,2015,10.07
Saddle Hills County,2016-01,1,2016,19.96
Saddle Hills County,2016-02,2,2016,14.82
Saddle Hills County,2016-03,3,2016,30.53
Saddle Hills County,2016-04,4,2016,12.9
Saddle Hills County,2016-05,5,2016,72.52
Saddle Hills County,2016-06,6,2016,133.02
Saddle Hills County,2016-07,7,2016,72.79
Saddle Hills County,2016-08,8,2016,103.27
Saddle Hills County,2016-09,9,2016,48.59
Saddle Hills County,2016-10,10,2016,67.69
Saddle Hills County,2016-11,11,2016,21.53
Saddle Hills County,2016-12,12,2016,7.61
Saddle Hills County,2017-01,1,2017,21.09
Saddle Hills County,2017-02,2,2017,17.62
Saddle Hills County,2017-03,3,2017,19.45
Saddle Hills County,2017-04,4,2017,58.83
Saddle Hills County,2017-05,5,2017,58.67
Saddle Hills County,2017-06,6,2017,66.25
Saddle Hills County,2017-07,7,2017,49.57
Saddle Hills County,2017-08,8,2017,36.87
Saddle Hills County,2017-09,9,2017,55.21
Saddle Hills County,2017-10,10,2017,53.35
Saddle Hills County,2017-11,11,2017,45.9
Saddle Hills County,2017-12,12,2017,5.25
Saddle Hills County,2018-01,1,2018,32.12
Saddle Hills County,2018-02,2,2018,28.16
Saddle Hills County,2018-03,3,2018,30.58
Saddle Hills County,2018-04,4,2018,15.33
Saddle Hills County,2018-05,5,2018,13.8
Saddle Hills County,2018-06,6,2018,87.8
Saddle Hills County,2018-07,7,2018,150.23
Saddle Hills County,2018-08,8,2018,36.34
Saddle Hills County,2018-09,9,2018,51.25
Saddle Hills County,2018-10,10,2018,19.8
Saddle Hills County,2018-11,11,2018,34.13
Saddle Hills County,2018-12,12,2018,21.62
Saddle Hills County,2019-01,1,2019,20.03
Saddle Hills County,2019-02,2,2019,15.29
Saddle Hills County,2019-03,3,2019,1.25
Saddle Hills County,2019-04,4,2019,14.16
Saddle Hills County,2019-05,5,2019,21.18
Saddle Hills County,2019-06,6,2019,73.86
Saddle Hills County,2019-07,7,2019,89.62
Saddle Hills County,2019-08,8,2019,67.78
Saddle Hills County,2019-09,9,2019,30.53
Saddle Hills County,2019-10,10,2019,38.69
Saddle Hills County,2019-11,11,2019,46.37
Saddle Hills County,2019-12,12,2019,8.03
Saddle Hills County,2020-01,1,2020,25
Saddle Hills County,2020-02,2,2020,16.39
Saddle Hills County,2020-03,3,2020,27.68
Saddle Hills County,2020-04,4,2020,4.67
Saddle Hills County,2020-05,5,2020,56.28
Saddle Hills County,2020-06,6,2020,96.73
Saddle Hills County,2020-07,7,2020,117.22
Saddle Hills County,2020-08,8,2020,44.21
Saddle Hills County,2020-09,9,2020,27.3
Saddle Hills County,2020-10,10,2020,33.36
Saddle Hills County,2020-11,11,2020,22.46
Saddle Hills County,2020-12,12,2020,16.47
Saddle Hills County,2021-01,1,2021,11.76
Saddle Hills County,2021-02,2,2021,21.56
Saddle Hills County,2021-03,3,2021,15.38
Saddle Hills County,2021-04,4,2021,12.43
Saddle Hills County,2021-05,5,2021,27.14
Saddle Hills County,2021-06,6,2021,42.14
Saddle Hills County,2021-07,7,2021,37.65
Saddle Hills County,2021-08,8,2021,51.7
Saddle Hills County,2021-09,9,2021,31.49
Saddle Hills County,2021-10,10,2021,24.54
Saddle Hills County,2021-11,11,2021,40.19
Saddle Hills County,2021-12,12,2021,19.46
Saddle Hills County,2022-01,1,2022,27.05
Saddle Hills County,2022-02,2,2022,30.37
Saddle Hills County,2022-03,3,2022,13.98
Saddle Hills County,2022-04,4,2022,36.32
Saddle Hills County,2022-05,5,2022,94.25
Saddle Hills County,2022-06,6,2022,69.58
Saddle Hills County,2022-07,7,2022,13.81
Saddle Hills County,2022-08,8,2022,36.76
Saddle Hills County,2022-09,9,2022,41.77
Saddle Hills County,2022-10,10,2022,11.65
Saddle Hills County,2022-11,11,2022,11.43
Saddle Hills County,2022-12,12,2022,26.41
Saddle Hills County,2023-01,1,2023,16.3
Saddle Hills County,2023-02,2,2023,19.61
Saddle Hills County,2023-03,3,2023,6.28
Saddle Hills County,2023-04,4,2023,16.96
Saddle Hills County,2023-05,5,2023,48.19
Saddle Hills County,2023-06,6,2023,32.23
Saddle Hills County,2023-07,7,2023,87.01
Saddle Hills County,2023-08,8,2023,45.46
Saddle Hills County,2023-09,9,2023,9.26
Saddle Hills County,2023-10,10,2023,19.73
Saddle Hills County,2023-11,11,2023,13.02
Saddle Hills County,2023-12,12,2023,6.5
Saddle Hills County,2024-01,1,2024,14.84
Saddle Hills County,2024-02,2,2024,9.79
Saddle Hills County,2024-03,3,2024,5.64
Saddle Hills County,2024-04,4,2024,13.69
Saddle Hills County,2024-05,5,2024,38.44
Saddle Hills County,2024-06,6,2024,72.76
Smoky Lake County,2012-01,1,2012,15.05
Smoky Lake County,2012-02,2,2012,6.93
Smoky Lake County,2012-03,3,2012,17.31
Smoky Lake County,2012-04,4,2012,38.39
Smoky Lake County,2012-05,5,2012,56.51
Smoky Lake County,2012-06,6,2012,32.06
Smoky Lake County,2012-07,7,2012,116.14
Smoky Lake County,2012-08,8,2012,65.65
Smoky Lake County,2012-09,9,2012,30.31
Smoky Lake County,2012-10,10,2012,25.58
Smoky Lake County,2012-11,11,2012,20.18
Smoky Lake County,2012-12,12,2012,12.51
Smoky Lake County,2013-01,1,2013,21.7
Smoky Lake County,2013-02,2,2013,13.38
Smoky Lake County,2013-03,3,2013,10.27
Smoky Lake County,2013-04,4,2013,24.16
Smoky Lake County,2013-05,5,2013,15.49
Smoky Lake County,2013-06,6,2013,83.49
Smoky Lake County,2013-07,7,2013,72.45
Smoky Lake County,2013-08,8,2013,50.51
Smoky Lake County,2013-09,9,2013,3.07
Smoky Lake County,2013-10,10,2013,20.73
Smoky Lake County,2013-11,11,2013,18.7
Smoky Lake County,2013-12,12,2013,32.29
Smoky Lake County,2014-01,1,2014,8.4
Smoky Lake County,2014-02,2,2014,8.5
Smoky Lake County,2014-03,3,2014,1.89
Smoky Lake County,2014-04,4,2014,52.3
Smoky Lake County,2014-05,5,2014,49.47
Smoky Lake County,2014-06,6,2014,119.23
Smoky Lake County,2014-07,7,2014,68.59
Smoky Lake County,2014-08,8,2014,18.18
Smoky Lake County,2014-09,9,2014,33.34
Smoky Lake County,2014-10,10,2014,6.87
Smoky Lake County,2014-11,11,2014,35.83
Smoky Lake County,2014-12,12,2014,4.39
Smoky Lake County,2015-01,1,2015,17.09
Smoky Lake County,2015-02,2,2015,17.84
Smoky Lake County,2015-03,3,2015,16.58
Smoky Lake County,2015-04,4,2015,13.73
Smoky Lake County,2015-05,5,2015,32.28
Smoky Lake County,2015-06,6,2015,40.34
Smoky Lake County,2015-07,7,2015,80.69
Smoky Lake County,2015-08,8,2015,20.09
Smoky Lake County,2015-09,9,2015,49.48
Smoky Lake County,2015-10,10,2015,17.14
Smoky Lake County,2015-11,11,2015,18.87
Smoky Lake County,2015-12,12,2015,9.06
Smoky Lake County,2016-01,1,2016,18.31
Smoky Lake County,2016-02,2,2016,12.62
Smoky Lake County,2016-03,3,2016,23.79
Smoky Lake County,2016-04,4,2016,27.11
Smoky Lake County,2016-05,5,2016,91.25
Smoky Lake County,2016-06,6,2016,67.51
Smoky Lake County,2016-07,7,2016,82.7
Smoky Lake County,2016-08,8,2016,68.22
Smoky Lake County,2016-09,9,2016,29.2
Smoky Lake County,2016-10,10,2016,57.2
Smoky Lake County,2016-11,11,2016,6.76
Smoky Lake County,2016-12,12,2016,9.74
Smoky Lake County,2017-01,1,2017,6.34
Smoky Lake County,2017-02,2,2017,9.39
Smoky Lake County,2017-03,3,2017,18.41
Smoky Lake County,2017-04,4,2017,60.92
Smoky Lake County,2017-05,5,2017,56.01
Smoky Lake County,2017-06,6,2017,92.01
Smoky Lake County,2017-07,7,2017,90.23
Smoky Lake County,2017-08,8,2017,47.17
Smoky Lake County,2017-09,9,2017,29.64
Smoky Lake County,2017-10,10,2017,35.54
Smoky Lake County,2017-11,11,2017,12.72
Smoky Lake County,2017-12,12,2017,3.24
Smoky Lake County,2018-01,1,2018,20.63
Smoky Lake County,2018-02,2,2018,9.38
Smoky Lake County,2018-03,3,2018,14.07
Smoky Lake County,2018-04,4,2018,19.55
Smoky Lake County,2018-05,5,2018,14.64
Smoky Lake County,2018-06,6,2018,109.14
Smoky Lake County,2018-07,7,2018,68.52
Smoky Lake County,2018-08,8,2018,54.07
Smoky Lake County,2018-09,9,2018,42.64
Smoky Lake County,2018-10,10,2018,19.69
Smoky Lake County,2018-11,11,2018,20.01
Smoky Lake County,2018-12,12,2018,21.93
Smoky Lake County,2019-01,1,2019,16.44
Smoky Lake County,2019-02,2,2019,17.69
Smoky Lake County,2019-03,3,2019,3.08
Smoky Lake County,2019-04,4,2019,8.92
Smoky Lake County,2019-05,5,2019,11.93
Smoky Lake County,2019-06,6,2019,120.74
Smoky Lake County,2019-07,7,2019,135.75
Smoky Lake County,2019-08,8,2019,30.23
Smoky Lake County,2019-09,9,2019,28.56
Smoky Lake County,2019-10,10,2019,28.07
Smoky Lake County,2019-11,11,2019,21.21
Smoky Lake County,2019-12,12,2019,8.67
Smoky Lake County,2020-01,1,2020,14.34
Smoky Lake County,2020-02,2,2020,16.83
Smoky Lake County,2020-03,3,2020,17.13
Smoky Lake County,2020-04,4,2020,5.85
Smoky Lake County,2020-05,5,2020,64.15
Smoky Lake County,2020-06,6,2020,130.42
Smoky Lake County,2020-07,7,2020,103.59
Smoky Lake County,2020-08,8,2020,67.01
Smoky Lake County,2020-09,9,2020,11.09
Smoky Lake County,2020-10,10,2020,22.89
Smoky Lake County,2020-11,11,2020,20.26
Smoky Lake County,2020-12,12,2020,3.73
Smoky Lake County,2021-01,1,2021,14.35
Smoky Lake County,2021-02,2,2021,9.6
Smoky Lake County,2021-03,3,2021,5.61
Smoky Lake County,2021-04,4,2021,8.86
Smoky Lake County,2021-05,5,2021,49.28
Smoky Lake County,2021-06,6,2021,54.75
Smoky Lake County,2021-07,7,2021,49.23
Smoky Lake County,2021-08,8,2021,59.39
Smoky Lake County,2021-09,9,2021,11.89
Smoky Lake County,2021-10,10,2021,8.8
Smoky Lake County,2021-11,11,2021,14.06
Smoky Lake County,2021-12,12,2021,22.81
Smoky Lake County,2022-01,1,2022,27.55
Smoky Lake County,2022-02,2,2022,20.6
Smoky Lake County,2022-03,3,2022,31.36
Smoky Lake County,2022-04,4,2022,20.57
Smoky Lake County,2022-05,5,2022,28.65
Smoky Lake County,2022-06,6,2022,103.06
Smoky Lake County,2022-07,7,2022,31.82
Smoky Lake County,2022-08,8,2022,46.18
Smoky Lake County,2022-09,9,2022,14.62
Smoky Lake County,2022-10,10,2022,7.14
Smoky Lake County,2022-11,11,2022,18.92
Smoky Lake County,2022-12,12,2022,24.37
Smoky Lake County,2023-01,1,2023,10.94
Smoky Lake County,2023-02,2,2023,9.28
Smoky Lake County,2023-03,3,2023,7
Smoky Lake County,2023-04,4,2023,18.82
Smoky Lake County,2023-05,5,2023,34.34
Smoky Lake County,2023-06,6,2023,84.51
Smoky Lake County,2023-07,7,2023,112.44
Smoky Lake County,2023-08,8,2023,80.29
Smoky Lake County,2023-09,9,2023,7.39
Smoky Lake County,2023-10,10,2023,6.01
Smoky Lake County,2023-11,11,2023,1.87
Smoky Lake County,2023-12,12,2023,2.77
Smoky Lake County,2024-01,1,2024,8.63
Smoky Lake County,2024-02,2,2024,12.73
Smoky Lake County,2024-03,3,2024,6.82
Smoky Lake County,2024-04,4,2024,33.84
Smoky Lake County,2024-05,5,2024,63.2
Smoky Lake County,2024-06,6,2024,59.02
Special Areas 2,2012-01,1,2012,3.09
Special Areas 2,2012-02,2,2012,7.63
Special Areas 2,2012-03,3,2012,17.86
Special Areas 2,2012-04,4,2012,35.15
Special Areas 2,2012-05,5,2012,57.3
Special Areas 2,2012-06,6,2012,149.85
Special Areas 2,2012-07,7,2012,62.39
Special Areas 2,2012-08,8,2012,28.32
Special Areas 2,2012-09,9,2012,7.25
Special Areas 2,2012-10,10,2012,22.27
Special Areas 2,2012-11,11,2012,13.46
Special Areas 2,2012-12,12,2012,12.99
Special Areas 2,2013-01,1,2013,5.21
Special Areas 2,2013-02,2,2013,2.75
Special Areas 2,2013-03,3,2013,7.41
Special Areas 2,2013-04,4,2013,22.59
Special Areas 2,2013-05,5,2013,35.89
Special Areas 2,2013-06,6,2013,98.17
Special Areas 2,2013-07,7,2013,51.03
Special Areas 2,2013-08,8,2013,28.78
Special Areas 2,2013-09,9,2013,14.92
Special Areas 2,2013-10,10,2013,8.35
Special Areas 2,2013-11,11,2013,17.02
Special Areas 2,2013-12,12,2013,10.18
Special Areas 2,2014-01,1,2014,4.01
Special Areas 2,2014-02,2,2014,3.29
Special Areas 2,2014-03,3,2014,11.46
Special Areas 2,2014-04,4,2014,19.16
Special Areas 2,2014-05,5,2014,33.36
Special Areas 2,2014-06,6,2014,71.03
Special Areas 2,2014-07,7,2014,53.01
Special Areas 2,2014-08,8,2014,78.78
Special Areas 2,2014-09,9,2014,43.32
Special Areas 2,2014-10,10,2014,7.62
Special Areas 2,2014-11,11,2014,33.62
Special Areas 2,2014-12,12,2014,8.18
Special Areas 2,2015-01,1,2015,8.95
Special Areas 2,2015-02,2,2015,7.7
Special Areas 2,2015-03,3,2015,9.68
Special Areas 2,2015-04,4,2015,10.46
Special Areas 2,2015-05,5,2015,6.81
Special Areas 2,2015-06,6,2015,38.33
Special Areas 2,2015-07,7,2015,44.47
Special Areas 2,2015-08,8,2015,88.31
Special Areas 2,2015-09,9,2015,59.93
Special Areas 2,2015-10,10,2015,6.4
Special Areas 2,2015-11,11,2015,10.2
Special Areas 2,2015-12,12,2015,11.51
Special Areas 2,2016-01,1,2016,10.42
Special Areas 2,2016-02,2,2016,9.42
Special Areas 2,2016-03,3,2016,8.64
Special Areas 2,2016-04,4,2016,27.7
Special Areas 2,2016-05,5,2016,65.66
Special Areas 2,2016-06,6,2016,73.2
Special Areas 2,2016-07,7,2016,112.84
Special Areas 2,2016-08,8,2016,75.05
Special Areas 2,2016-09,9,2016,22.94
Special Areas 2,2016-10,10,2016,17.79
Special Areas 2,2016-11,11,2016,3.12
Special Areas 2,2016-12,12,2016,7.59
Special Areas 2,2017-01,1,2017,5.94
Special Areas 2,2017-02,2,2017,16.22
Special Areas 2,2017-03,3,2017,15.6
Special Areas 2,2017-04,4,2017,20.56
Special Areas 2,2017-05,5,2017,30.78
Special Areas 2,2017-06,6,2017,52.77
Special Areas 2,2017-07,7,2017,27.39
Special Areas 2,2017-08,8,2017,14.19
Special Areas 2,2017-09,9,2017,18.1
Special Areas 2,2017-10,10,2017,18.52
Special Areas 2,2017-11,11,2017,14.46
Special Areas 2,2017-12,12,2017,5.66
Special Areas 2,2018-01,1,2018,3.81
Special Areas 2,2018-02,2,2018,9.79
Special Areas 2,2018-03,3,2018,22.65
Special Areas 2,2018-04,4,2018,6.81
Special Areas 2,2018-05,5,2018,21.15
Special Areas 2,2018-06,6,2018,78.37
Special Areas 2,2018-07,7,2018,53.05
Special Areas 2,2018-08,8,2018,22.68
Special Areas 2,2018-09,9,2018,30.79
Special Areas 2,2018-10,10,2018,12.2
Special Areas 2,2018-11,11,2018,14.72
Special Areas 2,2018-12,12,2018,6.08
Special Areas 2,2019-01,1,2019,4.56
Special Areas 2,2019-02,2,2019,12.95
Special Areas 2,2019-03,3,2019,1.82
Special Areas 2,2019-04,4,2019,10.68
Special Areas 2,2019-05,5,2019,7.59
Special Areas 2,2019-06,6,2019,55.66
Special Areas 2,2019-07,7,2019,48.71
Special Areas 2,2019-08,8,2019,32.35
Special Areas 2,2019-09,9,2019,39.15
Special Areas 2,2019-10,10,2019,5.69
Special Areas 2,2019-11,11,2019,15.72
Special Areas 2,2019-12,12,2019,6.66
Special Areas 2,2020-01,1,2020,5.29
Special Areas 2,2020-02,2,2020,8.13
Special Areas 2,2020-03,3,2020,10.44
Special Areas 2,2020-04,4,2020,5.39
Special Areas 2,2020-05,5,2020,61.28
Special Areas 2,2020-06,6,2020,107.71
Special Areas 2,2020-07,7,2020,54.81
Special Areas 2,2020-08,8,2020,19.93
Special Areas 2,2020-09,9,2020,16.74
Special Areas 2,2020-10,10,2020,9.11
Special Areas 2,2020-11,11,2020,15.09
Special Areas 2,2020-12,12,2020,8.38
Special Areas 2,2021-01,1,2021,2.05
Special Areas 2,2021-02,2,2021,6.23
Special Areas 2,2021-03,3,2021,2.29
Special Areas 2,2021-04,4,2021,8.91
Special Areas 2,2021-05,5,2021,46.5
Special Areas 2,2021-06,6,2021,43.52
Special Areas 2,2021-07,7,2021,31.82
Special Areas 2,2021-08,8,2021,34.55
Special Areas 2,2021-09,9,2021,12.83
Special Areas 2,2021-10,10,2021,8.28
Special Areas 2,2021-11,11,2021,4.93
Special Areas 2,2021-12,12,2021,14.88
Special Areas 2,2022-01,1,2022,2.91
Special Areas 2,2022-02,2,2022,9.13
Special Areas 2,2022-03,3,2022,7.65
Special Areas 2,2022-04,4,2022,12.45
Special Areas 2,2022-05,5,2022,24.22
Special Areas 2,2022-06,6,2022,106.24
Special Areas 2,2022-07,7,2022,66.21
Special Areas 2,2022-08,8,2022,24.22
Special Areas 2,2022-09,9,2022,7.26
Special Areas 2,2022-10,10,2022,7.58
Special Areas 2,2022-11,11,2022,15.1
Special Areas 2,2022-12,12,2022,11.98
Special Areas 2,2023-01,1,2023,5.18
Special Areas 2,2023-02,2,2023,2.87
Special Areas 2,2023-03,3,2023,5.02
Special Areas 2,2023-04,4,2023,5.21
Special Areas 2,2023-05,5,2023,14.28
Special Areas 2,2023-06,6,2023,41.99
Special Areas 2,2023-07,7,2023,39.14
Special Areas 2,2023-08,8,2023,13.88
Special Areas 2,2023-09,9,2023,15.41
Special Areas 2,2023-10,10,2023,6.73
Special Areas 2,2023-11,11,2023,3.92
Special Areas 2,2023-12,12,2023,3.55
Special Areas 2,2024-01,1,2024,11.61
Special Areas 2,2024-02,2,2024,13.18
Special Areas 2,2024-03,3,2024,9.9
Special Areas 2,2024-04,4,2024,20.45
Special Areas 2,2024-05,5,2024,73.56
Special Areas 2,2024-06,6,2024,68.3
Special Areas 3,2012-01,1,2012,3.39
Special Areas 3,2012-02,2,2012,6.81
Special Areas 3,2012-03,3,2012,20.61
Special Areas 3,2012-04,4,2012,33.3
Special Areas 3,2012-05,5,2012,57.94
Special Areas 3,2012-06,6,2012,132.46
Special Areas 3,2012-07,7,2012,43.12
Special Areas 3,2012-08,8,2012,23.26
Special Areas 3,2012-09,9,2012,6.42
Special Areas 3,2012-10,10,2012,20.3
Special Areas 3,2012-11,11,2012,13.37
Special Areas 3,2012-12,12,2012,14.81
Special Areas 3,2013-01,1,2013,4.78
Special Areas 3,2013-02,2,2013,3.78
Special Areas 3,2013-03,3,2013,7.07
Special Areas 3,2013-04,4,2013,21.09
Special Areas 3,2013-05,5,2013,27.84
Special Areas 3,2013-06,6,2013,95.88
Special Areas 3,2013-07,7,2013,38.15
Special Areas 3,2013-08,8,2013,32.6
Special Areas 3,2013-09,9,2013,15.72
Special Areas 3,2013-10,10,2013,6.68
Special Areas 3,2013-11,11,2013,16.15
Special Areas 3,2013-12,12,2013,9.38
Special Areas 3,2014-01,1,2014,3.36
Special Areas 3,2014-02,2,2014,4.86
Special Areas 3,2014-03,3,2014,11.83
Special Areas 3,2014-04,4,2014,26.91
Special Areas 3,2014-05,5,2014,15.81
Special Areas 3,2014-06,6,2014,81.03
Special Areas 3,2014-07,7,2014,45.13
Special Areas 3,2014-08,8,2014,79.18
Special Areas 3,2014-09,9,2014,41.23
Special Areas 3,2014-10,10,2014,11.35
Special Areas 3,2014-11,11,2014,31.7
Special Areas 3,2014-12,12,2014,7.57
Special Areas 3,2015-01,1,2015,8.32
Special Areas 3,2015-02,2,2015,9.38
Special Areas 3,2015-03,3,2015,9.41
Special Areas 3,2015-04,4,2015,3.72
Special Areas 3,2015-05,5,2015,4.97
Special Areas 3,2015-06,6,2015,22.88
Special Areas 3,2015-07,7,2015,35.91
Special Areas 3,2015-08,8,2015,72.96
Special Areas 3,2015-09,9,2015,48.62
Special Areas 3,2015-10,10,2015,8.18
Special Areas 3,2015-11,11,2015,15.94
Special Areas 3,2015-12,12,2015,11.77
Special Areas 3,2016-01,1,2016,8.13
Special Areas 3,2016-02,2,2016,7.47
Special Areas 3,2016-03,3,2016,7.24
Special Areas 3,2016-04,4,2016,30.1
Special Areas 3,2016-05,5,2016,63.92
Special Areas 3,2016-06,6,2016,75.45
Special Areas 3,2016-07,7,2016,103.1
Special Areas 3,2016-08,8,2016,63.68
Special Areas 3,2016-09,9,2016,22.28
Special Areas 3,2016-10,10,2016,18.31
Special Areas 3,2016-11,11,2016,2.32
Special Areas 3,2016-12,12,2016,6.17
Special Areas 3,2017-01,1,2017,5.4
Special Areas 3,2017-02,2,2017,14.5
Special Areas 3,2017-03,3,2017,11.19
Special Areas 3,2017-04,4,2017,20.89
Special Areas 3,2017-05,5,2017,28.39
Special Areas 3,2017-06,6,2017,62.38
Special Areas 3,2017-07,7,2017,19.93
Special Areas 3,2017-08,8,2017,20.79
Special Areas 3,2017-09,9,2017,15.68
Special Areas 3,2017-10,10,2017,28.14
Special Areas 3,2017-11,11,2017,16.07
Special Areas 3,2017-12,12,2017,3.43
Special Areas 3,2018-01,1,2018,2.94
Special Areas 3,2018-02,2,2018,8.37
Special Areas 3,2018-03,3,2018,22.45
Special Areas 3,2018-04,4,2018,2.89
Special Areas 3,2018-05,5,2018,20.97
Special Areas 3,2018-06,6,2018,70
Special Areas 3,2018-07,7,2018,46.7
Special Areas 3,2018-08,8,2018,23.18
Special Areas 3,2018-09,9,2018,30.3
Special Areas 3,2018-10,10,2018,13.56
Special Areas 3,2018-11,11,2018,13.75
Special Areas 3,2018-12,12,2018,7.22
Special Areas 3,2019-01,1,2019,5.4
Special Areas 3,2019-02,2,2019,11.48
Special Areas 3,2019-03,3,2019,1.14
Special Areas 3,2019-04,4,2019,14.51
Special Areas 3,2019-05,5,2019,3.16
Special Areas 3,2019-06,6,2019,59.4
Special Areas 3,2019-07,7,2019,61.58
Special Areas 3,2019-08,8,2019,27.22
Special Areas 3,2019-09,9,2019,39.5
Special Areas 3,2019-10,10,2019,8.01
Special Areas 3,2019-11,11,2019,14.31
Special Areas 3,2019-12,12,2019,5.93
Special Areas 3,2020-01,1,2020,6.39
Special Areas 3,2020-02,2,2020,5.35
Special Areas 3,2020-03,3,2020,11
Special Areas 3,2020-04,4,2020,5.07
Special Areas 3,2020-05,5,2020,53.45
Special Areas 3,2020-06,6,2020,75.22
Special Areas 3,2020-07,7,2020,49.97
Special Areas 3,2020-08,8,2020,11.74
Special Areas 3,2020-09,9,2020,18.98
Special Areas 3,2020-10,10,2020,7.43
Special Areas 3,2020-11,11,2020,18.61
Special Areas 3,2020-12,12,2020,6.39
Special Areas 3,2021-01,1,2021,2.88
Special Areas 3,2021-02,2,2021,5.6
Special Areas 3,2021-03,3,2021,2.94
Special Areas 3,2021-04,4,2021,7.81
Special Areas 3,2021-05,5,2021,43.19
Special Areas 3,2021-06,6,2021,37.73
Special Areas 3,2021-07,7,2021,25.93
Special Areas 3,2021-08,8,2021,42.43
Special Areas 3,2021-09,9,2021,9.85
Special Areas 3,2021-10,10,2021,8
Special Areas 3,2021-11,11,2021,4.3
Special Areas 3,2021-12,12,2021,14.02
Special Areas 3,2022-01,1,2022,4.71
Special Areas 3,2022-02,2,2022,10.71
Special Areas 3,2022-03,3,2022,5.93
Special Areas 3,2022-04,4,2022,15.66
Special Areas 3,2022-05,5,2022,15.01
Special Areas 3,2022-06,6,2022,66.68
Special Areas 3,2022-07,7,2022,60.58
Special Areas 3,2022-08,8,2022,16.9
Special Areas 3,2022-09,9,2022,8.12
Special Areas 3,2022-10,10,2022,7.45
Special Areas 3,2022-11,11,2022,18.15
Special Areas 3,2022-12,12,2022,12.5
Special Areas 3,2023-01,1,2023,5.75
Special Areas 3,2023-02,2,2023,2.74
Special Areas 3,2023-03,3,2023,2.93
Special Areas 3,2023-04,4,2023,5.46
Special Areas 3,2023-05,5,2023,16.22
Special Areas 3,2023-06,6,2023,24.24
Special Areas 3,2023-07,7,2023,44.25
Special Areas 3,2023-08,8,2023,16.28
Special Areas 3,2023-09,9,2023,14.13
Special Areas 3,2023-10,10,2023,8.12
Special Areas 3,2023-11,11,2023,3.99
Special Areas 3,2023-12,12,2023,2.68
Special Areas 3,2024-01,1,2024,8.74
Special Areas 3,2024-02,2,2024,14.62
Special Areas 3,2024-03,3,2024,7.03
Special Areas 3,2024-04,4,2024,17.36
Special Areas 3,2024-05,5,2024,88.22
Special Areas 3,2024-06,6,2024,66.07
Special Areas 4,2012-01,1,2012,3.47
Special Areas 4,2012-02,2,2012,4.23
Special Areas 4,2012-03,3,2012,29.39
Special Areas 4,2012-04,4,2012,37.07
Special Areas 4,2012-05,5,2012,68.1
Special Areas 4,2012-06,6,2012,166.17
Special Areas 4,2012-07,7,2012,69.66
Special Areas 4,2012-08,8,2012,22.53
Special Areas 4,2012-09,9,2012,12.46
Special Areas 4,2012-10,10,2012,26.35
Special Areas 4,2012-11,11,2012,13.15
Special Areas 4,2012-12,12,2012,17.07
Special Areas 4,2013-01,1,2013,7.57
Special Areas 4,2013-02,2,2013,6.52
Special Areas 4,2013-03,3,2013,7.65
Special Areas 4,2013-04,4,2013,17.75
Special Areas 4,2013-05,5,2013,35.06
Special Areas 4,2013-06,6,2013,93.71
Special Areas 4,2013-07,7,2013,39.26
Special Areas 4,2013-08,8,2013,54.3
Special Areas 4,2013-09,9,2013,13.36
Special Areas 4,2013-10,10,2013,3.43
Special Areas 4,2013-11,11,2013,17.12
Special Areas 4,2013-12,12,2013,9.36
Special Areas 4,2014-01,1,2014,5.49
Special Areas 4,2014-02,2,2014,7.26
Special Areas 4,2014-03,3,2014,7.7
Special Areas 4,2014-04,4,2014,28.82
Special Areas 4,2014-05,5,2014,25.57
Special Areas 4,2014-06,6,2014,83.72
Special Areas 4,2014-07,7,2014,40.04
Special Areas 4,2014-08,8,2014,90.91
Special Areas 4,2014-09,9,2014,36.63
Special Areas 4,2014-10,10,2014,8.21
Special Areas 4,2014-11,11,2014,43.38
Special Areas 4,2014-12,12,2014,5.24
Special Areas 4,2015-01,1,2015,10.14
Special Areas 4,2015-02,2,2015,17.74
Special Areas 4,2015-03,3,2015,9.01
Special Areas 4,2015-04,4,2015,7.41
Special Areas 4,2015-05,5,2015,3.55
Special Areas 4,2015-06,6,2015,40.9
Special Areas 4,2015-07,7,2015,34.47
Special Areas 4,2015-08,8,2015,77.8
Special Areas 4,2015-09,9,2015,50.79
Special Areas 4,2015-10,10,2015,15.87
Special Areas 4,2015-11,11,2015,7.97
Special Areas 4,2015-12,12,2015,7.57
Special Areas 4,2016-01,1,2016,7.37
Special Areas 4,2016-02,2,2016,10.37
Special Areas 4,2016-03,3,2016,11.76
Special Areas 4,2016-04,4,2016,26.56
Special Areas 4,2016-05,5,2016,68.72
Special Areas 4,2016-06,6,2016,87.5
Special Areas 4,2016-07,7,2016,86.53
Special Areas 4,2016-08,8,2016,62.22
Special Areas 4,2016-09,9,2016,21.99
Special Areas 4,2016-10,10,2016,17.79
Special Areas 4,2016-11,11,2016,8.83
Special Areas 4,2016-12,12,2016,4.94
Special Areas 4,2017-01,1,2017,6.2
Special Areas 4,2017-02,2,2017,10.25
Special Areas 4,2017-03,3,2017,14.91
Special Areas 4,2017-04,4,2017,32.84
Special Areas 4,2017-05,5,2017,48.81
Special Areas 4,2017-06,6,2017,53.8
Special Areas 4,2017-07,7,2017,28.77
Special Areas 4,2017-08,8,2017,34.37
Special Areas 4,2017-09,9,2017,17.69
Special Areas 4,2017-10,10,2017,52.3
Special Areas 4,2017-11,11,2017,18.91
Special Areas 4,2017-12,12,2017,1.35
Special Areas 4,2018-01,1,2018,3.6
Special Areas 4,2018-02,2,2018,5.15
Special Areas 4,2018-03,3,2018,19.79
Special Areas 4,2018-04,4,2018,2.74
Special Areas 4,2018-05,5,2018,28.06
Special Areas 4,2018-06,6,2018,87.21
Special Areas 4,2018-07,7,2018,36.79
Special Areas 4,2018-08,8,2018,27.5
Special Areas 4,2018-09,9,2018,46.07
Special Areas 4,2018-10,10,2018,14.32
Special Areas 4,2018-11,11,2018,14.99
Special Areas 4,2018-12,12,2018,9.6
Special Areas 4,2019-01,1,2019,6
Special Areas 4,2019-02,2,2019,10.49
Special Areas 4,2019-03,3,2019,1.65
Special Areas 4,2019-04,4,2019,4.36
Special Areas 4,2019-05,5,2019,15.18
Special Areas 4,2019-06,6,2019,59.2
Special Areas 4,2019-07,7,2019,78.03
Special Areas 4,2019-08,8,2019,21.01
Special Areas 4,2019-09,9,2019,42.93
Special Areas 4,2019-10,10,2019,7.89
Special Areas 4,2019-11,11,2019,16.79
Special Areas 4,2019-12,12,2019,4.51
Special Areas 4,2020-01,1,2020,6.07
Special Areas 4,2020-02,2,2020,5.36
Special Areas 4,2020-03,3,2020,13.92
Special Areas 4,2020-04,4,2020,5.55
Special Areas 4,2020-05,5,2020,36.99
Special Areas 4,2020-06,6,2020,103.03
Special Areas 4,2020-07,7,2020,79.82
Special Areas 4,2020-08,8,2020,41.32
Special Areas 4,2020-09,9,2020,19.19
Special Areas 4,2020-10,10,2020,5.3
Special Areas 4,2020-11,11,2020,19.43
Special Areas 4,2020-12,12,2020,3.2
Special Areas 4,2021-01,1,2021,2.95
Special Areas 4,2021-02,2,2021,3.21
Special Areas 4,2021-03,3,2021,2
Special Areas 4,2021-04,4,2021,7.21
Special Areas 4,2021-05,5,2021,43.06
Special Areas 4,2021-06,6,2021,49.05
Special Areas 4,2021-07,7,2021,20.17
Special Areas 4,2021-08,8,2021,33.52
Special Areas 4,2021-09,9,2021,13.93
Special Areas 4,2021-10,10,2021,14.63
Special Areas 4,2021-11,11,2021,5.73
Special Areas 4,2021-12,12,2021,13.76
Special Areas 4,2022-01,1,2022,11.35
Special Areas 4,2022-02,2,2022,12.51
Special Areas 4,2022-03,3,2022,7.38
Special Areas 4,2022-04,4,2022,18.3
Special Areas 4,2022-05,5,2022,26.88
Special Areas 4,2022-06,6,2022,105.73
Special Areas 4,2022-07,7,2022,61.19
Special Areas 4,2022-08,8,2022,33.27
Special Areas 4,2022-09,9,2022,6.01
Special Areas 4,2022-10,10,2022,8.01
Special Areas 4,2022-11,11,2022,19.13
Special Areas 4,2022-12,12,2022,15.38
Special Areas 4,2023-01,1,2023,4.34
Special Areas 4,2023-02,2,2023,3.66
Special Areas 4,2023-03,3,2023,2.28
Special Areas 4,2023-04,4,2023,6.82
Special Areas 4,2023-05,5,2023,16.99
Special Areas 4,2023-06,6,2023,51.97
Special Areas 4,2023-07,7,2023,45.42
Special Areas 4,2023-08,8,2023,12.79
Special Areas 4,2023-09,9,2023,17.27
Special Areas 4,2023-10,10,2023,7.09
Special Areas 4,2023-11,11,2023,3.24
Special Areas 4,2023-12,12,2023,5.79
Special Areas 4,2024-01,1,2024,8.5
Special Areas 4,2024-02,2,2024,15.4
Special Areas 4,2024-03,3,2024,7.42
Special Areas 4,2024-04,4,2024,17.88
Special Areas 4,2024-05,5,2024,77.8
Special Areas 4,2024-06,6,2024,122.43
St. Albert,2012-01,1,2012,8.3
St. Albert,2012-02,2,2012,11.3
St. Albert,2012-03,3,2012,11.9
St. Albert,2012-04,4,2012,46.1
St. Albert,2012-05,5,2012,50.16
St. Albert,2012-06,6,2012,45.16
St. Albert,2012-07,7,2012,211.77
St. Albert,2012-08,8,2012,62.14
St. Albert,2012-09,9,2012,14.61
St. Albert,2012-10,10,2012,25.1
St. Albert,2012-11,11,2012,33.3
St. Albert,2012-12,12,2012,20.7
St. Albert,2013-01,1,2013,19
St. Albert,2013-02,2,2013,5
St. Albert,2013-03,3,2013,27.4
St. Albert,2013-04,4,2013,27.8
St. Albert,2013-05,5,2013,25.54
St. Albert,2013-06,6,2013,102.47
St. Albert,2013-07,7,2013,57.57
St. Albert,2013-08,8,2013,44.58
St. Albert,2013-09,9,2013,3.88
St. Albert,2013-10,10,2013,13.02
St. Albert,2013-11,11,2013,29.06
St. Albert,2013-12,12,2013,34.04
St. Albert,2014-01,1,2014,6.5
St. Albert,2014-02,2,2014,5.1
St. Albert,2014-03,3,2014,8.9
St. Albert,2014-04,4,2014,38.53
St. Albert,2014-05,5,2014,33.24
St. Albert,2014-06,6,2014,71.83
St. Albert,2014-07,7,2014,129.4
St. Albert,2014-08,8,2014,30.49
St. Albert,2014-09,9,2014,25.48
St. Albert,2014-10,10,2014,9.94
St. Albert,2014-11,11,2014,34.98
St. Albert,2014-12,12,2014,4.1
St. Albert,2015-01,1,2015,17.66
St. Albert,2015-02,2,2015,22.8
St. Albert,2015-03,3,2015,20.83
St. Albert,2015-04,4,2015,6.82
St. Albert,2015-05,5,2015,12.43
St. Albert,2015-06,6,2015,41.44
St. Albert,2015-07,7,2015,57.59
St. Albert,2015-08,8,2015,19.99
St. Albert,2015-09,9,2015,50.07
St. Albert,2015-10,10,2015,17
St. Albert,2015-11,11,2015,16.13
St. Albert,2015-12,12,2015,9.75
St. Albert,2016-01,1,2016,8.64
St. Albert,2016-02,2,2016,9.19
St. Albert,2016-03,3,2016,14.77
St. Albert,2016-04,4,2016,8.38
St. Albert,2016-05,5,2016,90.1
St. Albert,2016-06,6,2016,65.3
St. Albert,2016-07,7,2016,94.34
St. Albert,2016-08,8,2016,47.43
St. Albert,2016-09,9,2016,31.52
St. Albert,2016-10,10,2016,44.15
St. Albert,2016-11,11,2016,14.28
St. Albert,2016-12,12,2016,11.17
St. Albert,2017-01,1,2017,7.7
St. Albert,2017-02,2,2017,15.61
St. Albert,2017-03,3,2017,14
St. Albert,2017-04,4,2017,59.45
St. Albert,2017-05,5,2017,37.89
St. Albert,2017-06,6,2017,100.44
St. Albert,2017-07,7,2017,64.2
St. Albert,2017-08,8,2017,36.22
St. Albert,2017-09,9,2017,48.14
St. Albert,2017-10,10,2017,21.81
St. Albert,2017-11,11,2017,11.87
St. Albert,2017-12,12,2017,3.55
St. Albert,2018-01,1,2018,17.25
St. Albert,2018-02,2,2018,11.38
St. Albert,2018-03,3,2018,21.69
St. Albert,2018-04,4,2018,16.84
St. Albert,2018-05,5,2018,14.44
St. Albert,2018-06,6,2018,60.21
St. Albert,2018-07,7,2018,99.54
St. Albert,2018-08,8,2018,45.68
St. Albert,2018-09,9,2018,57
St. Albert,2018-10,10,2018,18.39
St. Albert,2018-11,11,2018,24.4
St. Albert,2018-12,12,2018,24.2
St. Albert,2019-01,1,2019,18.77
St. Albert,2019-02,2,2019,14.7
St. Albert,2019-03,3,2019,2.51
St. Albert,2019-04,4,2019,7.68
St. Albert,2019-05,5,2019,34.14
St. Albert,2019-06,6,2019,127.17
St. Albert,2019-07,7,2019,149.71
St. Albert,2019-08,8,2019,41.94
St. Albert,2019-09,9,2019,28.79
St. Albert,2019-10,10,2019,20.6
St. Albert,2019-11,11,2019,26.39
St. Albert,2019-12,12,2019,11.57
St. Albert,2020-01,1,2020,19.28
St. Albert,2020-02,2,2020,19.9
St. Albert,2020-03,3,2020,13.82
St. Albert,2020-04,4,2020,3.19
St. Albert,2020-05,5,2020,90.81
St. Albert,2020-06,6,2020,121.97
St. Albert,2020-07,7,2020,97.16
St. Albert,2020-08,8,2020,56.68
St. Albert,2020-09,9,2020,5.69
St. Albert,2020-10,10,2020,13.16
St. Albert,2020-11,11,2020,25.1
St. Albert,2020-12,12,2020,4.38
St. Albert,2021-01,1,2021,7.74
St. Albert,2021-02,2,2021,7.49
St. Albert,2021-03,3,2021,3.8
St. Albert,2021-04,4,2021,5.5
St. Albert,2021-05,5,2021,64.3
St. Albert,2021-06,6,2021,41.16
St. Albert,2021-07,7,2021,28.47
St. Albert,2021-08,8,2021,52.8
St. Albert,2021-09,9,2021,43.89
St. Albert,2021-10,10,2021,18.31
St. Albert,2021-11,11,2021,12.58
St. Albert,2021-12,12,2021,24.96
St. Albert,2022-01,1,2022,23.7
St. Albert,2022-02,2,2022,10.5
St. Albert,2022-03,3,2022,24
St. Albert,2022-04,4,2022,28.38
St. Albert,2022-05,5,2022,29.49
St. Albert,2022-06,6,2022,129.56
St. Albert,2022-07,7,2022,43.06
St. Albert,2022-08,8,2022,27.1
St. Albert,2022-09,9,2022,18.94
St. Albert,2022-10,10,2022,5.1
St. Albert,2022-11,11,2022,17.73
St. Albert,2022-12,12,2022,15.9
St. Albert,2023-01,1,2023,3.8
St. Albert,2023-02,2,2023,11.4
St. Albert,2023-03,3,2023,3.9
St. Albert,2023-04,4,2023,9.63
St. Albert,2023-05,5,2023,22.02
St. Albert,2023-06,6,2023,121.39
St. Albert,2023-07,7,2023,98.91
St. Albert,2023-08,8,2023,85.59
St. Albert,2023-09,9,2023,11.81
St. Albert,2023-10,10,2023,5
St. Albert,2023-11,11,2023,0.7
St. Albert,2023-12,12,2023,2.7
St. Albert,2024-01,1,2024,12.7
St. Albert,2024-02,2,2024,12.75
St. Albert,2024-03,3,2024,10.9
St. Albert,2024-04,4,2024,15.43
St. Albert,2024-05,5,2024,47.39
St. Albert,2024-06,6,2024,97.62
Starland County,2012-01,1,2012,3.5
Starland County,2012-02,2,2012,6.33
Starland County,2012-03,3,2012,21.3
Starland County,2012-04,4,2012,38.2
Starland County,2012-05,5,2012,34.92
Starland County,2012-06,6,2012,116.63
Starland County,2012-07,7,2012,88.25
Starland County,2012-08,8,2012,32.94
Starland County,2012-09,9,2012,14.44
Starland County,2012-10,10,2012,27.47
Starland County,2012-11,11,2012,12.7
Starland County,2012-12,12,2012,13.8
Starland County,2013-01,1,2013,6.94
Starland County,2013-02,2,2013,2.18
Starland County,2013-03,3,2013,7.78
Starland County,2013-04,4,2013,19.16
Starland County,2013-05,5,2013,44.49
Starland County,2013-06,6,2013,107.65
Starland County,2013-07,7,2013,55.11
Starland County,2013-08,8,2013,22.85
Starland County,2013-09,9,2013,8.9
Starland County,2013-10,10,2013,13.07
Starland County,2013-11,11,2013,18.14
Starland County,2013-12,12,2013,11.24
Starland County,2014-01,1,2014,4.2
Starland County,2014-02,2,2014,2.33
Starland County,2014-03,3,2014,13.45
Starland County,2014-04,4,2014,14.28
Starland County,2014-05,5,2014,61.96
Starland County,2014-06,6,2014,72.48
Starland County,2014-07,7,2014,56.4
Starland County,2014-08,8,2014,87.4
Starland County,2014-09,9,2014,44.43
Starland County,2014-10,10,2014,5.91
Starland County,2014-11,11,2014,35.09
Starland County,2014-12,12,2014,6.74
Starland County,2015-01,1,2015,12.55
Starland County,2015-02,2,2015,7.92
Starland County,2015-03,3,2015,11.6
Starland County,2015-04,4,2015,17.01
Starland County,2015-05,5,2015,8.39
Starland County,2015-06,6,2015,36.69
Starland County,2015-07,7,2015,81.02
Starland County,2015-08,8,2015,104.11
Starland County,2015-09,9,2015,73.3
Starland County,2015-10,10,2015,4.83
Starland County,2015-11,11,2015,4.34
Starland County,2015-12,12,2015,9.01
Starland County,2016-01,1,2016,14.82
Starland County,2016-02,2,2016,10.56
Starland County,2016-03,3,2016,10.14
Starland County,2016-04,4,2016,9.66
Starland County,2016-05,5,2016,86.16
Starland County,2016-06,6,2016,47.63
Starland County,2016-07,7,2016,142.22
Starland County,2016-08,8,2016,79.11
Starland County,2016-09,9,2016,22.21
Starland County,2016-10,10,2016,18.9
Starland County,2016-11,11,2016,3.3
Starland County,2016-12,12,2016,7.43
Starland County,2017-01,1,2017,7.83
Starland County,2017-02,2,2017,20.45
Starland County,2017-03,3,2017,20.32
Starland County,2017-04,4,2017,26.96
Starland County,2017-05,5,2017,35.57
Starland County,2017-06,6,2017,65.3
Starland County,2017-07,7,2017,26.48
Starland County,2017-08,8,2017,24.37
Starland County,2017-09,9,2017,23.17
Starland County,2017-10,10,2017,17.87
Starland County,2017-11,11,2017,11.7
Starland County,2017-12,12,2017,7.34
Starland County,2018-01,1,2018,6.18
Starland County,2018-02,2,2018,14.23
Starland County,2018-03,3,2018,20.3
Starland County,2018-04,4,2018,10.98
Starland County,2018-05,5,2018,19.56
Starland County,2018-06,6,2018,80.94
Starland County,2018-07,7,2018,46.18
Starland County,2018-08,8,2018,20.66
Starland County,2018-09,9,2018,56.13
Starland County,2018-10,10,2018,12.46
Starland County,2018-11,11,2018,17.47
Starland County,2018-12,12,2018,9.08
Starland County,2019-01,1,2019,4.18
Starland County,2019-02,2,2019,10.48
Starland County,2019-03,3,2019,3.61
Starland County,2019-04,4,2019,7.91
Starland County,2019-05,5,2019,16.3
Starland County,2019-06,6,2019,74.13
Starland County,2019-07,7,2019,59.51
Starland County,2019-08,8,2019,34.87
Starland County,2019-09,9,2019,35.19
Starland County,2019-10,10,2019,4.21
Starland County,2019-11,11,2019,16.55
Starland County,2019-12,12,2019,8.98
Starland County,2020-01,1,2020,4.45
Starland County,2020-02,2,2020,10.73
Starland County,2020-03,3,2020,11.15
Starland County,2020-04,4,2020,6.38
Starland County,2020-05,5,2020,70.68
Starland County,2020-06,6,2020,96.17
Starland County,2020-07,7,2020,87.17
Starland County,2020-08,8,2020,34.1
Starland County,2020-09,9,2020,16.39
Starland County,2020-10,10,2020,12.55
Starland County,2020-11,11,2020,13.03
Starland County,2020-12,12,2020,9.48
Starland County,2021-01,1,2021,2.57
Starland County,2021-02,2,2021,6.24
Starland County,2021-03,3,2021,2.65
Starland County,2021-04,4,2021,5.69
Starland County,2021-05,5,2021,42.87
Starland County,2021-06,6,2021,58.95
Starland County,2021-07,7,2021,26.93
Starland County,2021-08,8,2021,36.94
Starland County,2021-09,9,2021,20.64
Starland County,2021-10,10,2021,8.79
Starland County,2021-11,11,2021,5.12
Starland County,2021-12,12,2021,16.5
Starland County,2022-01,1,2022,3.3
Starland County,2022-02,2,2022,9.09
Starland County,2022-03,3,2022,10.13
Starland County,2022-04,4,2022,13.85
Starland County,2022-05,5,2022,30
Starland County,2022-06,6,2022,160.64
Starland County,2022-07,7,2022,33.71
Starland County,2022-08,8,2022,13.11
Starland County,2022-09,9,2022,6.41
Starland County,2022-10,10,2022,7.84
Starland County,2022-11,11,2022,16.68
Starland County,2022-12,12,2022,9.38
Starland County,2023-01,1,2023,5.35
Starland County,2023-02,2,2023,3.65
Starland County,2023-03,3,2023,4.78
Starland County,2023-04,4,2023,4.14
Starland County,2023-05,5,2023,26.14
Starland County,2023-06,6,2023,49
Starland County,2023-07,7,2023,48.8
Starland County,2023-08,8,2023,13.34
Starland County,2023-09,9,2023,22.15
Starland County,2023-10,10,2023,8.94
Starland County,2023-11,11,2023,5.73
Starland County,2023-12,12,2023,8.84
Starland County,2024-01,1,2024,5.24
Starland County,2024-02,2,2024,12.12
Starland County,2024-03,3,2024,14.57
Starland County,2024-04,4,2024,14.52
Starland County,2024-05,5,2024,82.26
Starland County,2024-06,6,2024,81.56
Strathcona County,2012-01,1,2012,9.04
Strathcona County,2012-02,2,2012,13.22
Strathcona County,2012-03,3,2012,13.15
Strathcona County,2012-04,4,2012,42.91
Strathcona County,2012-05,5,2012,53.62
Strathcona County,2012-06,6,2012,47.16
Strathcona County,2012-07,7,2012,142.73
Strathcona County,2012-08,8,2012,82.79
Strathcona County,2012-09,9,2012,19.43
Strathcona County,2012-10,10,2012,21.62
Strathcona County,2012-11,11,2012,34.07
Strathcona County,2012-12,12,2012,18.9
Strathcona County,2013-01,1,2013,21.16
Strathcona County,2013-02,2,2013,9.04
Strathcona County,2013-03,3,2013,25.72
Strathcona County,2013-04,4,2013,29.12
Strathcona County,2013-05,5,2013,28.12
Strathcona County,2013-06,6,2013,106.68
Strathcona County,2013-07,7,2013,81.78
Strathcona County,2013-08,8,2013,53.66
Strathcona County,2013-09,9,2013,6.38
Strathcona County,2013-10,10,2013,13.09
Strathcona County,2013-11,11,2013,32.2
Strathcona County,2013-12,12,2013,33.54
Strathcona County,2014-01,1,2014,8.2
Strathcona County,2014-02,2,2014,6.92
Strathcona County,2014-03,3,2014,9.09
Strathcona County,2014-04,4,2014,46.28
Strathcona County,2014-05,5,2014,41.84
Strathcona County,2014-06,6,2014,66.59
Strathcona County,2014-07,7,2014,118.3
Strathcona County,2014-08,8,2014,16.63
Strathcona County,2014-09,9,2014,29.6
Strathcona County,2014-10,10,2014,8.77
Strathcona County,2014-11,11,2014,31.57
Strathcona County,2014-12,12,2014,4.29
Strathcona County,2015-01,1,2015,16.84
Strathcona County,2015-02,2,2015,22.22
Strathcona County,2015-03,3,2015,24.02
Strathcona County,2015-04,4,2015,10.68
Strathcona County,2015-05,5,2015,24.54
Strathcona County,2015-06,6,2015,43.96
Strathcona County,2015-07,7,2015,87.9
Strathcona County,2015-08,8,2015,20.42
Strathcona County,2015-09,9,2015,62.53
Strathcona County,2015-10,10,2015,16.23
Strathcona County,2015-11,11,2015,14.92
Strathcona County,2015-12,12,2015,6.23
Strathcona County,2016-01,1,2016,11.62
Strathcona County,2016-02,2,2016,8.29
Strathcona County,2016-03,3,2016,17.59
Strathcona County,2016-04,4,2016,12.47
Strathcona County,2016-05,5,2016,105.16
Strathcona County,2016-06,6,2016,88.41
Strathcona County,2016-07,7,2016,102.92
Strathcona County,2016-08,8,2016,78.72
Strathcona County,2016-09,9,2016,27.14
Strathcona County,2016-10,10,2016,44.26
Strathcona County,2016-11,11,2016,12.41
Strathcona County,2016-12,12,2016,11.71
Strathcona County,2017-01,1,2017,8.24
Strathcona County,2017-02,2,2017,10.75
Strathcona County,2017-03,3,2017,17.61
Strathcona County,2017-04,4,2017,63.03
Strathcona County,2017-05,5,2017,47.54
Strathcona County,2017-06,6,2017,88.92
Strathcona County,2017-07,7,2017,60.8
Strathcona County,2017-08,8,2017,36.86
Strathcona County,2017-09,9,2017,45.91
Strathcona County,2017-10,10,2017,26.44
Strathcona County,2017-11,11,2017,13.15
Strathcona County,2017-12,12,2017,2.15
Strathcona County,2018-01,1,2018,19.04
Strathcona County,2018-02,2,2018,10.71
Strathcona County,2018-03,3,2018,20.24
Strathcona County,2018-04,4,2018,16.39
Strathcona County,2018-05,5,2018,17.25
Strathcona County,2018-06,6,2018,64.99
Strathcona County,2018-07,7,2018,62.46
Strathcona County,2018-08,8,2018,40.29
Strathcona County,2018-09,9,2018,60.03
Strathcona County,2018-10,10,2018,19.64
Strathcona County,2018-11,11,2018,23.46
Strathcona County,2018-12,12,2018,24.27
Strathcona County,2019-01,1,2019,17.29
Strathcona County,2019-02,2,2019,17
Strathcona County,2019-03,3,2019,5.33
Strathcona County,2019-04,4,2019,12.77
Strathcona County,2019-05,5,2019,31.03
Strathcona County,2019-06,6,2019,133.01
Strathcona County,2019-07,7,2019,134.17
Strathcona County,2019-08,8,2019,46.51
Strathcona County,2019-09,9,2019,32.76
Strathcona County,2019-10,10,2019,21.55
Strathcona County,2019-11,11,2019,23.22
Strathcona County,2019-12,12,2019,10.63
Strathcona County,2020-01,1,2020,20.36
Strathcona County,2020-02,2,2020,22.59
Strathcona County,2020-03,3,2020,15.61
Strathcona County,2020-04,4,2020,4.8
Strathcona County,2020-05,5,2020,99.1
Strathcona County,2020-06,6,2020,109.13
Strathcona County,2020-07,7,2020,113.78
Strathcona County,2020-08,8,2020,69.05
Strathcona County,2020-09,9,2020,6.48
Strathcona County,2020-10,10,2020,11.83
Strathcona County,2020-11,11,2020,28.99
Strathcona County,2020-12,12,2020,3.69
Strathcona County,2021-01,1,2021,7.29
Strathcona County,2021-02,2,2021,8.69
Strathcona County,2021-03,3,2021,4.74
Strathcona County,2021-04,4,2021,9.72
Strathcona County,2021-05,5,2021,65.61
Strathcona County,2021-06,6,2021,33.67
Strathcona County,2021-07,7,2021,31.04
Strathcona County,2021-08,8,2021,47.38
Strathcona County,2021-09,9,2021,28.76
Strathcona County,2021-10,10,2021,15.04
Strathcona County,2021-11,11,2021,13.73
Strathcona County,2021-12,12,2021,29.4
Strathcona County,2022-01,1,2022,27.92
Strathcona County,2022-02,2,2022,12.61
Strathcona County,2022-03,3,2022,29.85
Strathcona County,2022-04,4,2022,25.28
Strathcona County,2022-05,5,2022,27.39
Strathcona County,2022-06,6,2022,118.87
Strathcona County,2022-07,7,2022,52.27
Strathcona County,2022-08,8,2022,29.72
Strathcona County,2022-09,9,2022,13.16
Strathcona County,2022-10,10,2022,5.63
Strathcona County,2022-11,11,2022,23.04
Strathcona County,2022-12,12,2022,17.8
Strathcona County,2023-01,1,2023,4.23
Strathcona County,2023-02,2,2023,7.62
Strathcona County,2023-03,3,2023,3.14
Strathcona County,2023-04,4,2023,19.92
Strathcona County,2023-05,5,2023,37.89
Strathcona County,2023-06,6,2023,130.14
Strathcona County,2023-07,7,2023,116.04
Strathcona County,2023-08,8,2023,67.48
Strathcona County,2023-09,9,2023,15.97
Strathcona County,2023-10,10,2023,4.17
Strathcona County,2023-11,11,2023,1.44
Strathcona County,2023-12,12,2023,5.74
Strathcona County,2024-01,1,2024,10.75
Strathcona County,2024-02,2,2024,16.9
Strathcona County,2024-03,3,2024,10.13
Strathcona County,2024-04,4,2024,31.25
Strathcona County,2024-05,5,2024,63.79
Strathcona County,2024-06,6,2024,68.44
Sturgeon County,2012-01,1,2012,12.37
Sturgeon County,2012-02,2,2012,11.5
Sturgeon County,2012-03,3,2012,11.9
Sturgeon County,2012-04,4,2012,48.27
Sturgeon County,2012-05,5,2012,50.84
Sturgeon County,2012-06,6,2012,48.22
Sturgeon County,2012-07,7,2012,168.7
Sturgeon County,2012-08,8,2012,55.63
Sturgeon County,2012-09,9,2012,18.5
Sturgeon County,2012-10,10,2012,24.43
Sturgeon County,2012-11,11,2012,29.9
Sturgeon County,2012-12,12,2012,19.76
Sturgeon County,2013-01,1,2013,22.45
Sturgeon County,2013-02,2,2013,7.08
Sturgeon County,2013-03,3,2013,25.55
Sturgeon County,2013-04,4,2013,30.49
Sturgeon County,2013-05,5,2013,25.19
Sturgeon County,2013-06,6,2013,102.84
Sturgeon County,2013-07,7,2013,62.93
Sturgeon County,2013-08,8,2013,49.88
Sturgeon County,2013-09,9,2013,5.32
Sturgeon County,2013-10,10,2013,14.74
Sturgeon County,2013-11,11,2013,28.77
Sturgeon County,2013-12,12,2013,33.56
Sturgeon County,2014-01,1,2014,6.98
Sturgeon County,2014-02,2,2014,6.14
Sturgeon County,2014-03,3,2014,6.36
Sturgeon County,2014-04,4,2014,43.6
Sturgeon County,2014-05,5,2014,39.68
Sturgeon County,2014-06,6,2014,55.19
Sturgeon County,2014-07,7,2014,120.33
Sturgeon County,2014-08,8,2014,27.19
Sturgeon County,2014-09,9,2014,24.57
Sturgeon County,2014-10,10,2014,9.36
Sturgeon County,2014-11,11,2014,31.93
Sturgeon County,2014-12,12,2014,4.54
Sturgeon County,2015-01,1,2015,16.19
Sturgeon County,2015-02,2,2015,19.68
Sturgeon County,2015-03,3,2015,19.21
Sturgeon County,2015-04,4,2015,10.4
Sturgeon County,2015-05,5,2015,21.97
Sturgeon County,2015-06,6,2015,39.37
Sturgeon County,2015-07,7,2015,55.52
Sturgeon County,2015-08,8,2015,18.7
Sturgeon County,2015-09,9,2015,52.57
Sturgeon County,2015-10,10,2015,18.8
Sturgeon County,2015-11,11,2015,20.22
Sturgeon County,2015-12,12,2015,7.98
Sturgeon County,2016-01,1,2016,9.94
Sturgeon County,2016-02,2,2016,9.46
Sturgeon County,2016-03,3,2016,18.48
Sturgeon County,2016-04,4,2016,9.97
Sturgeon County,2016-05,5,2016,93.86
Sturgeon County,2016-06,6,2016,63.06
Sturgeon County,2016-07,7,2016,79.44
Sturgeon County,2016-08,8,2016,67.57
Sturgeon County,2016-09,9,2016,26.88
Sturgeon County,2016-10,10,2016,47.82
Sturgeon County,2016-11,11,2016,9.8
Sturgeon County,2016-12,12,2016,10.21
Sturgeon County,2017-01,1,2017,8.18
Sturgeon County,2017-02,2,2017,10.98
Sturgeon County,2017-03,3,2017,13.46
Sturgeon County,2017-04,4,2017,61.36
Sturgeon County,2017-05,5,2017,40.63
Sturgeon County,2017-06,6,2017,102.68
Sturgeon County,2017-07,7,2017,65.93
Sturgeon County,2017-08,8,2017,29.13
Sturgeon County,2017-09,9,2017,47.15
Sturgeon County,2017-10,10,2017,25.28
Sturgeon County,2017-11,11,2017,14.78
Sturgeon County,2017-12,12,2017,2.03
Sturgeon County,2018-01,1,2018,18.63
Sturgeon County,2018-02,2,2018,10.57
Sturgeon County,2018-03,3,2018,19.09
Sturgeon County,2018-04,4,2018,15.46
Sturgeon County,2018-05,5,2018,14.1
Sturgeon County,2018-06,6,2018,72.06
Sturgeon County,2018-07,7,2018,73.93
Sturgeon County,2018-08,8,2018,38.73
Sturgeon County,2018-09,9,2018,53.85
Sturgeon County,2018-10,10,2018,18.92
Sturgeon County,2018-11,11,2018,23.39
Sturgeon County,2018-12,12,2018,26.49
Sturgeon County,2019-01,1,2019,17.1
Sturgeon County,2019-02,2,2019,16.82
Sturgeon County,2019-03,3,2019,4.26
Sturgeon County,2019-04,4,2019,15.5
Sturgeon County,2019-05,5,2019,27.77
Sturgeon County,2019-06,6,2019,129.32
Sturgeon County,2019-07,7,2019,141.56
Sturgeon County,2019-08,8,2019,34.86
Sturgeon County,2019-09,9,2019,29.89
Sturgeon County,2019-10,10,2019,22.25
Sturgeon County,2019-11,11,2019,26.59
Sturgeon County,2019-12,12,2019,10.94
Sturgeon County,2020-01,1,2020,19.12
Sturgeon County,2020-02,2,2020,21.22
Sturgeon County,2020-03,3,2020,14.47
Sturgeon County,2020-04,4,2020,4.19
Sturgeon County,2020-05,5,2020,93.74
Sturgeon County,2020-06,6,2020,113.56
Sturgeon County,2020-07,7,2020,103.17
Sturgeon County,2020-08,8,2020,58.44
Sturgeon County,2020-09,9,2020,6.76
Sturgeon County,2020-10,10,2020,11.91
Sturgeon County,2020-11,11,2020,24.96
Sturgeon County,2020-12,12,2020,3.9
Sturgeon County,2021-01,1,2021,7.87
Sturgeon County,2021-02,2,2021,8.27
Sturgeon County,2021-03,3,2021,5.55
Sturgeon County,2021-04,4,2021,9.05
Sturgeon County,2021-05,5,2021,58.2
Sturgeon County,2021-06,6,2021,32.12
Sturgeon County,2021-07,7,2021,38.77
Sturgeon County,2021-08,8,2021,42.29
Sturgeon County,2021-09,9,2021,36.34
Sturgeon County,2021-10,10,2021,19.07
Sturgeon County,2021-11,11,2021,15.71
Sturgeon County,2021-12,12,2021,25.18
Sturgeon County,2022-01,1,2022,27.59
Sturgeon County,2022-02,2,2022,12.93
Sturgeon County,2022-03,3,2022,26.68
Sturgeon County,2022-04,4,2022,25.56
Sturgeon County,2022-05,5,2022,31.82
Sturgeon County,2022-06,6,2022,115.03
Sturgeon County,2022-07,7,2022,56.5
Sturgeon County,2022-08,8,2022,37.6
Sturgeon County,2022-09,9,2022,11.74
Sturgeon County,2022-10,10,2022,5.72
Sturgeon County,2022-11,11,2022,18.62
Sturgeon County,2022-12,12,2022,19.61
Sturgeon County,2023-01,1,2023,4.75
Sturgeon County,2023-02,2,2023,9.28
Sturgeon County,2023-03,3,2023,4.41
Sturgeon County,2023-04,4,2023,9.94
Sturgeon County,2023-05,5,2023,36.7
Sturgeon County,2023-06,6,2023,131.8
Sturgeon County,2023-07,7,2023,118.13
Sturgeon County,2023-08,8,2023,74.11
Sturgeon County,2023-09,9,2023,10.28
Sturgeon County,2023-10,10,2023,5.76
Sturgeon County,2023-11,11,2023,1.06
Sturgeon County,2023-12,12,2023,3.33
Sturgeon County,2024-01,1,2024,13.28
Sturgeon County,2024-02,2,2024,14.83
Sturgeon County,2024-03,3,2024,9.04
Sturgeon County,2024-04,4,2024,25.17
Sturgeon County,2024-05,5,2024,51.35
Sturgeon County,2024-06,6,2024,67.97
Vulcan County,2012-01,1,2012,5.93
Vulcan County,2012-02,2,2012,9.58
Vulcan County,2012-03,3,2012,14.91
Vulcan County,2012-04,4,2012,33.05
Vulcan County,2012-05,5,2012,60.98
Vulcan County,2012-06,6,2012,112.8
Vulcan County,2012-07,7,2012,26.02
Vulcan County,2012-08,8,2012,28.63
Vulcan County,2012-09,9,2012,4.21
Vulcan County,2012-10,10,2012,31.33
Vulcan County,2012-11,11,2012,17.82
Vulcan County,2012-12,12,2012,10.89
Vulcan County,2013-01,1,2013,5.31
Vulcan County,2013-02,2,2013,1.16
Vulcan County,2013-03,3,2013,13.02
Vulcan County,2013-04,4,2013,11.49
Vulcan County,2013-05,5,2013,68.84
Vulcan County,2013-06,6,2013,71.81
Vulcan County,2013-07,7,2013,48.65
Vulcan County,2013-08,8,2013,20
Vulcan County,2013-09,9,2013,40.01
Vulcan County,2013-10,10,2013,24
Vulcan County,2013-11,11,2013,14.53
Vulcan County,2013-12,12,2013,13.22
Vulcan County,2014-01,1,2014,10.38
Vulcan County,2014-02,2,2014,3.28
Vulcan County,2014-03,3,2014,12.96
Vulcan County,2014-04,4,2014,18.28
Vulcan County,2014-05,5,2014,46.53
Vulcan County,2014-06,6,2014,76.6
Vulcan County,2014-07,7,2014,25.15
Vulcan County,2014-08,8,2014,44.86
Vulcan County,2014-09,9,2014,61.33
Vulcan County,2014-10,10,2014,6.53
Vulcan County,2014-11,11,2014,32.51
Vulcan County,2014-12,12,2014,10.45
Vulcan County,2015-01,1,2015,13.98
Vulcan County,2015-02,2,2015,3.41
Vulcan County,2015-03,3,2015,17
Vulcan County,2015-04,4,2015,10.46
Vulcan County,2015-05,5,2015,20.83
Vulcan County,2015-06,6,2015,39.39
Vulcan County,2015-07,7,2015,56.74
Vulcan County,2015-08,8,2015,65.06
Vulcan County,2015-09,9,2015,67.14
Vulcan County,2015-10,10,2015,2.7
Vulcan County,2015-11,11,2015,8.7
Vulcan County,2015-12,12,2015,11.7
Vulcan County,2016-01,1,2016,7.32
Vulcan County,2016-02,2,2016,3.65
Vulcan County,2016-03,3,2016,8.01
Vulcan County,2016-04,4,2016,11.33
Vulcan County,2016-05,5,2016,53.54
Vulcan County,2016-06,6,2016,34.99
Vulcan County,2016-07,7,2016,106.76
Vulcan County,2016-08,8,2016,52.31
Vulcan County,2016-09,9,2016,23.98
Vulcan County,2016-10,10,2016,25.5
Vulcan County,2016-11,11,2016,1.77
Vulcan County,2016-12,12,2016,15.28
Vulcan County,2017-01,1,2017,7.68
Vulcan County,2017-02,2,2017,15.29
Vulcan County,2017-03,3,2017,13.82
Vulcan County,2017-04,4,2017,42.14
Vulcan County,2017-05,5,2017,34.13
Vulcan County,2017-06,6,2017,59.84
Vulcan County,2017-07,7,2017,25.62
Vulcan County,2017-08,8,2017,16.76
Vulcan County,2017-09,9,2017,7.65
Vulcan County,2017-10,10,2017,17.68
Vulcan County,2017-11,11,2017,12.82
Vulcan County,2017-12,12,2017,15.77
Vulcan County,2018-01,1,2018,6.07
Vulcan County,2018-02,2,2018,19.55
Vulcan County,2018-03,3,2018,27.73
Vulcan County,2018-04,4,2018,19.52
Vulcan County,2018-05,5,2018,16.66
Vulcan County,2018-06,6,2018,56.96
Vulcan County,2018-07,7,2018,35.26
Vulcan County,2018-08,8,2018,21.13
Vulcan County,2018-09,9,2018,21.69
Vulcan County,2018-10,10,2018,14.06
Vulcan County,2018-11,11,2018,14.5
Vulcan County,2018-12,12,2018,7.16
Vulcan County,2019-01,1,2019,5.79
Vulcan County,2019-02,2,2019,14.53
Vulcan County,2019-03,3,2019,4.36
Vulcan County,2019-04,4,2019,8.18
Vulcan County,2019-05,5,2019,30.11
Vulcan County,2019-06,6,2019,36.45
Vulcan County,2019-07,7,2019,50.34
Vulcan County,2019-08,8,2019,38.83
Vulcan County,2019-09,9,2019,48.41
Vulcan County,2019-10,10,2019,7.58
Vulcan County,2019-11,11,2019,25.29
Vulcan County,2019-12,12,2019,9.49
Vulcan County,2020-01,1,2020,5.54
Vulcan County,2020-02,2,2020,13.05
Vulcan County,2020-03,3,2020,10.79
Vulcan County,2020-04,4,2020,11.78
Vulcan County,2020-05,5,2020,67.28
Vulcan County,2020-06,6,2020,99.06
Vulcan County,2020-07,7,2020,34.25
Vulcan County,2020-08,8,2020,12.73
Vulcan County,2020-09,9,2020,20.52
Vulcan County,2020-10,10,2020,16.09
Vulcan County,2020-11,11,2020,13.36
Vulcan County,2020-12,12,2020,17.16
Vulcan County,2021-01,1,2021,2.21
Vulcan County,2021-02,2,2021,10.88
Vulcan County,2021-03,3,2021,2.87
Vulcan County,2021-04,4,2021,8.97
Vulcan County,2021-05,5,2021,41.93
Vulcan County,2021-06,6,2021,27.88
Vulcan County,2021-07,7,2021,35.6
Vulcan County,2021-08,8,2021,42.08
Vulcan County,2021-09,9,2021,12.06
Vulcan County,2021-10,10,2021,26.46
Vulcan County,2021-11,11,2021,3.83
Vulcan County,2021-12,12,2021,10.16
Vulcan County,2022-01,1,2022,1.9
Vulcan County,2022-02,2,2022,10.18
Vulcan County,2022-03,3,2022,9.33
Vulcan County,2022-04,4,2022,7.07
Vulcan County,2022-05,5,2022,12.66
Vulcan County,2022-06,6,2022,125.84
Vulcan County,2022-07,7,2022,65.46
Vulcan County,2022-08,8,2022,22.81
Vulcan County,2022-09,9,2022,9.99
Vulcan County,2022-10,10,2022,14.92
Vulcan County,2022-11,11,2022,16.51
Vulcan County,2022-12,12,2022,14.83
Vulcan County,2023-01,1,2023,7.01
Vulcan County,2023-02,2,2023,9.87
Vulcan County,2023-03,3,2023,8.12
Vulcan County,2023-04,4,2023,9.45
Vulcan County,2023-05,5,2023,8.45
Vulcan County,2023-06,6,2023,39.18
Vulcan County,2023-07,7,2023,35.83
Vulcan County,2023-08,8,2023,17.15
Vulcan County,2023-09,9,2023,20.5
Vulcan County,2023-10,10,2023,30.35
Vulcan County,2023-11,11,2023,1.77
Vulcan County,2023-12,12,2023,9.91
Vulcan County,2024-01,1,2024,16.39
Vulcan County,2024-02,2,2024,13.67
Vulcan County,2024-03,3,2024,26.82
Vulcan County,2024-04,4,2024,29.02
Vulcan County,2024-05,5,2024,81.64
Vulcan County,2024-06,6,2024,81.04
Westlock County,2012-01,1,2012,16.35
Westlock County,2012-02,2,2012,9.77
Westlock County,2012-03,3,2012,10.87
Westlock County,2012-04,4,2012,42.21
Westlock County,2012-05,5,2012,48.72
Westlock County,2012-06,6,2012,53.87
Westlock County,2012-07,7,2012,133.76
Westlock County,2012-08,8,2012,43.73
Westlock County,2012-09,9,2012,17.99
Westlock County,2012-10,10,2012,27
Westlock County,2012-11,11,2012,20.24
Westlock County,2012-12,12,2012,16.86
Westlock County,2013-01,1,2013,22.91
Westlock County,2013-02,2,2013,6.8
Westlock County,2013-03,3,2013,24.51
Westlock County,2013-04,4,2013,27.31
Westlock County,2013-05,5,2013,28.86
Westlock County,2013-06,6,2013,75.52
Westlock County,2013-07,7,2013,77.27
Westlock County,2013-08,8,2013,57.32
Westlock County,2013-09,9,2013,4.89
Westlock County,2013-10,10,2013,19.59
Westlock County,2013-11,11,2013,25.53
Westlock County,2013-12,12,2013,38.48
Westlock County,2014-01,1,2014,6.14
Westlock County,2014-02,2,2014,5.91
Westlock County,2014-03,3,2014,3.47
Westlock County,2014-04,4,2014,53.9
Westlock County,2014-05,5,2014,43.06
Westlock County,2014-06,6,2014,50.99
Westlock County,2014-07,7,2014,104.59
Westlock County,2014-08,8,2014,38.8
Westlock County,2014-09,9,2014,26.35
Westlock County,2014-10,10,2014,13.38
Westlock County,2014-11,11,2014,34.55
Westlock County,2014-12,12,2014,6.98
Westlock County,2015-01,1,2015,16.31
Westlock County,2015-02,2,2015,18.74
Westlock County,2015-03,3,2015,17.59
Westlock County,2015-04,4,2015,10.94
Westlock County,2015-05,5,2015,20.96
Westlock County,2015-06,6,2015,33.83
Westlock County,2015-07,7,2015,53.81
Westlock County,2015-08,8,2015,44.01
Westlock County,2015-09,9,2015,37.68
Westlock County,2015-10,10,2015,21.49
Westlock County,2015-11,11,2015,22.7
Westlock County,2015-12,12,2015,8.75
Westlock County,2016-01,1,2016,10.02
Westlock County,2016-02,2,2016,8.23
Westlock County,2016-03,3,2016,24.49
Westlock County,2016-04,4,2016,8.24
Westlock County,2016-05,5,2016,83.58
Westlock County,2016-06,6,2016,96.02
Westlock County,2016-07,7,2016,66.28
Westlock County,2016-08,8,2016,113.37
Westlock County,2016-09,9,2016,30.63
Westlock County,2016-10,10,2016,56.67
Westlock County,2016-11,11,2016,6.58
Westlock County,2016-12,12,2016,9.33
Westlock County,2017-01,1,2017,7.23
Westlock County,2017-02,2,2017,9.34
Westlock County,2017-03,3,2017,8.72
Westlock County,2017-04,4,2017,59.02
Westlock County,2017-05,5,2017,34.38
Westlock County,2017-06,6,2017,109.38
Westlock County,2017-07,7,2017,97.96
Westlock County,2017-08,8,2017,50.96
Westlock County,2017-09,9,2017,48.28
Westlock County,2017-10,10,2017,33.16
Westlock County,2017-11,11,2017,16.95
Westlock County,2017-12,12,2017,1.48
Westlock County,2018-01,1,2018,19.76
Westlock County,2018-02,2,2018,9.28
Westlock County,2018-03,3,2018,16.91
Westlock County,2018-04,4,2018,14.76
Westlock County,2018-05,5,2018,13.08
Westlock County,2018-06,6,2018,92.46
Westlock County,2018-07,7,2018,73.66
Westlock County,2018-08,8,2018,40.87
Westlock County,2018-09,9,2018,46.69
Westlock County,2018-10,10,2018,27.48
Westlock County,2018-11,11,2018,19.92
Westlock County,2018-12,12,2018,27.01
Westlock County,2019-01,1,2019,15.96
Westlock County,2019-02,2,2019,17
Westlock County,2019-03,3,2019,2.53
Westlock County,2019-04,4,2019,20.23
Westlock County,2019-05,5,2019,16.71
Westlock County,2019-06,6,2019,112.15
Westlock County,2019-07,7,2019,146.22
Westlock County,2019-08,8,2019,27.22
Westlock County,2019-09,9,2019,36.13
Westlock County,2019-10,10,2019,24.38
Westlock County,2019-11,11,2019,32.31
Westlock County,2019-12,12,2019,12.64
Westlock County,2020-01,1,2020,17.23
Westlock County,2020-02,2,2020,19.43
Westlock County,2020-03,3,2020,13.98
Westlock County,2020-04,4,2020,5.84
Westlock County,2020-05,5,2020,66.26
Westlock County,2020-06,6,2020,115.76
Westlock County,2020-07,7,2020,86.51
Westlock County,2020-08,8,2020,65.81
Westlock County,2020-09,9,2020,11.25
Westlock County,2020-10,10,2020,14.21
Westlock County,2020-11,11,2020,19.95
Westlock County,2020-12,12,2020,3.75
Westlock County,2021-01,1,2021,10.02
Westlock County,2021-02,2,2021,9.21
Westlock County,2021-03,3,2021,7.33
Westlock County,2021-04,4,2021,7.95
Westlock County,2021-05,5,2021,61.83
Westlock County,2021-06,6,2021,31.02
Westlock County,2021-07,7,2021,55.35
Westlock County,2021-08,8,2021,28.7
Westlock County,2021-09,9,2021,28.51
Westlock County,2021-10,10,2021,25.7
Westlock County,2021-11,11,2021,15.84
Westlock County,2021-12,12,2021,26.06
Westlock County,2022-01,1,2022,31.91
Westlock County,2022-02,2,2022,17.59
Westlock County,2022-03,3,2022,20.08
Westlock County,2022-04,4,2022,20.66
Westlock County,2022-05,5,2022,43.04
Westlock County,2022-06,6,2022,93.04
Westlock County,2022-07,7,2022,43.64
Westlock County,2022-08,8,2022,52.85
Westlock County,2022-09,9,2022,15.43
Westlock County,2022-10,10,2022,7.39
Westlock County,2022-11,11,2022,15.18
Westlock County,2022-12,12,2022,24.5
Westlock County,2023-01,1,2023,5.12
Westlock County,2023-02,2,2023,10.18
Westlock County,2023-03,3,2023,6.22
Westlock County,2023-04,4,2023,5.6
Westlock County,2023-05,5,2023,42.55
Westlock County,2023-06,6,2023,114.07
Westlock County,2023-07,7,2023,144.21
Westlock County,2023-08,8,2023,76.21
Westlock County,2023-09,9,2023,9.68
Westlock County,2023-10,10,2023,8.02
Westlock County,2023-11,11,2023,1.7
Westlock County,2023-12,12,2023,2.3
Westlock County,2024-01,1,2024,12.48
Westlock County,2024-02,2,2024,12.05
Westlock County,2024-03,3,2024,6.23
Westlock County,2024-04,4,2024,24.56
Westlock County,2024-05,5,2024,51.38
Westlock County,2024-06,6,2024,64.08
Wheatland County,2012-01,1,2012,3.11
Wheatland County,2012-02,2,2012,7.87
Wheatland County,2012-03,3,2012,13.24
Wheatland County,2012-04,4,2012,32.35
Wheatland County,2012-05,5,2012,70.99
Wheatland County,2012-06,6,2012,134.59
Wheatland County,2012-07,7,2012,46.43
Wheatland County,2012-08,8,2012,52.89
Wheatland County,2012-09,9,2012,7.82
Wheatland County,2012-10,10,2012,31.77
Wheatland County,2012-11,11,2012,15.11
Wheatland County,2012-12,12,2012,12.16
Wheatland County,2013-01,1,2013,6.38
Wheatland County,2013-02,2,2013,1.63
Wheatland County,2013-03,3,2013,11.61
Wheatland County,2013-04,4,2013,13.02
Wheatland County,2013-05,5,2013,84.02
Wheatland County,2013-06,6,2013,75.62
Wheatland County,2013-07,7,2013,70.94
Wheatland County,2013-08,8,2013,14.23
Wheatland County,2013-09,9,2013,19.21
Wheatland County,2013-10,10,2013,15.75
Wheatland County,2013-11,11,2013,23.37
Wheatland County,2013-12,12,2013,16.55
Wheatland County,2014-01,1,2014,8.82
Wheatland County,2014-02,2,2014,1.9
Wheatland County,2014-03,3,2014,11.29
Wheatland County,2014-04,4,2014,20.91
Wheatland County,2014-05,5,2014,51.89
Wheatland County,2014-06,6,2014,72.21
Wheatland County,2014-07,7,2014,38.66
Wheatland County,2014-08,8,2014,82.51
Wheatland County,2014-09,9,2014,42.34
Wheatland County,2014-10,10,2014,4.79
Wheatland County,2014-11,11,2014,35.95
Wheatland County,2014-12,12,2014,9.38
Wheatland County,2015-01,1,2015,13.4
Wheatland County,2015-02,2,2015,4.5
Wheatland County,2015-03,3,2015,11.77
Wheatland County,2015-04,4,2015,6.23
Wheatland County,2015-05,5,2015,11.11
Wheatland County,2015-06,6,2015,30.91
Wheatland County,2015-07,7,2015,86.52
Wheatland County,2015-08,8,2015,108.18
Wheatland County,2015-09,9,2015,75.12
Wheatland County,2015-10,10,2015,1.32
Wheatland County,2015-11,11,2015,9.1
Wheatland County,2015-12,12,2015,11.46
Wheatland County,2016-01,1,2016,12.58
Wheatland County,2016-02,2,2016,6.39
Wheatland County,2016-03,3,2016,5.36
Wheatland County,2016-04,4,2016,11.06
Wheatland County,2016-05,5,2016,64.18
Wheatland County,2016-06,6,2016,52.37
Wheatland County,2016-07,7,2016,138.08
Wheatland County,2016-08,8,2016,70.27
Wheatland County,2016-09,9,2016,17.07
Wheatland County,2016-10,10,2016,17.51
Wheatland County,2016-11,11,2016,1.46
Wheatland County,2016-12,12,2016,12.41
Wheatland County,2017-01,1,2017,9.76
Wheatland County,2017-02,2,2017,19.49
Wheatland County,2017-03,3,2017,19.61
Wheatland County,2017-04,4,2017,30.88
Wheatland County,2017-05,5,2017,33.78
Wheatland County,2017-06,6,2017,70.1
Wheatland County,2017-07,7,2017,43.14
Wheatland County,2017-08,8,2017,16.59
Wheatland County,2017-09,9,2017,20.3
Wheatland County,2017-10,10,2017,14.21
Wheatland County,2017-11,11,2017,16.66
Wheatland County,2017-12,12,2017,12.38
Wheatland County,2018-01,1,2018,6.78
Wheatland County,2018-02,2,2018,15.47
Wheatland County,2018-03,3,2018,27.82
Wheatland County,2018-04,4,2018,13.46
Wheatland County,2018-05,5,2018,10.98
Wheatland County,2018-06,6,2018,72.54
Wheatland County,2018-07,7,2018,36.93
Wheatland County,2018-08,8,2018,26.77
Wheatland County,2018-09,9,2018,34.84
Wheatland County,2018-10,10,2018,17.41
Wheatland County,2018-11,11,2018,15.33
Wheatland County,2018-12,12,2018,11.33
Wheatland County,2019-01,1,2019,4.17
Wheatland County,2019-02,2,2019,14.36
Wheatland County,2019-03,3,2019,5.02
Wheatland County,2019-04,4,2019,11.84
Wheatland County,2019-05,5,2019,11.78
Wheatland County,2019-06,6,2019,69.88
Wheatland County,2019-07,7,2019,57.2
Wheatland County,2019-08,8,2019,45.44
Wheatland County,2019-09,9,2019,42.29
Wheatland County,2019-10,10,2019,6.08
Wheatland County,2019-11,11,2019,25.81
Wheatland County,2019-12,12,2019,7.36
Wheatland County,2020-01,1,2020,4.12
Wheatland County,2020-02,2,2020,15.15
Wheatland County,2020-03,3,2020,11.66
Wheatland County,2020-04,4,2020,8.24
Wheatland County,2020-05,5,2020,75.66
Wheatland County,2020-06,6,2020,97.06
Wheatland County,2020-07,7,2020,65.29
Wheatland County,2020-08,8,2020,22.63
Wheatland County,2020-09,9,2020,16.65
Wheatland County,2020-10,10,2020,12.75
Wheatland County,2020-11,11,2020,13.76
Wheatland County,2020-12,12,2020,16.78
Wheatland County,2021-01,1,2021,1.84
Wheatland County,2021-02,2,2021,11.67
Wheatland County,2021-03,3,2021,4.95
Wheatland County,2021-04,4,2021,11.77
Wheatland County,2021-05,5,2021,43.66
Wheatland County,2021-06,6,2021,31.51
Wheatland County,2021-07,7,2021,39.3
Wheatland County,2021-08,8,2021,54.72
Wheatland County,2021-09,9,2021,19.6
Wheatland County,2021-10,10,2021,10.85
Wheatland County,2021-11,11,2021,3.75
Wheatland County,2021-12,12,2021,13.39
Wheatland County,2022-01,1,2022,1.82
Wheatland County,2022-02,2,2022,10.47
Wheatland County,2022-03,3,2022,9.87
Wheatland County,2022-04,4,2022,11.06
Wheatland County,2022-05,5,2022,28.08
Wheatland County,2022-06,6,2022,150.95
Wheatland County,2022-07,7,2022,53.15
Wheatland County,2022-08,8,2022,31.49
Wheatland County,2022-09,9,2022,8.06
Wheatland County,2022-10,10,2022,7.69
Wheatland County,2022-11,11,2022,18.6
Wheatland County,2022-12,12,2022,11.01
Wheatland County,2023-01,1,2023,7.14
Wheatland County,2023-02,2,2023,7.2
Wheatland County,2023-03,3,2023,7.13
Wheatland County,2023-04,4,2023,8.14
Wheatland County,2023-05,5,2023,18.71
Wheatland County,2023-06,6,2023,53.15
Wheatland County,2023-07,7,2023,35.89
Wheatland County,2023-08,8,2023,20.98
Wheatland County,2023-09,9,2023,23.14
Wheatland County,2023-10,10,2023,23.14
Wheatland County,2023-11,11,2023,3.68
Wheatland County,2023-12,12,2023,6.6
Wheatland County,2024-01,1,2024,10.58
Wheatland County,2024-02,2,2024,10.6
Wheatland County,2024-03,3,2024,21.23
Wheatland County,2024-04,4,2024,24.71
Wheatland County,2024-05,5,2024,79.13
Wheatland County,2024-06,6,2024,72.78
Woodlands County,2012-01,1,2012,21.46
Woodlands County,2012-02,2,2012,16.84
Woodlands County,2012-03,3,2012,24.98
Woodlands County,2012-04,4,2012,60.19
Woodlands County,2012-05,5,2012,50.41
Woodlands County,2012-06,6,2012,83.64
Woodlands County,2012-07,7,2012,192.43
Woodlands County,2012-08,8,2012,54.57
Woodlands County,2012-09,9,2012,12.82
Woodlands County,2012-10,10,2012,37.37
Woodlands County,2012-11,11,2012,30.44
Woodlands County,2012-12,12,2012,25.87
Woodlands County,2013-01,1,2013,31.5
Woodlands County,2013-02,2,2013,9.27
Woodlands County,2013-03,3,2013,36.9
Woodlands County,2013-04,4,2013,39.82
Woodlands County,2013-05,5,2013,37.64
Woodlands County,2013-06,6,2013,93.07
Woodlands County,2013-07,7,2013,105.19
Woodlands County,2013-08,8,2013,77.56
Woodlands County,2013-09,9,2013,5.68
Woodlands County,2013-10,10,2013,15.33
Woodlands County,2013-11,11,2013,37.53
Woodlands County,2013-12,12,2013,63.06
Woodlands County,2014-01,1,2014,13.06
Woodlands County,2014-02,2,2014,10.23
Woodlands County,2014-03,3,2014,13.33
Woodlands County,2014-04,4,2014,53.06
Woodlands County,2014-05,5,2014,53.84
Woodlands County,2014-06,6,2014,66.01
Woodlands County,2014-07,7,2014,68.69
Woodlands County,2014-08,8,2014,35.37
Woodlands County,2014-09,9,2014,48.78
Woodlands County,2014-10,10,2014,18.83
Woodlands County,2014-11,11,2014,46.24
Woodlands County,2014-12,12,2014,11.06
Woodlands County,2015-01,1,2015,28.59
Woodlands County,2015-02,2,2015,25.37
Woodlands County,2015-03,3,2015,29.25
Woodlands County,2015-04,4,2015,25.98
Woodlands County,2015-05,5,2015,26.73
Woodlands County,2015-06,6,2015,51.06
Woodlands County,2015-07,7,2015,71.29
Woodlands County,2015-08,8,2015,53.45
Woodlands County,2015-09,9,2015,34.64
Woodlands County,2015-10,10,2015,23.13
Woodlands County,2015-11,11,2015,30.76
Woodlands County,2015-12,12,2015,9.04
Woodlands County,2016-01,1,2016,10.11
Woodlands County,2016-02,2,2016,13.26
Woodlands County,2016-03,3,2016,25.12
Woodlands County,2016-04,4,2016,8.88
Woodlands County,2016-05,5,2016,124.95
Woodlands County,2016-06,6,2016,131.81
Woodlands County,2016-07,7,2016,82.39
Woodlands County,2016-08,8,2016,119.37
Woodlands County,2016-09,9,2016,51.39
Woodlands County,2016-10,10,2016,50.05
Woodlands County,2016-11,11,2016,10.19
Woodlands County,2016-12,12,2016,12.7
Woodlands County,2017-01,1,2017,10.33
Woodlands County,2017-02,2,2017,16.91
Woodlands County,2017-03,3,2017,18.53
Woodlands County,2017-04,4,2017,73.14
Woodlands County,2017-05,5,2017,60.55
Woodlands County,2017-06,6,2017,110.95
Woodlands County,2017-07,7,2017,111.06
Woodlands County,2017-08,8,2017,57.25
Woodlands County,2017-09,9,2017,95.51
Woodlands County,2017-10,10,2017,38.94
Woodlands County,2017-11,11,2017,20.14
Woodlands County,2017-12,12,2017,2.64
Woodlands County,2018-01,1,2018,19.49
Woodlands County,2018-02,2,2018,22.31
Woodlands County,2018-03,3,2018,37.56
Woodlands County,2018-04,4,2018,19.01
Woodlands County,2018-05,5,2018,22.51
Woodlands County,2018-06,6,2018,80.2
Woodlands County,2018-07,7,2018,122.52
Woodlands County,2018-08,8,2018,81.03
Woodlands County,2018-09,9,2018,59.46
Woodlands County,2018-10,10,2018,24.72
Woodlands County,2018-11,11,2018,29.01
Woodlands County,2018-12,12,2018,16.59
Woodlands County,2019-01,1,2019,28.33
Woodlands County,2019-02,2,2019,19.61
Woodlands County,2019-03,3,2019,6.2
Woodlands County,2019-04,4,2019,28.02
Woodlands County,2019-05,5,2019,35.95
Woodlands County,2019-06,6,2019,155.23
Woodlands County,2019-07,7,2019,148.36
Woodlands County,2019-08,8,2019,48.07
Woodlands County,2019-09,9,2019,81.9
Woodlands County,2019-10,10,2019,25.37
Woodlands County,2019-11,11,2019,40.41
Woodlands County,2019-12,12,2019,21.38
Woodlands County,2020-01,1,2020,19.98
Woodlands County,2020-02,2,2020,24.04
Woodlands County,2020-03,3,2020,24.74
Woodlands County,2020-04,4,2020,7.23
Woodlands County,2020-05,5,2020,93.75
Woodlands County,2020-06,6,2020,102.55
Woodlands County,2020-07,7,2020,117.17
Woodlands County,2020-08,8,2020,34.19
Woodlands County,2020-09,9,2020,9.88
Woodlands County,2020-10,10,2020,17.03
Woodlands County,2020-11,11,2020,24.73
Woodlands County,2020-12,12,2020,7.28
Woodlands County,2021-01,1,2021,14.25
Woodlands County,2021-02,2,2021,13.99
Woodlands County,2021-03,3,2021,14.31
Woodlands County,2021-04,4,2021,16.92
Woodlands County,2021-05,5,2021,87.26
Woodlands County,2021-06,6,2021,40.94
Woodlands County,2021-07,7,2021,51.4
Woodlands County,2021-08,8,2021,55.73
Woodlands County,2021-09,9,2021,26.23
Woodlands County,2021-10,10,2021,26.54
Woodlands County,2021-11,11,2021,26.54
Woodlands County,2021-12,12,2021,29.91
Woodlands County,2022-01,1,2022,35.26
Woodlands County,2022-02,2,2022,24.4
Woodlands County,2022-03,3,2022,20.55
Woodlands County,2022-04,4,2022,35.8
Woodlands County,2022-05,5,2022,34.97
Woodlands County,2022-06,6,2022,123.97
Woodlands County,2022-07,7,2022,50.83
Woodlands County,2022-08,8,2022,62.56
Woodlands County,2022-09,9,2022,23
Woodlands County,2022-10,10,2022,9.82
Woodlands County,2022-11,11,2022,20.92
Woodlands County,2022-12,12,2022,17.25
Woodlands County,2023-01,1,2023,6.47
Woodlands County,2023-02,2,2023,17.71
Woodlands County,2023-03,3,2023,2.52
Woodlands County,2023-04,4,2023,23.37
Woodlands County,2023-05,5,2023,65.82
Woodlands County,2023-06,6,2023,165.82
Woodlands County,2023-07,7,2023,132.1
Woodlands County,2023-08,8,2023,99.4
Woodlands County,2023-09,9,2023,15.97
Woodlands County,2023-10,10,2023,10.93
Woodlands County,2023-11,11,2023,2.35
Woodlands County,2023-12,12,2023,2.98
Woodlands County,2024-01,1,2024,16.98
Woodlands County,2024-02,2,2024,15.92
Woodlands County,2024-03,3,2024,11.54
Woodlands County,2024-04,4,2024,27.05
Woodlands County,2024-05,5,2024,50.77
Woodlands County,2024-06,6,2024,110.48
Yellowhead County,2012-01,1,2012,15.37
Yellowhead County,2012-02,2,2012,12.81
Yellowhead County,2012-03,3,2012,43.35
Yellowhead County,2012-04,4,2012,57.1
Yellowhead County,2012-05,5,2012,58.44
Yellowhead County,2012-06,6,2012,145.28
Yellowhead County,2012-07,7,2012,199.49
Yellowhead County,2012-08,8,2012,70.17
Yellowhead County,2012-09,9,2012,16.96
Yellowhead County,2012-10,10,2012,44.98
Yellowhead County,2012-11,11,2012,30.01
Yellowhead County,2012-12,12,2012,14.98
Yellowhead County,2013-01,1,2013,23.28
Yellowhead County,2013-02,2,2013,15.12
Yellowhead County,2013-03,3,2013,47.16
Yellowhead County,2013-04,4,2013,45.8
Yellowhead County,2013-05,5,2013,88.11
Yellowhead County,2013-06,6,2013,131.42
Yellowhead County,2013-07,7,2013,107.75
Yellowhead County,2013-08,8,2013,60.75
Yellowhead County,2013-09,9,2013,11.19
Yellowhead County,2013-10,10,2013,20.7
Yellowhead County,2013-11,11,2013,32.54
Yellowhead County,2013-12,12,2013,49.56
Yellowhead County,2014-01,1,2014,35.55
Yellowhead County,2014-02,2,2014,8.69
Yellowhead County,2014-03,3,2014,34.49
Yellowhead County,2014-04,4,2014,29.24
Yellowhead County,2014-05,5,2014,66.22
Yellowhead County,2014-06,6,2014,92.1
Yellowhead County,2014-07,7,2014,55.06
Yellowhead County,2014-08,8,2014,70.22
Yellowhead County,2014-09,9,2014,68.17
Yellowhead County,2014-10,10,2014,11.59
Yellowhead County,2014-11,11,2014,47.5
Yellowhead County,2014-12,12,2014,10.79
Yellowhead County,2015-01,1,2015,36.16
Yellowhead County,2015-02,2,2015,32.71
Yellowhead County,2015-03,3,2015,22.67
Yellowhead County,2015-04,4,2015,26.12
Yellowhead County,2015-05,5,2015,51.58
Yellowhead County,2015-06,6,2015,60.94
Yellowhead County,2015-07,7,2015,82.06
Yellowhead County,2015-08,8,2015,62.16
Yellowhead County,2015-09,9,2015,69.1
Yellowhead County,2015-10,10,2015,20.64
Yellowhead County,2015-11,11,2015,32.6
Yellowhead County,2015-12,12,2015,7.07
Yellowhead County,2016-01,1,2016,12.23
Yellowhead County,2016-02,2,2016,14.32
Yellowhead County,2016-03,3,2016,24.08
Yellowhead County,2016-04,4,2016,16.7
Yellowhead County,2016-05,5,2016,111
Yellowhead County,2016-06,6,2016,84.19
Yellowhead County,2016-07,7,2016,111.38
Yellowhead County,2016-08,8,2016,122.98
Yellowhead County,2016-09,9,2016,50.74
Yellowhead County,2016-10,10,2016,38.83
Yellowhead County,2016-11,11,2016,10.84
Yellowhead County,2016-12,12,2016,15.4
Yellowhead County,2017-01,1,2017,16.43
Yellowhead County,2017-02,2,2017,19.07
Yellowhead County,2017-03,3,2017,36.67
Yellowhead County,2017-04,4,2017,73.85
Yellowhead County,2017-05,5,2017,61.22
Yellowhead County,2017-06,6,2017,99.62
Yellowhead County,2017-07,7,2017,67.56
Yellowhead County,2017-08,8,2017,48.5
Yellowhead County,2017-09,9,2017,105.18
Yellowhead County,2017-10,10,2017,42.55
Yellowhead County,2017-11,11,2017,25.78
Yellowhead County,2017-12,12,2017,8.76
Yellowhead County,2018-01,1,2018,15.7
Yellowhead County,2018-02,2,2018,36
Yellowhead County,2018-03,3,2018,33.62
Yellowhead County,2018-04,4,2018,21.36
Yellowhead County,2018-05,5,2018,38.67
Yellowhead County,2018-06,6,2018,69.37
Yellowhead County,2018-07,7,2018,162.21
Yellowhead County,2018-08,8,2018,76.99
Yellowhead County,2018-09,9,2018,82.06
Yellowhead County,2018-10,10,2018,24.01
Yellowhead County,2018-11,11,2018,25.95
Yellowhead County,2018-12,12,2018,6.64
Yellowhead County,2019-01,1,2019,29.21
Yellowhead County,2019-02,2,2019,22.37
Yellowhead County,2019-03,3,2019,12.84
Yellowhead County,2019-04,4,2019,44.6
Yellowhead County,2019-05,5,2019,45.89
Yellowhead County,2019-06,6,2019,183.47
Yellowhead County,2019-07,7,2019,169.52
Yellowhead County,2019-08,8,2019,73.28
Yellowhead County,2019-09,9,2019,78.28
Yellowhead County,2019-10,10,2019,32.62
Yellowhead County,2019-11,11,2019,42.35
Yellowhead County,2019-12,12,2019,34.47
Yellowhead County,2020-01,1,2020,17.37
Yellowhead County,2020-02,2,2020,21.98
Yellowhead County,2020-03,3,2020,27.98
Yellowhead County,2020-04,4,2020,22.67
Yellowhead County,2020-05,5,2020,117.73
Yellowhead County,2020-06,6,2020,104.79
Yellowhead County,2020-07,7,2020,126.36
Yellowhead County,2020-08,8,2020,28.64
Yellowhead County,2020-09,9,2020,33.53
Yellowhead County,2020-10,10,2020,28.57
Yellowhead County,2020-11,11,2020,26.01
Yellowhead County,2020-12,12,2020,10.66
Yellowhead County,2021-01,1,2021,12.18
Yellowhead County,2021-02,2,2021,14.47
Yellowhead County,2021-03,3,2021,14.46
Yellowhead County,2021-04,4,2021,25.24
Yellowhead County,2021-05,5,2021,82.21
Yellowhead County,2021-06,6,2021,49.7
Yellowhead County,2021-07,7,2021,61.79
Yellowhead County,2021-08,8,2021,97.88
Yellowhead County,2021-09,9,2021,47.47
Yellowhead County,2021-10,10,2021,15.59
Yellowhead County,2021-11,11,2021,31.57
Yellowhead County,2021-12,12,2021,36.54
Yellowhead County,2022-01,1,2022,27.45
Yellowhead County,2022-02,2,2022,29.67
Yellowhead County,2022-03,3,2022,25.48
Yellowhead County,2022-04,4,2022,33.25
Yellowhead County,2022-05,5,2022,39.9
Yellowhead County,2022-06,6,2022,152.57
Yellowhead County,2022-07,7,2022,62.11
Yellowhead County,2022-08,8,2022,86.27
Yellowhead County,2022-09,9,2022,33.95
Yellowhead County,2022-10,10,2022,14.31
Yellowhead County,2022-11,11,2022,32.51
Yellowhead County,2022-12,12,2022,15.72
Yellowhead County,2023-01,1,2023,11.78
Yellowhead County,2023-02,2,2023,24.76
Yellowhead County,2023-03,3,2023,8.09
Yellowhead County,2023-04,4,2023,19.98
Yellowhead County,2023-05,5,2023,65.87
Yellowhead County,2023-06,6,2023,224.9
Yellowhead County,2023-07,7,2023,111.52
Yellowhead County,2023-08,8,2023,95.41
Yellowhead County,2023-09,9,2023,37.59
Yellowhead County,2023-10,10,2023,27.04
Yellowhead County,2023-11,11,2023,9.75
Yellowhead County,2023-12,12,2023,6.04
Yellowhead County,2024-01,1,2024,20.98
Yellowhead County,2024-02,2,2024,27.28
Yellowhead County,2024-03,3,2024,17.17
Yellowhead County,2024-04,4,2024,21.72
Yellowhead County,2024-05,5,2024,71.01
Yellowhead County,2024-06,6,2024,80.92